ts,n_symbols,n_1h,n_2h,n_4h,n_8h,n_other,n_pinned_live,n_at_cap_sett,n_events
2026-07-17T11:14:51+00:00,510,0,1,225,284,0,1,0,0
2026-07-17T12:34:39+00:00,512,0,2,224,286,0,1,1,4
2026-07-17T12:44:48+00:00,512,0,2,224,286,0,1,1,0
2026-07-17T12:54:56+00:00,512,0,2,224,286,0,1,1,0
2026-07-17T13:05:04+00:00,512,0,2,224,286,0,1,1,0
2026-07-17T13:15:12+00:00,512,0,2,224,286,0,1,1,0
2026-07-17T13:25:20+00:00,512,0,2,224,286,0,1,1,0
2026-07-17T13:35:28+00:00,512,0,2,224,286,0,1,1,0
2026-07-17T13:45:37+00:00,512,0,2,224,286,0,1,1,0
2026-07-17T13:55:44+00:00,512,0,2,224,286,0,1,1,0
2026-07-17T14:05:52+00:00,512,1,1,224,286,0,1,1,1
2026-07-17T14:16:01+00:00,512,1,1,224,286,0,1,1,0
2026-07-17T14:26:10+00:00,512,1,1,224,286,0,1,1,0
2026-07-17T14:36:18+00:00,512,1,1,224,286,0,1,1,0
2026-07-17T14:46:26+00:00,512,1,1,224,286,0,1,1,0
2026-07-17T14:56:34+00:00,512,1,1,224,286,0,1,1,0
2026-07-17T15:06:43+00:00,512,1,1,224,286,0,0,0,2
2026-07-17T15:16:51+00:00,512,1,1,224,286,0,0,0,0
2026-07-17T15:26:59+00:00,512,1,1,224,286,0,0,0,0
2026-07-17T15:37:08+00:00,512,1,1,224,286,0,0,0,0
2026-07-17T15:47:16+00:00,512,1,1,224,286,0,0,0,0
2026-07-17T15:57:25+00:00,512,1,1,224,286,0,0,0,0
2026-07-17T16:07:33+00:00,512,1,1,224,286,0,0,0,0
2026-07-17T16:17:42+00:00,512,1,1,224,286,0,0,0,0
2026-07-17T16:27:50+00:00,512,1,1,224,286,0,0,0,0
2026-07-17T16:37:58+00:00,512,1,1,224,286,0,0,0,0
2026-07-17T16:58:29+00:00,512,1,1,224,286,0,0,0,0
2026-07-17T17:08:36+00:00,512,1,1,224,286,0,0,0,0
2026-07-17T17:18:44+00:00,512,1,1,224,286,0,0,0,0
2026-07-17T17:28:51+00:00,512,1,1,224,286,0,0,0,0
2026-07-17T17:39:03+00:00,512,1,1,224,286,0,0,0,0
2026-07-17T17:49:10+00:00,512,1,1,224,286,0,0,0,0
2026-07-17T17:59:18+00:00,512,1,1,224,286,0,0,0,0
2026-07-17T18:09:25+00:00,512,1,1,224,286,0,0,0,0
2026-07-17T18:19:32+00:00,512,1,1,224,286,0,0,0,0
2026-07-17T18:29:42+00:00,512,1,1,224,286,0,0,0,0
2026-07-17T18:39:50+00:00,512,1,1,224,286,0,0,0,0
2026-07-17T18:49:58+00:00,512,1,1,224,286,0,0,0,0
2026-07-17T19:00:05+00:00,512,1,1,224,286,0,0,0,0
2026-07-17T19:10:14+00:00,512,1,1,224,286,0,0,0,0
2026-07-17T19:20:21+00:00,512,1,1,224,286,0,0,0,0
2026-07-17T19:30:29+00:00,512,1,1,224,286,0,0,0,0
2026-07-17T19:40:37+00:00,512,1,1,224,286,0,0,0,0
2026-07-17T19:50:44+00:00,512,1,1,224,286,0,0,0,0
2026-07-17T20:00:52+00:00,512,1,1,224,286,0,0,0,0
2026-07-17T20:10:59+00:00,512,1,1,224,286,0,0,0,0
2026-07-17T20:21:07+00:00,512,1,1,224,286,0,0,0,0
2026-07-17T20:31:15+00:00,512,1,1,224,286,0,0,0,0
2026-07-17T20:41:22+00:00,512,1,1,224,286,0,0,0,0
2026-07-17T20:51:30+00:00,512,1,1,224,286,0,0,0,0
2026-07-17T21:01:38+00:00,512,1,1,224,286,0,0,0,0
2026-07-17T21:11:46+00:00,512,1,1,224,286,0,0,0,0
2026-07-17T21:21:53+00:00,512,1,1,224,286,0,0,0,0
2026-07-17T21:32:01+00:00,512,1,1,224,286,0,0,0,0
2026-07-17T21:52:35+00:00,512,1,1,224,286,0,0,0,0
2026-07-17T22:02:44+00:00,512,1,1,224,286,0,0,0,0
2026-07-17T22:12:52+00:00,512,1,1,224,286,0,0,0,0
2026-07-17T22:23:01+00:00,512,1,1,224,286,0,0,0,0
2026-07-17T22:33:09+00:00,512,1,1,224,286,0,0,0,0
2026-07-17T22:43:17+00:00,512,1,1,224,286,0,0,0,0
2026-07-17T22:53:25+00:00,512,1,1,224,286,0,0,0,0
2026-07-17T23:03:34+00:00,512,1,1,224,286,0,0,0,0
2026-07-17T23:13:43+00:00,512,1,1,224,286,0,0,0,0
2026-07-17T23:23:51+00:00,512,1,1,224,286,0,0,0,0
2026-07-17T23:34:00+00:00,512,1,1,224,286,0,0,0,0
2026-07-17T23:44:09+00:00,512,1,1,224,286,0,0,0,0
2026-07-17T23:54:17+00:00,512,1,1,224,286,0,0,0,0
2026-07-18T00:04:25+00:00,512,1,1,224,286,0,0,0,0
2026-07-18T00:14:34+00:00,512,1,1,224,286,0,0,0,0
2026-07-18T00:24:42+00:00,512,1,1,224,286,0,0,0,0
2026-07-18T00:34:51+00:00,512,1,1,224,286,0,0,0,0
2026-07-18T00:44:59+00:00,512,1,1,224,286,0,0,0,0
2026-07-18T00:55:08+00:00,512,1,1,224,286,0,0,0,0
2026-07-18T01:05:16+00:00,512,1,1,224,286,0,0,0,0
2026-07-18T01:15:25+00:00,512,1,1,224,286,0,0,0,0
2026-07-18T01:25:33+00:00,512,1,1,224,286,0,0,0,0
2026-07-18T01:35:42+00:00,512,1,1,224,286,0,0,0,0
2026-07-18T01:45:50+00:00,512,1,1,224,286,0,0,0,0
2026-07-18T01:55:59+00:00,512,1,1,224,286,0,0,0,0
2026-07-18T02:06:08+00:00,512,1,1,224,286,0,0,0,0
2026-07-18T02:16:17+00:00,512,1,1,224,286,0,0,0,0
2026-07-18T02:26:25+00:00,512,1,1,224,286,0,0,0,0
2026-07-18T02:46:59+00:00,512,1,1,224,286,0,0,0,0
2026-07-18T02:57:07+00:00,512,1,1,224,286,0,0,0,0
2026-07-18T03:07:14+00:00,512,1,1,224,286,0,0,0,0
2026-07-18T03:17:22+00:00,512,1,1,224,286,0,0,0,0
2026-07-18T03:27:30+00:00,512,1,1,224,286,0,0,0,0
2026-07-18T03:37:38+00:00,512,1,1,224,286,0,0,0,0
2026-07-18T03:47:46+00:00,512,1,1,224,286,0,0,0,0
2026-07-18T03:57:53+00:00,512,1,1,224,286,0,0,0,0
2026-07-18T04:08:01+00:00,512,1,1,224,286,0,0,0,0
2026-07-18T04:18:09+00:00,512,1,1,224,286,0,0,0,0
2026-07-18T04:28:17+00:00,512,1,1,224,286,0,0,0,0
2026-07-18T04:38:24+00:00,512,1,1,224,286,0,0,0,0
2026-07-18T04:48:32+00:00,512,1,1,224,286,0,0,0,0
2026-07-18T04:58:40+00:00,512,1,1,224,286,0,0,0,0
2026-07-18T05:08:48+00:00,512,1,1,224,286,0,0,0,0
2026-07-18T05:18:57+00:00,512,1,1,224,286,0,0,0,0
2026-07-18T05:29:05+00:00,512,1,1,224,286,0,0,0,0
2026-07-18T05:39:13+00:00,512,1,1,224,286,0,0,0,0
2026-07-18T05:49:21+00:00,512,1,1,224,286,0,0,0,0
2026-07-18T05:59:28+00:00,512,1,1,224,286,0,0,0,0
2026-07-18T06:09:36+00:00,512,1,1,224,286,0,0,0,0
2026-07-18T06:19:44+00:00,512,1,1,224,286,0,0,0,0
2026-07-18T06:29:52+00:00,512,1,1,224,286,0,0,0,0
2026-07-18T06:40:00+00:00,512,1,1,224,286,0,0,0,0
2026-07-18T06:50:08+00:00,512,1,1,224,286,0,0,0,0
2026-07-18T07:00:16+00:00,512,1,1,224,286,0,0,0,0
2026-07-18T07:10:25+00:00,512,1,1,224,286,0,0,0,0
2026-07-18T07:20:33+00:00,512,1,1,224,286,0,0,0,0
2026-07-18T07:41:03+00:00,512,1,1,224,286,0,0,0,0
2026-07-18T07:51:10+00:00,512,1,1,224,286,0,0,0,0
2026-07-18T08:01:17+00:00,512,1,1,224,286,0,0,0,0
2026-07-18T08:11:25+00:00,512,1,1,224,286,0,0,0,0
2026-07-18T08:21:32+00:00,512,1,1,224,286,0,0,0,0
2026-07-18T08:31:40+00:00,512,1,1,224,286,0,0,0,0
2026-07-18T08:41:48+00:00,512,1,1,224,286,0,0,0,0
2026-07-18T08:51:55+00:00,512,1,1,224,286,0,0,0,0
2026-07-18T09:02:02+00:00,512,1,1,224,286,0,0,0,0
2026-07-18T09:12:10+00:00,512,1,1,224,286,0,0,0,0
2026-07-18T09:22:17+00:00,512,1,1,224,286,0,0,0,0
2026-07-18T09:32:24+00:00,512,1,1,224,286,0,0,0,0
2026-07-18T09:42:32+00:00,512,1,1,224,286,0,0,0,0
2026-07-18T09:52:40+00:00,512,1,1,224,286,0,0,0,0
2026-07-18T10:02:47+00:00,512,1,1,224,286,0,0,0,0
2026-07-18T10:12:54+00:00,512,1,1,224,286,0,0,0,0
2026-07-18T10:23:02+00:00,512,1,1,224,286,0,0,0,0
2026-07-18T10:33:09+00:00,512,1,1,224,286,0,0,0,0
2026-07-18T10:43:17+00:00,512,1,1,224,286,0,0,0,0
2026-07-18T10:53:25+00:00,512,1,1,224,286,0,0,0,0
2026-07-18T11:03:33+00:00,512,1,1,224,286,0,0,0,0
2026-07-18T11:13:40+00:00,512,1,1,224,286,0,0,0,0
2026-07-18T11:23:48+00:00,512,1,1,224,286,0,0,0,0
2026-07-18T11:33:55+00:00,512,1,1,224,286,0,0,0,0
2026-07-18T11:44:03+00:00,512,1,1,224,286,0,0,0,0
2026-07-18T11:54:11+00:00,512,1,1,224,286,0,0,0,0
2026-07-18T12:04:18+00:00,512,1,1,224,286,0,0,0,0
2026-07-18T12:14:25+00:00,512,1,1,224,286,0,0,0,0
2026-07-18T12:34:59+00:00,512,1,1,224,286,0,0,0,0
2026-07-18T12:45:08+00:00,512,1,1,224,286,0,0,0,0
2026-07-18T12:55:17+00:00,512,1,1,224,286,0,0,0,0
2026-07-18T13:05:26+00:00,512,1,1,224,286,0,0,0,0
2026-07-18T13:15:35+00:00,512,1,1,224,286,0,0,0,0
2026-07-18T13:25:45+00:00,512,1,1,224,286,0,0,0,0
2026-07-18T13:35:54+00:00,512,1,1,224,286,0,0,0,0
2026-07-18T13:46:03+00:00,512,1,1,224,286,0,0,0,0
2026-07-18T13:56:13+00:00,512,1,1,224,286,0,0,0,0
2026-07-18T14:06:22+00:00,512,1,1,224,286,0,0,0,0
2026-07-18T14:16:31+00:00,512,1,1,224,286,0,0,0,0
2026-07-18T14:26:41+00:00,512,1,1,224,286,0,0,0,0
2026-07-18T14:36:50+00:00,512,1,1,224,286,0,0,0,0
2026-07-18T14:47:00+00:00,512,1,1,224,286,0,0,0,0
2026-07-18T14:57:10+00:00,512,1,1,224,286,0,0,0,0
2026-07-18T15:07:19+00:00,512,1,1,224,286,0,0,0,0
2026-07-18T15:17:28+00:00,512,1,1,224,286,0,0,0,0
2026-07-18T15:27:37+00:00,512,1,1,224,286,0,0,0,0
2026-07-18T15:37:47+00:00,512,1,1,224,286,0,0,0,0
2026-07-18T15:47:56+00:00,512,1,1,224,286,0,0,0,0
2026-07-18T15:58:06+00:00,512,1,1,224,286,0,0,0,0
2026-07-18T16:08:15+00:00,512,1,1,224,286,0,0,0,0
2026-07-18T16:18:24+00:00,512,1,1,224,286,0,0,0,0
2026-07-18T16:28:33+00:00,512,1,1,224,286,0,0,0,0
2026-07-18T16:38:42+00:00,512,1,1,224,286,0,0,0,0
2026-07-18T16:48:52+00:00,512,1,1,224,286,0,0,0,0
2026-07-18T16:59:01+00:00,512,1,1,224,286,0,0,0,0
2026-07-18T17:09:11+00:00,512,1,1,224,286,0,0,0,0
2026-07-18T17:29:47+00:00,512,1,1,224,286,0,0,0,0
2026-07-18T17:39:56+00:00,512,1,1,224,286,0,0,0,0
2026-07-18T17:50:06+00:00,512,1,1,224,286,0,0,0,0
2026-07-18T18:00:15+00:00,512,1,1,224,286,0,0,0,0
2026-07-18T18:10:24+00:00,512,1,1,224,286,0,0,0,0
2026-07-18T18:20:33+00:00,512,1,1,224,286,0,0,0,0
2026-07-18T18:30:42+00:00,512,1,1,224,286,0,0,0,0
2026-07-18T18:40:51+00:00,512,1,1,224,286,0,0,0,0
2026-07-18T18:51:00+00:00,512,1,1,224,286,0,0,0,0
2026-07-18T19:01:10+00:00,512,1,1,224,286,0,0,0,0
2026-07-18T19:11:20+00:00,512,1,1,224,286,0,0,0,0
2026-07-18T19:21:29+00:00,512,1,1,224,286,0,0,0,0
2026-07-18T19:31:38+00:00,512,1,1,224,286,0,0,0,0
2026-07-18T19:41:48+00:00,512,1,1,224,286,0,0,0,0
2026-07-18T19:51:57+00:00,512,1,1,224,286,0,0,0,0
2026-07-18T20:02:06+00:00,512,1,1,224,286,0,0,0,0
2026-07-18T20:12:15+00:00,512,1,1,224,286,0,0,0,0
2026-07-18T20:22:24+00:00,512,1,1,224,286,0,0,0,0
2026-07-18T20:32:33+00:00,512,1,1,224,286,0,0,0,0
2026-07-18T20:42:42+00:00,512,1,1,224,286,0,0,0,0
2026-07-18T20:52:51+00:00,512,1,1,224,286,0,0,0,0
2026-07-18T21:03:01+00:00,512,1,1,224,286,0,0,0,0
2026-07-18T21:13:10+00:00,512,1,1,224,286,0,0,0,0
2026-07-18T21:23:19+00:00,512,1,1,224,286,0,0,0,0
2026-07-18T21:33:28+00:00,512,1,1,224,286,0,0,0,0
2026-07-18T21:43:38+00:00,512,1,1,224,286,0,0,0,0
2026-07-18T21:53:47+00:00,512,1,1,224,286,0,0,0,0
2026-07-18T22:03:56+00:00,512,1,1,224,286,0,0,0,0
2026-07-18T22:24:34+00:00,512,1,1,224,286,0,0,0,0
2026-07-18T22:34:43+00:00,512,1,1,224,286,0,0,0,0
2026-07-18T22:44:53+00:00,512,1,1,224,286,0,0,0,0
2026-07-18T22:55:02+00:00,512,1,1,224,286,0,0,0,0
2026-07-18T23:05:11+00:00,512,1,1,224,286,0,0,0,0
2026-07-18T23:15:21+00:00,512,1,1,224,286,0,0,0,0
2026-07-18T23:25:30+00:00,512,1,1,224,286,0,0,0,0
2026-07-18T23:35:40+00:00,512,1,1,224,286,0,0,0,0
2026-07-18T23:45:49+00:00,512,1,1,224,286,0,0,0,0
2026-07-18T23:55:58+00:00,512,1,1,224,286,0,0,0,0
2026-07-19T00:06:08+00:00,512,1,1,224,286,0,0,0,0
2026-07-19T00:16:17+00:00,512,1,1,224,286,0,0,0,0
2026-07-19T00:26:27+00:00,512,1,1,224,286,0,0,0,0
2026-07-19T00:36:36+00:00,512,1,1,224,286,0,0,0,0
2026-07-19T00:46:45+00:00,512,1,1,224,286,0,0,0,0
2026-07-19T00:56:55+00:00,512,1,1,224,286,0,0,0,0
2026-07-19T01:07:04+00:00,512,1,1,224,286,0,0,0,0
2026-07-19T01:17:14+00:00,512,1,1,224,286,0,0,0,0
2026-07-19T01:27:24+00:00,512,1,1,224,286,0,0,0,0
2026-07-19T01:37:33+00:00,512,1,1,224,286,0,0,0,0
2026-07-19T01:47:44+00:00,512,1,1,224,286,0,0,0,0
2026-07-19T01:57:53+00:00,512,1,1,224,286,0,0,0,0
2026-07-19T02:08:03+00:00,512,1,1,224,286,0,0,0,0
2026-07-19T02:18:12+00:00,512,1,1,224,286,0,0,0,0
2026-07-19T02:28:22+00:00,512,1,1,224,286,0,0,0,0
2026-07-19T02:38:31+00:00,512,1,1,224,286,0,0,0,0
2026-07-19T02:48:40+00:00,512,1,1,224,286,0,0,0,0
2026-07-19T02:58:50+00:00,512,1,1,224,286,0,0,0,0
2026-07-19T03:19:27+00:00,512,1,1,224,286,0,0,0,0
2026-07-19T03:29:37+00:00,512,1,1,224,286,0,0,0,0
2026-07-19T03:39:46+00:00,512,1,1,224,286,0,0,0,0
2026-07-19T03:49:56+00:00,512,1,1,224,286,0,0,0,0
2026-07-19T04:00:05+00:00,512,1,1,224,286,0,0,0,0
2026-07-19T04:10:15+00:00,512,1,1,224,286,0,0,0,0
2026-07-19T04:20:24+00:00,512,1,1,224,286,0,0,0,0
2026-07-19T04:30:34+00:00,512,1,1,224,286,0,0,0,0
2026-07-19T04:40:44+00:00,512,1,1,224,286,0,0,0,0
2026-07-19T04:50:53+00:00,512,1,1,224,286,0,0,0,0
2026-07-19T05:01:02+00:00,512,1,1,224,286,0,0,0,0
2026-07-19T05:11:12+00:00,512,1,1,224,286,0,0,0,0
2026-07-19T05:21:21+00:00,512,1,1,224,286,0,0,0,0
2026-07-19T05:31:31+00:00,512,1,1,224,286,0,0,0,0
2026-07-19T05:41:41+00:00,512,1,1,224,286,0,0,0,0
2026-07-19T05:51:50+00:00,512,1,1,224,286,0,0,0,0
2026-07-19T06:02:00+00:00,512,1,1,224,286,0,0,0,0
2026-07-19T06:12:09+00:00,512,1,1,224,286,0,0,0,0
2026-07-19T06:22:19+00:00,512,1,1,224,286,0,0,0,0
2026-07-19T06:32:28+00:00,512,1,1,224,286,0,0,0,0
2026-07-19T06:42:38+00:00,512,1,1,224,286,0,0,0,0
2026-07-19T06:52:47+00:00,512,1,1,224,286,0,0,0,0
2026-07-19T07:02:57+00:00,512,1,1,224,286,0,0,0,0
2026-07-19T07:13:06+00:00,512,1,1,224,286,0,0,0,0
2026-07-19T07:23:16+00:00,512,1,1,224,286,0,0,0,0
2026-07-19T07:33:25+00:00,512,1,1,224,286,0,0,0,0
2026-07-19T07:43:35+00:00,512,1,1,224,286,0,0,0,0
2026-07-19T07:53:44+00:00,512,1,1,224,286,0,0,0,0
2026-07-19T08:14:20+00:00,512,1,1,224,286,0,0,0,0
2026-07-19T08:24:29+00:00,512,1,1,224,286,0,0,0,0
2026-07-19T08:34:38+00:00,512,1,1,224,286,0,0,0,0
2026-07-19T08:44:47+00:00,512,1,1,224,286,0,0,0,0
2026-07-19T08:54:56+00:00,512,1,1,224,286,0,0,0,0
2026-07-19T09:05:05+00:00,512,1,1,224,286,0,0,0,0
2026-07-19T09:15:14+00:00,512,1,1,224,286,0,0,0,0
2026-07-19T09:25:23+00:00,512,1,1,224,286,0,0,0,0
2026-07-19T09:35:32+00:00,512,1,1,224,286,0,0,0,0
2026-07-19T09:45:41+00:00,512,1,1,224,286,0,0,0,0
2026-07-19T09:55:50+00:00,512,1,1,224,286,0,0,0,0
2026-07-19T10:06:00+00:00,512,1,1,224,286,0,0,0,0
2026-07-19T10:16:09+00:00,512,1,1,224,286,0,0,0,0
2026-07-19T10:26:18+00:00,512,1,1,224,286,0,0,0,0
2026-07-19T10:36:28+00:00,512,1,1,224,286,0,0,0,0
2026-07-19T10:46:36+00:00,512,1,1,224,286,0,0,0,0
2026-07-19T10:56:45+00:00,512,1,1,224,286,0,0,0,0
2026-07-19T11:06:54+00:00,512,1,1,224,286,0,0,0,0
2026-07-19T11:17:03+00:00,512,1,1,224,286,0,0,0,0
2026-07-19T11:27:12+00:00,512,1,1,224,286,0,0,0,0
2026-07-19T11:37:21+00:00,512,1,1,224,286,0,0,0,0
2026-07-19T11:47:30+00:00,512,1,1,224,286,0,0,0,0
2026-07-19T11:57:39+00:00,512,1,1,224,286,0,0,0,0
2026-07-19T12:07:48+00:00,512,1,0,225,286,0,0,0,1
2026-07-19T12:17:57+00:00,512,1,0,225,286,0,0,0,0
2026-07-19T12:28:06+00:00,512,1,0,225,286,0,0,0,0
2026-07-19T12:38:15+00:00,512,1,0,225,286,0,0,0,0
2026-07-19T12:48:24+00:00,512,1,0,225,286,0,0,0,0
2026-07-19T13:08:58+00:00,512,1,0,225,286,0,0,0,0
2026-07-19T13:19:06+00:00,512,1,0,225,286,0,0,0,0
2026-07-19T13:29:15+00:00,512,1,0,225,286,0,0,0,0
2026-07-19T13:39:23+00:00,512,1,0,225,286,0,0,0,0
2026-07-19T13:49:31+00:00,512,1,0,225,286,0,0,0,0
2026-07-19T13:59:39+00:00,512,1,0,225,286,0,0,0,0
2026-07-19T14:09:48+00:00,512,1,0,225,286,0,0,0,0
2026-07-19T14:19:56+00:00,512,1,0,225,286,0,0,0,0
2026-07-19T14:30:04+00:00,512,1,0,225,286,0,0,0,0
2026-07-19T14:40:13+00:00,512,1,0,225,286,0,0,0,0
2026-07-19T14:50:22+00:00,512,1,0,225,286,0,0,0,0
2026-07-19T15:00:31+00:00,512,1,0,225,286,0,0,0,0
2026-07-19T15:10:39+00:00,512,1,0,225,286,0,0,0,0
2026-07-19T15:20:48+00:00,512,1,0,225,286,0,0,0,0
2026-07-19T15:30:57+00:00,512,1,0,225,286,0,0,0,0
2026-07-19T15:41:05+00:00,512,1,0,225,286,0,0,0,0
2026-07-19T15:51:14+00:00,512,1,0,225,286,0,0,0,0
2026-07-19T16:01:22+00:00,512,1,0,225,286,0,0,0,0
2026-07-19T16:11:30+00:00,512,1,0,225,286,0,0,0,0
2026-07-19T16:21:38+00:00,512,1,0,225,286,0,0,0,0
2026-07-19T16:31:46+00:00,512,1,0,225,286,0,0,0,0
2026-07-19T16:41:55+00:00,512,1,0,225,286,0,0,0,0
2026-07-19T16:52:03+00:00,512,1,0,225,286,0,0,0,0
2026-07-19T17:02:11+00:00,512,1,0,225,286,0,0,0,0
2026-07-19T17:12:19+00:00,512,1,0,225,286,0,0,0,0
2026-07-19T17:22:28+00:00,512,1,0,225,286,0,0,0,0
2026-07-19T17:32:36+00:00,512,1,0,225,286,0,0,0,0
2026-07-19T17:42:45+00:00,512,1,0,225,286,0,0,0,0
2026-07-19T18:03:23+00:00,512,1,0,225,286,0,0,0,0
2026-07-19T18:13:33+00:00,512,1,0,225,286,0,0,0,0
2026-07-19T18:23:43+00:00,512,1,0,225,286,0,0,0,0
2026-07-19T18:33:53+00:00,512,1,0,225,286,0,0,0,0
2026-07-19T18:44:03+00:00,512,1,0,225,286,0,0,0,0
2026-07-19T18:54:13+00:00,512,1,0,225,286,0,0,0,0
2026-07-19T19:04:23+00:00,512,1,0,225,286,0,0,0,0
2026-07-19T19:14:34+00:00,512,1,0,225,286,0,0,0,0
2026-07-19T19:24:43+00:00,512,1,0,225,286,0,0,0,0
2026-07-19T19:34:53+00:00,512,1,0,225,286,0,0,0,0
2026-07-19T19:45:03+00:00,512,1,0,225,286,0,0,0,0
2026-07-19T19:55:13+00:00,512,1,0,225,286,0,0,0,0
2026-07-19T20:05:23+00:00,512,1,0,225,286,0,0,0,0
2026-07-19T20:15:33+00:00,512,1,0,225,286,0,0,0,0
2026-07-19T20:25:44+00:00,512,1,0,225,286,0,0,0,0
2026-07-19T20:35:54+00:00,512,1,0,225,286,0,0,0,0
2026-07-19T20:46:04+00:00,512,1,0,225,286,0,0,0,0
2026-07-19T20:56:15+00:00,512,1,0,225,286,0,0,0,0
2026-07-19T21:06:25+00:00,512,1,0,225,286,0,0,0,0
2026-07-19T21:16:35+00:00,512,1,0,225,286,0,0,0,0
2026-07-19T21:26:45+00:00,512,1,0,225,286,0,0,0,0
2026-07-19T21:36:55+00:00,512,1,0,225,286,0,0,0,0
2026-07-19T21:47:06+00:00,512,1,0,225,286,0,0,0,0
2026-07-19T21:57:16+00:00,512,1,0,225,286,0,0,0,0
2026-07-19T22:07:26+00:00,512,1,0,225,286,0,0,0,0
2026-07-19T22:17:37+00:00,512,1,0,225,286,0,0,0,0
2026-07-19T22:27:47+00:00,512,1,0,225,286,0,0,0,0
2026-07-19T22:37:58+00:00,512,1,0,225,286,0,0,0,0
2026-07-19T22:58:38+00:00,512,1,0,225,286,0,0,0,0
2026-07-19T23:08:48+00:00,512,1,0,225,286,0,0,0,0
2026-07-19T23:18:59+00:00,512,1,0,225,286,0,0,0,0
2026-07-19T23:29:10+00:00,512,1,0,225,286,0,0,0,0
2026-07-19T23:39:20+00:00,512,1,0,225,286,0,0,0,0
2026-07-19T23:49:31+00:00,512,1,0,225,286,0,0,0,0
2026-07-19T23:59:42+00:00,512,1,0,225,286,0,0,0,0
2026-07-20T00:09:52+00:00,512,1,0,225,286,0,0,0,0
2026-07-20T00:20:03+00:00,512,1,0,225,286,0,0,0,0
2026-07-20T00:30:14+00:00,512,1,0,225,286,0,0,0,0
2026-07-20T00:40:25+00:00,512,1,0,225,286,0,0,0,0
2026-07-20T00:50:37+00:00,512,1,0,225,286,0,0,0,0
2026-07-20T01:00:48+00:00,512,1,0,225,286,0,0,0,0
2026-07-20T01:10:59+00:00,512,1,0,225,286,0,0,0,0
2026-07-20T01:21:10+00:00,512,1,0,225,286,0,0,0,0
2026-07-20T01:31:22+00:00,512,1,0,225,286,0,0,0,0
2026-07-20T01:41:33+00:00,512,1,0,225,286,0,0,0,0
2026-07-20T01:51:45+00:00,512,1,0,225,286,0,0,0,0
2026-07-20T02:01:56+00:00,512,1,0,225,286,0,0,0,0
2026-07-20T02:12:08+00:00,512,1,0,225,286,0,0,0,0
2026-07-20T02:22:19+00:00,512,1,0,225,286,0,0,0,0
2026-07-20T02:32:31+00:00,512,1,0,225,286,0,0,0,0
2026-07-20T02:42:42+00:00,512,1,0,225,286,0,0,0,0
2026-07-20T02:52:54+00:00,512,1,0,225,286,0,0,0,0
2026-07-20T03:03:05+00:00,512,1,0,225,286,0,0,0,0
2026-07-20T03:13:16+00:00,512,1,0,225,286,0,0,0,0
2026-07-20T03:23:27+00:00,512,1,0,225,286,0,0,0,0
2026-07-20T03:33:39+00:00,512,1,0,225,286,0,0,0,0
2026-07-20T03:54:15+00:00,512,1,0,225,286,0,0,0,0
2026-07-20T04:04:24+00:00,512,1,0,225,286,0,0,0,0
2026-07-20T04:14:34+00:00,512,1,0,225,286,0,0,0,0
2026-07-20T04:24:44+00:00,512,1,0,225,286,0,0,0,0
2026-07-20T04:34:53+00:00,512,1,0,225,286,0,0,0,0
2026-07-20T04:45:03+00:00,512,1,0,225,286,0,0,0,0
2026-07-20T04:55:12+00:00,512,1,0,225,286,0,0,0,0
2026-07-20T05:05:22+00:00,512,1,0,225,286,0,0,0,0
2026-07-20T05:11:28+00:00,512,1,0,225,286,0,0,0,0
2026-07-20T05:11:59+00:00,512,1,0,225,286,0,0,0,0
2026-07-20T05:12:38+00:00,512,1,0,225,286,0,0,0,0
2026-07-20T05:25:40+00:00,512,1,0,225,286,0,0,0,0
2026-07-20T05:35:50+00:00,512,1,0,225,286,0,0,0,0
2026-07-20T05:46:00+00:00,512,1,0,225,286,0,0,0,0
2026-07-20T05:56:11+00:00,512,1,0,225,286,0,0,0,0
2026-07-20T06:06:21+00:00,512,1,0,225,286,0,0,0,0
2026-07-20T06:16:32+00:00,512,1,0,225,286,0,0,0,0
2026-07-20T06:26:42+00:00,512,1,0,225,286,0,0,0,0
2026-07-20T06:36:52+00:00,512,1,0,225,286,0,0,0,0
2026-07-20T06:47:02+00:00,512,1,0,225,286,0,0,0,0
2026-07-20T06:57:12+00:00,512,1,0,225,286,0,0,0,0
2026-07-20T07:07:23+00:00,512,1,0,225,286,0,0,0,0
2026-07-20T07:17:32+00:00,512,1,0,225,286,0,0,0,0
2026-07-20T07:27:42+00:00,512,1,0,225,286,0,0,0,0
2026-07-20T07:37:52+00:00,512,1,0,225,286,0,0,0,0
2026-07-20T07:48:02+00:00,512,1,0,225,286,0,0,0,0
2026-07-20T07:58:12+00:00,512,1,0,225,286,0,0,0,0
2026-07-20T08:08:22+00:00,511,0,0,225,286,0,0,0,1
2026-07-20T08:18:32+00:00,511,0,0,225,286,0,0,0,0
2026-07-20T08:28:42+00:00,511,0,0,225,286,0,0,0,0
2026-07-20T08:49:19+00:00,511,0,0,225,286,0,0,0,0
2026-07-20T08:59:29+00:00,511,0,0,225,286,0,0,0,0
2026-07-20T09:09:39+00:00,511,0,0,225,286,0,0,0,0
2026-07-20T09:19:50+00:00,511,0,0,225,286,0,0,0,0
2026-07-20T09:30:00+00:00,511,0,0,225,286,0,0,0,0
2026-07-20T09:40:10+00:00,511,0,0,225,286,0,0,0,0
2026-07-20T09:50:20+00:00,511,0,0,225,286,0,0,0,0
2026-07-20T10:00:29+00:00,511,0,0,225,286,0,0,0,0
2026-07-20T10:10:40+00:00,511,0,0,225,286,0,0,0,0
2026-07-20T10:20:50+00:00,511,0,0,225,286,0,0,0,0
2026-07-20T10:31:00+00:00,511,0,0,225,286,0,0,0,0
2026-07-20T10:41:10+00:00,511,0,0,225,286,0,0,0,0
2026-07-20T10:51:19+00:00,511,0,0,225,286,0,0,0,0
2026-07-20T11:01:30+00:00,512,0,0,226,286,0,0,0,1
2026-07-20T11:11:40+00:00,512,0,0,226,286,0,0,0,0
2026-07-20T11:21:50+00:00,512,0,0,226,286,0,0,0,0
2026-07-20T11:32:01+00:00,512,0,0,226,286,0,0,0,0
2026-07-20T11:42:11+00:00,512,0,0,226,286,0,0,0,0
2026-07-20T11:52:21+00:00,512,0,0,226,286,0,0,0,0
2026-07-20T12:02:32+00:00,512,0,0,226,286,0,0,0,0
2026-07-20T12:12:42+00:00,512,0,0,226,286,0,0,0,0
2026-07-20T12:22:53+00:00,512,0,0,226,286,0,0,0,0
2026-07-20T12:33:03+00:00,512,0,0,226,286,0,0,0,0
2026-07-20T12:43:13+00:00,512,0,0,226,286,0,0,0,0
2026-07-20T12:53:23+00:00,512,0,0,226,286,0,0,0,0
2026-07-20T13:03:33+00:00,512,0,0,226,286,0,0,0,0
2026-07-20T13:13:44+00:00,512,0,0,226,286,0,0,0,0
2026-07-20T13:23:54+00:00,512,0,0,226,286,0,0,0,0
2026-07-20T13:44:30+00:00,512,0,0,226,286,0,0,0,0
2026-07-20T13:54:40+00:00,512,0,0,226,286,0,0,0,0
2026-07-20T14:04:50+00:00,512,0,0,226,286,0,0,0,0
2026-07-20T14:15:01+00:00,512,0,0,226,286,0,0,0,0
2026-07-20T14:25:12+00:00,512,0,0,226,286,0,0,0,0
2026-07-20T14:35:21+00:00,512,0,0,226,286,0,0,0,0
2026-07-20T14:45:32+00:00,512,0,0,226,286,0,0,0,0
2026-07-20T14:55:42+00:00,512,0,0,226,286,0,0,0,0
2026-07-20T15:05:52+00:00,512,0,0,226,286,0,0,0,0
2026-07-20T15:16:02+00:00,512,0,0,226,286,0,0,0,0
2026-07-20T15:26:13+00:00,512,0,0,226,286,0,0,0,0
2026-07-20T15:36:23+00:00,512,0,0,226,286,0,0,0,0
2026-07-20T15:46:34+00:00,512,0,0,226,286,0,0,0,0
2026-07-20T15:56:44+00:00,512,0,0,226,286,0,0,0,0
2026-07-20T16:06:55+00:00,512,0,0,226,286,0,0,0,0
2026-07-20T16:17:06+00:00,512,0,0,226,286,0,0,0,0
2026-07-20T16:27:17+00:00,512,0,0,226,286,0,0,0,0
2026-07-20T16:37:27+00:00,512,0,0,226,286,0,0,0,0
2026-07-20T16:47:38+00:00,512,0,0,226,286,0,0,0,0
2026-07-20T16:57:49+00:00,512,0,0,226,286,0,0,0,0
2026-07-20T17:08:00+00:00,512,0,0,226,286,0,0,0,0
2026-07-20T17:18:11+00:00,512,0,0,226,286,0,0,0,0
2026-07-20T17:28:21+00:00,512,0,0,226,286,0,0,0,0
2026-07-20T17:38:33+00:00,512,0,0,226,286,0,0,0,0
2026-07-20T17:48:43+00:00,512,0,0,226,286,0,0,0,0
2026-07-20T17:58:53+00:00,512,0,0,226,286,0,0,0,0
2026-07-20T18:09:04+00:00,512,0,0,226,286,0,0,0,0
2026-07-20T18:19:14+00:00,512,0,0,226,286,0,0,0,0
2026-07-20T18:39:52+00:00,512,0,0,226,286,0,0,0,0
2026-07-20T18:50:03+00:00,512,0,0,226,286,0,0,0,0
2026-07-20T19:00:14+00:00,512,0,0,226,286,0,0,0,0
2026-07-20T19:10:26+00:00,512,0,0,226,286,0,0,0,0
2026-07-20T19:20:37+00:00,512,0,0,226,286,0,0,0,0
2026-07-20T19:30:49+00:00,512,0,0,226,286,0,0,0,0
2026-07-20T19:41:00+00:00,512,0,0,226,286,0,0,0,0
2026-07-20T19:51:12+00:00,512,0,0,226,286,0,0,0,0
2026-07-20T20:01:23+00:00,512,0,0,226,286,0,0,0,0
2026-07-20T20:11:34+00:00,512,0,0,226,286,0,0,0,0
2026-07-20T20:21:45+00:00,512,0,0,226,286,0,0,0,0
2026-07-20T20:31:57+00:00,512,0,0,226,286,0,0,0,0
2026-07-20T20:42:09+00:00,512,0,0,226,286,0,0,0,0
2026-07-20T20:52:20+00:00,512,0,0,226,286,0,0,0,0
2026-07-20T21:02:31+00:00,512,0,0,226,286,0,0,0,0
2026-07-20T21:12:43+00:00,512,0,0,226,286,0,0,0,0
2026-07-20T21:22:55+00:00,512,0,0,226,286,0,0,0,0
2026-07-20T21:33:07+00:00,512,0,0,226,286,0,0,0,0
2026-07-20T21:43:19+00:00,512,0,0,226,286,0,0,0,0
2026-07-20T21:53:30+00:00,512,0,0,226,286,0,0,0,0
2026-07-20T22:03:42+00:00,512,0,0,226,286,0,0,0,0
2026-07-20T22:13:53+00:00,512,0,0,226,286,0,0,0,0
2026-07-20T22:24:05+00:00,512,0,0,226,286,0,0,0,0
2026-07-20T22:34:20+00:00,512,0,0,226,286,0,0,0,0
2026-07-20T22:44:32+00:00,512,0,0,226,286,0,0,0,0
2026-07-20T22:54:43+00:00,512,0,0,226,286,0,0,0,0
2026-07-20T23:04:54+00:00,512,0,0,226,286,0,0,0,0
2026-07-20T23:15:06+00:00,512,0,0,226,286,0,0,0,0
2026-07-20T23:35:44+00:00,512,0,0,226,286,0,0,0,0
2026-07-20T23:45:55+00:00,512,0,0,226,286,0,0,0,0
2026-07-20T23:56:06+00:00,512,0,0,226,286,0,0,0,0
2026-07-21T00:06:16+00:00,512,0,0,226,286,0,0,0,0
2026-07-21T00:16:27+00:00,512,0,0,226,286,0,0,0,0
2026-07-21T00:26:38+00:00,512,0,0,226,286,0,0,0,0
2026-07-21T00:36:49+00:00,512,0,0,226,286,0,0,0,0
2026-07-21T00:46:59+00:00,512,0,0,226,286,0,0,0,0
2026-07-21T00:57:10+00:00,512,0,0,226,286,0,0,0,0
2026-07-21T01:07:21+00:00,512,0,0,226,286,0,0,0,0
2026-07-21T01:17:32+00:00,512,0,0,226,286,0,0,0,0
2026-07-21T01:27:43+00:00,512,0,0,226,286,0,0,0,0
2026-07-21T01:37:54+00:00,512,0,0,226,286,0,0,0,0
2026-07-21T01:48:04+00:00,512,0,0,226,286,0,0,0,0
2026-07-21T01:58:15+00:00,512,0,0,226,286,0,0,0,0
2026-07-21T02:08:27+00:00,512,0,0,226,286,0,0,0,0
2026-07-21T02:18:38+00:00,512,0,0,226,286,0,0,0,0
2026-07-21T02:28:49+00:00,512,0,0,226,286,0,0,0,0
2026-07-21T02:39:00+00:00,512,0,0,226,286,0,0,0,0
2026-07-21T02:49:11+00:00,512,0,0,226,286,0,0,0,0
2026-07-21T02:59:23+00:00,512,0,0,226,286,0,0,0,0
2026-07-21T03:09:34+00:00,512,0,0,226,286,0,0,0,0
2026-07-21T03:19:45+00:00,512,0,0,226,286,0,0,0,0
2026-07-21T03:29:56+00:00,512,0,0,226,286,0,0,0,0
2026-07-21T03:40:07+00:00,512,0,0,226,286,0,0,0,0
2026-07-21T03:50:18+00:00,512,0,0,226,286,0,0,0,0
2026-07-21T04:00:29+00:00,512,0,0,226,286,0,0,0,0
2026-07-21T04:10:40+00:00,512,0,0,226,286,0,0,0,0
2026-07-21T04:31:16+00:00,512,0,0,226,286,0,0,0,0
2026-07-21T04:41:25+00:00,512,0,0,226,286,0,0,0,0
2026-07-21T04:51:36+00:00,512,0,0,226,286,0,0,0,0
2026-07-21T05:01:46+00:00,512,0,0,226,286,0,0,0,0
2026-07-21T05:11:56+00:00,512,0,0,226,286,0,0,0,0
2026-07-21T05:22:05+00:00,512,0,0,226,286,0,0,0,0
2026-07-21T05:32:15+00:00,512,0,0,226,286,0,1,0,1
2026-07-21T05:42:24+00:00,512,0,0,226,286,0,1,0,0
2026-07-21T05:52:34+00:00,512,0,0,226,286,0,1,0,0
2026-07-21T06:02:44+00:00,512,0,0,226,286,0,1,0,0
2026-07-21T06:12:54+00:00,512,0,0,226,286,0,1,0,0
2026-07-21T06:23:04+00:00,512,0,0,226,286,0,1,0,0
2026-07-21T06:33:15+00:00,512,0,0,226,286,0,1,0,0
2026-07-21T06:43:25+00:00,512,0,0,226,286,0,1,0,0
2026-07-21T06:53:34+00:00,512,0,0,226,286,0,1,0,0
2026-07-21T07:03:45+00:00,512,0,0,226,286,0,1,0,0
2026-07-21T07:13:56+00:00,512,0,0,226,286,0,1,0,0
2026-07-21T07:24:06+00:00,512,0,0,226,286,0,1,0,0
2026-07-21T07:34:17+00:00,512,0,0,226,286,0,1,0,0
2026-07-21T07:44:27+00:00,512,0,0,226,286,0,0,0,1
2026-07-21T07:54:37+00:00,512,0,0,226,286,0,0,0,0
2026-07-21T08:04:47+00:00,512,0,0,226,286,0,0,0,0
2026-07-21T08:14:57+00:00,512,0,0,226,286,0,0,0,0
2026-07-21T08:25:06+00:00,512,0,0,226,286,0,0,0,0
2026-07-21T08:35:16+00:00,512,0,0,226,286,0,0,0,0
2026-07-21T08:45:26+00:00,512,0,0,226,286,0,0,0,0
2026-07-21T08:55:35+00:00,512,0,0,226,286,0,0,0,0
2026-07-21T09:05:46+00:00,512,0,0,226,286,0,0,0,0
2026-07-21T09:26:29+00:00,512,0,0,226,286,0,0,0,0
2026-07-21T09:36:41+00:00,512,0,0,226,286,0,0,0,0
2026-07-21T09:46:52+00:00,512,0,0,226,286,0,0,0,0
2026-07-21T09:57:04+00:00,512,0,0,226,286,0,0,0,0
2026-07-21T10:07:15+00:00,512,0,0,226,286,0,0,0,0
2026-07-21T10:17:27+00:00,512,0,0,226,286,0,0,0,0
2026-07-21T10:27:38+00:00,512,0,0,226,286,0,0,0,0
2026-07-21T10:37:49+00:00,512,0,0,226,286,0,0,0,0
2026-07-21T10:48:01+00:00,512,0,0,226,286,0,0,0,0
2026-07-21T10:58:12+00:00,512,0,0,226,286,0,0,0,0
2026-07-21T11:08:24+00:00,512,0,0,226,286,0,0,0,0
2026-07-21T11:18:35+00:00,512,0,0,226,286,0,0,0,0
2026-07-21T11:28:46+00:00,512,0,0,226,286,0,0,0,0
2026-07-21T11:38:58+00:00,512,0,0,226,286,0,0,0,0
2026-07-21T11:49:10+00:00,512,0,0,226,286,0,0,0,0
2026-07-21T11:59:21+00:00,512,0,0,226,286,0,0,0,0
2026-07-21T12:09:33+00:00,512,0,0,226,286,0,1,0,1
2026-07-21T12:19:45+00:00,512,0,0,226,286,0,1,0,0
2026-07-21T12:29:57+00:00,512,0,0,226,286,0,1,0,0
2026-07-21T12:40:09+00:00,512,0,0,226,286,0,1,0,0
2026-07-21T12:50:21+00:00,512,0,0,226,286,0,1,0,0
2026-07-21T13:00:33+00:00,512,0,0,226,286,0,1,0,0
2026-07-21T13:10:45+00:00,512,0,0,226,286,0,1,0,0
2026-07-21T13:20:57+00:00,512,0,0,226,286,0,1,0,0
2026-07-21T13:31:10+00:00,512,0,0,226,286,0,1,0,0
2026-07-21T13:41:22+00:00,512,0,0,226,286,0,1,0,0
2026-07-21T13:51:34+00:00,512,0,0,226,286,0,1,0,0
2026-07-21T14:01:47+00:00,512,0,0,226,286,0,1,0,0
2026-07-21T14:22:37+00:00,512,0,0,226,286,0,1,0,0
2026-07-21T14:32:49+00:00,512,0,0,226,286,0,1,0,0
2026-07-21T14:43:01+00:00,512,0,0,226,286,0,1,0,0
2026-07-21T14:53:12+00:00,512,0,0,226,286,0,1,0,0
2026-07-21T15:03:24+00:00,512,0,0,226,286,0,2,0,1
2026-07-21T15:13:36+00:00,512,0,0,226,286,0,2,0,0
2026-07-21T15:23:49+00:00,512,0,0,226,286,0,2,0,0
2026-07-21T15:34:01+00:00,512,0,0,226,286,0,2,0,0
2026-07-21T15:44:13+00:00,512,0,0,226,286,0,2,0,0
2026-07-21T15:54:25+00:00,512,0,0,226,286,0,2,0,0
2026-07-21T16:04:37+00:00,512,0,1,226,285,0,0,2,6
2026-07-21T16:14:49+00:00,512,0,1,226,285,0,0,2,0
2026-07-21T16:25:00+00:00,512,0,1,226,285,0,0,2,0
2026-07-21T16:35:12+00:00,512,0,1,226,285,0,0,2,0
2026-07-21T16:45:25+00:00,512,0,1,226,285,0,0,2,0
2026-07-21T16:55:38+00:00,512,0,1,226,285,0,0,2,0
2026-07-21T17:05:50+00:00,512,0,1,226,285,0,0,2,0
2026-07-21T17:16:02+00:00,512,0,1,226,285,0,0,2,0
2026-07-21T17:26:14+00:00,512,0,1,226,285,0,0,2,0
2026-07-21T17:36:26+00:00,512,0,1,226,285,0,0,2,0
2026-07-21T17:46:38+00:00,512,0,1,226,285,0,0,2,0
2026-07-21T17:56:49+00:00,512,0,1,226,285,0,0,2,0
2026-07-21T18:07:02+00:00,512,0,1,226,285,0,0,1,1
2026-07-21T18:17:14+00:00,512,0,1,226,285,0,0,1,0
2026-07-21T18:27:26+00:00,512,0,1,226,285,0,0,1,0
2026-07-21T18:37:38+00:00,512,0,1,226,285,0,0,1,0
2026-07-21T18:47:50+00:00,512,0,1,226,285,0,0,1,0
2026-07-21T18:58:02+00:00,512,0,1,226,285,0,0,1,0
2026-07-21T19:18:41+00:00,512,0,1,226,285,0,0,1,0
2026-07-21T19:28:53+00:00,512,0,1,226,285,0,0,1,0
2026-07-21T19:39:05+00:00,512,0,1,226,285,0,0,1,0
2026-07-21T19:49:17+00:00,512,0,1,226,285,0,0,1,0
2026-07-21T19:59:29+00:00,512,0,1,226,285,0,0,1,0
2026-07-21T20:09:41+00:00,512,0,1,226,285,0,0,0,1
2026-07-21T20:19:53+00:00,512,0,1,226,285,0,0,0,0
2026-07-21T20:30:04+00:00,512,0,1,226,285,0,0,0,0
2026-07-21T20:40:17+00:00,512,0,1,226,285,0,0,0,0
2026-07-21T20:50:29+00:00,512,0,1,226,285,0,0,0,0
2026-07-21T21:00:41+00:00,512,0,1,226,285,0,0,0,0
2026-07-21T21:10:53+00:00,512,0,1,226,285,0,0,0,0
2026-07-21T21:21:05+00:00,512,0,1,226,285,0,0,0,0
2026-07-21T21:31:17+00:00,512,0,1,226,285,0,0,0,0
2026-07-21T21:41:29+00:00,512,0,1,226,285,0,0,0,0
2026-07-21T21:51:41+00:00,512,0,1,226,285,0,0,0,0
2026-07-21T22:01:53+00:00,512,0,1,226,285,0,0,0,0
2026-07-21T22:12:05+00:00,512,0,1,226,285,0,0,0,0
2026-07-21T22:22:17+00:00,512,0,1,226,285,0,0,0,0
2026-07-21T22:32:29+00:00,512,0,1,226,285,0,0,0,0
2026-07-21T22:42:42+00:00,512,0,1,226,285,0,0,0,0
2026-07-21T22:52:55+00:00,512,0,1,226,285,0,0,0,0
2026-07-21T23:03:07+00:00,512,0,1,226,285,0,0,0,0
2026-07-21T23:13:19+00:00,512,0,1,226,285,0,0,0,0
2026-07-21T23:23:31+00:00,512,0,1,226,285,0,0,0,0
2026-07-21T23:33:42+00:00,512,0,1,226,285,0,0,0,0
2026-07-21T23:43:54+00:00,512,0,1,226,285,0,0,0,0
2026-07-21T23:54:06+00:00,512,0,1,226,285,0,0,0,0
2026-07-22T00:14:52+00:00,512,0,1,226,285,0,0,0,0
2026-07-22T00:25:07+00:00,512,0,1,226,285,0,0,0,0
2026-07-22T00:35:20+00:00,512,0,1,226,285,0,0,0,0
2026-07-22T00:45:33+00:00,512,0,1,226,285,0,0,0,0
2026-07-22T00:55:48+00:00,512,0,1,226,285,0,0,0,0
2026-07-22T01:06:03+00:00,512,0,1,226,285,0,0,0,0
2026-07-22T01:16:17+00:00,512,0,1,226,285,0,0,0,0
2026-07-22T01:26:31+00:00,512,0,1,226,285,0,0,0,0
2026-07-22T01:36:45+00:00,512,0,1,226,285,0,0,0,0
2026-07-22T01:46:58+00:00,512,0,1,226,285,0,0,0,0
2026-07-22T01:57:11+00:00,512,0,1,226,285,0,0,0,0
2026-07-22T02:07:24+00:00,512,0,1,226,285,0,0,0,0
2026-07-22T02:17:37+00:00,512,0,1,226,285,0,0,0,0
2026-07-22T02:27:50+00:00,512,0,1,226,285,0,0,0,0
2026-07-22T02:38:03+00:00,512,0,1,226,285,0,0,0,0
2026-07-22T02:48:16+00:00,512,0,1,226,285,0,0,0,0
2026-07-22T02:58:30+00:00,512,0,1,226,285,0,0,0,0
2026-07-22T03:08:43+00:00,512,0,1,226,285,0,0,0,0
2026-07-22T03:18:57+00:00,512,0,1,226,285,0,0,0,0
2026-07-22T03:29:10+00:00,512,0,1,226,285,0,0,0,0
2026-07-22T03:39:23+00:00,512,0,1,226,285,0,0,0,0
2026-07-22T03:49:37+00:00,512,0,1,226,285,0,0,0,0
2026-07-22T03:59:50+00:00,512,0,1,226,285,0,0,0,0
2026-07-22T04:10:03+00:00,512,0,1,226,285,0,0,0,0
2026-07-22T04:20:16+00:00,512,0,1,226,285,0,0,0,0
2026-07-22T04:30:31+00:00,512,0,1,226,285,0,0,0,0
2026-07-22T04:40:44+00:00,512,0,1,226,285,0,0,0,0
2026-07-22T04:50:58+00:00,512,0,1,226,285,0,0,0,0
2026-07-22T05:11:38+00:00,512,0,1,226,285,0,0,0,0
2026-07-22T05:21:50+00:00,512,0,1,226,285,0,0,0,0
2026-07-22T05:32:02+00:00,512,0,1,226,285,0,0,0,0
2026-07-22T05:42:15+00:00,512,0,1,226,285,0,0,0,0
2026-07-22T05:52:28+00:00,512,0,1,226,285,0,0,0,0
2026-07-22T06:02:41+00:00,512,0,1,226,285,0,0,0,0
2026-07-22T06:12:53+00:00,512,0,1,226,285,0,0,0,0
2026-07-22T06:23:05+00:00,512,0,1,226,285,0,0,0,0
2026-07-22T06:33:18+00:00,512,0,1,226,285,0,0,0,0
2026-07-22T06:43:31+00:00,512,0,1,226,285,0,0,0,0
2026-07-22T06:53:43+00:00,512,0,1,226,285,0,0,0,0
2026-07-22T07:03:56+00:00,512,0,1,226,285,0,0,0,0
2026-07-22T07:14:08+00:00,512,0,1,226,285,0,0,0,0
2026-07-22T07:24:23+00:00,512,0,1,226,285,0,0,0,0
2026-07-22T07:34:35+00:00,512,0,1,226,285,0,0,0,0
2026-07-22T07:44:48+00:00,512,0,1,226,285,0,0,0,0
2026-07-22T07:55:00+00:00,512,0,1,226,285,0,0,0,0
2026-07-22T08:05:13+00:00,513,0,1,227,285,0,0,0,1
2026-07-22T08:15:25+00:00,514,0,1,228,285,0,0,0,1
2026-07-22T08:25:38+00:00,514,0,1,228,285,0,0,0,0
2026-07-22T08:35:50+00:00,514,0,1,228,285,0,0,0,0
2026-07-22T08:46:03+00:00,514,0,1,228,285,0,0,0,0
2026-07-22T08:56:16+00:00,514,0,1,228,285,0,0,0,0
2026-07-22T09:06:28+00:00,514,0,1,228,285,0,0,0,0
2026-07-22T09:16:41+00:00,514,0,1,228,285,0,0,0,0
2026-07-22T09:26:54+00:00,514,0,1,228,285,0,0,0,0
2026-07-22T09:37:07+00:00,514,0,1,228,285,0,0,0,0
2026-07-22T09:47:19+00:00,514,0,1,228,285,0,0,0,0
2026-07-22T10:07:59+00:00,514,0,1,228,285,0,0,0,0
2026-07-22T10:18:11+00:00,514,0,1,228,285,0,0,0,0
2026-07-22T10:28:24+00:00,514,0,1,228,285,0,0,0,0
2026-07-22T10:38:37+00:00,514,0,1,228,285,0,0,0,0
2026-07-22T10:48:49+00:00,514,0,1,228,285,0,0,0,0
2026-07-22T10:59:02+00:00,514,0,1,228,285,0,0,0,0
2026-07-22T11:09:15+00:00,514,0,1,228,285,0,0,0,0
2026-07-22T11:19:28+00:00,514,0,1,228,285,0,0,0,0
2026-07-22T11:29:40+00:00,514,0,1,228,285,0,0,0,0
2026-07-22T11:39:53+00:00,514,0,1,228,285,0,0,0,0
2026-07-22T11:50:06+00:00,514,0,1,228,285,0,0,0,0
2026-07-22T12:00:20+00:00,514,0,1,228,285,0,1,1,2
2026-07-22T12:10:33+00:00,514,0,1,228,285,0,1,1,0
2026-07-22T12:20:46+00:00,514,0,1,228,285,0,1,1,0
2026-07-22T12:30:59+00:00,514,0,1,228,285,0,1,1,0
2026-07-22T12:41:12+00:00,514,0,1,228,285,0,1,1,0
2026-07-22T12:51:25+00:00,514,0,1,228,285,0,1,1,0
2026-07-22T13:01:46+00:00,514,0,1,228,285,0,1,1,0
2026-07-22T13:12:07+00:00,514,0,1,228,285,0,1,1,0
2026-07-22T13:22:28+00:00,514,0,1,228,285,0,1,1,0
2026-07-22T13:32:50+00:00,514,0,1,228,285,0,1,1,0
2026-07-22T13:43:11+00:00,514,0,1,228,285,0,1,1,0
2026-07-22T13:53:32+00:00,514,0,1,228,285,0,0,1,1
2026-07-22T14:03:53+00:00,514,0,1,228,285,0,0,1,0
2026-07-22T14:14:14+00:00,514,0,1,228,285,0,0,1,0
2026-07-22T14:24:36+00:00,514,0,1,228,285,0,0,1,0
2026-07-22T14:34:57+00:00,514,0,1,228,285,0,0,1,0
2026-07-22T14:45:19+00:00,514,0,1,228,285,0,0,1,0
2026-07-22T15:06:23+00:00,514,0,1,228,285,0,0,1,0
2026-07-22T15:16:47+00:00,514,0,1,228,285,0,0,1,0
2026-07-22T15:27:10+00:00,514,0,1,228,285,0,0,1,0
2026-07-22T15:37:33+00:00,514,0,1,228,285,0,0,1,0
2026-07-22T15:47:55+00:00,514,0,1,228,285,0,0,1,0
2026-07-22T15:58:18+00:00,514,0,1,228,285,0,0,1,0
2026-07-22T16:08:41+00:00,514,0,0,229,285,0,0,0,2
2026-07-22T16:19:04+00:00,514,0,0,229,285,0,0,0,0
2026-07-22T16:29:26+00:00,514,0,0,229,285,0,0,0,0
2026-07-22T16:39:49+00:00,514,0,0,229,285,0,0,0,0
2026-07-22T16:50:12+00:00,514,0,0,229,285,0,0,0,0
2026-07-22T17:00:35+00:00,514,0,0,229,285,0,0,0,0
2026-07-22T17:10:59+00:00,514,0,0,229,285,0,0,0,0
2026-07-22T17:21:22+00:00,514,0,0,229,285,0,0,0,0
2026-07-22T17:31:45+00:00,514,0,0,229,285,0,0,0,0
2026-07-22T17:42:07+00:00,514,0,0,229,285,0,0,0,0
2026-07-22T17:52:30+00:00,514,0,0,229,285,0,0,0,0
2026-07-22T18:02:53+00:00,514,0,0,229,285,0,0,0,0
2026-07-22T18:13:16+00:00,514,0,0,229,285,0,0,0,0
2026-07-22T18:23:38+00:00,514,0,0,229,285,0,0,0,0
2026-07-22T18:34:01+00:00,514,0,0,229,285,0,0,0,0
2026-07-22T18:44:24+00:00,514,0,0,229,285,0,0,0,0
2026-07-22T18:54:46+00:00,514,0,0,229,285,0,0,0,0
2026-07-22T19:05:15+00:00,514,0,0,229,285,0,0,0,0
2026-07-22T19:15:38+00:00,514,0,0,229,285,0,0,0,0
2026-07-22T19:26:01+00:00,514,0,0,229,285,0,0,0,0
2026-07-22T19:36:26+00:00,514,0,0,229,285,0,0,0,0
2026-07-22T19:57:27+00:00,514,0,0,229,285,0,0,0,0
2026-07-22T20:07:48+00:00,514,0,0,229,285,0,0,0,0
2026-07-22T20:18:09+00:00,514,0,0,229,285,0,0,0,0
2026-07-22T20:28:31+00:00,514,0,0,229,285,0,0,0,0
2026-07-22T20:38:53+00:00,514,0,0,229,285,0,0,0,0
2026-07-22T20:49:15+00:00,514,0,0,229,285,0,0,0,0
2026-07-22T20:59:36+00:00,514,0,0,229,285,0,0,0,0
2026-07-22T21:09:58+00:00,514,0,0,229,285,0,0,0,0
2026-07-22T21:20:19+00:00,514,0,0,229,285,0,0,0,0
2026-07-22T21:30:41+00:00,514,0,0,229,285,0,0,0,0
2026-07-22T21:41:02+00:00,514,0,0,229,285,0,0,0,0
2026-07-22T21:51:23+00:00,514,0,0,229,285,0,0,0,0
2026-07-22T22:01:46+00:00,514,0,0,229,285,0,0,0,0
2026-07-22T22:12:07+00:00,514,0,0,229,285,0,0,0,0
2026-07-22T22:22:29+00:00,514,0,0,229,285,0,0,0,0
2026-07-22T22:32:50+00:00,514,0,0,229,285,0,0,0,0
2026-07-22T22:43:13+00:00,514,0,0,229,285,0,0,0,0
2026-07-22T22:53:34+00:00,514,0,0,229,285,0,0,0,0
2026-07-22T23:03:55+00:00,514,0,0,229,285,0,0,0,0
2026-07-22T23:14:17+00:00,514,0,0,229,285,0,0,0,0
2026-07-22T23:24:39+00:00,514,0,0,229,285,0,0,0,0
2026-07-22T23:35:01+00:00,514,0,0,229,285,0,0,0,0
2026-07-22T23:45:23+00:00,514,0,0,229,285,0,0,0,0
2026-07-22T23:55:45+00:00,514,0,0,229,285,0,0,0,0
2026-07-23T00:06:06+00:00,514,0,0,229,285,0,0,0,0
2026-07-23T00:16:28+00:00,514,0,0,229,285,0,0,0,0
2026-07-23T00:26:50+00:00,514,0,0,229,285,0,0,0,0
2026-07-23T00:47:44+00:00,514,0,0,229,285,0,0,0,0
2026-07-23T00:58:04+00:00,514,0,0,229,285,0,0,0,0
2026-07-23T01:08:23+00:00,514,0,0,229,285,0,0,0,0
2026-07-23T01:18:43+00:00,514,0,0,229,285,0,0,0,0
2026-07-23T01:29:02+00:00,514,0,0,229,285,0,0,0,0
2026-07-23T01:39:22+00:00,514,0,0,229,285,0,0,0,0
2026-07-23T01:49:41+00:00,514,0,0,229,285,0,0,0,0
2026-07-23T02:00:02+00:00,514,0,0,229,285,0,0,0,0
2026-07-23T02:10:22+00:00,514,0,0,229,285,0,0,0,0
2026-07-23T02:20:43+00:00,514,0,0,229,285,0,0,0,0
2026-07-23T02:31:03+00:00,514,0,0,229,285,0,0,0,0
2026-07-23T02:41:23+00:00,514,0,0,229,285,0,0,0,0
2026-07-23T02:51:43+00:00,514,0,0,229,285,0,0,0,0
2026-07-23T03:02:04+00:00,514,0,0,229,285,0,0,0,0
2026-07-23T03:12:24+00:00,514,0,0,229,285,0,0,0,0
2026-07-23T03:22:44+00:00,514,0,0,229,285,0,0,0,0
2026-07-23T03:33:04+00:00,514,0,0,229,285,0,0,0,0
2026-07-23T03:43:24+00:00,514,0,0,229,285,0,0,0,0
2026-07-23T03:53:44+00:00,514,0,0,229,285,0,0,0,0
2026-07-23T04:04:05+00:00,514,0,0,229,285,0,0,0,0
2026-07-23T04:14:25+00:00,514,0,0,229,285,0,0,0,0
2026-07-23T04:24:48+00:00,514,0,0,229,285,0,2,0,2
2026-07-23T04:35:09+00:00,514,0,0,229,285,0,2,0,0
2026-07-23T04:45:29+00:00,514,0,0,229,285,0,2,0,0
2026-07-23T04:55:50+00:00,514,0,0,229,285,0,2,0,0
2026-07-23T05:06:11+00:00,514,0,0,229,285,0,2,0,0
2026-07-23T05:16:32+00:00,514,0,0,229,285,0,2,0,0
2026-07-23T05:26:52+00:00,514,0,0,229,285,0,2,0,0
2026-07-23T05:47:57+00:00,514,0,0,229,285,0,2,0,0
2026-07-23T05:58:20+00:00,514,0,0,229,285,0,2,0,0
2026-07-23T06:08:43+00:00,514,0,0,229,285,0,2,0,0
2026-07-23T06:19:06+00:00,514,0,0,229,285,0,2,0,0
2026-07-23T06:29:30+00:00,514,0,0,229,285,0,2,0,0
2026-07-23T06:39:53+00:00,514,0,0,229,285,0,2,0,0
2026-07-23T06:50:17+00:00,514,0,0,229,285,0,2,0,0
2026-07-23T07:00:40+00:00,514,0,0,229,285,0,2,0,0
2026-07-23T07:11:03+00:00,514,0,0,229,285,0,2,0,0
2026-07-23T07:21:27+00:00,514,0,0,229,285,0,2,0,0
2026-07-23T07:31:50+00:00,514,0,0,229,285,0,2,0,0
2026-07-23T07:42:14+00:00,514,0,0,229,285,0,2,0,0
2026-07-23T07:52:38+00:00,514,0,0,229,285,0,2,0,0
2026-07-23T08:03:02+00:00,514,0,1,228,285,0,1,2,4
2026-07-23T08:13:26+00:00,514,0,1,228,285,0,1,2,0
2026-07-23T08:23:50+00:00,514,0,1,228,285,0,1,2,0
2026-07-23T08:34:14+00:00,514,0,1,228,285,0,1,2,0
2026-07-23T08:44:39+00:00,514,0,1,228,285,0,1,2,0
2026-07-23T08:55:03+00:00,514,0,1,228,285,0,1,2,0
2026-07-23T09:05:27+00:00,514,0,1,228,285,0,1,2,0
2026-07-23T09:15:52+00:00,514,0,1,228,285,0,1,2,0
2026-07-23T09:26:16+00:00,514,0,1,228,285,0,1,2,0
2026-07-23T09:36:41+00:00,514,0,1,228,285,0,1,2,0
2026-07-23T09:47:05+00:00,514,0,1,228,285,0,1,2,0
2026-07-23T09:57:29+00:00,514,0,1,228,285,0,0,2,1
2026-07-23T10:07:54+00:00,514,0,1,228,285,0,1,1,2
2026-07-23T10:18:19+00:00,514,0,1,228,285,0,1,1,0
2026-07-23T10:39:28+00:00,514,0,1,228,285,0,2,1,1
2026-07-23T10:49:54+00:00,514,0,1,228,285,0,2,1,0
2026-07-23T11:00:21+00:00,514,0,1,228,285,0,2,1,0
2026-07-23T11:10:46+00:00,514,0,1,228,285,0,2,1,0
2026-07-23T11:21:12+00:00,514,0,1,228,285,0,2,1,0
2026-07-23T11:31:38+00:00,514,0,1,228,285,0,1,1,1
2026-07-23T11:42:05+00:00,514,0,1,228,285,0,1,1,0
2026-07-23T11:52:31+00:00,514,0,1,228,285,0,1,1,0
2026-07-23T12:02:56+00:00,514,0,2,227,285,0,0,1,4
2026-07-23T12:13:22+00:00,514,0,2,227,285,0,1,1,1
2026-07-23T12:23:48+00:00,514,0,2,227,285,0,1,1,0
2026-07-23T12:34:15+00:00,514,0,2,227,285,0,1,1,0
2026-07-23T12:44:41+00:00,514,0,2,227,285,0,1,1,0
2026-07-23T12:51:29+00:00,514,0,2,227,285,0,0,1,1
2026-07-23T13:01:56+00:00,514,0,2,227,285,0,0,1,0
2026-07-23T13:12:27+00:00,514,0,2,227,285,0,0,1,0
2026-07-23T13:22:55+00:00,514,0,2,227,285,0,0,1,0
2026-07-23T13:33:23+00:00,514,0,2,227,285,0,0,1,0
2026-07-23T13:43:52+00:00,514,0,2,227,285,0,0,1,0
2026-07-23T13:54:20+00:00,514,0,2,227,285,0,0,1,0
2026-07-23T14:04:48+00:00,514,0,2,227,285,0,0,0,1
2026-07-23T14:15:15+00:00,514,0,2,227,285,0,0,0,0
2026-07-23T14:25:43+00:00,514,0,2,227,285,0,0,0,0
2026-07-23T14:36:12+00:00,514,0,2,227,285,0,0,0,0
2026-07-23T14:46:40+00:00,514,0,2,227,285,0,0,0,0
2026-07-23T14:57:08+00:00,514,0,2,227,285,0,0,0,0
2026-07-23T15:07:37+00:00,514,0,2,227,285,0,0,0,0
2026-07-23T15:18:05+00:00,514,0,2,227,285,0,0,0,0
2026-07-23T15:28:33+00:00,514,0,2,227,285,0,0,0,0
2026-07-23T15:39:02+00:00,514,0,2,227,285,0,0,0,0
2026-07-23T15:49:30+00:00,514,0,2,227,285,0,0,0,0
2026-07-23T15:59:59+00:00,514,0,2,227,285,0,0,0,0
2026-07-23T16:10:27+00:00,514,0,2,227,285,0,0,0,0
2026-07-23T16:20:55+00:00,514,0,2,227,285,0,0,0,0
2026-07-23T16:31:24+00:00,514,0,2,227,285,0,0,0,0
2026-07-23T16:41:52+00:00,514,0,2,227,285,0,0,0,0
2026-07-23T16:52:21+00:00,514,0,2,227,285,0,0,0,0
2026-07-23T17:02:49+00:00,514,0,2,227,285,0,0,0,0
2026-07-23T17:13:17+00:00,514,0,2,227,285,0,0,0,0
2026-07-23T17:23:46+00:00,514,0,2,227,285,0,0,0,0
2026-07-23T17:34:15+00:00,514,0,2,227,285,0,0,0,0
2026-07-23T17:55:23+00:00,514,0,2,227,285,0,0,0,0
2026-07-23T18:05:49+00:00,514,0,2,227,285,0,0,0,0
2026-07-23T18:16:15+00:00,514,0,2,227,285,0,0,0,0
2026-07-23T18:26:41+00:00,514,0,2,227,285,0,0,0,0
2026-07-23T18:37:08+00:00,514,0,2,227,285,0,0,0,0
2026-07-23T18:47:35+00:00,514,0,2,227,285,0,0,0,0
2026-07-23T18:58:02+00:00,514,0,2,227,285,0,0,0,0
2026-07-23T19:08:29+00:00,514,0,2,227,285,0,0,0,0
2026-07-23T19:18:56+00:00,514,0,2,227,285,0,0,0,0
2026-07-23T19:29:23+00:00,514,0,2,227,285,0,0,0,0
2026-07-23T19:39:50+00:00,514,0,2,227,285,0,0,0,0
2026-07-23T19:50:17+00:00,514,0,2,227,285,0,0,0,0
2026-07-23T20:00:44+00:00,514,0,2,227,285,0,0,0,0
2026-07-23T20:11:11+00:00,514,0,2,227,285,0,0,0,0
2026-07-23T20:21:39+00:00,514,0,2,227,285,0,0,0,0
2026-07-23T20:32:06+00:00,514,0,2,227,285,0,0,0,0
2026-07-23T20:42:33+00:00,514,0,2,227,285,0,0,0,0
2026-07-23T20:53:00+00:00,514,0,2,227,285,0,0,0,0
2026-07-23T21:03:27+00:00,514,0,2,227,285,0,0,0,0
2026-07-23T21:13:54+00:00,514,0,2,227,285,0,0,0,0
2026-07-23T21:24:22+00:00,514,0,2,227,285,0,0,0,0
2026-07-23T21:34:49+00:00,514,0,2,227,285,0,0,0,0
2026-07-23T21:45:16+00:00,514,0,2,227,285,0,0,0,0
2026-07-23T21:55:43+00:00,514,0,2,227,285,0,0,0,0
2026-07-23T22:06:10+00:00,514,0,2,227,285,0,0,0,0
2026-07-23T22:16:37+00:00,514,0,2,227,285,0,0,0,0
2026-07-23T22:27:04+00:00,514,0,2,227,285,0,0,0,0
2026-07-23T22:48:17+00:00,514,0,2,227,285,0,0,0,0
2026-07-23T22:58:46+00:00,514,0,2,227,285,0,0,0,0
2026-07-23T23:09:15+00:00,514,0,2,227,285,0,0,0,0
2026-07-23T23:19:43+00:00,514,0,2,227,285,0,0,0,0
2026-07-23T23:30:11+00:00,514,0,2,227,285,0,0,0,0
2026-07-23T23:40:42+00:00,514,0,2,227,285,0,0,0,0
2026-07-23T23:51:10+00:00,514,0,2,227,285,0,0,0,0
2026-07-24T00:01:38+00:00,514,0,2,227,285,0,0,0,0
2026-07-24T00:12:07+00:00,514,0,2,227,285,0,0,0,0
2026-07-24T00:22:35+00:00,514,0,2,227,285,0,0,0,0
2026-07-24T00:33:04+00:00,514,0,2,227,285,0,0,0,0
2026-07-24T00:43:32+00:00,514,0,2,227,285,0,0,0,0
2026-07-24T00:54:00+00:00,514,0,2,227,285,0,0,0,0
2026-07-24T01:04:28+00:00,514,0,2,227,285,0,0,0,0
2026-07-24T01:14:57+00:00,514,0,2,227,285,0,0,0,0
2026-07-24T01:25:25+00:00,514,0,2,227,285,0,0,0,0
2026-07-24T01:35:54+00:00,514,0,2,227,285,0,0,0,0
2026-07-24T01:46:23+00:00,514,0,2,227,285,0,0,0,0
2026-07-24T01:56:51+00:00,514,0,2,227,285,0,0,0,0
2026-07-24T02:07:19+00:00,514,0,2,227,285,0,0,0,0
2026-07-24T02:17:48+00:00,514,0,2,227,285,0,0,0,0
2026-07-24T02:28:16+00:00,514,0,2,227,285,0,0,0,0
2026-07-24T02:38:44+00:00,514,0,2,227,285,0,0,0,0
2026-07-24T02:49:13+00:00,514,0,2,227,285,0,0,0,0
2026-07-24T02:59:41+00:00,514,0,2,227,285,0,0,0,0
2026-07-24T03:10:09+00:00,514,0,2,227,285,0,0,0,0
2026-07-24T03:20:38+00:00,514,0,2,227,285,0,0,0,0
2026-07-24T03:41:48+00:00,514,0,2,227,285,0,0,0,0
2026-07-24T03:52:15+00:00,514,0,2,227,285,0,0,0,0
2026-07-24T04:02:41+00:00,514,0,2,227,285,0,0,0,0
2026-07-24T04:13:09+00:00,514,0,2,227,285,0,0,0,0
2026-07-24T04:23:37+00:00,514,0,2,227,285,0,0,0,0
2026-07-24T04:34:04+00:00,514,0,2,227,285,0,0,0,0
2026-07-24T04:44:30+00:00,514,0,2,227,285,0,0,0,0
2026-07-24T04:54:57+00:00,514,0,2,227,285,0,0,0,0
2026-07-24T05:01:18+00:00,514,0,2,227,285,0,0,0,0
2026-07-24T05:11:47+00:00,514,0,2,227,285,0,0,0,0
2026-07-24T05:22:16+00:00,514,0,2,227,285,0,0,0,0
2026-07-24T05:32:44+00:00,514,0,2,227,285,0,0,0,0
2026-07-24T05:43:13+00:00,514,0,2,227,285,0,0,0,0
2026-07-24T05:53:42+00:00,514,0,2,227,285,0,0,0,0
2026-07-24T06:04:11+00:00,514,0,2,227,285,0,0,0,0
2026-07-24T06:14:39+00:00,514,0,2,227,285,0,0,0,0
2026-07-24T06:25:09+00:00,514,0,2,227,285,0,0,0,0
2026-07-24T06:35:37+00:00,514,0,2,227,285,0,0,0,0
2026-07-24T06:46:07+00:00,514,0,2,227,285,0,0,0,0
2026-07-24T06:56:35+00:00,514,0,2,227,285,0,0,0,0
2026-07-24T07:07:05+00:00,514,0,2,227,285,0,0,0,0
2026-07-24T07:17:33+00:00,514,0,2,227,285,0,0,0,0
2026-07-24T07:28:01+00:00,514,0,2,227,285,0,0,0,0
2026-07-24T07:38:31+00:00,514,0,2,227,285,0,0,0,0
2026-07-24T07:49:00+00:00,514,0,2,227,285,0,0,0,0
2026-07-24T07:59:29+00:00,514,0,2,227,285,0,0,0,0
2026-07-24T08:09:58+00:00,514,0,1,228,285,0,0,0,1
2026-07-24T08:20:27+00:00,514,0,1,228,285,0,0,0,0
2026-07-24T08:30:57+00:00,514,0,1,228,285,0,0,0,0
2026-07-24T08:41:26+00:00,514,0,1,228,285,0,0,0,0
2026-07-24T08:51:54+00:00,514,0,1,228,285,0,0,0,0
2026-07-24T09:02:23+00:00,514,0,1,228,285,0,0,0,0
2026-07-24T09:12:51+00:00,514,0,1,228,285,0,0,0,0
2026-07-24T09:23:20+00:00,514,0,1,228,285,0,0,0,0
2026-07-24T09:33:48+00:00,514,0,1,228,285,0,0,0,0
2026-07-24T09:44:17+00:00,514,0,1,228,285,0,0,0,0
2026-07-24T10:05:38+00:00,515,0,1,229,285,0,0,0,1
2026-07-24T10:16:10+00:00,516,0,1,230,285,0,0,0,1
2026-07-24T10:26:42+00:00,516,0,1,230,285,0,0,0,0
2026-07-24T10:37:15+00:00,516,0,1,230,285,0,0,0,0
2026-07-24T10:47:48+00:00,516,0,1,230,285,0,0,0,0
2026-07-24T10:58:20+00:00,516,0,1,230,285,0,0,0,0
2026-07-24T11:08:53+00:00,516,0,1,230,285,0,0,0,0
2026-07-24T11:19:24+00:00,516,0,1,230,285,0,0,0,0
2026-07-24T11:29:55+00:00,516,0,1,230,285,0,0,0,0
2026-07-24T11:40:27+00:00,516,0,1,230,285,0,0,0,0
2026-07-24T11:50:58+00:00,516,0,1,230,285,0,0,0,0
2026-07-24T12:01:30+00:00,516,0,1,230,285,0,0,0,0
2026-07-24T12:12:01+00:00,516,0,1,230,285,0,1,0,1
2026-07-24T12:22:33+00:00,516,0,1,230,285,0,1,0,0
2026-07-24T12:33:05+00:00,516,0,1,230,285,0,1,0,0
2026-07-24T12:43:36+00:00,516,0,1,230,285,0,1,0,0
2026-07-24T12:54:09+00:00,516,0,1,230,285,0,1,0,0
2026-07-24T13:04:42+00:00,516,0,1,230,285,0,1,0,0
2026-07-24T13:15:15+00:00,516,0,1,230,285,0,1,0,0
2026-07-24T13:25:48+00:00,516,0,1,230,285,0,1,0,0
2026-07-24T13:36:20+00:00,516,0,1,230,285,0,1,0,0
2026-07-24T13:46:54+00:00,516,0,1,230,285,0,0,0,1
2026-07-24T13:57:27+00:00,516,0,1,230,285,0,0,0,0
2026-07-24T14:07:59+00:00,516,0,1,230,285,0,0,0,0
2026-07-24T14:18:37+00:00,516,0,1,230,285,0,0,0,0
2026-07-24T14:29:09+00:00,516,0,1,230,285,0,0,0,0
2026-07-24T14:39:40+00:00,516,0,1,230,285,0,0,0,0
2026-07-24T15:01:00+00:00,516,0,1,230,285,0,0,0,0
2026-07-24T15:11:31+00:00,516,0,1,230,285,0,0,0,0
2026-07-24T15:22:00+00:00,516,0,1,230,285,0,0,0,0
2026-07-24T15:32:31+00:00,516,0,1,230,285,0,0,0,0
2026-07-24T15:43:03+00:00,516,0,1,230,285,0,0,0,0
2026-07-24T15:53:33+00:00,516,0,1,230,285,0,0,0,0
2026-07-24T16:04:04+00:00,516,0,1,230,285,0,0,0,0
2026-07-24T16:14:34+00:00,516,0,1,230,285,0,0,0,0
2026-07-24T16:25:07+00:00,516,0,1,230,285,0,0,0,0
2026-07-24T16:35:39+00:00,516,0,1,230,285,0,0,0,0
2026-07-24T16:46:10+00:00,516,0,1,230,285,0,0,0,0
2026-07-24T16:56:41+00:00,516,0,1,230,285,0,0,0,0
2026-07-24T17:07:11+00:00,516,0,1,230,285,0,0,0,0
2026-07-24T17:17:42+00:00,516,0,1,230,285,0,0,0,0
2026-07-24T17:28:13+00:00,516,0,1,230,285,0,0,0,0
2026-07-24T17:38:44+00:00,516,0,1,230,285,0,0,0,0
2026-07-24T17:49:14+00:00,516,0,1,230,285,0,0,0,0
2026-07-24T17:59:45+00:00,516,0,1,230,285,0,0,0,0
2026-07-24T18:10:17+00:00,516,0,1,230,285,0,0,0,0
2026-07-24T18:20:47+00:00,516,0,1,230,285,0,0,0,0
2026-07-24T18:31:18+00:00,516,0,1,230,285,0,0,0,0
2026-07-24T18:41:49+00:00,516,0,1,230,285,0,0,0,0
2026-07-24T18:52:19+00:00,516,0,1,230,285,0,0,0,0
2026-07-24T19:02:49+00:00,516,0,1,230,285,0,0,0,0
2026-07-24T19:13:19+00:00,516,0,1,230,285,0,0,0,0
2026-07-24T19:23:49+00:00,516,0,1,230,285,0,0,0,0
2026-07-24T19:34:20+00:00,516,0,1,230,285,0,0,0,0
2026-07-24T19:55:34+00:00,516,0,1,230,285,0,0,0,0
2026-07-24T20:06:05+00:00,516,0,1,230,285,0,0,0,0
2026-07-24T20:16:35+00:00,516,0,1,230,285,0,0,0,0
2026-07-24T20:27:05+00:00,516,0,1,230,285,0,0,0,0
2026-07-24T20:37:35+00:00,516,0,1,230,285,0,0,0,0
2026-07-24T20:48:05+00:00,516,0,1,230,285,0,0,0,0
2026-07-24T20:58:36+00:00,516,0,1,230,285,0,0,0,0
2026-07-24T21:09:06+00:00,516,0,1,230,285,0,0,0,0
2026-07-24T21:19:36+00:00,516,0,1,230,285,0,0,0,0
2026-07-24T21:30:06+00:00,516,0,1,230,285,0,0,0,0
2026-07-24T21:40:37+00:00,516,0,1,230,285,0,0,0,0
2026-07-24T21:51:08+00:00,516,0,1,230,285,0,0,0,0
2026-07-24T22:01:38+00:00,516,0,1,230,285,0,0,0,0
2026-07-24T22:12:09+00:00,516,0,1,230,285,0,0,0,0
2026-07-24T22:22:39+00:00,516,0,1,230,285,0,0,0,0
2026-07-24T22:33:09+00:00,516,0,1,230,285,0,0,0,0
2026-07-24T22:43:39+00:00,516,0,1,230,285,0,0,0,0
2026-07-24T22:54:10+00:00,516,0,1,230,285,0,0,0,0
2026-07-24T23:04:40+00:00,516,0,1,230,285,0,0,0,0
2026-07-24T23:15:11+00:00,516,0,1,230,285,0,0,0,0
2026-07-24T23:25:41+00:00,516,0,1,230,285,0,0,0,0
2026-07-24T23:36:12+00:00,516,0,1,230,285,0,0,0,0
2026-07-24T23:46:47+00:00,516,0,1,230,285,0,0,0,0
2026-07-24T23:57:17+00:00,516,0,1,230,285,0,0,0,0
2026-07-25T00:07:48+00:00,516,0,1,230,285,0,0,0,0
2026-07-25T00:18:18+00:00,516,0,1,230,285,0,0,0,0
2026-07-25T00:28:49+00:00,516,0,1,230,285,0,0,0,0
2026-07-25T00:50:05+00:00,516,0,1,230,285,0,0,0,0
2026-07-25T01:00:35+00:00,516,0,1,230,285,0,0,0,0
2026-07-25T01:11:06+00:00,516,0,1,230,285,0,0,0,0
2026-07-25T01:21:37+00:00,516,0,1,230,285,0,0,0,0
2026-07-25T01:32:08+00:00,516,0,1,230,285,0,0,0,0
2026-07-25T01:42:39+00:00,516,0,1,230,285,0,0,0,0
2026-07-25T01:53:10+00:00,516,0,1,230,285,0,0,0,0
2026-07-25T02:03:41+00:00,516,0,1,230,285,0,0,0,0
2026-07-25T02:14:12+00:00,516,0,1,230,285,0,0,0,0
2026-07-25T02:24:43+00:00,516,0,1,230,285,0,0,0,0
2026-07-25T02:35:15+00:00,516,0,1,230,285,0,0,0,0
2026-07-25T02:45:49+00:00,516,0,1,230,285,0,0,0,0
2026-07-25T02:56:21+00:00,516,0,1,230,285,0,0,0,0
2026-07-25T03:06:52+00:00,516,0,1,230,285,0,0,0,0
2026-07-25T03:17:23+00:00,516,0,1,230,285,0,0,0,0
2026-07-25T03:27:55+00:00,516,0,1,230,285,0,0,0,0
2026-07-25T03:38:26+00:00,516,0,1,230,285,0,0,0,0
2026-07-25T03:48:57+00:00,516,0,1,230,285,0,0,0,0
2026-07-25T03:59:28+00:00,516,0,1,230,285,0,0,0,0
2026-07-25T04:10:00+00:00,516,0,0,231,285,0,0,0,1
2026-07-25T04:20:31+00:00,516,0,0,231,285,0,0,0,0
2026-07-25T04:31:01+00:00,516,0,0,231,285,0,0,0,0
2026-07-25T04:41:32+00:00,516,0,0,231,285,0,0,0,0
2026-07-25T04:52:03+00:00,516,0,0,231,285,0,0,0,0
2026-07-25T05:02:34+00:00,516,0,0,231,285,0,0,0,0
2026-07-25T05:13:05+00:00,516,0,0,231,285,0,0,0,0
2026-07-25T05:23:36+00:00,516,0,0,231,285,0,0,0,0
2026-07-25T05:44:57+00:00,516,0,0,231,285,0,0,0,0
2026-07-25T05:55:28+00:00,516,0,0,231,285,0,0,0,0
2026-07-25T06:05:59+00:00,516,0,0,231,285,0,0,0,0
2026-07-25T06:16:30+00:00,516,0,0,231,285,0,0,0,0
2026-07-25T06:27:01+00:00,516,0,0,231,285,0,0,0,0
2026-07-25T06:37:32+00:00,516,0,0,231,285,0,0,0,0
2026-07-25T06:48:03+00:00,516,0,0,231,285,0,0,0,0
2026-07-25T06:58:34+00:00,516,0,0,231,285,0,0,0,0
2026-07-25T07:09:05+00:00,516,0,0,231,285,0,0,0,0
2026-07-25T07:19:36+00:00,516,0,0,231,285,0,0,0,0
2026-07-25T07:30:07+00:00,516,0,0,231,285,0,0,0,0
2026-07-25T07:40:38+00:00,516,0,0,231,285,0,0,0,0
2026-07-25T07:51:10+00:00,516,0,0,231,285,0,0,0,0
2026-07-25T08:01:42+00:00,516,0,0,231,285,0,0,0,0
2026-07-25T08:12:15+00:00,516,0,0,231,285,0,0,0,0
2026-07-25T08:22:47+00:00,516,0,0,231,285,0,0,0,0
2026-07-25T08:33:20+00:00,516,0,0,231,285,0,0,0,0
2026-07-25T08:43:52+00:00,516,0,0,231,285,0,0,0,0
2026-07-25T08:54:25+00:00,516,0,0,231,285,0,0,0,0
2026-07-25T09:04:57+00:00,516,0,0,231,285,0,0,0,0
2026-07-25T09:15:30+00:00,516,0,0,231,285,0,0,0,0
2026-07-25T09:26:03+00:00,516,0,0,231,285,0,0,0,0
2026-07-25T09:36:35+00:00,516,0,0,231,285,0,0,0,0
2026-07-25T09:47:07+00:00,516,0,0,231,285,0,0,0,0
2026-07-25T09:57:40+00:00,516,0,0,231,285,0,0,0,0
2026-07-25T10:08:13+00:00,516,0,0,231,285,0,0,0,0
2026-07-25T10:18:45+00:00,516,0,0,231,285,0,0,0,0
2026-07-25T10:40:06+00:00,516,0,0,231,285,0,0,0,0
2026-07-25T10:50:38+00:00,516,0,0,231,285,0,0,0,0
2026-07-25T11:01:13+00:00,516,0,0,231,285,0,0,0,0
2026-07-25T11:11:47+00:00,516,0,0,231,285,0,0,0,0
2026-07-25T11:22:20+00:00,516,0,0,231,285,0,0,0,0
2026-07-25T11:32:53+00:00,516,0,0,231,285,0,0,0,0
2026-07-25T11:43:26+00:00,516,0,0,231,285,0,0,0,0
2026-07-25T11:53:59+00:00,516,0,0,231,285,0,0,0,0
2026-07-25T12:04:33+00:00,516,0,0,231,285,0,0,0,0
2026-07-25T12:15:06+00:00,516,0,0,231,285,0,0,0,0
2026-07-25T12:25:38+00:00,516,0,0,231,285,0,0,0,0
2026-07-25T12:36:12+00:00,516,0,0,231,285,0,0,0,0
2026-07-25T12:46:48+00:00,516,0,0,231,285,0,0,0,0
2026-07-25T12:57:21+00:00,516,0,0,231,285,0,0,0,0
2026-07-25T13:07:55+00:00,516,0,0,231,285,0,0,0,0
2026-07-25T13:18:28+00:00,516,0,0,231,285,0,0,0,0
2026-07-25T13:29:02+00:00,516,0,0,231,285,0,0,0,0
2026-07-25T13:39:35+00:00,516,0,0,231,285,0,0,0,0
2026-07-25T13:50:08+00:00,516,0,0,231,285,0,0,0,0
2026-07-25T14:00:43+00:00,516,0,0,231,285,0,0,0,0
2026-07-25T14:11:16+00:00,516,0,0,231,285,0,0,0,0
2026-07-25T14:21:48+00:00,516,0,0,231,285,0,0,0,0
2026-07-25T14:32:21+00:00,516,0,0,231,285,0,0,0,0
2026-07-25T14:42:54+00:00,516,0,0,231,285,0,0,0,0
2026-07-25T14:53:29+00:00,516,0,0,231,285,0,0,0,0
2026-07-25T15:04:03+00:00,516,0,0,231,285,0,0,0,0
2026-07-25T15:14:37+00:00,516,0,0,231,285,0,0,0,0
2026-07-25T15:35:51+00:00,516,0,0,231,285,0,0,0,0
2026-07-25T15:46:28+00:00,516,0,0,231,285,0,0,0,0
2026-07-25T15:56:54+00:00,516,0,0,231,285,0,0,0,0
2026-07-25T16:07:19+00:00,516,0,0,231,285,0,0,0,0
2026-07-25T16:17:45+00:00,516,0,0,231,285,0,0,0,0
2026-07-25T16:28:12+00:00,516,0,0,231,285,0,0,0,0
2026-07-25T16:38:37+00:00,516,0,0,231,285,0,0,0,0
2026-07-25T16:49:02+00:00,516,0,0,231,285,0,0,0,0
2026-07-25T16:59:28+00:00,516,0,0,231,285,0,0,0,0
2026-07-25T17:09:54+00:00,516,0,0,231,285,0,0,0,0
2026-07-25T17:20:19+00:00,516,0,0,231,285,0,0,0,0
2026-07-25T17:30:48+00:00,516,0,0,231,285,0,0,0,0
2026-07-25T17:41:13+00:00,516,0,0,231,285,0,0,0,0
2026-07-25T17:51:40+00:00,516,0,0,231,285,0,0,0,0
2026-07-25T18:02:06+00:00,516,0,0,231,285,0,0,0,0
2026-07-25T18:12:35+00:00,516,0,0,231,285,0,0,0,0
2026-07-25T18:23:01+00:00,516,0,0,231,285,0,0,0,0
2026-07-25T18:33:27+00:00,516,0,0,231,285,0,0,0,0
2026-07-25T18:43:53+00:00,516,0,0,231,285,0,0,0,0
2026-07-25T18:54:17+00:00,516,0,0,231,285,0,0,0,0
2026-07-25T19:04:42+00:00,516,0,0,231,285,0,0,0,0
2026-07-25T19:15:08+00:00,516,0,0,231,285,0,0,0,0
2026-07-25T19:25:33+00:00,516,0,0,231,285,0,0,0,0
2026-07-25T19:35:59+00:00,516,0,0,231,285,0,0,0,0
2026-07-25T19:46:25+00:00,516,0,0,231,285,0,0,0,0
2026-07-25T19:56:52+00:00,516,0,0,231,285,0,0,0,0
2026-07-25T20:07:17+00:00,516,0,0,231,285,0,0,0,0
2026-07-25T20:28:42+00:00,516,0,0,231,285,0,0,0,0
2026-07-25T20:39:16+00:00,516,0,0,231,285,0,0,0,0
2026-07-25T20:49:50+00:00,516,0,0,231,285,0,0,0,0
2026-07-25T21:00:24+00:00,516,0,0,231,285,0,0,0,0
2026-07-25T21:10:59+00:00,516,0,0,231,285,0,0,0,0
2026-07-25T21:21:33+00:00,516,0,0,231,285,0,0,0,0
2026-07-25T21:32:07+00:00,516,0,0,231,285,0,0,0,0
2026-07-25T21:42:43+00:00,516,0,0,231,285,0,0,0,0
2026-07-25T21:53:17+00:00,516,0,0,231,285,0,0,0,0
2026-07-25T22:03:51+00:00,516,0,0,231,285,0,0,0,0
2026-07-25T22:14:25+00:00,516,0,0,231,285,0,0,0,0
2026-07-25T22:24:58+00:00,516,0,0,231,285,0,0,0,0
2026-07-25T22:35:32+00:00,516,0,0,231,285,0,0,0,0
2026-07-25T22:46:07+00:00,516,0,0,231,285,0,0,0,0
2026-07-25T22:56:41+00:00,516,0,0,231,285,0,0,0,0
2026-07-25T23:07:16+00:00,516,0,0,231,285,0,0,0,0
2026-07-25T23:17:50+00:00,516,0,0,231,285,0,0,0,0
2026-07-25T23:28:24+00:00,516,0,0,231,285,0,0,0,0
2026-07-25T23:38:59+00:00,516,0,0,231,285,0,0,0,0
2026-07-25T23:49:33+00:00,516,0,0,231,285,0,0,0,0
2026-07-26T00:00:07+00:00,516,0,0,231,285,0,0,0,0
2026-07-26T00:10:41+00:00,516,0,0,231,285,0,0,0,0
2026-07-26T00:21:15+00:00,516,0,0,231,285,0,0,0,0
2026-07-26T00:31:50+00:00,516,0,0,231,285,0,0,0,0
2026-07-26T00:42:24+00:00,516,0,0,231,285,0,0,0,0
2026-07-26T00:52:59+00:00,516,0,0,231,285,0,0,0,0
2026-07-26T01:03:35+00:00,516,0,0,231,285,0,0,0,0
2026-07-26T01:25:05+00:00,516,0,0,231,285,0,0,0,0
2026-07-26T01:35:39+00:00,516,0,0,231,285,0,0,0,0
2026-07-26T01:46:14+00:00,516,0,0,231,285,0,0,0,0
2026-07-26T01:56:49+00:00,516,0,0,231,285,0,0,0,0
2026-07-26T02:07:23+00:00,516,0,0,231,285,0,0,0,0
2026-07-26T02:17:58+00:00,516,0,0,231,285,0,0,0,0
2026-07-26T02:28:33+00:00,516,0,0,231,285,0,0,0,0
2026-07-26T02:39:08+00:00,516,0,0,231,285,0,0,0,0
2026-07-26T02:49:42+00:00,516,0,0,231,285,0,0,0,0
2026-07-26T03:00:17+00:00,516,0,0,231,285,0,0,0,0
2026-07-26T03:10:52+00:00,516,0,0,231,285,0,0,0,0
2026-07-26T03:21:27+00:00,516,0,0,231,285,0,0,0,0
2026-07-26T03:32:02+00:00,516,0,0,231,285,0,0,0,0
2026-07-26T03:42:37+00:00,516,0,0,231,285,0,0,0,0
2026-07-26T03:53:12+00:00,516,0,0,231,285,0,0,0,0
2026-07-26T04:03:48+00:00,516,0,0,231,285,0,0,0,0
2026-07-26T04:14:22+00:00,516,0,0,231,285,0,0,0,0
2026-07-26T04:24:58+00:00,516,0,0,231,285,0,0,0,0
2026-07-26T04:35:32+00:00,516,0,0,231,285,0,0,0,0
2026-07-26T04:46:07+00:00,516,0,0,231,285,0,0,0,0
2026-07-26T04:56:42+00:00,516,0,0,231,285,0,0,0,0
2026-07-26T05:07:18+00:00,516,0,0,231,285,0,0,0,0
2026-07-26T05:17:53+00:00,516,0,0,231,285,0,0,0,0
2026-07-26T05:28:28+00:00,516,0,0,231,285,0,0,0,0
2026-07-26T05:39:03+00:00,516,0,0,231,285,0,0,0,0
2026-07-26T05:49:39+00:00,516,0,0,231,285,0,0,0,0
2026-07-26T06:00:13+00:00,516,0,0,231,285,0,0,0,0
2026-07-26T06:21:55+00:00,516,0,0,231,285,0,0,0,0
2026-07-26T06:32:30+00:00,516,0,0,231,285,0,0,0,0
2026-07-26T06:43:06+00:00,516,0,0,231,285,0,0,0,0
2026-07-26T06:53:41+00:00,516,0,0,231,285,0,0,0,0
2026-07-26T07:04:16+00:00,516,0,0,231,285,0,0,0,0
2026-07-26T07:14:51+00:00,516,0,0,231,285,0,0,0,0
2026-07-26T07:25:27+00:00,516,0,0,231,285,0,0,0,0
2026-07-26T07:36:02+00:00,516,0,0,231,285,0,0,0,0
2026-07-26T07:46:37+00:00,516,0,0,231,285,0,0,0,0
2026-07-26T07:57:12+00:00,516,0,0,231,285,0,0,0,0
2026-07-26T08:07:47+00:00,516,0,0,231,285,0,0,0,0
2026-07-26T08:18:25+00:00,516,0,0,231,285,0,0,0,0
2026-07-26T08:29:00+00:00,516,0,0,231,285,0,0,0,0
2026-07-26T08:39:39+00:00,516,0,0,231,285,0,0,0,0
2026-07-26T08:50:14+00:00,516,0,0,231,285,0,0,0,0
2026-07-26T09:00:48+00:00,516,0,0,231,285,0,0,0,0
2026-07-26T09:11:24+00:00,516,0,0,231,285,0,0,0,0
2026-07-26T09:21:59+00:00,516,0,0,231,285,0,0,0,0
2026-07-26T09:32:34+00:00,516,0,0,231,285,0,0,0,0
2026-07-26T09:43:08+00:00,516,0,0,231,285,0,0,0,0
2026-07-26T09:53:43+00:00,516,0,0,231,285,0,0,0,0
2026-07-26T10:04:19+00:00,516,0,0,231,285,0,0,0,0
2026-07-26T10:14:53+00:00,516,0,0,231,285,0,0,0,0
2026-07-26T10:25:29+00:00,516,0,0,231,285,0,0,0,0
2026-07-26T10:36:04+00:00,516,0,0,231,285,0,0,0,0
2026-07-26T10:46:39+00:00,516,0,0,231,285,0,0,0,0
2026-07-26T10:57:15+00:00,516,0,0,231,285,0,0,0,0
2026-07-26T11:18:42+00:00,516,0,0,231,285,0,0,0,0
2026-07-26T11:29:18+00:00,516,0,0,231,285,0,0,0,0
2026-07-26T11:39:55+00:00,516,0,0,231,285,0,0,0,0
2026-07-26T11:50:30+00:00,516,0,0,231,285,0,0,0,0
2026-07-26T12:01:06+00:00,516,0,0,231,285,0,0,0,0
2026-07-26T12:11:41+00:00,516,0,0,231,285,0,0,0,0
2026-07-26T12:22:17+00:00,516,0,0,231,285,0,0,0,0
2026-07-26T12:32:52+00:00,516,0,0,231,285,0,0,0,0
2026-07-26T12:43:27+00:00,516,0,0,231,285,0,0,0,0
2026-07-26T12:54:04+00:00,516,0,0,231,285,0,0,0,0
2026-07-26T13:04:39+00:00,516,0,0,231,285,0,0,0,0
2026-07-26T13:15:15+00:00,516,0,0,231,285,0,0,0,0
2026-07-26T13:25:51+00:00,516,0,0,231,285,0,0,0,0
2026-07-26T13:36:26+00:00,516,0,0,231,285,0,0,0,0
2026-07-26T13:47:02+00:00,516,0,0,231,285,0,0,0,0
2026-07-26T13:57:37+00:00,516,0,0,231,285,0,0,0,0
2026-07-26T14:08:14+00:00,516,0,0,231,285,0,0,0,0
2026-07-26T14:18:50+00:00,516,0,0,231,285,0,0,0,0
2026-07-26T14:29:26+00:00,516,0,0,231,285,0,0,0,0
2026-07-26T14:40:03+00:00,516,0,0,231,285,0,0,0,0
2026-07-26T14:50:38+00:00,516,0,0,231,285,0,1,0,1
2026-07-26T15:01:14+00:00,516,0,0,231,285,0,1,0,0
2026-07-26T15:11:50+00:00,516,0,0,231,285,0,1,0,0
2026-07-26T15:22:26+00:00,516,0,0,231,285,0,1,0,0
2026-07-26T15:33:03+00:00,516,0,0,231,285,0,1,0,0
2026-07-26T15:43:38+00:00,516,0,0,231,285,0,1,0,0
2026-07-26T15:54:15+00:00,516,0,0,231,285,0,1,0,0
2026-07-26T16:15:43+00:00,516,0,1,230,285,0,0,1,3
2026-07-26T16:26:20+00:00,516,0,1,230,285,0,0,1,0
2026-07-26T16:36:56+00:00,516,0,1,230,285,0,0,1,0
2026-07-26T16:47:32+00:00,516,0,1,230,285,0,0,1,0
2026-07-26T16:58:09+00:00,516,0,1,230,285,0,0,1,0
2026-07-26T17:08:45+00:00,516,0,1,230,285,0,0,1,0
2026-07-26T17:19:21+00:00,516,0,1,230,285,0,0,1,0
2026-07-26T17:29:58+00:00,516,0,1,230,285,0,0,1,0
2026-07-26T17:40:35+00:00,516,0,1,230,285,0,0,1,0
2026-07-26T17:51:13+00:00,516,0,1,230,285,0,0,1,0
2026-07-26T18:01:50+00:00,516,0,1,230,285,0,0,0,1
2026-07-26T18:12:27+00:00,516,0,1,230,285,0,0,0,0
2026-07-26T18:23:04+00:00,516,0,1,230,285,0,0,0,0
2026-07-26T18:33:42+00:00,516,0,1,230,285,0,0,0,0
2026-07-26T18:44:19+00:00,516,0,1,230,285,0,0,0,0
2026-07-26T18:54:55+00:00,516,0,1,230,285,0,0,0,0
2026-07-26T19:05:31+00:00,516,0,1,230,285,0,0,0,0
2026-07-26T19:16:07+00:00,516,0,1,230,285,0,0,0,0
2026-07-26T19:26:43+00:00,516,0,1,230,285,0,0,0,0
2026-07-26T19:37:21+00:00,516,0,1,230,285,0,0,0,0
2026-07-26T19:47:58+00:00,516,0,1,230,285,0,0,0,0
2026-07-26T19:58:34+00:00,516,0,1,230,285,0,0,0,0
2026-07-26T20:09:12+00:00,516,0,1,230,285,0,0,0,0
2026-07-26T20:19:50+00:00,516,0,1,230,285,0,0,0,0
2026-07-26T20:30:26+00:00,516,0,1,230,285,0,0,0,0
2026-07-26T20:41:02+00:00,516,0,1,230,285,0,0,0,0
2026-07-26T20:51:39+00:00,516,0,1,230,285,0,0,0,0
2026-07-26T21:13:11+00:00,516,0,1,230,285,0,0,0,0
2026-07-26T21:23:47+00:00,516,0,1,230,285,0,0,0,0
2026-07-26T21:34:25+00:00,516,0,1,230,285,0,0,0,0
2026-07-26T21:45:02+00:00,516,0,1,230,285,0,0,0,0
2026-07-26T21:55:39+00:00,516,0,1,230,285,0,0,0,0
2026-07-26T22:06:16+00:00,516,0,1,230,285,0,0,0,0
2026-07-26T22:16:53+00:00,516,0,1,230,285,0,0,0,0
2026-07-26T22:27:30+00:00,516,0,1,230,285,0,0,0,0
2026-07-26T22:38:07+00:00,516,0,1,230,285,0,0,0,0
2026-07-26T22:48:44+00:00,516,0,1,230,285,0,0,0,0
2026-07-26T22:59:22+00:00,516,0,1,230,285,0,0,0,0
2026-07-26T23:09:59+00:00,516,0,1,230,285,0,0,0,0
2026-07-26T23:20:36+00:00,516,0,1,230,285,0,0,0,0
2026-07-26T23:31:13+00:00,516,0,1,230,285,0,0,0,0
2026-07-26T23:41:50+00:00,516,0,1,230,285,0,0,0,0
2026-07-26T23:52:28+00:00,516,0,1,230,285,0,0,0,0
2026-07-27T00:03:05+00:00,516,0,1,230,285,0,0,0,0
2026-07-27T00:13:42+00:00,516,0,1,230,285,0,0,0,0
2026-07-27T00:24:20+00:00,516,0,1,230,285,0,0,0,0
2026-07-27T00:34:58+00:00,516,0,1,230,285,0,0,0,0
2026-07-27T00:45:35+00:00,516,0,1,230,285,0,0,0,0
2026-07-27T00:56:13+00:00,516,0,1,230,285,0,0,0,0
2026-07-27T01:06:55+00:00,516,0,1,230,285,0,0,0,0
2026-07-27T01:17:33+00:00,516,0,1,230,285,0,0,0,0
2026-07-27T01:28:10+00:00,516,0,1,230,285,0,0,0,0
2026-07-27T01:38:47+00:00,516,0,1,230,285,0,0,0,0
2026-07-27T01:49:25+00:00,516,0,1,230,285,0,0,0,0
2026-07-27T02:11:02+00:00,516,0,1,230,285,0,0,0,0
2026-07-27T02:21:40+00:00,516,0,1,230,285,0,0,0,0
2026-07-27T02:32:17+00:00,516,0,1,230,285,0,0,0,0
2026-07-27T02:42:57+00:00,516,0,1,230,285,0,0,0,0
2026-07-27T02:53:35+00:00,516,0,1,230,285,0,0,0,0
2026-07-27T03:04:13+00:00,516,0,1,230,285,0,0,0,0
2026-07-27T03:14:52+00:00,516,0,1,230,285,0,0,0,0
2026-07-27T03:25:30+00:00,516,0,1,230,285,0,0,0,0
2026-07-27T03:36:08+00:00,516,0,1,230,285,0,0,0,0
2026-07-27T03:46:46+00:00,516,0,1,230,285,0,0,0,0
2026-07-27T03:57:24+00:00,516,0,1,230,285,0,0,0,0
2026-07-27T04:08:02+00:00,516,0,1,230,285,0,0,0,0
2026-07-27T04:18:41+00:00,516,0,1,230,285,0,0,0,0
2026-07-27T04:29:23+00:00,516,0,1,230,285,0,0,0,0
2026-07-27T04:40:02+00:00,516,0,1,230,285,0,0,0,0
2026-07-27T04:50:40+00:00,516,0,1,230,285,0,0,0,0
2026-07-27T05:01:18+00:00,516,0,1,230,285,0,0,0,0
2026-07-27T05:11:57+00:00,516,0,1,230,285,0,0,0,0
2026-07-27T05:22:36+00:00,516,0,1,230,285,0,0,0,0
2026-07-27T05:33:14+00:00,517,0,1,230,286,0,0,0,1
2026-07-27T05:43:53+00:00,517,0,1,230,286,0,0,0,0
2026-07-27T05:54:32+00:00,517,0,1,230,286,0,0,0,0
2026-07-27T06:05:10+00:00,517,0,1,230,286,0,0,0,0
2026-07-27T06:15:49+00:00,517,0,1,230,286,0,0,0,0
2026-07-27T06:26:27+00:00,517,0,1,230,286,0,0,0,0
2026-07-27T06:37:06+00:00,517,0,1,230,286,0,0,0,0
2026-07-27T06:47:45+00:00,517,0,1,230,286,0,0,0,0
2026-07-27T07:09:11+00:00,517,0,1,230,286,0,0,0,0
2026-07-27T07:19:45+00:00,517,0,1,230,286,0,0,0,0
2026-07-27T07:30:19+00:00,517,0,1,230,286,0,0,0,0
2026-07-27T07:40:57+00:00,517,0,1,230,286,0,0,0,0
2026-07-27T07:51:30+00:00,517,0,1,230,286,0,0,0,0
2026-07-27T08:02:04+00:00,517,0,0,231,286,0,0,0,1
2026-07-27T08:12:37+00:00,517,0,0,231,286,0,0,0,0
2026-07-27T08:23:11+00:00,517,0,0,231,286,0,0,0,0
2026-07-27T08:33:44+00:00,517,0,0,231,286,0,0,0,0
2026-07-27T08:44:18+00:00,517,0,0,231,286,0,0,0,0
2026-07-27T08:54:52+00:00,517,0,0,231,286,0,0,0,0
2026-07-27T09:05:25+00:00,518,0,0,231,287,0,0,0,1
2026-07-27T09:15:58+00:00,519,0,0,231,288,0,0,0,1
2026-07-27T09:26:32+00:00,519,0,0,231,288,0,0,0,0
2026-07-27T09:37:06+00:00,520,0,0,231,289,0,0,0,1
2026-07-27T09:47:39+00:00,520,0,0,231,289,0,0,0,0
2026-07-27T09:58:13+00:00,520,0,0,231,289,0,0,0,0
2026-07-27T10:08:47+00:00,521,0,0,231,290,0,0,0,1
2026-07-27T10:19:20+00:00,522,0,0,231,291,0,0,0,1
2026-07-27T10:29:54+00:00,522,0,0,231,291,0,0,0,0
2026-07-27T10:40:28+00:00,523,0,0,231,292,0,0,0,1
2026-07-27T10:51:02+00:00,524,0,0,231,293,0,0,0,1
2026-07-27T11:01:36+00:00,524,0,0,231,293,0,0,0,0
2026-07-27T11:12:09+00:00,524,0,0,231,293,0,0,0,0
2026-07-27T11:22:43+00:00,524,0,0,231,293,0,0,0,0
2026-07-27T11:33:17+00:00,526,0,0,233,293,0,1,0,2
2026-07-27T11:43:55+00:00,526,0,0,233,293,0,0,0,1
2026-07-27T12:05:22+00:00,526,0,0,233,293,0,0,0,0
2026-07-27T12:15:58+00:00,526,0,0,233,293,0,0,0,0
2026-07-27T12:26:35+00:00,526,0,0,233,293,0,0,0,0
2026-07-27T12:37:10+00:00,526,0,0,233,293,0,0,0,0
2026-07-27T12:47:44+00:00,526,0,0,233,293,0,0,0,0
2026-07-27T12:58:21+00:00,526,0,0,233,293,0,0,0,0
2026-07-27T13:08:56+00:00,526,0,0,233,293,0,0,0,0
2026-07-27T13:19:33+00:00,526,0,0,233,293,0,0,0,0
2026-07-27T13:30:10+00:00,526,0,0,233,293,0,0,0,0
2026-07-27T13:40:46+00:00,526,0,0,233,293,0,0,0,0
2026-07-27T13:51:21+00:00,526,0,0,233,293,0,0,0,0
2026-07-27T14:02:00+00:00,526,0,0,233,293,0,0,0,0
2026-07-27T14:12:38+00:00,526,0,0,233,293,0,0,0,0
2026-07-27T14:23:16+00:00,526,0,0,233,293,0,0,0,0
2026-07-27T14:33:52+00:00,526,0,0,233,293,0,0,0,0
2026-07-27T14:44:34+00:00,526,0,0,233,293,0,0,0,0
2026-07-27T14:55:10+00:00,526,0,0,233,293,0,0,0,0
2026-07-27T15:05:48+00:00,526,0,0,233,293,0,0,0,0
2026-07-27T15:16:24+00:00,526,0,0,233,293,0,0,0,0
2026-07-27T15:27:01+00:00,526,0,0,233,293,0,0,0,0
2026-07-27T15:37:39+00:00,526,0,0,233,293,0,0,0,0
2026-07-27T15:48:15+00:00,526,0,0,233,293,0,0,0,0
2026-07-27T15:58:50+00:00,526,0,0,233,293,0,0,0,0
2026-07-27T16:09:25+00:00,526,0,0,233,293,0,0,0,0
2026-07-27T16:20:01+00:00,526,0,0,233,293,0,0,0,0
2026-07-27T16:30:37+00:00,526,0,0,233,293,0,0,0,0
2026-07-27T16:41:19+00:00,526,0,0,233,293,0,0,0,0
2026-07-27T17:02:54+00:00,526,0,0,233,293,0,0,0,0
2026-07-27T17:13:32+00:00,526,0,0,233,293,0,0,0,0
2026-07-27T17:24:09+00:00,526,0,0,233,293,0,0,0,0
2026-07-27T17:34:46+00:00,526,0,0,233,293,0,0,0,0
2026-07-27T17:45:24+00:00,526,0,0,233,293,0,0,0,0
2026-07-27T17:56:01+00:00,526,0,0,233,293,0,0,0,0
2026-07-27T18:06:39+00:00,526,0,0,233,293,0,0,0,0
2026-07-27T18:17:17+00:00,526,0,0,233,293,0,0,0,0
2026-07-27T18:27:55+00:00,526,0,0,233,293,0,0,0,0
2026-07-27T18:38:34+00:00,526,0,0,233,293,0,0,0,0
2026-07-27T18:49:12+00:00,526,0,0,233,293,0,0,0,0
2026-07-27T18:59:49+00:00,526,0,0,233,293,0,0,0,0
2026-07-27T19:10:28+00:00,526,0,0,233,293,0,0,0,0
2026-07-27T19:21:05+00:00,526,0,0,233,293,0,0,0,0
2026-07-27T19:31:44+00:00,526,0,0,233,293,0,0,0,0
2026-07-27T19:42:23+00:00,526,0,0,233,293,0,0,0,0
2026-07-27T19:53:01+00:00,526,0,0,233,293,0,0,0,0
2026-07-27T20:03:40+00:00,526,0,0,233,293,0,0,0,0
2026-07-27T20:14:19+00:00,526,0,0,233,293,0,0,0,0
2026-07-27T20:24:57+00:00,526,0,0,233,293,0,0,0,0
2026-07-27T20:35:35+00:00,526,0,0,233,293,0,0,0,0
2026-07-27T20:46:13+00:00,526,0,0,233,293,0,0,0,0
2026-07-27T20:56:50+00:00,526,0,0,233,293,0,0,0,0
2026-07-27T21:07:30+00:00,526,0,0,233,293,0,0,0,0
2026-07-27T21:18:08+00:00,526,0,0,233,293,0,0,0,0
2026-07-27T21:28:46+00:00,526,0,0,233,293,0,0,0,0
2026-07-27T21:39:24+00:00,526,0,0,233,293,0,0,0,0
2026-07-27T21:50:10+00:00,526,0,0,233,293,0,0,0,0
2026-07-27T22:00:40+00:00,526,0,0,233,293,0,0,0,0
2026-07-27T22:11:11+00:00,526,0,0,233,293,0,0,0,0
2026-07-27T22:21:41+00:00,526,0,0,233,293,0,0,0,0
2026-07-27T22:32:12+00:00,526,0,0,233,293,0,0,0,0
2026-07-27T22:42:42+00:00,526,0,0,233,293,0,0,0,0
2026-07-27T22:53:13+00:00,526,0,0,233,293,0,0,0,0
2026-07-27T23:03:44+00:00,526,0,0,233,293,0,0,0,0
2026-07-27T23:14:15+00:00,526,0,0,233,293,0,0,0,0
2026-07-27T23:24:46+00:00,526,0,0,233,293,0,0,0,0
2026-07-27T23:35:17+00:00,526,0,0,233,293,0,0,0,0
2026-07-27T23:45:48+00:00,526,0,0,233,293,0,0,0,0
2026-07-27T23:56:19+00:00,526,0,0,233,293,0,0,0,0
2026-07-28T00:06:50+00:00,526,0,0,233,293,0,0,0,0
2026-07-28T00:17:21+00:00,526,0,0,233,293,0,0,0,0
2026-07-28T00:27:53+00:00,526,0,0,233,293,0,0,0,0
2026-07-28T00:38:24+00:00,526,0,0,233,293,0,0,0,0
2026-07-28T00:48:55+00:00,526,0,0,233,293,0,0,0,0
2026-07-28T00:59:25+00:00,526,0,0,233,293,0,0,0,0
2026-07-28T01:09:56+00:00,526,0,0,233,293,0,0,0,0
2026-07-28T01:20:27+00:00,526,0,0,233,293,0,0,0,0
2026-07-28T01:30:59+00:00,526,0,0,233,293,0,1,0,1
2026-07-28T01:41:31+00:00,526,0,0,233,293,0,1,0,0
2026-07-28T01:52:03+00:00,526,0,0,233,293,0,1,0,0
2026-07-28T02:02:35+00:00,526,0,0,233,293,0,1,0,0
2026-07-28T02:13:07+00:00,526,0,0,233,293,0,0,0,1
2026-07-28T02:23:38+00:00,526,0,0,233,293,0,0,0,0
2026-07-28T02:34:09+00:00,526,0,0,233,293,0,0,0,0
2026-07-28T02:55:42+00:00,526,0,0,233,293,0,0,0,0
2026-07-28T03:06:21+00:00,526,0,0,233,293,0,0,0,0
2026-07-28T03:17:00+00:00,526,0,0,233,293,0,0,0,0
2026-07-28T03:27:39+00:00,526,0,0,233,293,0,0,0,0
2026-07-28T03:38:17+00:00,526,0,0,233,293,0,0,0,0
2026-07-28T03:48:57+00:00,526,0,0,233,293,0,0,0,0
2026-07-28T03:59:36+00:00,526,0,0,233,293,0,0,0,0
2026-07-28T04:10:16+00:00,526,0,0,233,293,0,0,0,0
2026-07-28T04:20:56+00:00,526,0,0,233,293,0,0,0,0
2026-07-28T04:31:36+00:00,526,0,0,233,293,0,1,0,1
2026-07-28T04:42:16+00:00,526,0,0,233,293,0,1,0,0
2026-07-28T04:52:56+00:00,526,0,0,233,293,0,1,0,0
2026-07-28T05:03:37+00:00,526,0,0,233,293,0,0,0,1
2026-07-28T05:14:17+00:00,526,0,0,233,293,0,0,0,0
2026-07-28T05:24:57+00:00,526,0,0,233,293,0,0,0,0
2026-07-28T05:35:36+00:00,526,0,0,233,293,0,0,0,0
2026-07-28T05:46:16+00:00,526,0,0,233,293,0,0,0,0
2026-07-28T05:56:56+00:00,526,0,0,233,293,0,0,0,0
2026-07-28T06:07:36+00:00,526,0,0,233,293,0,0,0,0
2026-07-28T06:18:17+00:00,526,0,0,233,293,0,0,0,0
2026-07-28T06:28:58+00:00,526,0,0,233,293,0,0,0,0
2026-07-28T06:39:38+00:00,526,0,0,233,293,0,0,0,0
2026-07-28T06:50:19+00:00,526,0,0,233,293,0,0,0,0
2026-07-28T07:01:01+00:00,526,0,0,233,293,0,1,0,1
2026-07-28T07:11:40+00:00,526,0,0,233,293,0,1,0,0
2026-07-28T07:22:26+00:00,526,0,0,233,293,0,1,0,0
2026-07-28T07:33:07+00:00,526,0,0,233,293,0,1,0,0
2026-07-28T07:55:00+00:00,526,0,0,233,293,0,1,0,0
2026-07-28T08:05:45+00:00,526,0,1,232,293,0,1,1,2
2026-07-28T08:16:29+00:00,526,0,1,232,293,0,1,1,0
2026-07-28T08:27:14+00:00,526,0,1,232,293,0,1,1,0
2026-07-28T08:37:58+00:00,526,0,1,232,293,0,1,1,0
2026-07-28T08:48:42+00:00,526,0,1,232,293,0,1,1,0
2026-07-28T08:59:25+00:00,526,0,1,232,293,0,1,1,0
2026-07-28T09:10:09+00:00,526,0,1,232,293,0,1,1,0
2026-07-28T09:20:52+00:00,526,0,1,232,293,0,1,1,0
2026-07-28T09:31:35+00:00,526,0,1,232,293,0,1,1,0
2026-07-28T09:42:19+00:00,526,0,1,232,293,0,0,1,1
2026-07-28T09:53:03+00:00,526,0,1,232,293,0,0,1,0
2026-07-28T10:03:47+00:00,526,0,1,232,293,0,0,0,1
2026-07-28T10:14:32+00:00,526,0,1,232,293,0,0,0,0
2026-07-28T10:25:15+00:00,526,0,1,232,293,0,0,0,0
2026-07-28T10:35:58+00:00,526,0,1,232,293,0,0,0,0
2026-07-28T10:46:41+00:00,526,0,1,232,293,0,0,0,0
2026-07-28T10:57:23+00:00,526,0,1,232,293,0,0,0,0
2026-07-28T11:08:07+00:00,526,0,1,232,293,0,0,0,0
2026-07-28T11:18:50+00:00,526,0,1,232,293,0,0,0,0
2026-07-28T11:29:33+00:00,526,0,1,232,293,0,0,0,0
2026-07-28T11:40:20+00:00,526,0,1,232,293,0,0,0,0
2026-07-28T11:51:04+00:00,526,0,1,232,293,0,0,0,0
2026-07-28T12:01:48+00:00,526,0,1,232,293,0,0,0,0
2026-07-28T12:12:31+00:00,526,0,1,232,293,0,0,0,0
2026-07-28T12:23:15+00:00,526,0,1,232,293,0,0,0,0
2026-07-28T12:33:57+00:00,526,0,1,232,293,0,0,0,0
2026-07-28T12:55:34+00:00,526,0,1,232,293,0,0,0,0
2026-07-28T13:06:13+00:00,526,0,1,232,293,0,0,0,0
2026-07-28T13:16:53+00:00,526,0,1,232,293,0,0,0,0
2026-07-28T13:27:32+00:00,526,0,1,232,293,0,0,0,0
2026-07-28T13:38:12+00:00,526,0,1,232,293,0,0,0,0
2026-07-28T13:48:51+00:00,526,0,1,232,293,0,0,0,0
2026-07-28T13:59:37+00:00,526,0,1,232,293,0,0,0,0
2026-07-28T14:10:18+00:00,526,0,1,232,293,0,0,0,0
2026-07-28T14:20:59+00:00,526,0,1,232,293,0,0,0,0
2026-07-28T14:31:44+00:00,526,0,1,232,293,0,0,0,0
2026-07-28T14:42:25+00:00,526,0,1,232,293,0,0,0,0
2026-07-28T14:53:09+00:00,526,0,1,232,293,0,0,0,0
2026-07-28T15:03:48+00:00,526,0,1,232,293,0,0,0,0
2026-07-28T15:14:29+00:00,526,0,1,232,293,0,0,0,0
2026-07-28T15:25:12+00:00,526,0,1,232,293,0,0,0,0
2026-07-28T15:35:55+00:00,526,0,1,232,293,0,0,0,0
2026-07-28T15:46:37+00:00,526,0,1,232,293,0,0,0,0
2026-07-28T15:57:17+00:00,526,0,1,232,293,0,0,0,0
2026-07-28T16:07:58+00:00,526,0,1,232,293,0,0,0,0
2026-07-28T16:18:40+00:00,526,0,1,232,293,0,0,0,0
2026-07-28T16:29:22+00:00,526,0,1,232,293,0,0,0,0
2026-07-28T16:40:03+00:00,526,0,1,232,293,0,0,0,0
2026-07-28T16:50:44+00:00,526,0,1,232,293,0,0,0,0
2026-07-28T17:01:28+00:00,526,0,1,232,293,0,0,0,0
2026-07-28T17:12:20+00:00,526,0,1,232,293,0,0,0,0
2026-07-28T17:23:10+00:00,526,0,1,232,293,0,0,0,0
2026-07-28T17:34:00+00:00,526,0,1,232,293,0,0,0,0
2026-07-28T17:55:49+00:00,526,0,1,232,293,0,0,0,0
2026-07-28T18:06:34+00:00,526,0,1,232,293,0,0,0,0
2026-07-28T18:17:18+00:00,526,0,1,232,293,0,0,0,0
2026-07-28T18:28:03+00:00,526,0,1,232,293,0,0,0,0
2026-07-28T18:38:47+00:00,526,0,1,232,293,0,0,0,0
2026-07-28T18:49:32+00:00,526,0,1,232,293,0,0,0,0
2026-07-28T19:00:17+00:00,526,0,1,232,293,0,0,0,0
2026-07-28T19:11:02+00:00,526,0,1,232,293,0,0,0,0
2026-07-28T19:21:47+00:00,526,0,1,232,293,0,0,0,0
2026-07-28T19:32:32+00:00,526,0,1,232,293,0,0,0,0
2026-07-28T19:43:16+00:00,526,0,1,232,293,0,0,0,0
2026-07-28T19:54:05+00:00,526,0,1,232,293,0,0,0,0
2026-07-28T20:04:50+00:00,526,0,1,232,293,0,0,0,0
2026-07-28T20:15:35+00:00,526,0,1,232,293,0,0,0,0
2026-07-28T20:26:19+00:00,526,0,1,232,293,0,0,0,0
2026-07-28T20:37:04+00:00,526,0,1,232,293,0,0,0,0
2026-07-28T20:47:50+00:00,526,0,1,232,293,0,0,0,0
2026-07-28T20:58:34+00:00,526,0,1,232,293,0,0,0,0
2026-07-28T21:09:19+00:00,526,0,1,232,293,0,0,0,0
2026-07-28T21:20:04+00:00,526,0,1,232,293,0,0,0,0
2026-07-28T21:30:49+00:00,526,0,1,232,293,0,0,0,0
2026-07-28T21:41:34+00:00,526,0,1,232,293,0,0,0,0
2026-07-28T21:52:20+00:00,526,0,1,232,293,0,0,0,0
2026-07-28T22:03:05+00:00,526,0,1,232,293,0,0,0,0
2026-07-28T22:13:50+00:00,526,0,1,232,293,0,0,0,0
2026-07-28T22:24:35+00:00,526,0,1,232,293,0,0,0,0
2026-07-28T22:46:29+00:00,526,0,1,232,293,0,0,0,0
2026-07-28T22:57:14+00:00,526,0,1,232,293,0,0,0,0
2026-07-28T23:08:00+00:00,526,0,1,232,293,0,0,0,0
2026-07-28T23:18:45+00:00,526,0,1,232,293,0,0,0,0
2026-07-28T23:29:31+00:00,526,0,1,232,293,0,0,0,0
2026-07-28T23:40:17+00:00,526,0,1,232,293,0,0,0,0
2026-07-28T23:51:03+00:00,526,0,1,232,293,0,0,0,0
2026-07-29T00:01:48+00:00,526,0,1,232,293,0,0,0,0
2026-07-29T00:12:34+00:00,526,0,1,232,293,0,0,0,0
2026-07-29T00:23:21+00:00,526,0,1,232,293,0,0,0,0
2026-07-29T00:34:06+00:00,526,0,1,232,293,0,0,0,0
2026-07-29T00:44:53+00:00,526,0,1,232,293,0,0,0,0
2026-07-29T00:55:39+00:00,526,0,1,232,293,0,0,0,0
2026-07-29T01:06:25+00:00,526,0,1,232,293,0,0,0,0
2026-07-29T01:17:11+00:00,526,0,1,232,293,0,0,0,0
2026-07-29T01:27:57+00:00,526,0,1,232,293,0,0,0,0
2026-07-29T01:38:44+00:00,526,0,1,232,293,0,1,0,1
2026-07-29T01:49:30+00:00,526,0,1,232,293,0,1,0,0
2026-07-29T02:00:16+00:00,526,0,1,232,293,0,0,0,1
2026-07-29T02:11:02+00:00,526,0,1,232,293,0,0,0,0
2026-07-29T02:21:47+00:00,526,0,1,232,293,0,0,0,0
2026-07-29T02:32:33+00:00,526,0,1,232,293,0,0,0,0
2026-07-29T02:43:20+00:00,526,0,1,232,293,0,0,0,0
2026-07-29T02:54:06+00:00,526,0,1,232,293,0,0,0,0
2026-07-29T03:04:51+00:00,526,0,1,232,293,0,0,0,0
2026-07-29T03:15:37+00:00,526,0,1,232,293,0,0,0,0
2026-07-29T03:37:26+00:00,526,0,1,232,293,0,0,0,0
2026-07-29T03:48:12+00:00,526,0,1,232,293,0,0,0,0
2026-07-29T03:58:55+00:00,526,0,1,232,293,0,0,0,0
2026-07-29T04:09:40+00:00,526,0,1,232,293,0,0,0,0
2026-07-29T04:20:23+00:00,526,0,1,232,293,0,0,0,0
2026-07-29T04:31:09+00:00,526,0,1,232,293,0,0,0,0
2026-07-29T04:41:53+00:00,526,0,1,232,293,0,0,0,0
2026-07-29T04:52:38+00:00,526,0,1,232,293,0,0,0,0
2026-07-29T05:03:23+00:00,526,0,1,232,293,0,0,0,0
2026-07-29T05:14:08+00:00,526,0,1,232,293,0,0,0,0
2026-07-29T05:24:52+00:00,526,0,1,232,293,0,0,0,0
2026-07-29T05:35:37+00:00,526,0,1,232,293,0,0,0,0
2026-07-29T05:46:22+00:00,526,0,1,232,293,0,0,0,0
2026-07-29T05:57:07+00:00,526,0,1,232,293,0,0,0,0
2026-07-29T06:07:52+00:00,526,0,1,232,293,0,0,0,0
2026-07-29T06:18:38+00:00,526,0,1,232,293,0,0,0,0
2026-07-29T06:29:23+00:00,526,0,1,232,293,0,0,0,0
2026-07-29T06:40:07+00:00,526,0,1,232,293,0,0,0,0
2026-07-29T06:50:52+00:00,526,0,1,232,293,0,0,0,0
2026-07-29T07:01:37+00:00,526,0,1,232,293,0,0,0,0
2026-07-29T07:12:24+00:00,526,0,1,232,293,0,0,0,0
2026-07-29T07:23:09+00:00,526,0,1,232,293,0,0,0,0
2026-07-29T07:33:53+00:00,526,0,1,232,293,0,0,0,0
2026-07-29T07:44:38+00:00,526,0,1,232,293,0,0,0,0
2026-07-29T07:55:23+00:00,526,0,1,232,293,0,0,0,0
2026-07-29T08:06:08+00:00,527,0,1,233,293,0,0,0,1
2026-07-29T08:28:02+00:00,528,0,1,234,293,0,0,0,1
2026-07-29T08:38:47+00:00,528,0,1,234,293,0,0,0,0
2026-07-29T08:49:33+00:00,528,0,1,234,293,0,0,0,0
2026-07-29T09:00:18+00:00,529,0,1,234,294,0,0,0,1
2026-07-29T09:11:04+00:00,529,0,1,234,294,0,0,0,0
2026-07-29T09:21:50+00:00,529,0,1,234,294,0,0,0,0
2026-07-29T09:32:36+00:00,529,0,1,234,294,0,0,0,0
2026-07-29T09:43:23+00:00,529,0,1,234,294,0,0,0,0
2026-07-29T09:54:08+00:00,529,0,1,234,294,0,0,0,0
2026-07-29T10:04:52+00:00,529,0,1,234,294,0,0,0,0
2026-07-29T10:15:37+00:00,529,0,1,234,294,0,0,0,0
2026-07-29T10:26:23+00:00,529,0,1,234,294,0,0,0,0
2026-07-29T10:37:09+00:00,529,0,1,234,294,0,0,0,0
2026-07-29T10:47:54+00:00,529,0,1,234,294,0,0,0,0
2026-07-29T10:58:41+00:00,529,0,1,234,294,0,0,0,0
2026-07-29T11:09:26+00:00,529,0,1,234,294,0,0,0,0
2026-07-29T11:20:11+00:00,529,0,1,234,294,0,0,0,0
2026-07-29T11:30:58+00:00,529,0,1,234,294,0,0,0,0
2026-07-29T11:41:43+00:00,529,0,1,234,294,0,0,0,0
2026-07-29T11:52:29+00:00,529,0,1,234,294,0,0,0,0
2026-07-29T12:03:15+00:00,529,0,1,234,294,0,0,0,0
2026-07-29T12:14:01+00:00,529,0,1,234,294,0,0,0,0
2026-07-29T12:24:46+00:00,529,0,1,234,294,0,0,0,0
2026-07-29T12:35:32+00:00,529,0,1,234,294,0,0,0,0
2026-07-29T12:46:18+00:00,529,0,1,234,294,0,0,0,0
2026-07-29T12:57:04+00:00,529,0,1,234,294,0,0,0,0
2026-07-29T13:19:01+00:00,529,0,1,234,294,0,0,0,0
2026-07-29T13:29:52+00:00,529,0,1,234,294,0,0,0,0
2026-07-29T13:40:44+00:00,529,0,1,234,294,0,0,0,0
2026-07-29T13:51:33+00:00,529,0,1,234,294,0,0,0,0
2026-07-29T14:02:24+00:00,529,0,1,234,294,0,0,0,0
2026-07-29T14:13:16+00:00,529,0,1,234,294,0,0,0,0
2026-07-29T14:24:06+00:00,529,0,1,234,294,0,0,0,0
2026-07-29T14:34:58+00:00,529,0,1,234,294,0,0,0,0
2026-07-29T14:45:47+00:00,529,0,1,234,294,0,0,0,0
2026-07-29T14:56:39+00:00,529,0,1,234,294,0,0,0,0
2026-07-29T15:07:30+00:00,529,0,1,234,294,0,0,0,0
2026-07-29T15:18:21+00:00,529,0,1,234,294,0,0,0,0
2026-07-29T15:29:12+00:00,529,0,1,234,294,0,0,0,0
2026-07-29T15:40:04+00:00,529,0,1,234,294,0,0,0,0
2026-07-29T15:50:55+00:00,529,0,1,234,294,0,0,0,0
2026-07-29T16:01:43+00:00,529,0,1,234,294,0,0,0,0
2026-07-29T16:12:31+00:00,529,0,1,234,294,0,0,0,0
2026-07-29T16:23:21+00:00,529,0,1,234,294,0,0,0,0
2026-07-29T16:34:13+00:00,529,0,1,234,294,0,0,0,0
2026-07-29T16:45:04+00:00,529,0,1,234,294,0,0,0,0
2026-07-29T16:55:57+00:00,529,0,1,234,294,0,0,0,0
2026-07-29T17:06:49+00:00,529,0,1,234,294,0,0,0,0
2026-07-29T17:17:40+00:00,529,0,1,234,294,0,0,0,0
2026-07-29T17:28:31+00:00,529,0,1,234,294,0,0,0,0
2026-07-29T17:39:27+00:00,529,0,1,234,294,0,0,0,0
2026-07-29T17:50:19+00:00,529,0,1,234,294,0,0,0,0
2026-07-29T18:01:22+00:00,529,0,1,234,294,0,0,0,0
2026-07-29T18:12:09+00:00,529,0,1,234,294,0,0,0,0
2026-07-29T18:22:57+00:00,529,0,1,234,294,0,0,0,0
2026-07-29T18:33:43+00:00,529,0,1,234,294,0,0,0,0
2026-07-29T18:44:33+00:00,529,0,1,234,294,0,0,0,0
2026-07-29T18:55:21+00:00,529,0,1,234,294,0,0,0,0
2026-07-29T19:06:07+00:00,529,0,1,234,294,0,0,0,0
2026-07-29T19:16:55+00:00,529,0,1,234,294,0,0,0,0
2026-07-29T19:27:42+00:00,529,0,1,234,294,0,0,0,0
2026-07-29T19:38:29+00:00,529,0,1,234,294,0,0,0,0
2026-07-29T19:49:17+00:00,529,0,1,234,294,0,0,0,0
2026-07-29T20:00:06+00:00,529,0,1,234,294,0,0,0,0
2026-07-29T20:10:54+00:00,529,0,1,234,294,0,0,0,0
2026-07-29T20:21:40+00:00,529,0,1,234,294,0,0,0,0
2026-07-29T20:32:27+00:00,529,0,1,234,294,0,0,0,0
2026-07-29T20:43:15+00:00,529,0,1,234,294,0,0,0,0
2026-07-29T20:54:03+00:00,529,0,1,234,294,0,0,0,0
2026-07-29T21:04:50+00:00,529,0,1,234,294,0,0,0,0
2026-07-29T21:15:37+00:00,529,0,1,234,294,0,0,0,0
2026-07-29T21:26:25+00:00,529,0,1,234,294,0,0,0,0
2026-07-29T21:37:11+00:00,529,0,1,234,294,0,0,0,0
2026-07-29T21:47:58+00:00,529,0,1,234,294,0,0,0,0
2026-07-29T21:58:46+00:00,529,0,1,234,294,0,0,0,0
2026-07-29T22:09:34+00:00,529,0,1,234,294,0,0,0,0
2026-07-29T22:20:21+00:00,529,0,1,234,294,0,0,0,0
2026-07-29T22:31:09+00:00,529,0,1,234,294,0,0,0,0
2026-07-29T22:41:57+00:00,529,0,1,234,294,0,0,0,0
2026-07-29T23:03:52+00:00,529,0,1,234,294,0,0,0,0
2026-07-29T23:14:42+00:00,529,0,1,234,294,0,0,0,0
2026-07-29T23:25:34+00:00,529,0,1,234,294,0,0,0,0
2026-07-29T23:36:25+00:00,529,0,1,234,294,0,0,0,0
2026-07-29T23:47:16+00:00,529,0,1,234,294,0,0,0,0
2026-07-29T23:58:07+00:00,529,0,1,234,294,0,0,0,0
2026-07-30T00:08:58+00:00,529,0,1,234,294,0,0,0,0
2026-07-30T00:19:49+00:00,529,0,1,234,294,0,0,0,0
2026-07-30T00:30:39+00:00,529,0,1,234,294,0,0,0,0
2026-07-30T00:41:30+00:00,529,0,1,234,294,0,0,0,0
2026-07-30T00:52:22+00:00,529,0,1,234,294,0,0,0,0
2026-07-30T01:03:12+00:00,529,0,1,234,294,0,0,0,0
2026-07-30T01:14:04+00:00,529,0,1,234,294,0,0,0,0
2026-07-30T01:24:55+00:00,529,0,1,234,294,0,0,0,0
2026-07-30T01:35:46+00:00,529,0,1,234,294,0,0,0,0
2026-07-30T01:46:36+00:00,529,0,1,234,294,0,0,0,0
2026-07-30T01:57:28+00:00,529,0,1,234,294,0,0,0,0
2026-07-30T02:08:20+00:00,529,0,1,234,294,0,0,0,0
2026-07-30T02:19:10+00:00,529,0,1,234,294,0,0,0,0
2026-07-30T02:30:01+00:00,529,0,1,234,294,0,0,0,0
2026-07-30T02:40:53+00:00,529,0,1,234,294,0,0,0,0
2026-07-30T02:51:44+00:00,529,0,1,234,294,0,0,0,0
2026-07-30T03:02:35+00:00,529,0,1,234,294,0,0,0,0
2026-07-30T03:13:27+00:00,529,0,1,234,294,0,0,0,0
2026-07-30T03:24:20+00:00,529,0,1,234,294,0,0,0,0
2026-07-30T03:35:11+00:00,529,0,1,234,294,0,0,0,0
2026-07-30T03:57:10+00:00,529,0,1,234,294,0,0,0,0
2026-07-30T04:08:01+00:00,529,0,1,234,294,0,0,0,0
2026-07-30T04:18:53+00:00,529,0,1,234,294,0,0,0,0
2026-07-30T04:29:45+00:00,529,0,1,234,294,0,0,0,0
2026-07-30T04:40:36+00:00,529,0,1,234,294,0,0,0,0
2026-07-30T04:51:27+00:00,529,0,1,234,294,0,0,0,0
2026-07-30T05:02:18+00:00,529,0,1,234,294,0,0,0,0
2026-07-30T05:13:10+00:00,529,0,1,234,294,0,0,0,0
2026-07-30T05:24:01+00:00,529,0,1,234,294,0,0,0,0
2026-07-30T05:34:57+00:00,529,0,1,234,294,0,0,0,0
2026-07-30T05:45:48+00:00,529,0,1,234,294,0,0,0,0
2026-07-30T05:56:39+00:00,529,0,1,234,294,0,0,0,0
2026-07-30T06:07:31+00:00,529,0,1,234,294,0,0,0,0
2026-07-30T06:18:23+00:00,529,0,1,234,294,0,0,0,0
2026-07-30T06:29:15+00:00,529,0,1,234,294,0,0,0,0
2026-07-30T06:40:06+00:00,529,0,1,234,294,0,0,0,0
2026-07-30T06:50:58+00:00,529,0,1,234,294,0,0,0,0
2026-07-30T07:01:51+00:00,529,0,1,234,294,0,0,0,0
2026-07-30T07:12:44+00:00,529,0,1,234,294,0,0,0,0
2026-07-30T07:23:36+00:00,529,0,1,234,294,0,0,0,0
2026-07-30T07:34:29+00:00,529,0,1,234,294,0,0,0,0
2026-07-30T07:45:20+00:00,529,0,1,234,294,0,0,0,0
2026-07-30T07:56:12+00:00,529,0,1,234,294,0,0,0,0
2026-07-30T08:07:04+00:00,530,0,1,235,294,0,0,0,1
2026-07-30T08:17:57+00:00,530,0,1,235,294,0,0,0,0
2026-07-30T08:28:49+00:00,530,0,1,235,294,0,0,0,0
2026-07-30T08:50:49+00:00,530,0,1,235,294,0,0,0,0
2026-07-30T09:01:39+00:00,531,0,1,235,295,0,0,0,1
2026-07-30T09:12:30+00:00,531,0,1,235,295,0,0,0,0
2026-07-30T09:23:21+00:00,532,0,1,235,296,0,0,0,1
2026-07-30T09:34:13+00:00,533,0,1,235,297,0,0,0,1
2026-07-30T09:45:04+00:00,533,0,1,235,297,0,0,0,0
2026-07-30T09:55:54+00:00,533,0,1,235,297,0,0,0,0
2026-07-30T10:06:47+00:00,533,0,1,235,297,0,0,0,0
2026-07-30T10:17:38+00:00,533,0,1,235,297,0,0,0,0
2026-07-30T10:28:29+00:00,533,0,1,235,297,0,0,0,0
2026-07-30T10:39:21+00:00,533,0,1,235,297,0,0,0,0
2026-07-30T10:50:11+00:00,533,0,1,235,297,0,0,0,0
2026-07-30T11:01:02+00:00,533,0,1,235,297,0,0,0,0
2026-07-30T11:11:53+00:00,533,0,1,235,297,0,0,0,0
2026-07-30T11:22:45+00:00,533,0,1,235,297,0,0,0,0
2026-07-30T11:33:35+00:00,533,0,1,235,297,0,0,0,0
2026-07-30T11:44:26+00:00,533,0,1,235,297,0,0,0,0
2026-07-30T11:55:18+00:00,533,0,1,235,297,0,0,0,0
2026-07-30T12:06:10+00:00,533,0,1,235,297,0,0,0,0
2026-07-30T12:17:02+00:00,533,0,1,235,297,0,0,0,0
2026-07-30T12:27:53+00:00,533,0,1,235,297,0,0,0,0
2026-07-30T12:38:45+00:00,533,0,1,235,297,0,0,0,0
2026-07-30T12:49:37+00:00,533,0,1,235,297,0,0,0,0
2026-07-30T13:00:29+00:00,533,0,1,235,297,0,0,0,0
2026-07-30T13:11:21+00:00,533,0,1,235,297,0,0,0,0
2026-07-30T13:22:16+00:00,533,0,1,235,297,0,0,0,0
2026-07-30T13:44:23+00:00,533,0,1,235,297,0,0,0,0
2026-07-30T13:55:15+00:00,533,0,1,235,297,0,0,0,0
2026-07-30T14:06:07+00:00,533,0,1,235,297,0,0,0,0
2026-07-30T14:16:59+00:00,533,0,1,235,297,0,0,0,0
2026-07-30T14:27:52+00:00,533,0,1,235,297,0,0,0,0
2026-07-30T14:38:45+00:00,533,0,1,235,297,0,0,0,0
2026-07-30T14:49:37+00:00,533,0,1,235,297,0,0,0,0
2026-07-30T15:00:31+00:00,535,0,1,237,297,0,0,0,2
2026-07-30T15:11:24+00:00,535,0,1,237,297,0,0,0,0
2026-07-30T15:22:17+00:00,535,0,1,237,297,0,0,0,0
2026-07-30T15:33:09+00:00,535,0,1,237,297,0,0,0,0
2026-07-30T15:44:02+00:00,535,0,1,237,297,0,0,0,0
2026-07-30T15:54:55+00:00,535,0,1,237,297,0,0,0,0
2026-07-30T16:05:48+00:00,535,0,1,237,297,0,0,0,0
2026-07-30T16:16:42+00:00,535,0,1,237,297,0,0,0,0
2026-07-30T16:27:37+00:00,535,0,1,237,297,0,0,0,0
2026-07-30T16:38:31+00:00,535,0,1,237,297,0,0,0,0
2026-07-30T16:49:25+00:00,535,0,1,237,297,0,0,0,0
2026-07-30T17:00:18+00:00,535,0,1,237,297,0,0,0,0
2026-07-30T17:11:11+00:00,535,0,1,237,297,0,0,0,0
2026-07-30T17:22:09+00:00,535,0,1,237,297,0,0,0,0
2026-07-30T17:33:03+00:00,535,0,1,237,297,0,0,0,0
2026-07-30T17:43:57+00:00,535,0,1,237,297,0,0,0,0
2026-07-30T17:54:51+00:00,535,0,1,237,297,0,0,0,0
2026-07-30T18:05:43+00:00,535,0,1,237,297,0,0,0,0
2026-07-30T18:16:37+00:00,535,0,1,237,297,0,0,0,0
2026-07-30T18:38:29+00:00,535,0,1,237,297,0,0,0,0
2026-07-30T18:49:15+00:00,535,0,1,237,297,0,0,0,0
2026-07-30T19:00:02+00:00,535,0,1,237,297,0,0,0,0
2026-07-30T19:10:50+00:00,535,0,1,237,297,0,0,0,0
2026-07-30T19:21:37+00:00,535,0,1,237,297,0,0,0,0
2026-07-30T19:32:25+00:00,535,0,1,237,297,0,0,0,0
2026-07-30T19:43:13+00:00,535,0,1,237,297,0,0,0,0
2026-07-30T19:54:00+00:00,535,0,1,237,297,0,0,0,0
2026-07-30T20:04:50+00:00,535,0,1,237,297,0,0,0,0
2026-07-30T20:15:39+00:00,535,0,1,237,297,0,0,0,0
2026-07-30T20:26:26+00:00,535,0,1,237,297,0,0,0,0
2026-07-30T20:37:14+00:00,535,0,1,237,297,0,0,0,0
2026-07-30T20:48:01+00:00,535,0,1,237,297,0,0,0,0
2026-07-30T20:58:49+00:00,535,0,1,237,297,0,0,0,0
2026-07-30T21:09:35+00:00,535,0,1,237,297,0,0,0,0
2026-07-30T21:20:23+00:00,535,0,1,237,297,0,0,0,0
2026-07-30T21:31:11+00:00,535,0,1,237,297,0,0,0,0
2026-07-30T21:41:58+00:00,535,0,1,237,297,0,0,0,0
2026-07-30T21:52:46+00:00,535,0,1,237,297,0,0,0,0
2026-07-30T22:03:33+00:00,535,0,1,237,297,0,0,0,0
2026-07-30T22:14:20+00:00,535,0,1,237,297,0,0,0,0
2026-07-30T22:25:06+00:00,535,0,1,237,297,0,0,0,0
2026-07-30T22:35:53+00:00,535,0,1,237,297,0,0,0,0
2026-07-30T22:46:39+00:00,535,0,1,237,297,0,0,0,0
2026-07-30T22:57:27+00:00,535,0,1,237,297,0,1,0,1
2026-07-30T23:08:16+00:00,535,0,1,237,297,0,1,0,0
2026-07-30T23:19:31+00:00,535,0,1,237,297,0,1,0,0
2026-07-30T23:30:23+00:00,535,0,1,237,297,0,1,0,0
2026-07-30T23:41:16+00:00,535,0,1,237,297,0,0,0,1
2026-07-30T23:52:07+00:00,535,0,1,237,297,0,0,0,0
2026-07-31T00:02:59+00:00,535,0,1,237,297,0,0,0,0
2026-07-31T00:13:51+00:00,535,0,1,237,297,0,0,0,0
2026-07-31T00:24:44+00:00,535,0,1,237,297,0,1,0,1
2026-07-31T00:35:38+00:00,535,0,1,237,297,0,1,0,0
2026-07-31T00:46:31+00:00,535,0,1,237,297,0,1,0,0
2026-07-31T00:57:22+00:00,535,0,1,237,297,0,1,0,0
2026-07-31T01:08:15+00:00,535,0,1,237,297,0,1,0,0
2026-07-31T01:19:08+00:00,535,0,1,237,297,0,2,0,1
2026-07-31T01:30:01+00:00,535,0,1,237,297,0,2,0,0
2026-07-31T01:40:54+00:00,535,0,1,237,297,0,2,0,0
2026-07-31T01:51:48+00:00,535,0,1,237,297,0,2,0,0
2026-07-31T02:02:41+00:00,535,0,1,237,297,0,2,0,0
2026-07-31T02:13:37+00:00,535,0,1,237,297,0,2,0,0
2026-07-31T02:24:30+00:00,535,0,1,237,297,0,2,0,0
2026-07-31T02:35:25+00:00,535,0,1,237,297,0,2,0,0
2026-07-31T02:46:22+00:00,535,0,1,237,297,0,2,0,0
2026-07-31T02:57:15+00:00,535,0,1,237,297,0,2,0,0
2026-07-31T03:08:10+00:00,535,0,1,237,297,0,2,0,0
2026-07-31T03:19:03+00:00,535,0,1,237,297,0,2,0,0
2026-07-31T03:29:57+00:00,535,0,1,237,297,0,1,0,1
2026-07-31T03:40:51+00:00,535,0,1,237,297,0,1,0,0
2026-07-31T03:51:45+00:00,535,0,1,237,297,0,1,0,0
2026-07-31T04:02:37+00:00,535,0,1,237,297,0,1,0,0
2026-07-31T04:24:44+00:00,535,0,1,237,297,0,0,0,1
2026-07-31T04:35:41+00:00,535,0,1,237,297,0,0,0,0
2026-07-31T04:46:36+00:00,535,0,1,237,297,0,0,0,0
2026-07-31T04:57:32+00:00,535,0,1,237,297,0,0,0,0
2026-07-31T05:08:27+00:00,535,0,1,237,297,0,0,0,0
2026-07-31T05:19:22+00:00,535,0,1,237,297,0,0,0,0
2026-07-31T05:30:18+00:00,535,0,1,237,297,0,0,0,0
2026-07-31T05:41:14+00:00,535,0,1,237,297,0,0,0,0
2026-07-31T05:52:09+00:00,535,0,1,237,297,0,0,0,0
2026-07-31T06:03:04+00:00,535,0,1,237,297,0,0,0,0
2026-07-31T06:14:00+00:00,535,0,1,237,297,0,0,0,0
2026-07-31T06:24:56+00:00,535,0,1,237,297,0,0,0,0
2026-07-31T06:35:50+00:00,535,0,1,237,297,0,0,0,0
2026-07-31T06:46:46+00:00,535,0,1,237,297,0,0,0,0
2026-07-31T06:57:41+00:00,535,0,1,237,297,0,0,0,0
2026-07-31T07:08:37+00:00,535,0,1,237,297,0,0,0,0
2026-07-31T07:19:33+00:00,535,0,1,237,297,0,0,0,0
2026-07-31T07:30:29+00:00,535,0,1,237,297,0,0,0,0
2026-07-31T07:41:25+00:00,535,0,1,237,297,0,0,0,0
2026-07-31T07:52:20+00:00,535,0,1,237,297,0,0,0,0
2026-07-31T08:03:16+00:00,535,0,1,237,297,0,0,0,0
2026-07-31T08:14:12+00:00,535,0,1,237,297,0,0,0,0
2026-07-31T08:25:08+00:00,535,0,1,237,297,0,0,0,0
2026-07-31T08:36:05+00:00,535,0,1,237,297,0,0,0,0
2026-07-31T08:47:00+00:00,535,0,1,237,297,0,0,0,0
2026-07-31T08:57:56+00:00,535,0,1,237,297,0,0,0,0
2026-07-31T09:20:21+00:00,535,0,1,237,297,0,0,0,0
2026-07-31T09:31:19+00:00,535,0,1,237,297,0,0,0,0
2026-07-31T09:42:16+00:00,535,0,1,237,297,0,0,0,0
2026-07-31T09:53:15+00:00,535,0,1,237,297,0,0,0,0
2026-07-31T10:04:14+00:00,536,0,1,238,297,0,0,0,1
2026-07-31T10:15:13+00:00,536,0,1,238,297,0,0,0,0
2026-07-31T10:26:12+00:00,536,0,1,238,297,0,0,0,0
2026-07-31T10:37:10+00:00,536,0,1,238,297,0,0,0,0
2026-07-31T10:48:09+00:00,536,0,1,238,297,0,0,0,0
2026-07-31T10:59:08+00:00,536,0,1,238,297,0,0,0,0
2026-07-31T11:10:07+00:00,536,0,1,238,297,0,0,0,0
2026-07-31T11:21:04+00:00,536,0,1,238,297,0,0,0,0
2026-07-31T11:32:04+00:00,536,0,1,238,297,0,0,0,0
2026-07-31T11:43:03+00:00,536,0,1,238,297,0,0,0,0
2026-07-31T11:54:02+00:00,536,0,1,238,297,0,0,0,0
2026-07-31T12:05:01+00:00,536,0,1,238,297,0,0,0,0
2026-07-31T12:16:01+00:00,536,0,1,238,297,0,0,0,0
2026-07-31T12:26:59+00:00,536,0,1,238,297,0,0,0,0
2026-07-31T12:37:59+00:00,536,0,1,238,297,0,0,0,0
2026-07-31T12:49:00+00:00,536,0,1,238,297,0,0,0,0
2026-07-31T12:59:59+00:00,536,0,1,238,297,0,0,0,0
2026-07-31T13:10:58+00:00,536,0,1,238,297,0,0,0,0
2026-07-31T13:21:57+00:00,536,0,1,238,297,0,0,0,0
2026-07-31T13:32:57+00:00,536,0,1,238,297,0,0,0,0
2026-07-31T13:43:58+00:00,536,0,1,238,297,0,0,0,0
2026-07-31T13:54:58+00:00,536,0,1,238,297,0,0,0,0
2026-07-31T14:17:08+00:00,536,0,1,238,297,0,0,0,0
2026-07-31T14:28:05+00:00,536,0,1,238,297,0,0,0,0
2026-07-31T14:39:01+00:00,536,0,1,238,297,0,0,0,0
2026-07-31T14:49:58+00:00,536,0,1,238,297,0,0,0,0
2026-07-31T15:00:54+00:00,536,0,1,238,297,0,0,0,0
2026-07-31T15:11:51+00:00,536,0,1,238,297,0,0,0,0
2026-07-31T15:22:46+00:00,536,0,1,238,297,0,0,0,0
2026-07-31T15:33:43+00:00,536,0,1,238,297,0,0,0,0
2026-07-31T15:44:42+00:00,536,0,1,238,297,0,0,0,0
2026-07-31T15:55:38+00:00,536,0,1,238,297,0,0,0,0
2026-07-31T16:06:36+00:00,536,0,1,238,297,0,0,0,0
2026-07-31T16:17:33+00:00,536,0,1,238,297,0,0,0,0
2026-07-31T16:28:30+00:00,536,0,1,238,297,0,0,0,0
2026-07-31T16:39:28+00:00,536,0,1,238,297,0,0,0,0
2026-07-31T16:50:24+00:00,536,0,1,238,297,0,0,0,0
2026-07-31T17:01:21+00:00,536,0,1,238,297,0,0,0,0
2026-07-31T17:12:20+00:00,536,0,1,238,297,0,0,0,0
2026-07-31T17:23:17+00:00,536,0,1,238,297,0,0,0,0
2026-07-31T17:34:14+00:00,536,0,1,238,297,0,0,0,0
2026-07-31T17:45:13+00:00,536,0,1,238,297,0,0,0,0
2026-07-31T17:56:09+00:00,536,0,1,238,297,0,0,0,0
2026-07-31T18:07:06+00:00,536,0,1,238,297,0,0,0,0
2026-07-31T18:18:04+00:00,536,0,1,238,297,0,0,0,0
2026-07-31T18:29:02+00:00,536,0,1,238,297,0,0,0,0
2026-07-31T18:40:00+00:00,536,0,1,238,297,0,0,0,0
2026-07-31T18:50:58+00:00,536,0,1,238,297,0,0,0,0
2026-07-31T19:13:20+00:00,536,0,1,238,297,0,0,0,0
2026-07-31T19:24:18+00:00,536,0,1,238,297,0,0,0,0
2026-07-31T19:35:17+00:00,536,0,1,238,297,0,0,0,0
2026-07-31T19:46:15+00:00,536,0,1,238,297,0,0,0,0
2026-07-31T19:57:14+00:00,536,0,1,238,297,0,0,0,0
2026-07-31T20:08:12+00:00,536,0,1,238,297,0,0,0,0
2026-07-31T20:19:10+00:00,536,0,1,238,297,0,0,0,0
2026-07-31T20:30:09+00:00,536,0,1,238,297,0,0,0,0
2026-07-31T20:41:10+00:00,536,0,1,238,297,0,0,0,0
2026-07-31T20:52:08+00:00,536,0,1,238,297,0,0,0,0
2026-07-31T21:03:08+00:00,536,0,1,238,297,0,0,0,0
2026-07-31T21:14:07+00:00,536,0,1,238,297,0,0,0,0
2026-07-31T21:25:05+00:00,536,0,1,238,297,0,0,0,0
2026-07-31T21:36:03+00:00,536,0,1,238,297,0,0,0,0
2026-07-31T21:47:02+00:00,536,0,1,238,297,0,0,0,0
2026-07-31T21:58:00+00:00,536,0,1,238,297,0,0,0,0
2026-07-31T22:08:57+00:00,536,0,1,238,297,0,0,0,0
2026-07-31T22:19:56+00:00,536,0,1,238,297,0,0,0,0
2026-07-31T22:30:55+00:00,536,0,1,238,297,0,0,0,0
2026-07-31T22:41:54+00:00,536,0,1,238,297,0,0,0,0
2026-07-31T22:52:53+00:00,536,0,1,238,297,0,0,0,0
2026-07-31T23:03:52+00:00,536,0,1,238,297,0,0,0,0
2026-07-31T23:14:51+00:00,536,0,1,238,297,0,0,0,0
2026-07-31T23:25:50+00:00,536,0,1,238,297,0,0,0,0
2026-07-31T23:36:50+00:00,536,0,1,238,297,0,0,0,0
2026-07-31T23:47:48+00:00,536,0,1,238,297,0,0,0,0
2026-08-01T00:10:12+00:00,536,0,1,238,297,0,0,0,0
2026-08-01T00:21:09+00:00,536,0,1,238,297,0,0,0,0
2026-08-01T00:32:09+00:00,536,0,1,238,297,0,0,0,0
2026-08-01T00:43:09+00:00,536,0,1,238,297,0,0,0,0
2026-08-01T00:54:09+00:00,536,0,1,238,297,0,0,0,0
2026-08-01T01:05:09+00:00,536,0,1,238,297,0,0,0,0
2026-08-01T01:16:08+00:00,536,0,1,238,297,0,0,0,0
2026-08-01T01:27:07+00:00,536,0,1,238,297,0,0,0,0
2026-08-01T01:38:06+00:00,536,0,1,238,297,0,0,0,0
2026-08-01T01:49:04+00:00,536,0,1,238,297,0,0,0,0
2026-08-01T02:00:03+00:00,536,0,1,238,297,0,0,0,0
2026-08-01T02:11:03+00:00,536,0,1,238,297,0,0,0,0
2026-08-01T02:22:03+00:00,536,0,1,238,297,0,0,0,0
2026-08-01T02:33:03+00:00,536,0,1,238,297,0,0,0,0
2026-08-01T02:44:02+00:00,536,0,1,238,297,0,0,0,0
2026-08-01T02:55:01+00:00,536,0,1,238,297,0,0,0,0
2026-08-01T03:06:00+00:00,536,0,1,238,297,0,0,0,0
2026-08-01T03:17:00+00:00,536,0,1,238,297,0,0,0,0
2026-08-01T03:28:00+00:00,536,0,1,238,297,0,0,0,0
2026-08-01T03:39:01+00:00,536,0,1,238,297,0,0,0,0
2026-08-01T03:50:00+00:00,536,0,1,238,297,0,0,0,0
2026-08-01T04:00:59+00:00,536,0,1,238,297,0,0,0,0
2026-08-01T04:12:06+00:00,536,0,1,238,297,0,0,0,0
2026-08-01T04:23:07+00:00,536,0,1,238,297,0,0,0,0
2026-08-01T04:34:08+00:00,536,0,1,238,297,0,0,0,0
2026-08-01T04:45:09+00:00,536,0,1,238,297,0,0,0,0
2026-08-01T04:56:28+00:00,536,0,1,238,297,0,0,0,0
2026-08-01T05:07:28+00:00,536,0,1,238,297,0,0,0,0
2026-08-01T05:18:28+00:00,536,0,1,238,297,0,0,0,0
2026-08-01T05:29:27+00:00,536,0,1,238,297,0,0,0,0
2026-08-01T05:40:27+00:00,536,0,1,238,297,0,0,0,0
2026-08-01T05:51:26+00:00,536,0,1,238,297,0,0,0,0
2026-08-01T06:02:26+00:00,536,0,1,238,297,0,0,0,0
2026-08-01T06:13:26+00:00,536,0,1,238,297,0,0,0,0
2026-08-01T06:24:25+00:00,536,0,1,238,297,0,0,0,0
2026-08-01T06:35:27+00:00,536,0,1,238,297,0,0,0,0
2026-08-01T06:46:27+00:00,536,0,1,238,297,0,0,0,0
2026-08-01T06:57:30+00:00,536,0,1,238,297,0,0,0,0
2026-08-01T07:08:29+00:00,536,0,1,238,297,0,0,0,0
2026-08-01T07:19:28+00:00,536,0,1,238,297,0,0,0,0
2026-08-01T07:30:28+00:00,536,0,1,238,297,0,0,0,0
2026-08-01T07:41:27+00:00,536,0,1,238,297,0,0,0,0
2026-08-01T07:52:32+00:00,536,0,1,238,297,0,0,0,0
2026-08-01T08:03:31+00:00,536,0,0,239,297,0,0,0,1
2026-08-01T08:14:30+00:00,536,0,0,239,297,0,0,0,0
2026-08-01T08:25:29+00:00,536,0,0,239,297,0,0,0,0
2026-08-01T08:36:29+00:00,536,0,0,239,297,0,0,0,0
2026-08-01T08:47:28+00:00,536,0,0,239,297,0,0,0,0
2026-08-01T08:58:27+00:00,536,0,0,239,297,0,0,0,0
2026-08-01T09:09:25+00:00,536,0,0,239,297,0,0,0,0
2026-08-01T09:20:24+00:00,536,0,0,239,297,0,0,0,0
2026-08-01T09:31:23+00:00,536,0,0,239,297,0,0,0,0
2026-08-01T09:42:23+00:00,536,0,0,239,297,0,0,0,0
2026-08-01T10:04:42+00:00,536,0,0,239,297,0,0,0,0
2026-08-01T10:15:42+00:00,536,0,0,239,297,0,0,0,0
2026-08-01T10:26:43+00:00,536,0,0,239,297,0,0,0,0
2026-08-01T10:37:44+00:00,536,0,0,239,297,0,0,0,0
2026-08-01T10:48:45+00:00,536,0,0,239,297,0,0,0,0
2026-08-01T10:59:45+00:00,536,0,0,239,297,0,0,0,0
2026-08-01T11:10:46+00:00,536,0,0,239,297,0,0,0,0
2026-08-01T11:21:48+00:00,536,0,0,239,297,0,0,0,0
2026-08-01T11:32:48+00:00,536,0,0,239,297,0,0,0,0
2026-08-01T11:43:49+00:00,536,0,0,239,297,0,0,0,0
2026-08-01T11:54:48+00:00,536,0,0,239,297,0,0,0,0
2026-08-01T12:05:49+00:00,536,0,0,239,297,0,0,0,0
2026-08-01T12:16:49+00:00,536,0,0,239,297,0,0,0,0
2026-08-01T12:27:50+00:00,536,0,0,239,297,0,0,0,0
2026-08-01T12:38:52+00:00,536,0,0,239,297,0,0,0,0
2026-08-01T12:49:52+00:00,536,0,0,239,297,0,0,0,0
2026-08-01T13:00:53+00:00,536,0,0,239,297,0,0,0,0
2026-08-01T13:11:56+00:00,536,0,0,239,297,0,0,0,0
2026-08-01T13:22:58+00:00,536,0,0,239,297,0,0,0,0
2026-08-01T13:34:00+00:00,536,0,0,239,297,0,0,0,0
2026-08-01T13:45:02+00:00,536,0,0,239,297,0,0,0,0
2026-08-01T13:56:02+00:00,536,0,0,239,297,0,0,0,0
2026-08-01T14:07:04+00:00,536,0,0,239,297,0,0,0,0
2026-08-01T14:18:06+00:00,536,0,0,239,297,0,0,0,0
2026-08-01T14:29:07+00:00,536,0,0,239,297,0,0,0,0
2026-08-01T14:40:09+00:00,536,0,0,239,297,0,0,0,0
2026-08-01T15:02:27+00:00,536,0,0,239,297,0,0,0,0
2026-08-01T15:13:25+00:00,536,0,0,239,297,0,0,0,0
2026-08-01T15:24:24+00:00,536,0,0,239,297,0,0,0,0
2026-08-01T15:35:22+00:00,536,0,0,239,297,0,0,0,0
2026-08-01T15:46:20+00:00,536,0,0,239,297,0,0,0,0
2026-08-01T15:57:18+00:00,536,0,0,239,297,0,0,0,0
2026-08-01T16:08:17+00:00,536,0,0,239,297,0,0,0,0
2026-08-01T16:19:16+00:00,536,0,0,239,297,0,0,0,0
2026-08-01T16:30:14+00:00,536,0,0,239,297,0,0,0,0
2026-08-01T16:41:13+00:00,536,0,0,239,297,0,0,0,0
2026-08-01T16:52:12+00:00,536,0,0,239,297,0,0,0,0
2026-08-01T17:03:11+00:00,536,0,0,239,297,0,0,0,0
2026-08-01T17:14:09+00:00,536,0,0,239,297,0,0,0,0
2026-08-01T17:25:08+00:00,536,0,0,239,297,0,0,0,0
2026-08-01T17:36:05+00:00,536,0,0,239,297,0,0,0,0
2026-08-01T17:47:05+00:00,536,0,0,239,297,0,0,0,0
2026-08-01T17:58:04+00:00,536,0,0,239,297,0,0,0,0
2026-08-01T18:09:02+00:00,536,0,0,239,297,0,0,0,0
2026-08-01T18:20:00+00:00,536,0,0,239,297,0,0,0,0
2026-08-01T18:30:58+00:00,536,0,0,239,297,0,0,0,0
2026-08-01T18:41:57+00:00,536,0,0,239,297,0,0,0,0
2026-08-01T18:52:55+00:00,536,0,0,239,297,0,0,0,0
2026-08-01T19:03:54+00:00,536,0,0,239,297,0,0,0,0
2026-08-01T19:14:53+00:00,536,0,0,239,297,0,0,0,0
2026-08-01T19:25:52+00:00,536,0,0,239,297,0,0,0,0
2026-08-01T19:36:51+00:00,536,0,0,239,297,0,0,0,0
2026-08-01T19:59:16+00:00,536,0,0,239,297,0,0,0,0
2026-08-01T20:10:18+00:00,536,0,0,239,297,0,0,0,0
2026-08-01T20:21:20+00:00,536,0,0,239,297,0,0,0,0
2026-08-01T20:32:20+00:00,536,0,0,239,297,0,0,0,0
2026-08-01T20:43:21+00:00,536,0,0,239,297,0,0,0,0
2026-08-01T20:54:22+00:00,536,0,0,239,297,0,0,0,0
2026-08-01T21:05:24+00:00,536,0,0,239,297,0,0,0,0
2026-08-01T21:16:24+00:00,536,0,0,239,297,0,0,0,0
2026-08-01T21:27:26+00:00,536,0,0,239,297,0,0,0,0
2026-08-01T21:38:28+00:00,536,0,0,239,297,0,0,0,0
2026-08-01T21:49:29+00:00,536,0,0,239,297,0,0,0,0
2026-08-01T22:00:29+00:00,536,0,0,239,297,0,0,0,0
2026-08-01T22:11:29+00:00,536,0,0,239,297,0,0,0,0
2026-08-01T22:22:30+00:00,536,0,0,239,297,0,0,0,0
2026-08-01T22:33:32+00:00,536,0,0,239,297,0,0,0,0
2026-08-01T22:44:33+00:00,536,0,0,239,297,0,0,0,0
2026-08-01T22:55:34+00:00,536,0,0,239,297,0,0,0,0
2026-08-01T23:06:37+00:00,536,0,0,239,297,0,0,0,0
2026-08-01T23:17:39+00:00,536,0,0,239,297,0,0,0,0
2026-08-01T23:28:40+00:00,536,0,0,239,297,0,0,0,0
2026-08-01T23:39:43+00:00,536,0,0,239,297,0,0,0,0
2026-08-01T23:50:44+00:00,536,0,0,239,297,0,0,0,0
2026-08-02T00:01:46+00:00,536,0,0,239,297,0,0,0,0
2026-08-02T00:12:50+00:00,536,0,0,239,297,0,0,0,0
2026-08-02T00:23:52+00:00,536,0,0,239,297,0,0,0,0
2026-08-02T00:34:54+00:00,536,0,0,239,297,0,0,0,0
2026-08-02T00:57:15+00:00,536,0,0,239,297,0,0,0,0
2026-08-02T01:08:16+00:00,536,0,0,239,297,0,0,0,0
2026-08-02T01:19:18+00:00,536,0,0,239,297,0,0,0,0
2026-08-02T01:30:24+00:00,536,0,0,239,297,0,0,0,0
2026-08-02T01:41:26+00:00,536,0,0,239,297,0,0,0,0
2026-08-02T01:52:29+00:00,536,0,0,239,297,0,0,0,0
2026-08-02T02:03:33+00:00,536,0,0,239,297,0,0,0,0
2026-08-02T02:14:35+00:00,536,0,0,239,297,0,0,0,0
2026-08-02T02:25:38+00:00,536,0,0,239,297,0,0,0,0
2026-08-02T02:36:40+00:00,536,0,0,239,297,0,0,0,0
2026-08-02T02:47:43+00:00,536,0,0,239,297,0,0,0,0
2026-08-02T02:58:46+00:00,536,0,0,239,297,0,0,0,0
2026-08-02T03:09:48+00:00,536,0,0,239,297,0,0,0,0
2026-08-02T03:20:50+00:00,536,0,0,239,297,0,0,0,0
2026-08-02T03:31:52+00:00,536,0,0,239,297,0,0,0,0
2026-08-02T03:42:53+00:00,536,0,0,239,297,0,0,0,0
2026-08-02T03:53:56+00:00,536,0,0,239,297,0,0,0,0
2026-08-02T04:04:58+00:00,536,0,0,239,297,0,0,0,0
2026-08-02T04:16:00+00:00,536,0,0,239,297,0,0,0,0
2026-08-02T04:27:02+00:00,536,0,0,239,297,0,0,0,0
2026-08-02T04:38:04+00:00,536,0,0,239,297,0,0,0,0
2026-08-02T04:49:06+00:00,536,0,0,239,297,0,0,0,0
2026-08-02T05:00:08+00:00,536,0,0,239,297,0,0,0,0
2026-08-02T05:11:09+00:00,536,0,0,239,297,0,0,0,0
2026-08-02T05:22:10+00:00,536,0,0,239,297,0,0,0,0
2026-08-02T05:33:12+00:00,536,0,0,239,297,0,0,0,0
2026-08-02T05:55:36+00:00,536,0,0,239,297,0,0,0,0
2026-08-02T06:06:40+00:00,536,0,0,239,297,0,0,0,0
2026-08-02T06:17:43+00:00,536,0,0,239,297,0,0,0,0
2026-08-02T06:28:47+00:00,536,0,0,239,297,0,0,0,0
2026-08-02T06:39:50+00:00,536,0,0,239,297,0,0,0,0
2026-08-02T06:50:54+00:00,536,0,0,239,297,0,0,0,0
2026-08-02T07:01:58+00:00,536,0,0,239,297,0,0,0,0
2026-08-02T07:13:01+00:00,536,0,0,239,297,0,0,0,0
2026-08-02T07:24:05+00:00,536,0,0,239,297,0,0,0,0
2026-08-02T07:35:08+00:00,536,0,0,239,297,0,0,0,0
2026-08-02T07:46:11+00:00,536,0,0,239,297,0,0,0,0
2026-08-02T07:57:15+00:00,536,0,0,239,297,0,0,0,0
2026-08-02T08:08:19+00:00,536,0,0,239,297,0,0,0,0
2026-08-02T08:19:23+00:00,536,0,0,239,297,0,0,0,0
2026-08-02T08:30:26+00:00,536,0,0,239,297,0,0,0,0
2026-08-02T08:41:29+00:00,536,0,0,239,297,0,0,0,0
2026-08-02T08:52:34+00:00,536,0,0,239,297,0,0,0,0
2026-08-02T09:03:38+00:00,536,0,0,239,297,0,0,0,0
2026-08-02T09:14:42+00:00,536,0,0,239,297,0,0,0,0
2026-08-02T09:25:45+00:00,536,0,0,239,297,0,0,0,0
2026-08-02T09:36:49+00:00,536,0,0,239,297,0,0,0,0
2026-08-02T09:47:53+00:00,536,0,0,239,297,0,0,0,0
2026-08-02T09:58:57+00:00,536,0,0,239,297,0,0,0,0
2026-08-02T10:10:01+00:00,536,0,0,239,297,0,0,0,0
2026-08-02T10:21:04+00:00,536,0,0,239,297,0,0,0,0
2026-08-02T10:32:08+00:00,536,0,0,239,297,0,0,0,0
2026-08-02T10:54:35+00:00,536,0,0,239,297,0,0,0,0
2026-08-02T11:05:37+00:00,536,0,0,239,297,0,0,0,0
2026-08-02T11:16:43+00:00,536,0,0,239,297,0,0,0,0
2026-08-02T11:27:47+00:00,536,0,0,239,297,0,0,0,0
2026-08-02T11:38:51+00:00,536,0,0,239,297,0,0,0,0
2026-08-02T11:49:55+00:00,536,0,0,239,297,0,0,0,0
2026-08-02T12:01:01+00:00,536,0,0,239,297,0,0,0,0
2026-08-02T12:12:05+00:00,536,0,0,239,297,0,0,0,0
2026-08-02T12:23:08+00:00,536,0,0,239,297,0,0,0,0
2026-08-02T12:34:12+00:00,536,0,0,239,297,0,0,0,0
2026-08-02T12:45:17+00:00,536,0,0,239,297,0,0,0,0
2026-08-02T12:56:21+00:00,536,0,0,239,297,0,0,0,0
2026-08-02T13:07:26+00:00,536,0,0,239,297,0,0,0,0
2026-08-02T13:18:31+00:00,536,0,0,239,297,0,0,0,0
2026-08-02T13:29:37+00:00,536,0,0,239,297,0,0,0,0
2026-08-02T13:40:42+00:00,536,0,0,239,297,0,0,0,0
2026-08-02T13:51:48+00:00,536,0,0,239,297,0,0,0,0
2026-08-02T14:02:52+00:00,536,0,0,239,297,0,0,0,0
2026-08-02T14:13:56+00:00,536,0,0,239,297,0,0,0,0
2026-08-02T14:25:00+00:00,536,0,0,239,297,0,0,0,0
2026-08-02T14:36:07+00:00,536,0,0,239,297,0,0,0,0
2026-08-02T14:47:11+00:00,536,0,0,239,297,0,0,0,0
2026-08-02T14:58:15+00:00,536,0,0,239,297,0,0,0,0
2026-08-02T15:09:19+00:00,536,0,0,239,297,0,0,0,0
2026-08-02T15:20:24+00:00,536,0,0,239,297,0,0,0,0
2026-08-02T15:31:27+00:00,536,0,0,239,297,0,0,0,0
2026-08-02T15:53:53+00:00,536,0,0,239,297,0,0,0,0
2026-08-02T16:04:56+00:00,536,0,0,239,297,0,0,0,0
2026-08-02T16:16:00+00:00,536,0,0,239,297,0,0,0,0
2026-08-02T16:27:04+00:00,536,0,0,239,297,0,0,0,0
2026-08-02T16:38:08+00:00,536,0,0,239,297,0,0,0,0
2026-08-02T16:49:11+00:00,536,0,0,239,297,0,0,0,0
2026-08-02T17:00:15+00:00,536,0,0,239,297,0,0,0,0
2026-08-02T17:11:19+00:00,536,0,0,239,297,0,0,0,0
2026-08-02T17:22:23+00:00,536,0,0,239,297,0,0,0,0
2026-08-02T17:33:27+00:00,536,0,0,239,297,0,0,0,0
2026-08-02T17:44:31+00:00,536,0,0,239,297,0,0,0,0
2026-08-02T17:55:35+00:00,536,0,0,239,297,0,0,0,0
2026-08-02T18:06:39+00:00,536,0,0,239,297,0,0,0,0
2026-08-02T18:17:43+00:00,536,0,0,239,297,0,0,0,0
2026-08-02T18:28:47+00:00,536,0,0,239,297,0,0,0,0
2026-08-02T18:39:52+00:00,536,0,0,239,297,0,0,0,0
2026-08-02T18:50:56+00:00,536,0,0,239,297,0,0,0,0
2026-08-02T19:02:02+00:00,536,0,0,239,297,0,0,0,0
2026-08-02T19:13:06+00:00,536,0,0,239,297,0,0,0,0
2026-08-02T19:24:10+00:00,536,0,0,239,297,0,0,0,0
2026-08-02T19:35:14+00:00,536,0,0,239,297,0,0,0,0
2026-08-02T19:46:19+00:00,536,0,0,239,297,0,0,0,0
2026-08-02T19:57:24+00:00,536,0,0,239,297,0,0,0,0
2026-08-02T20:08:28+00:00,536,0,0,239,297,0,0,0,0
2026-08-02T20:19:32+00:00,536,0,0,239,297,0,0,0,0
2026-08-02T20:30:37+00:00,536,0,0,239,297,0,0,0,0
2026-08-02T20:53:10+00:00,536,0,0,239,297,0,0,0,0
2026-08-02T21:04:16+00:00,536,0,0,239,297,0,0,0,0
2026-08-02T21:15:23+00:00,536,0,0,239,297,0,0,0,0
2026-08-02T21:26:29+00:00,536,0,0,239,297,0,0,0,0
2026-08-02T21:37:34+00:00,536,0,0,239,297,0,0,0,0
2026-08-02T21:48:39+00:00,536,0,0,239,297,0,0,0,0
2026-08-02T21:59:45+00:00,536,0,0,239,297,0,0,0,0
2026-08-02T22:10:51+00:00,536,0,0,239,297,0,0,0,0
2026-08-02T22:21:57+00:00,536,0,0,239,297,0,0,0,0
2026-08-02T22:33:02+00:00,536,0,0,239,297,0,0,0,0
2026-08-02T22:44:07+00:00,536,0,0,239,297,0,0,0,0
2026-08-02T22:55:20+00:00,536,0,0,239,297,0,0,0,0
2026-08-02T23:06:25+00:00,536,0,0,239,297,0,0,0,0
2026-08-02T23:17:31+00:00,536,0,0,239,297,0,0,0,0
2026-08-02T23:28:38+00:00,536,0,0,239,297,0,0,0,0
2026-08-02T23:39:44+00:00,536,0,0,239,297,0,0,0,0
2026-08-02T23:50:51+00:00,536,0,0,239,297,0,0,0,0
2026-08-03T00:01:57+00:00,536,0,0,239,297,0,0,0,0
2026-08-03T00:13:02+00:00,536,0,0,239,297,0,0,0,0
2026-08-03T00:24:08+00:00,536,0,0,239,297,0,0,0,0
2026-08-03T00:35:14+00:00,536,0,0,239,297,0,0,0,0
2026-08-03T00:46:20+00:00,536,0,0,239,297,0,0,0,0
2026-08-03T00:57:26+00:00,536,0,0,239,297,0,0,0,0
2026-08-03T01:08:33+00:00,536,0,0,239,297,0,0,0,0
2026-08-03T01:19:40+00:00,536,0,0,239,297,0,0,0,0
2026-08-03T01:30:46+00:00,536,0,0,239,297,0,0,0,0
2026-08-03T01:53:17+00:00,536,0,0,239,297,0,0,0,0
2026-08-03T02:04:22+00:00,536,0,0,239,297,0,0,0,0
2026-08-03T02:15:28+00:00,536,0,0,239,297,0,0,0,0
2026-08-03T02:26:33+00:00,536,0,0,239,297,0,0,0,0
2026-08-03T02:37:38+00:00,536,0,0,239,297,0,0,0,0
2026-08-03T02:48:43+00:00,536,0,0,239,297,0,0,0,0
2026-08-03T02:59:48+00:00,536,0,0,239,297,0,0,0,0
2026-08-03T03:10:53+00:00,536,0,0,239,297,0,0,0,0
2026-08-03T03:21:58+00:00,536,0,0,239,297,0,0,0,0
2026-08-03T03:33:04+00:00,536,0,0,239,297,0,0,0,0
2026-08-03T03:44:09+00:00,536,0,0,239,297,0,0,0,0
2026-08-03T03:55:15+00:00,536,0,0,239,297,0,0,0,0
2026-08-03T04:06:21+00:00,536,0,0,239,297,0,0,0,0
2026-08-03T04:17:28+00:00,536,0,0,239,297,0,0,0,0
2026-08-03T04:28:33+00:00,536,0,0,239,297,0,0,0,0
2026-08-03T04:39:40+00:00,536,0,0,239,297,0,0,0,0
2026-08-03T04:50:45+00:00,536,0,0,239,297,0,0,0,0
2026-08-03T05:01:51+00:00,536,0,0,239,297,0,0,0,0
2026-08-03T05:12:57+00:00,536,0,0,239,297,0,0,0,0
2026-08-03T05:24:04+00:00,536,0,0,239,297,0,0,0,0
2026-08-03T05:35:11+00:00,536,0,0,239,297,0,0,0,0
2026-08-03T05:46:15+00:00,536,0,0,239,297,0,0,0,0
2026-08-03T05:57:22+00:00,536,0,0,239,297,0,0,0,0
2026-08-03T06:08:28+00:00,536,0,0,239,297,0,0,0,0
2026-08-03T06:19:34+00:00,536,0,0,239,297,0,0,0,0
2026-08-03T06:30:40+00:00,536,0,0,239,297,0,0,0,0
2026-08-03T06:53:27+00:00,536,0,0,239,297,0,0,0,0
2026-08-03T07:04:34+00:00,536,0,0,239,297,0,0,0,0
2026-08-03T07:15:43+00:00,536,0,0,239,297,0,0,0,0
2026-08-03T07:26:51+00:00,536,0,0,239,297,0,0,0,0
2026-08-03T07:38:37+00:00,536,0,0,239,297,0,0,0,0
2026-08-03T07:50:15+00:00,536,0,0,239,297,0,0,0,0
2026-08-03T08:01:22+00:00,536,0,0,239,297,0,0,0,0
2026-08-03T08:13:35+00:00,536,0,0,239,297,0,0,0,0
2026-08-03T08:25:20+00:00,536,0,0,239,297,0,0,0,0
2026-08-03T08:36:29+00:00,536,0,0,239,297,0,0,0,0
2026-08-03T08:48:33+00:00,536,0,0,239,297,0,0,0,0
2026-08-03T09:00:51+00:00,536,0,0,239,297,0,0,0,0
2026-08-03T09:13:17+00:00,536,0,0,239,297,0,0,0,0
2026-08-03T09:25:39+00:00,536,0,0,239,297,0,0,0,0
2026-08-03T09:38:06+00:00,536,0,0,239,297,0,0,0,0
2026-08-03T09:46:44+00:00,536,0,0,239,297,0,0,0,0
2026-08-03T09:57:50+00:00,536,0,0,239,297,0,0,0,0
2026-08-03T10:08:57+00:00,536,0,0,239,297,0,0,0,0
2026-08-03T10:20:04+00:00,536,0,0,239,297,0,0,0,0
2026-08-03T10:31:09+00:00,536,0,0,239,297,0,0,0,0
2026-08-03T10:42:16+00:00,536,0,0,239,297,0,0,0,0
2026-08-03T10:53:24+00:00,536,0,0,239,297,0,0,0,0
2026-08-03T11:04:32+00:00,536,0,0,239,297,0,0,0,0
2026-08-03T11:15:38+00:00,536,0,0,239,297,0,0,0,0
2026-08-03T11:26:45+00:00,536,0,0,239,297,0,0,0,0
2026-08-03T11:37:51+00:00,536,0,0,239,297,0,0,0,0
2026-08-03T11:48:58+00:00,536,0,0,239,297,0,0,0,0
2026-08-03T12:00:05+00:00,536,0,0,239,297,0,0,0,0
2026-08-03T12:11:12+00:00,536,0,0,239,297,0,0,0,0
2026-08-03T12:22:19+00:00,536,0,0,239,297,0,0,0,0
2026-08-03T12:33:26+00:00,536,0,0,239,297,0,0,0,0
2026-08-03T12:44:33+00:00,536,0,0,239,297,0,0,0,0
2026-08-03T12:55:41+00:00,536,0,0,239,297,0,0,0,0
2026-08-03T13:06:49+00:00,536,0,0,239,297,0,0,0,0
2026-08-03T13:17:57+00:00,536,0,0,239,297,0,0,0,0
2026-08-03T13:29:05+00:00,536,0,0,239,297,0,0,0,0
2026-08-03T13:40:13+00:00,536,0,0,239,297,0,0,0,0
2026-08-03T13:51:22+00:00,536,0,0,239,297,0,0,0,0
2026-08-03T14:47:04+00:00,536,0,0,239,297,0,0,0,0
2026-08-03T14:57:58+00:00,536,0,0,239,297,0,0,0,0
2026-08-03T15:08:51+00:00,536,0,0,239,297,0,0,0,0
2026-08-03T15:19:45+00:00,536,0,0,239,297,0,0,0,0
2026-08-03T15:30:38+00:00,536,0,0,239,297,0,0,0,0
2026-08-03T15:41:31+00:00,536,0,0,239,297,0,0,0,0
2026-08-03T15:52:23+00:00,536,0,0,239,297,0,0,0,0
2026-08-03T16:03:16+00:00,536,0,0,239,297,0,0,0,0
2026-08-03T16:14:09+00:00,536,0,0,239,297,0,0,0,0
2026-08-03T16:25:06+00:00,536,0,0,239,297,0,0,0,0
2026-08-03T16:35:58+00:00,536,0,0,239,297,0,0,0,0
2026-08-03T16:46:51+00:00,536,0,0,239,297,0,0,0,0
2026-08-03T16:57:44+00:00,536,0,0,239,297,0,0,0,0
2026-08-03T17:08:38+00:00,536,0,0,239,297,0,0,0,0
2026-08-03T17:19:32+00:00,536,0,0,239,297,0,0,0,0
2026-08-03T17:30:25+00:00,536,0,0,239,297,0,0,0,0
2026-08-03T17:41:18+00:00,536,0,0,239,297,0,0,0,0
2026-08-03T17:52:12+00:00,536,0,0,239,297,0,0,0,0
2026-08-03T18:03:06+00:00,536,0,0,239,297,0,0,0,0
2026-08-03T18:13:59+00:00,536,0,0,239,297,0,0,0,0
2026-08-03T18:24:52+00:00,536,0,0,239,297,0,0,0,0
2026-08-03T19:41:46+00:00,536,0,0,239,297,0,0,0,0
2026-08-03T19:52:53+00:00,536,0,0,239,297,0,0,0,0
2026-08-03T20:04:00+00:00,536,0,0,239,297,0,0,0,0
2026-08-03T20:15:08+00:00,536,0,0,239,297,0,1,0,1
2026-08-03T20:26:15+00:00,536,0,0,239,297,0,1,0,0
2026-08-03T20:37:23+00:00,536,0,0,239,297,0,1,0,0
2026-08-03T20:48:35+00:00,536,0,0,239,297,0,1,0,0
2026-08-03T20:59:43+00:00,536,0,0,239,297,0,1,0,0
2026-08-03T21:10:51+00:00,536,0,0,239,297,0,1,0,0
2026-08-03T21:21:58+00:00,536,0,0,239,297,0,0,0,1
2026-08-03T21:33:06+00:00,536,0,0,239,297,0,0,0,0
2026-08-03T21:44:13+00:00,536,0,0,239,297,0,0,0,0
2026-08-03T21:55:22+00:00,536,0,0,239,297,0,0,0,0
2026-08-03T22:06:29+00:00,536,0,0,239,297,0,0,0,0
2026-08-03T22:17:37+00:00,536,0,0,239,297,0,0,0,0
2026-08-03T22:28:47+00:00,536,0,0,239,297,0,0,0,0
2026-08-03T22:39:56+00:00,536,0,0,239,297,0,0,0,0
2026-08-03T22:51:03+00:00,536,0,0,239,297,0,0,0,0
2026-08-03T23:02:10+00:00,536,0,0,239,297,0,0,0,0
2026-08-03T23:13:17+00:00,536,0,0,239,297,0,0,0,0
2026-08-03T23:24:24+00:00,536,0,0,239,297,0,0,0,0
2026-08-03T23:35:31+00:00,536,0,0,239,297,0,0,0,0
2026-08-03T23:46:39+00:00,536,0,0,239,297,0,0,0,0
2026-08-04T00:42:38+00:00,536,0,0,239,297,0,0,0,0
2026-08-04T00:53:49+00:00,536,0,0,239,297,0,0,0,0
2026-08-04T01:04:56+00:00,536,0,0,239,297,0,0,0,0
2026-08-04T01:16:05+00:00,536,0,0,239,297,0,0,0,0
2026-08-04T01:27:14+00:00,536,0,0,239,297,0,0,0,0
2026-08-04T01:38:23+00:00,536,0,0,239,297,0,0,0,0
2026-08-04T01:49:32+00:00,536,0,0,239,297,0,0,0,0
2026-08-04T02:00:41+00:00,536,0,0,239,297,0,0,0,0
2026-08-04T02:11:49+00:00,536,0,0,239,297,0,0,0,0
2026-08-04T02:22:59+00:00,536,0,0,239,297,0,0,0,0
2026-08-04T02:34:08+00:00,536,0,0,239,297,0,0,0,0
2026-08-04T02:45:15+00:00,536,0,0,239,297,0,0,0,0
2026-08-04T05:44:07+00:00,536,0,0,239,297,0,0,0,0
2026-08-04T05:55:18+00:00,536,0,0,239,297,0,0,0,0
2026-08-04T06:06:27+00:00,536,0,0,239,297,0,1,0,1
2026-08-04T06:17:36+00:00,536,0,0,239,297,0,1,0,0
2026-08-04T06:28:44+00:00,536,0,0,239,297,0,1,0,0
2026-08-04T06:39:53+00:00,536,0,0,239,297,0,1,0,0
2026-08-04T06:51:11+00:00,536,0,0,239,297,0,1,0,0
2026-08-04T07:02:20+00:00,536,0,0,239,297,0,1,0,0
2026-08-04T07:13:29+00:00,536,0,0,239,297,0,1,0,0
2026-08-04T07:24:40+00:00,536,0,0,239,297,0,1,0,0
2026-08-04T07:35:51+00:00,536,0,0,239,297,0,1,0,0
2026-08-04T07:47:01+00:00,536,0,0,239,297,0,1,0,0
2026-08-04T07:58:10+00:00,536,0,0,239,297,0,1,0,0
2026-08-04T08:09:20+00:00,536,0,1,238,297,0,0,1,3
2026-08-04T08:20:29+00:00,536,0,1,238,297,0,0,1,0
2026-08-04T08:31:39+00:00,536,0,1,238,297,0,0,1,0
2026-08-04T08:42:48+00:00,536,0,1,238,297,0,0,1,0
2026-08-04T10:34:30+00:00,536,0,1,238,297,0,0,0,1
2026-08-04T10:45:27+00:00,536,0,1,238,297,0,0,0,0
2026-08-04T10:56:23+00:00,536,0,1,238,297,0,0,0,0
2026-08-04T11:07:19+00:00,536,0,1,238,297,0,0,0,0
2026-08-04T11:18:13+00:00,536,0,1,238,297,0,0,0,0
2026-08-04T11:29:09+00:00,536,0,1,238,297,0,0,0,0
2026-08-04T11:40:04+00:00,536,0,1,238,297,0,0,0,0
2026-08-04T11:51:00+00:00,536,0,1,238,297,0,1,0,1
2026-08-04T12:01:58+00:00,536,1,0,238,297,0,0,1,3
2026-08-04T12:12:54+00:00,536,1,0,238,297,0,0,1,0
2026-08-04T12:23:49+00:00,536,1,0,238,297,0,0,1,0
2026-08-04T12:34:43+00:00,536,1,0,238,297,0,0,1,0
2026-08-04T12:45:38+00:00,536,1,0,238,297,0,0,1,0
2026-08-04T12:56:33+00:00,536,1,0,238,297,0,0,1,0
2026-08-04T13:07:29+00:00,536,1,0,238,297,0,0,0,1
2026-08-04T15:30:12+00:00,536,1,0,238,297,0,0,0,0
2026-08-04T15:41:23+00:00,536,1,0,238,297,0,0,0,0
2026-08-04T15:52:33+00:00,536,1,0,238,297,0,0,0,0
