ts,ccy,rate,quota,reason,inst_id,interval_h
2026-07-20T05:11:59+00:00,LRC,0.00103032,150000.0,short_interval,LRC-USDT-SWAP,1.0
2026-07-20T05:11:59+00:00,BTC,1.392e-05,175.0,control,,0.0
2026-07-20T05:11:59+00:00,ETH,4.128e-05,7000.0,control,,0.0
2026-07-20T05:11:59+00:00,USDT,6.864e-05,5000000.0,control,,0.0
2026-07-20T05:12:38+00:00,LRC,0.00103032,150000.0,short_interval,LRC-USDT-SWAP,1.0
2026-07-20T05:12:38+00:00,BTC,1.392e-05,175.0,control,,0.0
2026-07-20T05:12:38+00:00,ETH,4.128e-05,7000.0,control,,0.0
2026-07-20T05:12:38+00:00,USDT,6.864e-05,5000000.0,control,,0.0
2026-07-20T05:25:40+00:00,LRC,0.00103032,150000.0,short_interval,LRC-USDT-SWAP,1.0
2026-07-20T05:25:40+00:00,BTC,1.392e-05,175.0,control,,0.0
2026-07-20T05:25:40+00:00,ETH,4.128e-05,7000.0,control,,0.0
2026-07-20T05:25:40+00:00,USDT,6.864e-05,5000000.0,control,,0.0
2026-07-20T05:35:50+00:00,LRC,0.00103032,150000.0,short_interval,LRC-USDT-SWAP,1.0
2026-07-20T05:35:50+00:00,BTC,1.392e-05,175.0,control,,0.0
2026-07-20T05:35:50+00:00,ETH,4.128e-05,7000.0,control,,0.0
2026-07-20T05:35:50+00:00,USDT,6.864e-05,5000000.0,control,,0.0
2026-07-20T05:46:00+00:00,LRC,0.00103032,150000.0,short_interval,LRC-USDT-SWAP,1.0
2026-07-20T05:46:00+00:00,BTC,1.392e-05,175.0,control,,0.0
2026-07-20T05:46:00+00:00,ETH,4.128e-05,7000.0,control,,0.0
2026-07-20T05:46:00+00:00,USDT,6.864e-05,5000000.0,control,,0.0
2026-07-20T05:56:11+00:00,LRC,0.00103032,150000.0,short_interval,LRC-USDT-SWAP,1.0
2026-07-20T05:56:11+00:00,BTC,1.392e-05,175.0,control,,0.0
2026-07-20T05:56:11+00:00,ETH,4.128e-05,7000.0,control,,0.0
2026-07-20T05:56:11+00:00,USDT,6.864e-05,5000000.0,control,,0.0
2026-07-20T06:06:21+00:00,LRC,0.00108768,150000.0,short_interval,LRC-USDT-SWAP,1.0
2026-07-20T06:06:21+00:00,BTC,1.392e-05,175.0,control,,0.0
2026-07-20T06:06:21+00:00,ETH,4.128e-05,7000.0,control,,0.0
2026-07-20T06:06:21+00:00,USDT,6.864e-05,5000000.0,control,,0.0
2026-07-20T06:16:32+00:00,LRC,0.00108768,150000.0,short_interval,LRC-USDT-SWAP,1.0
2026-07-20T06:16:32+00:00,BTC,1.392e-05,175.0,control,,0.0
2026-07-20T06:16:32+00:00,ETH,4.128e-05,7000.0,control,,0.0
2026-07-20T06:16:32+00:00,USDT,6.864e-05,5000000.0,control,,0.0
2026-07-20T06:26:42+00:00,LRC,0.00108768,150000.0,short_interval,LRC-USDT-SWAP,1.0
2026-07-20T06:26:42+00:00,BTC,1.392e-05,175.0,control,,0.0
2026-07-20T06:26:42+00:00,ETH,4.128e-05,7000.0,control,,0.0
2026-07-20T06:26:42+00:00,USDT,6.864e-05,5000000.0,control,,0.0
2026-07-20T06:36:52+00:00,LRC,0.00108768,150000.0,short_interval,LRC-USDT-SWAP,1.0
2026-07-20T06:36:52+00:00,BTC,1.392e-05,175.0,control,,0.0
2026-07-20T06:36:52+00:00,ETH,4.128e-05,7000.0,control,,0.0
2026-07-20T06:36:52+00:00,USDT,6.864e-05,5000000.0,control,,0.0
2026-07-20T06:47:02+00:00,LRC,0.00108768,150000.0,short_interval,LRC-USDT-SWAP,1.0
2026-07-20T06:47:02+00:00,BTC,1.392e-05,175.0,control,,0.0
2026-07-20T06:47:02+00:00,ETH,4.128e-05,7000.0,control,,0.0
2026-07-20T06:47:02+00:00,USDT,6.864e-05,5000000.0,control,,0.0
2026-07-20T06:57:12+00:00,LRC,0.00108768,150000.0,short_interval,LRC-USDT-SWAP,1.0
2026-07-20T06:57:12+00:00,BTC,1.392e-05,175.0,control,,0.0
2026-07-20T06:57:12+00:00,ETH,4.128e-05,7000.0,control,,0.0
2026-07-20T06:57:12+00:00,USDT,6.864e-05,5000000.0,control,,0.0
2026-07-20T07:07:23+00:00,LRC,0.00109056,150000.0,short_interval,LRC-USDT-SWAP,1.0
2026-07-20T07:07:23+00:00,BTC,1.392e-05,175.0,control,,0.0
2026-07-20T07:07:23+00:00,ETH,4.128e-05,7000.0,control,,0.0
2026-07-20T07:07:23+00:00,USDT,6.864e-05,5000000.0,control,,0.0
2026-07-20T07:17:32+00:00,LRC,0.00109056,150000.0,short_interval,LRC-USDT-SWAP,1.0
2026-07-20T07:17:32+00:00,BTC,1.392e-05,175.0,control,,0.0
2026-07-20T07:17:32+00:00,ETH,4.128e-05,7000.0,control,,0.0
2026-07-20T07:17:32+00:00,USDT,6.864e-05,5000000.0,control,,0.0
2026-07-20T07:27:42+00:00,LRC,0.00109056,150000.0,short_interval,LRC-USDT-SWAP,1.0
2026-07-20T07:27:42+00:00,BTC,1.392e-05,175.0,control,,0.0
2026-07-20T07:27:42+00:00,ETH,4.128e-05,7000.0,control,,0.0
2026-07-20T07:27:42+00:00,USDT,6.864e-05,5000000.0,control,,0.0
2026-07-20T07:37:52+00:00,LRC,0.00109056,150000.0,short_interval,LRC-USDT-SWAP,1.0
2026-07-20T07:37:52+00:00,BTC,1.392e-05,175.0,control,,0.0
2026-07-20T07:37:52+00:00,ETH,4.128e-05,7000.0,control,,0.0
2026-07-20T07:37:52+00:00,USDT,6.864e-05,5000000.0,control,,0.0
2026-07-20T07:48:02+00:00,LRC,0.00109056,150000.0,short_interval,LRC-USDT-SWAP,1.0
2026-07-20T07:48:02+00:00,BTC,1.392e-05,175.0,control,,0.0
2026-07-20T07:48:02+00:00,ETH,4.128e-05,7000.0,control,,0.0
2026-07-20T07:48:02+00:00,USDT,6.864e-05,5000000.0,control,,0.0
2026-07-20T07:58:12+00:00,LRC,0.00109056,150000.0,short_interval,LRC-USDT-SWAP,1.0
2026-07-20T07:58:12+00:00,BTC,1.392e-05,175.0,control,,0.0
2026-07-20T07:58:12+00:00,ETH,4.128e-05,7000.0,control,,0.0
2026-07-20T07:58:12+00:00,USDT,6.864e-05,5000000.0,control,,0.0
2026-07-21T05:32:15+00:00,LA,,0.0,pinned_at_cap|NOT_BORROWABLE,LA-USDT-SWAP,4.0
2026-07-21T05:32:15+00:00,BTC,1.392e-05,175.0,control,,0.0
2026-07-21T05:32:15+00:00,ETH,4.128e-05,7000.0,control,,0.0
2026-07-21T05:32:15+00:00,USDT,6.864e-05,5000000.0,control,,0.0
2026-07-21T05:42:24+00:00,LA,,0.0,pinned_at_cap|NOT_BORROWABLE,LA-USDT-SWAP,4.0
2026-07-21T05:42:24+00:00,BTC,1.392e-05,175.0,control,,0.0
2026-07-21T05:42:24+00:00,ETH,4.128e-05,7000.0,control,,0.0
2026-07-21T05:42:24+00:00,USDT,6.864e-05,5000000.0,control,,0.0
2026-07-21T05:52:34+00:00,LA,,0.0,pinned_at_cap|NOT_BORROWABLE,LA-USDT-SWAP,4.0
2026-07-21T05:52:34+00:00,BTC,1.392e-05,175.0,control,,0.0
2026-07-21T05:52:34+00:00,ETH,4.128e-05,7000.0,control,,0.0
2026-07-21T05:52:34+00:00,USDT,6.864e-05,5000000.0,control,,0.0
2026-07-21T06:02:44+00:00,LA,,0.0,pinned_at_cap|NOT_BORROWABLE,LA-USDT-SWAP,4.0
2026-07-21T06:02:44+00:00,BTC,1.392e-05,175.0,control,,0.0
2026-07-21T06:02:44+00:00,ETH,4.128e-05,7000.0,control,,0.0
2026-07-21T06:02:44+00:00,USDT,6.864e-05,5000000.0,control,,0.0
2026-07-21T06:12:54+00:00,LA,,0.0,pinned_at_cap|NOT_BORROWABLE,LA-USDT-SWAP,4.0
2026-07-21T06:12:54+00:00,BTC,1.392e-05,175.0,control,,0.0
2026-07-21T06:12:54+00:00,ETH,4.128e-05,7000.0,control,,0.0
2026-07-21T06:12:54+00:00,USDT,6.864e-05,5000000.0,control,,0.0
2026-07-21T06:23:04+00:00,LA,,0.0,pinned_at_cap|NOT_BORROWABLE,LA-USDT-SWAP,4.0
2026-07-21T06:23:04+00:00,BTC,1.392e-05,175.0,control,,0.0
2026-07-21T06:23:04+00:00,ETH,4.128e-05,7000.0,control,,0.0
2026-07-21T06:23:04+00:00,USDT,6.864e-05,5000000.0,control,,0.0
2026-07-21T06:33:15+00:00,LA,,0.0,pinned_at_cap|NOT_BORROWABLE,LA-USDT-SWAP,4.0
2026-07-21T06:33:15+00:00,BTC,1.392e-05,175.0,control,,0.0
2026-07-21T06:33:15+00:00,ETH,4.128e-05,7000.0,control,,0.0
2026-07-21T06:33:15+00:00,USDT,6.864e-05,5000000.0,control,,0.0
2026-07-21T06:43:25+00:00,LA,,0.0,pinned_at_cap|NOT_BORROWABLE,LA-USDT-SWAP,4.0
2026-07-21T06:43:25+00:00,BTC,1.392e-05,175.0,control,,0.0
2026-07-21T06:43:25+00:00,ETH,4.128e-05,7000.0,control,,0.0
2026-07-21T06:43:25+00:00,USDT,6.864e-05,5000000.0,control,,0.0
2026-07-21T06:53:34+00:00,LA,,0.0,pinned_at_cap|NOT_BORROWABLE,LA-USDT-SWAP,4.0
2026-07-21T06:53:34+00:00,BTC,1.392e-05,175.0,control,,0.0
2026-07-21T06:53:34+00:00,ETH,4.128e-05,7000.0,control,,0.0
2026-07-21T06:53:34+00:00,USDT,6.864e-05,5000000.0,control,,0.0
2026-07-21T07:03:45+00:00,LA,,0.0,pinned_at_cap|NOT_BORROWABLE,LA-USDT-SWAP,4.0
2026-07-21T07:03:45+00:00,BTC,1.392e-05,175.0,control,,0.0
2026-07-21T07:03:45+00:00,ETH,4.128e-05,7000.0,control,,0.0
2026-07-21T07:03:45+00:00,USDT,6.864e-05,5000000.0,control,,0.0
2026-07-21T07:13:56+00:00,LA,,0.0,pinned_at_cap|NOT_BORROWABLE,LA-USDT-SWAP,4.0
2026-07-21T07:13:56+00:00,BTC,1.392e-05,175.0,control,,0.0
2026-07-21T07:13:56+00:00,ETH,4.128e-05,7000.0,control,,0.0
2026-07-21T07:13:56+00:00,USDT,6.864e-05,5000000.0,control,,0.0
2026-07-21T07:24:06+00:00,LA,,0.0,pinned_at_cap|NOT_BORROWABLE,LA-USDT-SWAP,4.0
2026-07-21T07:24:06+00:00,BTC,1.392e-05,175.0,control,,0.0
2026-07-21T07:24:06+00:00,ETH,4.128e-05,7000.0,control,,0.0
2026-07-21T07:24:06+00:00,USDT,6.864e-05,5000000.0,control,,0.0
2026-07-21T07:34:17+00:00,LA,,0.0,pinned_at_cap|NOT_BORROWABLE,LA-USDT-SWAP,4.0
2026-07-21T07:34:17+00:00,BTC,1.392e-05,175.0,control,,0.0
2026-07-21T07:34:17+00:00,ETH,4.128e-05,7000.0,control,,0.0
2026-07-21T07:34:17+00:00,USDT,6.864e-05,5000000.0,control,,0.0
2026-07-21T12:09:33+00:00,LA,,0.0,pinned_at_cap|NOT_BORROWABLE,LA-USDT-SWAP,4.0
2026-07-21T12:09:33+00:00,BTC,1.392e-05,175.0,control,,0.0
2026-07-21T12:09:33+00:00,ETH,4.128e-05,7000.0,control,,0.0
2026-07-21T12:09:33+00:00,USDT,6.864e-05,5000000.0,control,,0.0
2026-07-21T12:19:45+00:00,LA,,0.0,pinned_at_cap|NOT_BORROWABLE,LA-USDT-SWAP,4.0
2026-07-21T12:19:45+00:00,BTC,1.392e-05,175.0,control,,0.0
2026-07-21T12:19:45+00:00,ETH,4.128e-05,7000.0,control,,0.0
2026-07-21T12:19:45+00:00,USDT,6.864e-05,5000000.0,control,,0.0
2026-07-21T12:29:57+00:00,LA,,0.0,pinned_at_cap|NOT_BORROWABLE,LA-USDT-SWAP,4.0
2026-07-21T12:29:57+00:00,BTC,1.392e-05,175.0,control,,0.0
2026-07-21T12:29:57+00:00,ETH,4.128e-05,7000.0,control,,0.0
2026-07-21T12:29:57+00:00,USDT,6.864e-05,5000000.0,control,,0.0
2026-07-21T12:40:09+00:00,LA,,0.0,pinned_at_cap|NOT_BORROWABLE,LA-USDT-SWAP,4.0
2026-07-21T12:40:09+00:00,BTC,1.392e-05,175.0,control,,0.0
2026-07-21T12:40:09+00:00,ETH,4.128e-05,7000.0,control,,0.0
2026-07-21T12:40:09+00:00,USDT,6.864e-05,5000000.0,control,,0.0
2026-07-21T12:50:21+00:00,LA,,0.0,pinned_at_cap|NOT_BORROWABLE,LA-USDT-SWAP,4.0
2026-07-21T12:50:21+00:00,BTC,1.392e-05,175.0,control,,0.0
2026-07-21T12:50:21+00:00,ETH,4.128e-05,7000.0,control,,0.0
2026-07-21T12:50:21+00:00,USDT,6.864e-05,5000000.0,control,,0.0
2026-07-21T13:00:33+00:00,LA,,0.0,pinned_at_cap|NOT_BORROWABLE,LA-USDT-SWAP,4.0
2026-07-21T13:00:33+00:00,BTC,1.392e-05,175.0,control,,0.0
2026-07-21T13:00:33+00:00,ETH,4.128e-05,7000.0,control,,0.0
2026-07-21T13:00:33+00:00,USDT,6.864e-05,5000000.0,control,,0.0
2026-07-21T13:10:45+00:00,LA,,0.0,pinned_at_cap|NOT_BORROWABLE,LA-USDT-SWAP,4.0
2026-07-21T13:10:45+00:00,BTC,1.392e-05,175.0,control,,0.0
2026-07-21T13:10:45+00:00,ETH,4.128e-05,7000.0,control,,0.0
2026-07-21T13:10:45+00:00,USDT,6.864e-05,5000000.0,control,,0.0
2026-07-21T13:20:57+00:00,LA,,0.0,pinned_at_cap|NOT_BORROWABLE,LA-USDT-SWAP,4.0
2026-07-21T13:20:57+00:00,BTC,1.392e-05,175.0,control,,0.0
2026-07-21T13:20:57+00:00,ETH,4.128e-05,7000.0,control,,0.0
2026-07-21T13:20:57+00:00,USDT,6.864e-05,5000000.0,control,,0.0
2026-07-21T13:31:10+00:00,LA,,0.0,pinned_at_cap|NOT_BORROWABLE,LA-USDT-SWAP,4.0
2026-07-21T13:31:10+00:00,BTC,1.392e-05,175.0,control,,0.0
2026-07-21T13:31:10+00:00,ETH,4.128e-05,7000.0,control,,0.0
2026-07-21T13:31:10+00:00,USDT,6.864e-05,5000000.0,control,,0.0
2026-07-21T13:41:22+00:00,LA,,0.0,pinned_at_cap|NOT_BORROWABLE,LA-USDT-SWAP,4.0
2026-07-21T13:41:22+00:00,BTC,1.392e-05,175.0,control,,0.0
2026-07-21T13:41:22+00:00,ETH,4.128e-05,7000.0,control,,0.0
2026-07-21T13:41:22+00:00,USDT,6.864e-05,5000000.0,control,,0.0
2026-07-21T13:51:34+00:00,LA,,0.0,pinned_at_cap|NOT_BORROWABLE,LA-USDT-SWAP,4.0
2026-07-21T13:51:34+00:00,BTC,1.392e-05,175.0,control,,0.0
2026-07-21T13:51:34+00:00,ETH,4.128e-05,7000.0,control,,0.0
2026-07-21T13:51:34+00:00,USDT,6.864e-05,5000000.0,control,,0.0
2026-07-21T14:01:47+00:00,LA,,0.0,pinned_at_cap|NOT_BORROWABLE,LA-USDT-SWAP,4.0
2026-07-21T14:01:47+00:00,BTC,1.392e-05,175.0,control,,0.0
2026-07-21T14:01:47+00:00,ETH,4.128e-05,7000.0,control,,0.0
2026-07-21T14:01:47+00:00,USDT,6.864e-05,5000000.0,control,,0.0
2026-07-21T14:22:37+00:00,LA,,0.0,pinned_at_cap|NOT_BORROWABLE,LA-USDT-SWAP,4.0
2026-07-21T14:22:37+00:00,BTC,1.392e-05,175.0,control,,0.0
2026-07-21T14:22:37+00:00,ETH,4.128e-05,7000.0,control,,0.0
2026-07-21T14:22:37+00:00,USDT,6.864e-05,5000000.0,control,,0.0
2026-07-21T14:32:49+00:00,LA,,0.0,pinned_at_cap|NOT_BORROWABLE,LA-USDT-SWAP,4.0
2026-07-21T14:32:49+00:00,BTC,1.392e-05,175.0,control,,0.0
2026-07-21T14:32:49+00:00,ETH,4.128e-05,7000.0,control,,0.0
2026-07-21T14:32:49+00:00,USDT,6.864e-05,5000000.0,control,,0.0
2026-07-21T14:43:01+00:00,LA,,0.0,pinned_at_cap|NOT_BORROWABLE,LA-USDT-SWAP,4.0
2026-07-21T14:43:01+00:00,BTC,1.392e-05,175.0,control,,0.0
2026-07-21T14:43:01+00:00,ETH,4.128e-05,7000.0,control,,0.0
2026-07-21T14:43:01+00:00,USDT,6.864e-05,5000000.0,control,,0.0
2026-07-21T14:53:12+00:00,LA,,0.0,pinned_at_cap|NOT_BORROWABLE,LA-USDT-SWAP,4.0
2026-07-21T14:53:12+00:00,BTC,1.392e-05,175.0,control,,0.0
2026-07-21T14:53:12+00:00,ETH,4.128e-05,7000.0,control,,0.0
2026-07-21T14:53:12+00:00,USDT,6.864e-05,5000000.0,control,,0.0
2026-07-21T15:03:24+00:00,LA,,0.0,pinned_at_cap|NOT_BORROWABLE,LA-USDT-SWAP,4.0
2026-07-21T15:03:24+00:00,ONE,,0.0,pinned_at_cap|NOT_BORROWABLE,ONE-USDT-SWAP,8.0
2026-07-21T15:03:24+00:00,BTC,1.392e-05,175.0,control,,0.0
2026-07-21T15:03:24+00:00,ETH,4.128e-05,7000.0,control,,0.0
2026-07-21T15:03:24+00:00,USDT,6.864e-05,5000000.0,control,,0.0
2026-07-21T15:13:36+00:00,LA,,0.0,pinned_at_cap|NOT_BORROWABLE,LA-USDT-SWAP,4.0
2026-07-21T15:13:36+00:00,ONE,,0.0,pinned_at_cap|NOT_BORROWABLE,ONE-USDT-SWAP,8.0
2026-07-21T15:13:36+00:00,BTC,1.392e-05,175.0,control,,0.0
2026-07-21T15:13:36+00:00,ETH,4.128e-05,7000.0,control,,0.0
2026-07-21T15:13:36+00:00,USDT,6.864e-05,5000000.0,control,,0.0
2026-07-21T15:23:49+00:00,LA,,0.0,pinned_at_cap|NOT_BORROWABLE,LA-USDT-SWAP,4.0
2026-07-21T15:23:49+00:00,ONE,,0.0,pinned_at_cap|NOT_BORROWABLE,ONE-USDT-SWAP,8.0
2026-07-21T15:23:49+00:00,BTC,1.392e-05,175.0,control,,0.0
2026-07-21T15:23:49+00:00,ETH,4.128e-05,7000.0,control,,0.0
2026-07-21T15:23:49+00:00,USDT,6.864e-05,5000000.0,control,,0.0
2026-07-21T15:34:01+00:00,LA,,0.0,pinned_at_cap|NOT_BORROWABLE,LA-USDT-SWAP,4.0
2026-07-21T15:34:01+00:00,ONE,,0.0,pinned_at_cap|NOT_BORROWABLE,ONE-USDT-SWAP,8.0
2026-07-21T15:34:01+00:00,BTC,1.392e-05,175.0,control,,0.0
2026-07-21T15:34:01+00:00,ETH,4.128e-05,7000.0,control,,0.0
2026-07-21T15:34:01+00:00,USDT,6.864e-05,5000000.0,control,,0.0
2026-07-21T15:44:13+00:00,LA,,0.0,pinned_at_cap|NOT_BORROWABLE,LA-USDT-SWAP,4.0
2026-07-21T15:44:13+00:00,ONE,,0.0,pinned_at_cap|NOT_BORROWABLE,ONE-USDT-SWAP,8.0
2026-07-21T15:44:13+00:00,BTC,1.392e-05,175.0,control,,0.0
2026-07-21T15:44:13+00:00,ETH,4.128e-05,7000.0,control,,0.0
2026-07-21T15:44:13+00:00,USDT,6.864e-05,5000000.0,control,,0.0
2026-07-21T15:54:25+00:00,LA,,0.0,pinned_at_cap|NOT_BORROWABLE,LA-USDT-SWAP,4.0
2026-07-21T15:54:25+00:00,ONE,,0.0,pinned_at_cap|NOT_BORROWABLE,ONE-USDT-SWAP,8.0
2026-07-21T15:54:25+00:00,BTC,1.392e-05,175.0,control,,0.0
2026-07-21T15:54:25+00:00,ETH,4.128e-05,7000.0,control,,0.0
2026-07-21T15:54:25+00:00,USDT,6.864e-05,5000000.0,control,,0.0
2026-07-21T16:04:37+00:00,LA,,0.0,pinned_at_cap|NOT_BORROWABLE,LA-USDT-SWAP,2.0
2026-07-21T16:04:37+00:00,ONE,,0.0,pinned_at_cap|NOT_BORROWABLE,ONE-USDT-SWAP,4.0
2026-07-21T16:04:37+00:00,BTC,1.392e-05,175.0,control,,0.0
2026-07-21T16:04:37+00:00,ETH,4.128e-05,7000.0,control,,0.0
2026-07-21T16:04:37+00:00,USDT,6.864e-05,5000000.0,control,,0.0
2026-07-21T16:14:49+00:00,LA,,0.0,pinned_at_cap|NOT_BORROWABLE,LA-USDT-SWAP,2.0
2026-07-21T16:14:49+00:00,ONE,,0.0,pinned_at_cap|NOT_BORROWABLE,ONE-USDT-SWAP,4.0
2026-07-21T16:14:49+00:00,BTC,1.392e-05,175.0,control,,0.0
2026-07-21T16:14:49+00:00,ETH,4.128e-05,7000.0,control,,0.0
2026-07-21T16:14:49+00:00,USDT,6.864e-05,5000000.0,control,,0.0
2026-07-21T16:25:00+00:00,LA,,0.0,pinned_at_cap|NOT_BORROWABLE,LA-USDT-SWAP,2.0
2026-07-21T16:25:00+00:00,ONE,,0.0,pinned_at_cap|NOT_BORROWABLE,ONE-USDT-SWAP,4.0
2026-07-21T16:25:00+00:00,BTC,1.392e-05,175.0,control,,0.0
2026-07-21T16:25:00+00:00,ETH,4.128e-05,7000.0,control,,0.0
2026-07-21T16:25:00+00:00,USDT,6.864e-05,5000000.0,control,,0.0
2026-07-21T16:35:12+00:00,LA,,0.0,pinned_at_cap|NOT_BORROWABLE,LA-USDT-SWAP,2.0
2026-07-21T16:35:12+00:00,ONE,,0.0,pinned_at_cap|NOT_BORROWABLE,ONE-USDT-SWAP,4.0
2026-07-21T16:35:12+00:00,BTC,1.392e-05,175.0,control,,0.0
2026-07-21T16:35:12+00:00,ETH,4.128e-05,7000.0,control,,0.0
2026-07-21T16:35:12+00:00,USDT,6.864e-05,5000000.0,control,,0.0
2026-07-21T16:45:25+00:00,LA,,0.0,pinned_at_cap|NOT_BORROWABLE,LA-USDT-SWAP,2.0
2026-07-21T16:45:25+00:00,ONE,,0.0,pinned_at_cap|NOT_BORROWABLE,ONE-USDT-SWAP,4.0
2026-07-21T16:45:25+00:00,BTC,1.392e-05,175.0,control,,0.0
2026-07-21T16:45:25+00:00,ETH,4.128e-05,7000.0,control,,0.0
2026-07-21T16:45:25+00:00,USDT,6.864e-05,5000000.0,control,,0.0
2026-07-21T16:55:38+00:00,LA,,0.0,pinned_at_cap|NOT_BORROWABLE,LA-USDT-SWAP,2.0
2026-07-21T16:55:38+00:00,ONE,,0.0,pinned_at_cap|NOT_BORROWABLE,ONE-USDT-SWAP,4.0
2026-07-21T16:55:38+00:00,BTC,1.392e-05,175.0,control,,0.0
2026-07-21T16:55:38+00:00,ETH,4.128e-05,7000.0,control,,0.0
2026-07-21T16:55:38+00:00,USDT,6.864e-05,5000000.0,control,,0.0
2026-07-21T17:05:50+00:00,LA,,0.0,pinned_at_cap|NOT_BORROWABLE,LA-USDT-SWAP,2.0
2026-07-21T17:05:50+00:00,ONE,,0.0,pinned_at_cap|NOT_BORROWABLE,ONE-USDT-SWAP,4.0
2026-07-21T17:05:50+00:00,BTC,1.392e-05,175.0,control,,0.0
2026-07-21T17:05:50+00:00,ETH,4.128e-05,7000.0,control,,0.0
2026-07-21T17:05:50+00:00,USDT,6.864e-05,5000000.0,control,,0.0
2026-07-21T17:16:02+00:00,LA,,0.0,pinned_at_cap|NOT_BORROWABLE,LA-USDT-SWAP,2.0
2026-07-21T17:16:02+00:00,ONE,,0.0,pinned_at_cap|NOT_BORROWABLE,ONE-USDT-SWAP,4.0
2026-07-21T17:16:02+00:00,BTC,1.392e-05,175.0,control,,0.0
2026-07-21T17:16:02+00:00,ETH,4.128e-05,7000.0,control,,0.0
2026-07-21T17:16:02+00:00,USDT,6.864e-05,5000000.0,control,,0.0
2026-07-21T17:26:14+00:00,LA,,0.0,pinned_at_cap|NOT_BORROWABLE,LA-USDT-SWAP,2.0
2026-07-21T17:26:14+00:00,ONE,,0.0,pinned_at_cap|NOT_BORROWABLE,ONE-USDT-SWAP,4.0
2026-07-21T17:26:14+00:00,BTC,1.392e-05,175.0,control,,0.0
2026-07-21T17:26:14+00:00,ETH,4.128e-05,7000.0,control,,0.0
2026-07-21T17:26:14+00:00,USDT,6.864e-05,5000000.0,control,,0.0
2026-07-21T17:36:26+00:00,LA,,0.0,pinned_at_cap|NOT_BORROWABLE,LA-USDT-SWAP,2.0
2026-07-21T17:36:26+00:00,ONE,,0.0,pinned_at_cap|NOT_BORROWABLE,ONE-USDT-SWAP,4.0
2026-07-21T17:36:26+00:00,BTC,1.392e-05,175.0,control,,0.0
2026-07-21T17:36:26+00:00,ETH,4.128e-05,7000.0,control,,0.0
2026-07-21T17:36:26+00:00,USDT,6.864e-05,5000000.0,control,,0.0
2026-07-21T17:46:38+00:00,LA,,0.0,pinned_at_cap|NOT_BORROWABLE,LA-USDT-SWAP,2.0
2026-07-21T17:46:38+00:00,ONE,,0.0,pinned_at_cap|NOT_BORROWABLE,ONE-USDT-SWAP,4.0
2026-07-21T17:46:38+00:00,BTC,1.392e-05,175.0,control,,0.0
2026-07-21T17:46:38+00:00,ETH,4.128e-05,7000.0,control,,0.0
2026-07-21T17:46:38+00:00,USDT,6.864e-05,5000000.0,control,,0.0
2026-07-21T17:56:49+00:00,LA,,0.0,pinned_at_cap|NOT_BORROWABLE,LA-USDT-SWAP,2.0
2026-07-21T17:56:49+00:00,ONE,,0.0,pinned_at_cap|NOT_BORROWABLE,ONE-USDT-SWAP,4.0
2026-07-21T17:56:49+00:00,BTC,1.392e-05,175.0,control,,0.0
2026-07-21T17:56:49+00:00,ETH,4.128e-05,7000.0,control,,0.0
2026-07-21T17:56:49+00:00,USDT,6.864e-05,5000000.0,control,,0.0
2026-07-21T18:07:02+00:00,LA,,0.0,short_interval|NOT_BORROWABLE,LA-USDT-SWAP,2.0
2026-07-21T18:07:02+00:00,ONE,,0.0,pinned_at_cap|NOT_BORROWABLE,ONE-USDT-SWAP,4.0
2026-07-21T18:07:02+00:00,BTC,1.392e-05,175.0,control,,0.0
2026-07-21T18:07:02+00:00,ETH,4.128e-05,7000.0,control,,0.0
2026-07-21T18:07:02+00:00,USDT,6.864e-05,5000000.0,control,,0.0
2026-07-21T18:17:14+00:00,LA,,0.0,short_interval|NOT_BORROWABLE,LA-USDT-SWAP,2.0
2026-07-21T18:17:14+00:00,ONE,,0.0,pinned_at_cap|NOT_BORROWABLE,ONE-USDT-SWAP,4.0
2026-07-21T18:17:14+00:00,BTC,1.392e-05,175.0,control,,0.0
2026-07-21T18:17:14+00:00,ETH,4.128e-05,7000.0,control,,0.0
2026-07-21T18:17:14+00:00,USDT,6.864e-05,5000000.0,control,,0.0
2026-07-21T18:27:26+00:00,LA,,0.0,short_interval|NOT_BORROWABLE,LA-USDT-SWAP,2.0
2026-07-21T18:27:26+00:00,ONE,,0.0,pinned_at_cap|NOT_BORROWABLE,ONE-USDT-SWAP,4.0
2026-07-21T18:27:26+00:00,BTC,1.392e-05,175.0,control,,0.0
2026-07-21T18:27:26+00:00,ETH,4.128e-05,7000.0,control,,0.0
2026-07-21T18:27:26+00:00,USDT,6.864e-05,5000000.0,control,,0.0
2026-07-21T18:37:38+00:00,LA,,0.0,short_interval|NOT_BORROWABLE,LA-USDT-SWAP,2.0
2026-07-21T18:37:38+00:00,ONE,,0.0,pinned_at_cap|NOT_BORROWABLE,ONE-USDT-SWAP,4.0
2026-07-21T18:37:38+00:00,BTC,1.392e-05,175.0,control,,0.0
2026-07-21T18:37:38+00:00,ETH,4.128e-05,7000.0,control,,0.0
2026-07-21T18:37:38+00:00,USDT,6.864e-05,5000000.0,control,,0.0
2026-07-21T18:47:50+00:00,LA,,0.0,short_interval|NOT_BORROWABLE,LA-USDT-SWAP,2.0
2026-07-21T18:47:50+00:00,ONE,,0.0,pinned_at_cap|NOT_BORROWABLE,ONE-USDT-SWAP,4.0
2026-07-21T18:47:50+00:00,BTC,1.392e-05,175.0,control,,0.0
2026-07-21T18:47:50+00:00,ETH,4.128e-05,7000.0,control,,0.0
2026-07-21T18:47:50+00:00,USDT,6.864e-05,5000000.0,control,,0.0
2026-07-21T18:58:02+00:00,LA,,0.0,short_interval|NOT_BORROWABLE,LA-USDT-SWAP,2.0
2026-07-21T18:58:02+00:00,ONE,,0.0,pinned_at_cap|NOT_BORROWABLE,ONE-USDT-SWAP,4.0
2026-07-21T18:58:02+00:00,BTC,1.392e-05,175.0,control,,0.0
2026-07-21T18:58:02+00:00,ETH,4.128e-05,7000.0,control,,0.0
2026-07-21T18:58:02+00:00,USDT,6.864e-05,5000000.0,control,,0.0
2026-07-21T19:18:41+00:00,LA,,0.0,short_interval|NOT_BORROWABLE,LA-USDT-SWAP,2.0
2026-07-21T19:18:41+00:00,ONE,,0.0,pinned_at_cap|NOT_BORROWABLE,ONE-USDT-SWAP,4.0
2026-07-21T19:18:41+00:00,BTC,1.392e-05,175.0,control,,0.0
2026-07-21T19:18:41+00:00,ETH,4.128e-05,7000.0,control,,0.0
2026-07-21T19:18:41+00:00,USDT,6.864e-05,5000000.0,control,,0.0
2026-07-21T19:28:53+00:00,LA,,0.0,short_interval|NOT_BORROWABLE,LA-USDT-SWAP,2.0
2026-07-21T19:28:53+00:00,ONE,,0.0,pinned_at_cap|NOT_BORROWABLE,ONE-USDT-SWAP,4.0
2026-07-21T19:28:53+00:00,BTC,1.392e-05,175.0,control,,0.0
2026-07-21T19:28:53+00:00,ETH,4.128e-05,7000.0,control,,0.0
2026-07-21T19:28:53+00:00,USDT,6.864e-05,5000000.0,control,,0.0
2026-07-21T19:39:05+00:00,LA,,0.0,short_interval|NOT_BORROWABLE,LA-USDT-SWAP,2.0
2026-07-21T19:39:05+00:00,ONE,,0.0,pinned_at_cap|NOT_BORROWABLE,ONE-USDT-SWAP,4.0
2026-07-21T19:39:05+00:00,BTC,1.392e-05,175.0,control,,0.0
2026-07-21T19:39:05+00:00,ETH,4.128e-05,7000.0,control,,0.0
2026-07-21T19:39:05+00:00,USDT,6.864e-05,5000000.0,control,,0.0
2026-07-21T19:49:17+00:00,LA,,0.0,short_interval|NOT_BORROWABLE,LA-USDT-SWAP,2.0
2026-07-21T19:49:17+00:00,ONE,,0.0,pinned_at_cap|NOT_BORROWABLE,ONE-USDT-SWAP,4.0
2026-07-21T19:49:17+00:00,BTC,1.392e-05,175.0,control,,0.0
2026-07-21T19:49:17+00:00,ETH,4.128e-05,7000.0,control,,0.0
2026-07-21T19:49:17+00:00,USDT,6.864e-05,5000000.0,control,,0.0
2026-07-21T19:59:29+00:00,LA,,0.0,short_interval|NOT_BORROWABLE,LA-USDT-SWAP,2.0
2026-07-21T19:59:29+00:00,ONE,,0.0,pinned_at_cap|NOT_BORROWABLE,ONE-USDT-SWAP,4.0
2026-07-21T19:59:29+00:00,BTC,1.392e-05,175.0,control,,0.0
2026-07-21T19:59:29+00:00,ETH,4.128e-05,7000.0,control,,0.0
2026-07-21T19:59:29+00:00,USDT,6.864e-05,5000000.0,control,,0.0
2026-07-21T20:09:41+00:00,LA,,0.0,short_interval|NOT_BORROWABLE,LA-USDT-SWAP,2.0
2026-07-21T20:09:41+00:00,BTC,1.392e-05,175.0,control,,0.0
2026-07-21T20:09:41+00:00,ETH,4.128e-05,7000.0,control,,0.0
2026-07-21T20:09:41+00:00,USDT,6.864e-05,5000000.0,control,,0.0
2026-07-21T20:19:53+00:00,LA,,0.0,short_interval|NOT_BORROWABLE,LA-USDT-SWAP,2.0
2026-07-21T20:19:53+00:00,BTC,1.392e-05,175.0,control,,0.0
2026-07-21T20:19:53+00:00,ETH,4.128e-05,7000.0,control,,0.0
2026-07-21T20:19:53+00:00,USDT,6.864e-05,5000000.0,control,,0.0
2026-07-21T20:30:04+00:00,LA,,0.0,short_interval|NOT_BORROWABLE,LA-USDT-SWAP,2.0
2026-07-21T20:30:04+00:00,BTC,1.392e-05,175.0,control,,0.0
2026-07-21T20:30:04+00:00,ETH,4.128e-05,7000.0,control,,0.0
2026-07-21T20:30:04+00:00,USDT,6.864e-05,5000000.0,control,,0.0
2026-07-21T20:40:17+00:00,LA,,0.0,short_interval|NOT_BORROWABLE,LA-USDT-SWAP,2.0
2026-07-21T20:40:17+00:00,BTC,1.392e-05,175.0,control,,0.0
2026-07-21T20:40:17+00:00,ETH,4.128e-05,7000.0,control,,0.0
2026-07-21T20:40:17+00:00,USDT,6.864e-05,5000000.0,control,,0.0
2026-07-21T20:50:29+00:00,LA,,0.0,short_interval|NOT_BORROWABLE,LA-USDT-SWAP,2.0
2026-07-21T20:50:29+00:00,BTC,1.392e-05,175.0,control,,0.0
2026-07-21T20:50:29+00:00,ETH,4.128e-05,7000.0,control,,0.0
2026-07-21T20:50:29+00:00,USDT,6.864e-05,5000000.0,control,,0.0
2026-07-21T21:00:41+00:00,LA,,0.0,short_interval|NOT_BORROWABLE,LA-USDT-SWAP,2.0
2026-07-21T21:00:41+00:00,BTC,1.392e-05,175.0,control,,0.0
2026-07-21T21:00:41+00:00,ETH,4.128e-05,7000.0,control,,0.0
2026-07-21T21:00:41+00:00,USDT,6.864e-05,5000000.0,control,,0.0
2026-07-21T21:10:53+00:00,LA,,0.0,short_interval|NOT_BORROWABLE,LA-USDT-SWAP,2.0
2026-07-21T21:10:53+00:00,BTC,1.392e-05,175.0,control,,0.0
2026-07-21T21:10:53+00:00,ETH,4.128e-05,7000.0,control,,0.0
2026-07-21T21:10:53+00:00,USDT,6.864e-05,5000000.0,control,,0.0
2026-07-21T21:21:05+00:00,LA,,0.0,short_interval|NOT_BORROWABLE,LA-USDT-SWAP,2.0
2026-07-21T21:21:05+00:00,BTC,1.392e-05,175.0,control,,0.0
2026-07-21T21:21:05+00:00,ETH,4.128e-05,7000.0,control,,0.0
2026-07-21T21:21:05+00:00,USDT,6.864e-05,5000000.0,control,,0.0
2026-07-21T21:31:17+00:00,LA,,0.0,short_interval|NOT_BORROWABLE,LA-USDT-SWAP,2.0
2026-07-21T21:31:17+00:00,BTC,1.392e-05,175.0,control,,0.0
2026-07-21T21:31:17+00:00,ETH,4.128e-05,7000.0,control,,0.0
2026-07-21T21:31:17+00:00,USDT,6.864e-05,5000000.0,control,,0.0
2026-07-21T21:41:29+00:00,LA,,0.0,short_interval|NOT_BORROWABLE,LA-USDT-SWAP,2.0
2026-07-21T21:41:29+00:00,BTC,1.392e-05,175.0,control,,0.0
2026-07-21T21:41:29+00:00,ETH,4.128e-05,7000.0,control,,0.0
2026-07-21T21:41:29+00:00,USDT,6.864e-05,5000000.0,control,,0.0
2026-07-21T21:51:41+00:00,LA,,0.0,short_interval|NOT_BORROWABLE,LA-USDT-SWAP,2.0
2026-07-21T21:51:41+00:00,BTC,1.392e-05,175.0,control,,0.0
2026-07-21T21:51:41+00:00,ETH,4.128e-05,7000.0,control,,0.0
2026-07-21T21:51:41+00:00,USDT,6.864e-05,5000000.0,control,,0.0
2026-07-21T22:01:53+00:00,LA,,0.0,short_interval|NOT_BORROWABLE,LA-USDT-SWAP,2.0
2026-07-21T22:01:53+00:00,BTC,1.392e-05,175.0,control,,0.0
2026-07-21T22:01:53+00:00,ETH,4.128e-05,7000.0,control,,0.0
2026-07-21T22:01:53+00:00,USDT,6.864e-05,5000000.0,control,,0.0
2026-07-21T22:12:05+00:00,LA,,0.0,short_interval|NOT_BORROWABLE,LA-USDT-SWAP,2.0
2026-07-21T22:12:05+00:00,BTC,1.392e-05,175.0,control,,0.0
2026-07-21T22:12:05+00:00,ETH,4.128e-05,7000.0,control,,0.0
2026-07-21T22:12:05+00:00,USDT,6.864e-05,5000000.0,control,,0.0
2026-07-21T22:22:17+00:00,LA,,0.0,short_interval|NOT_BORROWABLE,LA-USDT-SWAP,2.0
2026-07-21T22:22:17+00:00,BTC,1.392e-05,175.0,control,,0.0
2026-07-21T22:22:17+00:00,ETH,4.128e-05,7000.0,control,,0.0
2026-07-21T22:22:17+00:00,USDT,6.864e-05,5000000.0,control,,0.0
2026-07-21T22:32:29+00:00,LA,,0.0,short_interval|NOT_BORROWABLE,LA-USDT-SWAP,2.0
2026-07-21T22:32:29+00:00,BTC,1.392e-05,175.0,control,,0.0
2026-07-21T22:32:29+00:00,ETH,4.128e-05,7000.0,control,,0.0
2026-07-21T22:32:29+00:00,USDT,6.864e-05,5000000.0,control,,0.0
2026-07-21T22:42:42+00:00,LA,,0.0,short_interval|NOT_BORROWABLE,LA-USDT-SWAP,2.0
2026-07-21T22:42:42+00:00,BTC,1.392e-05,175.0,control,,0.0
2026-07-21T22:42:42+00:00,ETH,4.128e-05,7000.0,control,,0.0
2026-07-21T22:42:42+00:00,USDT,6.864e-05,5000000.0,control,,0.0
2026-07-21T22:52:55+00:00,LA,,0.0,short_interval|NOT_BORROWABLE,LA-USDT-SWAP,2.0
2026-07-21T22:52:55+00:00,BTC,1.392e-05,175.0,control,,0.0
2026-07-21T22:52:55+00:00,ETH,4.128e-05,7000.0,control,,0.0
2026-07-21T22:52:55+00:00,USDT,6.864e-05,5000000.0,control,,0.0
2026-07-21T23:03:07+00:00,LA,,0.0,short_interval|NOT_BORROWABLE,LA-USDT-SWAP,2.0
2026-07-21T23:03:07+00:00,BTC,1.392e-05,175.0,control,,0.0
2026-07-21T23:03:07+00:00,ETH,4.128e-05,7000.0,control,,0.0
2026-07-21T23:03:07+00:00,USDT,6.864e-05,5000000.0,control,,0.0
2026-07-21T23:13:19+00:00,LA,,0.0,short_interval|NOT_BORROWABLE,LA-USDT-SWAP,2.0
2026-07-21T23:13:19+00:00,BTC,1.392e-05,175.0,control,,0.0
2026-07-21T23:13:19+00:00,ETH,4.128e-05,7000.0,control,,0.0
2026-07-21T23:13:19+00:00,USDT,6.864e-05,5000000.0,control,,0.0
2026-07-21T23:23:31+00:00,LA,,0.0,short_interval|NOT_BORROWABLE,LA-USDT-SWAP,2.0
2026-07-21T23:23:31+00:00,BTC,1.392e-05,175.0,control,,0.0
2026-07-21T23:23:31+00:00,ETH,4.128e-05,7000.0,control,,0.0
2026-07-21T23:23:31+00:00,USDT,6.864e-05,5000000.0,control,,0.0
2026-07-21T23:33:42+00:00,LA,,0.0,short_interval|NOT_BORROWABLE,LA-USDT-SWAP,2.0
2026-07-21T23:33:42+00:00,BTC,1.392e-05,175.0,control,,0.0
2026-07-21T23:33:42+00:00,ETH,4.128e-05,7000.0,control,,0.0
2026-07-21T23:33:42+00:00,USDT,6.864e-05,5000000.0,control,,0.0
2026-07-21T23:43:54+00:00,LA,,0.0,short_interval|NOT_BORROWABLE,LA-USDT-SWAP,2.0
2026-07-21T23:43:54+00:00,BTC,1.392e-05,175.0,control,,0.0
2026-07-21T23:43:54+00:00,ETH,4.128e-05,7000.0,control,,0.0
2026-07-21T23:43:54+00:00,USDT,6.864e-05,5000000.0,control,,0.0
2026-07-21T23:54:06+00:00,LA,,0.0,short_interval|NOT_BORROWABLE,LA-USDT-SWAP,2.0
2026-07-21T23:54:06+00:00,BTC,1.392e-05,175.0,control,,0.0
2026-07-21T23:54:06+00:00,ETH,4.128e-05,7000.0,control,,0.0
2026-07-21T23:54:06+00:00,USDT,6.864e-05,5000000.0,control,,0.0
2026-07-22T00:14:52+00:00,LA,,0.0,short_interval|NOT_BORROWABLE,LA-USDT-SWAP,2.0
2026-07-22T00:14:52+00:00,BTC,1.392e-05,175.0,control,,0.0
2026-07-22T00:14:52+00:00,ETH,4.128e-05,7000.0,control,,0.0
2026-07-22T00:14:52+00:00,USDT,6.864e-05,5000000.0,control,,0.0
2026-07-22T00:25:07+00:00,LA,,0.0,short_interval|NOT_BORROWABLE,LA-USDT-SWAP,2.0
2026-07-22T00:25:07+00:00,BTC,1.392e-05,175.0,control,,0.0
2026-07-22T00:25:07+00:00,ETH,4.128e-05,7000.0,control,,0.0
2026-07-22T00:25:07+00:00,USDT,6.864e-05,5000000.0,control,,0.0
2026-07-22T00:35:20+00:00,LA,,0.0,short_interval|NOT_BORROWABLE,LA-USDT-SWAP,2.0
2026-07-22T00:35:20+00:00,BTC,1.392e-05,175.0,control,,0.0
2026-07-22T00:35:20+00:00,ETH,4.128e-05,7000.0,control,,0.0
2026-07-22T00:35:20+00:00,USDT,6.864e-05,5000000.0,control,,0.0
2026-07-22T00:45:33+00:00,LA,,0.0,short_interval|NOT_BORROWABLE,LA-USDT-SWAP,2.0
2026-07-22T00:45:33+00:00,BTC,1.392e-05,175.0,control,,0.0
2026-07-22T00:45:33+00:00,ETH,4.128e-05,7000.0,control,,0.0
2026-07-22T00:45:33+00:00,USDT,6.864e-05,5000000.0,control,,0.0
2026-07-22T00:55:48+00:00,LA,,0.0,short_interval|NOT_BORROWABLE,LA-USDT-SWAP,2.0
2026-07-22T00:55:48+00:00,BTC,1.392e-05,175.0,control,,0.0
2026-07-22T00:55:48+00:00,ETH,4.128e-05,7000.0,control,,0.0
2026-07-22T00:55:48+00:00,USDT,6.864e-05,5000000.0,control,,0.0
2026-07-22T01:06:03+00:00,LA,,0.0,short_interval|NOT_BORROWABLE,LA-USDT-SWAP,2.0
2026-07-22T01:06:03+00:00,BTC,1.392e-05,175.0,control,,0.0
2026-07-22T01:06:03+00:00,ETH,4.128e-05,7000.0,control,,0.0
2026-07-22T01:06:03+00:00,USDT,6.864e-05,5000000.0,control,,0.0
2026-07-22T01:16:17+00:00,LA,,0.0,short_interval|NOT_BORROWABLE,LA-USDT-SWAP,2.0
2026-07-22T01:16:17+00:00,BTC,1.392e-05,175.0,control,,0.0
2026-07-22T01:16:17+00:00,ETH,4.128e-05,7000.0,control,,0.0
2026-07-22T01:16:17+00:00,USDT,6.864e-05,5000000.0,control,,0.0
2026-07-22T01:26:31+00:00,LA,,0.0,short_interval|NOT_BORROWABLE,LA-USDT-SWAP,2.0
2026-07-22T01:26:31+00:00,BTC,1.392e-05,175.0,control,,0.0
2026-07-22T01:26:31+00:00,ETH,4.128e-05,7000.0,control,,0.0
2026-07-22T01:26:31+00:00,USDT,6.864e-05,5000000.0,control,,0.0
2026-07-22T01:36:45+00:00,LA,,0.0,short_interval|NOT_BORROWABLE,LA-USDT-SWAP,2.0
2026-07-22T01:36:45+00:00,BTC,1.392e-05,175.0,control,,0.0
2026-07-22T01:36:45+00:00,ETH,4.128e-05,7000.0,control,,0.0
2026-07-22T01:36:45+00:00,USDT,6.864e-05,5000000.0,control,,0.0
2026-07-22T01:46:58+00:00,LA,,0.0,short_interval|NOT_BORROWABLE,LA-USDT-SWAP,2.0
2026-07-22T01:46:58+00:00,BTC,1.392e-05,175.0,control,,0.0
2026-07-22T01:46:58+00:00,ETH,4.128e-05,7000.0,control,,0.0
2026-07-22T01:46:58+00:00,USDT,6.864e-05,5000000.0,control,,0.0
2026-07-22T01:57:11+00:00,LA,,0.0,short_interval|NOT_BORROWABLE,LA-USDT-SWAP,2.0
2026-07-22T01:57:11+00:00,BTC,1.392e-05,175.0,control,,0.0
2026-07-22T01:57:11+00:00,ETH,4.128e-05,7000.0,control,,0.0
2026-07-22T01:57:11+00:00,USDT,6.864e-05,5000000.0,control,,0.0
2026-07-22T02:07:24+00:00,LA,,0.0,short_interval|NOT_BORROWABLE,LA-USDT-SWAP,2.0
2026-07-22T02:07:24+00:00,BTC,1.392e-05,175.0,control,,0.0
2026-07-22T02:07:24+00:00,ETH,4.128e-05,7000.0,control,,0.0
2026-07-22T02:07:24+00:00,USDT,6.864e-05,5000000.0,control,,0.0
2026-07-22T02:17:37+00:00,LA,,0.0,short_interval|NOT_BORROWABLE,LA-USDT-SWAP,2.0
2026-07-22T02:17:37+00:00,BTC,1.392e-05,175.0,control,,0.0
2026-07-22T02:17:37+00:00,ETH,4.128e-05,7000.0,control,,0.0
2026-07-22T02:17:37+00:00,USDT,6.864e-05,5000000.0,control,,0.0
2026-07-22T02:27:50+00:00,LA,,0.0,short_interval|NOT_BORROWABLE,LA-USDT-SWAP,2.0
2026-07-22T02:27:50+00:00,BTC,1.392e-05,175.0,control,,0.0
2026-07-22T02:27:50+00:00,ETH,4.128e-05,7000.0,control,,0.0
2026-07-22T02:27:50+00:00,USDT,6.864e-05,5000000.0,control,,0.0
2026-07-22T02:38:03+00:00,LA,,0.0,short_interval|NOT_BORROWABLE,LA-USDT-SWAP,2.0
2026-07-22T02:38:03+00:00,BTC,1.392e-05,175.0,control,,0.0
2026-07-22T02:38:03+00:00,ETH,4.128e-05,7000.0,control,,0.0
2026-07-22T02:38:03+00:00,USDT,6.864e-05,5000000.0,control,,0.0
2026-07-22T02:48:16+00:00,LA,,0.0,short_interval|NOT_BORROWABLE,LA-USDT-SWAP,2.0
2026-07-22T02:48:16+00:00,BTC,1.392e-05,175.0,control,,0.0
2026-07-22T02:48:16+00:00,ETH,4.128e-05,7000.0,control,,0.0
2026-07-22T02:48:16+00:00,USDT,6.864e-05,5000000.0,control,,0.0
2026-07-22T02:58:30+00:00,LA,,0.0,short_interval|NOT_BORROWABLE,LA-USDT-SWAP,2.0
2026-07-22T02:58:30+00:00,BTC,1.392e-05,175.0,control,,0.0
2026-07-22T02:58:30+00:00,ETH,4.128e-05,7000.0,control,,0.0
2026-07-22T02:58:30+00:00,USDT,6.864e-05,5000000.0,control,,0.0
2026-07-22T03:08:43+00:00,LA,,0.0,short_interval|NOT_BORROWABLE,LA-USDT-SWAP,2.0
2026-07-22T03:08:43+00:00,BTC,1.392e-05,175.0,control,,0.0
2026-07-22T03:08:43+00:00,ETH,4.128e-05,7000.0,control,,0.0
2026-07-22T03:08:43+00:00,USDT,6.864e-05,5000000.0,control,,0.0
2026-07-22T03:18:57+00:00,LA,,0.0,short_interval|NOT_BORROWABLE,LA-USDT-SWAP,2.0
2026-07-22T03:18:57+00:00,BTC,1.392e-05,175.0,control,,0.0
2026-07-22T03:18:57+00:00,ETH,4.128e-05,7000.0,control,,0.0
2026-07-22T03:18:57+00:00,USDT,6.864e-05,5000000.0,control,,0.0
2026-07-22T03:29:10+00:00,LA,,0.0,short_interval|NOT_BORROWABLE,LA-USDT-SWAP,2.0
2026-07-22T03:29:10+00:00,BTC,1.392e-05,175.0,control,,0.0
2026-07-22T03:29:10+00:00,ETH,4.128e-05,7000.0,control,,0.0
2026-07-22T03:29:10+00:00,USDT,6.864e-05,5000000.0,control,,0.0
2026-07-22T03:39:23+00:00,LA,,0.0,short_interval|NOT_BORROWABLE,LA-USDT-SWAP,2.0
2026-07-22T03:39:23+00:00,BTC,1.392e-05,175.0,control,,0.0
2026-07-22T03:39:23+00:00,ETH,4.128e-05,7000.0,control,,0.0
2026-07-22T03:39:23+00:00,USDT,6.864e-05,5000000.0,control,,0.0
2026-07-22T03:49:37+00:00,LA,,0.0,short_interval|NOT_BORROWABLE,LA-USDT-SWAP,2.0
2026-07-22T03:49:37+00:00,BTC,1.392e-05,175.0,control,,0.0
2026-07-22T03:49:37+00:00,ETH,4.128e-05,7000.0,control,,0.0
2026-07-22T03:49:37+00:00,USDT,6.864e-05,5000000.0,control,,0.0
2026-07-22T03:59:50+00:00,LA,,0.0,short_interval|NOT_BORROWABLE,LA-USDT-SWAP,2.0
2026-07-22T03:59:50+00:00,BTC,1.392e-05,175.0,control,,0.0
2026-07-22T03:59:50+00:00,ETH,4.128e-05,7000.0,control,,0.0
2026-07-22T03:59:50+00:00,USDT,6.864e-05,5000000.0,control,,0.0
2026-07-22T04:10:03+00:00,LA,,0.0,short_interval|NOT_BORROWABLE,LA-USDT-SWAP,2.0
2026-07-22T04:10:03+00:00,BTC,1.392e-05,175.0,control,,0.0
2026-07-22T04:10:03+00:00,ETH,4.128e-05,7000.0,control,,0.0
2026-07-22T04:10:03+00:00,USDT,6.864e-05,5000000.0,control,,0.0
2026-07-22T04:20:16+00:00,LA,,0.0,short_interval|NOT_BORROWABLE,LA-USDT-SWAP,2.0
2026-07-22T04:20:16+00:00,BTC,1.392e-05,175.0,control,,0.0
2026-07-22T04:20:16+00:00,ETH,4.128e-05,7000.0,control,,0.0
2026-07-22T04:20:16+00:00,USDT,6.864e-05,5000000.0,control,,0.0
2026-07-22T04:30:31+00:00,LA,,0.0,short_interval|NOT_BORROWABLE,LA-USDT-SWAP,2.0
2026-07-22T04:30:31+00:00,BTC,1.392e-05,175.0,control,,0.0
2026-07-22T04:30:31+00:00,ETH,4.128e-05,7000.0,control,,0.0
2026-07-22T04:30:31+00:00,USDT,6.864e-05,5000000.0,control,,0.0
2026-07-22T04:40:44+00:00,LA,,0.0,short_interval|NOT_BORROWABLE,LA-USDT-SWAP,2.0
2026-07-22T04:40:44+00:00,BTC,1.392e-05,175.0,control,,0.0
2026-07-22T04:40:44+00:00,ETH,4.128e-05,7000.0,control,,0.0
2026-07-22T04:40:44+00:00,USDT,6.864e-05,5000000.0,control,,0.0
2026-07-22T04:50:58+00:00,LA,,0.0,short_interval|NOT_BORROWABLE,LA-USDT-SWAP,2.0
2026-07-22T04:50:58+00:00,BTC,1.392e-05,175.0,control,,0.0
2026-07-22T04:50:58+00:00,ETH,4.128e-05,7000.0,control,,0.0
2026-07-22T04:50:58+00:00,USDT,6.864e-05,5000000.0,control,,0.0
2026-07-22T05:11:38+00:00,LA,,0.0,short_interval|NOT_BORROWABLE,LA-USDT-SWAP,2.0
2026-07-22T05:11:38+00:00,BTC,1.392e-05,175.0,control,,0.0
2026-07-22T05:11:38+00:00,ETH,4.128e-05,7000.0,control,,0.0
2026-07-22T05:11:38+00:00,USDT,6.864e-05,5000000.0,control,,0.0
2026-07-22T05:21:50+00:00,LA,,0.0,short_interval|NOT_BORROWABLE,LA-USDT-SWAP,2.0
2026-07-22T05:21:50+00:00,BTC,1.392e-05,175.0,control,,0.0
2026-07-22T05:21:50+00:00,ETH,4.128e-05,7000.0,control,,0.0
2026-07-22T05:21:50+00:00,USDT,6.864e-05,5000000.0,control,,0.0
2026-07-22T05:32:02+00:00,LA,,0.0,short_interval|NOT_BORROWABLE,LA-USDT-SWAP,2.0
2026-07-22T05:32:02+00:00,BTC,1.392e-05,175.0,control,,0.0
2026-07-22T05:32:02+00:00,ETH,4.128e-05,7000.0,control,,0.0
2026-07-22T05:32:02+00:00,USDT,6.864e-05,5000000.0,control,,0.0
2026-07-22T05:42:15+00:00,LA,,0.0,short_interval|NOT_BORROWABLE,LA-USDT-SWAP,2.0
2026-07-22T05:42:15+00:00,BTC,1.392e-05,175.0,control,,0.0
2026-07-22T05:42:15+00:00,ETH,4.128e-05,7000.0,control,,0.0
2026-07-22T05:42:15+00:00,USDT,6.864e-05,5000000.0,control,,0.0
2026-07-22T05:52:28+00:00,LA,,0.0,short_interval|NOT_BORROWABLE,LA-USDT-SWAP,2.0
2026-07-22T05:52:28+00:00,BTC,1.392e-05,175.0,control,,0.0
2026-07-22T05:52:28+00:00,ETH,4.128e-05,7000.0,control,,0.0
2026-07-22T05:52:28+00:00,USDT,6.864e-05,5000000.0,control,,0.0
2026-07-22T06:02:41+00:00,LA,,0.0,short_interval|NOT_BORROWABLE,LA-USDT-SWAP,2.0
2026-07-22T06:02:41+00:00,BTC,1.392e-05,175.0,control,,0.0
2026-07-22T06:02:41+00:00,ETH,4.128e-05,7000.0,control,,0.0
2026-07-22T06:02:41+00:00,USDT,6.864e-05,5000000.0,control,,0.0
2026-07-22T06:12:53+00:00,LA,,0.0,short_interval|NOT_BORROWABLE,LA-USDT-SWAP,2.0
2026-07-22T06:12:53+00:00,BTC,1.392e-05,175.0,control,,0.0
2026-07-22T06:12:53+00:00,ETH,4.128e-05,7000.0,control,,0.0
2026-07-22T06:12:53+00:00,USDT,6.864e-05,5000000.0,control,,0.0
2026-07-22T06:23:05+00:00,LA,,0.0,short_interval|NOT_BORROWABLE,LA-USDT-SWAP,2.0
2026-07-22T06:23:05+00:00,BTC,1.392e-05,175.0,control,,0.0
2026-07-22T06:23:05+00:00,ETH,4.128e-05,7000.0,control,,0.0
2026-07-22T06:23:05+00:00,USDT,6.864e-05,5000000.0,control,,0.0
2026-07-22T06:33:18+00:00,LA,,0.0,short_interval|NOT_BORROWABLE,LA-USDT-SWAP,2.0
2026-07-22T06:33:18+00:00,BTC,1.392e-05,175.0,control,,0.0
2026-07-22T06:33:18+00:00,ETH,4.128e-05,7000.0,control,,0.0
2026-07-22T06:33:18+00:00,USDT,6.864e-05,5000000.0,control,,0.0
2026-07-22T06:43:31+00:00,LA,,0.0,short_interval|NOT_BORROWABLE,LA-USDT-SWAP,2.0
2026-07-22T06:43:31+00:00,BTC,1.392e-05,175.0,control,,0.0
2026-07-22T06:43:31+00:00,ETH,4.128e-05,7000.0,control,,0.0
2026-07-22T06:43:31+00:00,USDT,6.864e-05,5000000.0,control,,0.0
2026-07-22T06:53:43+00:00,LA,,0.0,short_interval|NOT_BORROWABLE,LA-USDT-SWAP,2.0
2026-07-22T06:53:43+00:00,BTC,1.392e-05,175.0,control,,0.0
2026-07-22T06:53:43+00:00,ETH,4.128e-05,7000.0,control,,0.0
2026-07-22T06:53:43+00:00,USDT,6.864e-05,5000000.0,control,,0.0
2026-07-22T07:03:56+00:00,LA,,0.0,short_interval|NOT_BORROWABLE,LA-USDT-SWAP,2.0
2026-07-22T07:03:56+00:00,BTC,1.392e-05,175.0,control,,0.0
2026-07-22T07:03:56+00:00,ETH,4.128e-05,7000.0,control,,0.0
2026-07-22T07:03:56+00:00,USDT,6.864e-05,5000000.0,control,,0.0
2026-07-22T07:14:08+00:00,LA,,0.0,short_interval|NOT_BORROWABLE,LA-USDT-SWAP,2.0
2026-07-22T07:14:08+00:00,BTC,1.392e-05,175.0,control,,0.0
2026-07-22T07:14:08+00:00,ETH,4.128e-05,7000.0,control,,0.0
2026-07-22T07:14:08+00:00,USDT,6.864e-05,5000000.0,control,,0.0
2026-07-22T07:24:23+00:00,LA,,0.0,short_interval|NOT_BORROWABLE,LA-USDT-SWAP,2.0
2026-07-22T07:24:23+00:00,BTC,1.392e-05,175.0,control,,0.0
2026-07-22T07:24:23+00:00,ETH,4.128e-05,7000.0,control,,0.0
2026-07-22T07:24:23+00:00,USDT,6.864e-05,5000000.0,control,,0.0
2026-07-22T07:34:35+00:00,LA,,0.0,short_interval|NOT_BORROWABLE,LA-USDT-SWAP,2.0
2026-07-22T07:34:35+00:00,BTC,1.392e-05,175.0,control,,0.0
2026-07-22T07:34:35+00:00,ETH,4.128e-05,7000.0,control,,0.0
2026-07-22T07:34:35+00:00,USDT,6.864e-05,5000000.0,control,,0.0
2026-07-22T07:44:48+00:00,LA,,0.0,short_interval|NOT_BORROWABLE,LA-USDT-SWAP,2.0
2026-07-22T07:44:48+00:00,BTC,1.392e-05,175.0,control,,0.0
2026-07-22T07:44:48+00:00,ETH,4.128e-05,7000.0,control,,0.0
2026-07-22T07:44:48+00:00,USDT,6.864e-05,5000000.0,control,,0.0
2026-07-22T07:55:00+00:00,LA,,0.0,short_interval|NOT_BORROWABLE,LA-USDT-SWAP,2.0
2026-07-22T07:55:00+00:00,BTC,1.392e-05,175.0,control,,0.0
2026-07-22T07:55:00+00:00,ETH,4.128e-05,7000.0,control,,0.0
2026-07-22T07:55:00+00:00,USDT,6.864e-05,5000000.0,control,,0.0
2026-07-22T08:05:13+00:00,LA,,0.0,short_interval|NOT_BORROWABLE,LA-USDT-SWAP,2.0
2026-07-22T08:05:13+00:00,BTC,1.392e-05,175.0,control,,0.0
2026-07-22T08:05:13+00:00,ETH,4.128e-05,7000.0,control,,0.0
2026-07-22T08:05:13+00:00,USDT,6.864e-05,5000000.0,control,,0.0
2026-07-22T08:15:25+00:00,LA,,0.0,short_interval|NOT_BORROWABLE,LA-USDT-SWAP,2.0
2026-07-22T08:15:25+00:00,BTC,1.392e-05,175.0,control,,0.0
2026-07-22T08:15:25+00:00,ETH,4.128e-05,7000.0,control,,0.0
2026-07-22T08:15:25+00:00,USDT,6.864e-05,5000000.0,control,,0.0
2026-07-22T08:25:38+00:00,LA,,0.0,short_interval|NOT_BORROWABLE,LA-USDT-SWAP,2.0
2026-07-22T08:25:38+00:00,BTC,1.392e-05,175.0,control,,0.0
2026-07-22T08:25:38+00:00,ETH,4.128e-05,7000.0,control,,0.0
2026-07-22T08:25:38+00:00,USDT,6.864e-05,5000000.0,control,,0.0
2026-07-22T08:35:50+00:00,LA,,0.0,short_interval|NOT_BORROWABLE,LA-USDT-SWAP,2.0
2026-07-22T08:35:50+00:00,BTC,1.392e-05,175.0,control,,0.0
2026-07-22T08:35:50+00:00,ETH,4.128e-05,7000.0,control,,0.0
2026-07-22T08:35:50+00:00,USDT,6.864e-05,5000000.0,control,,0.0
2026-07-22T08:46:03+00:00,LA,,0.0,short_interval|NOT_BORROWABLE,LA-USDT-SWAP,2.0
2026-07-22T08:46:03+00:00,BTC,1.392e-05,175.0,control,,0.0
2026-07-22T08:46:03+00:00,ETH,4.128e-05,7000.0,control,,0.0
2026-07-22T08:46:03+00:00,USDT,6.864e-05,5000000.0,control,,0.0
2026-07-22T08:56:16+00:00,LA,,0.0,short_interval|NOT_BORROWABLE,LA-USDT-SWAP,2.0
2026-07-22T08:56:16+00:00,BTC,1.392e-05,175.0,control,,0.0
2026-07-22T08:56:16+00:00,ETH,4.128e-05,7000.0,control,,0.0
2026-07-22T08:56:16+00:00,USDT,6.864e-05,5000000.0,control,,0.0
2026-07-22T09:06:28+00:00,LA,,0.0,short_interval|NOT_BORROWABLE,LA-USDT-SWAP,2.0
2026-07-22T09:06:28+00:00,BTC,1.392e-05,175.0,control,,0.0
2026-07-22T09:06:28+00:00,ETH,4.128e-05,7000.0,control,,0.0
2026-07-22T09:06:28+00:00,USDT,6.864e-05,5000000.0,control,,0.0
2026-07-22T09:16:41+00:00,LA,,0.0,short_interval|NOT_BORROWABLE,LA-USDT-SWAP,2.0
2026-07-22T09:16:41+00:00,BTC,1.392e-05,175.0,control,,0.0
2026-07-22T09:16:41+00:00,ETH,4.128e-05,7000.0,control,,0.0
2026-07-22T09:16:41+00:00,USDT,6.864e-05,5000000.0,control,,0.0
2026-07-22T09:26:54+00:00,LA,,0.0,short_interval|NOT_BORROWABLE,LA-USDT-SWAP,2.0
2026-07-22T09:26:54+00:00,BTC,1.392e-05,175.0,control,,0.0
2026-07-22T09:26:54+00:00,ETH,4.128e-05,7000.0,control,,0.0
2026-07-22T09:26:54+00:00,USDT,6.864e-05,5000000.0,control,,0.0
2026-07-22T09:37:07+00:00,LA,,0.0,short_interval|NOT_BORROWABLE,LA-USDT-SWAP,2.0
2026-07-22T09:37:07+00:00,BTC,1.392e-05,175.0,control,,0.0
2026-07-22T09:37:07+00:00,ETH,4.128e-05,7000.0,control,,0.0
2026-07-22T09:37:07+00:00,USDT,6.864e-05,5000000.0,control,,0.0
2026-07-22T09:47:19+00:00,LA,,0.0,short_interval|NOT_BORROWABLE,LA-USDT-SWAP,2.0
2026-07-22T09:47:19+00:00,BTC,1.392e-05,175.0,control,,0.0
2026-07-22T09:47:19+00:00,ETH,4.128e-05,7000.0,control,,0.0
2026-07-22T09:47:19+00:00,USDT,6.864e-05,5000000.0,control,,0.0
2026-07-22T10:07:59+00:00,LA,,0.0,short_interval|NOT_BORROWABLE,LA-USDT-SWAP,2.0
2026-07-22T10:07:59+00:00,BTC,1.392e-05,175.0,control,,0.0
2026-07-22T10:07:59+00:00,ETH,4.128e-05,7000.0,control,,0.0
2026-07-22T10:07:59+00:00,USDT,6.864e-05,5000000.0,control,,0.0
2026-07-22T10:18:11+00:00,LA,,0.0,short_interval|NOT_BORROWABLE,LA-USDT-SWAP,2.0
2026-07-22T10:18:11+00:00,BTC,1.392e-05,175.0,control,,0.0
2026-07-22T10:18:11+00:00,ETH,4.128e-05,7000.0,control,,0.0
2026-07-22T10:18:11+00:00,USDT,6.864e-05,5000000.0,control,,0.0
2026-07-22T10:28:24+00:00,LA,,0.0,short_interval|NOT_BORROWABLE,LA-USDT-SWAP,2.0
2026-07-22T10:28:24+00:00,BTC,1.392e-05,175.0,control,,0.0
2026-07-22T10:28:24+00:00,ETH,4.128e-05,7000.0,control,,0.0
2026-07-22T10:28:24+00:00,USDT,6.864e-05,5000000.0,control,,0.0
2026-07-22T10:38:37+00:00,LA,,0.0,short_interval|NOT_BORROWABLE,LA-USDT-SWAP,2.0
2026-07-22T10:38:37+00:00,BTC,1.392e-05,175.0,control,,0.0
2026-07-22T10:38:37+00:00,ETH,4.128e-05,7000.0,control,,0.0
2026-07-22T10:38:37+00:00,USDT,6.864e-05,5000000.0,control,,0.0
2026-07-22T10:48:49+00:00,LA,,0.0,short_interval|NOT_BORROWABLE,LA-USDT-SWAP,2.0
2026-07-22T10:48:49+00:00,BTC,1.392e-05,175.0,control,,0.0
2026-07-22T10:48:49+00:00,ETH,4.128e-05,7000.0,control,,0.0
2026-07-22T10:48:49+00:00,USDT,6.864e-05,5000000.0,control,,0.0
2026-07-22T10:59:02+00:00,LA,,0.0,short_interval|NOT_BORROWABLE,LA-USDT-SWAP,2.0
2026-07-22T10:59:02+00:00,BTC,1.392e-05,175.0,control,,0.0
2026-07-22T10:59:02+00:00,ETH,4.128e-05,7000.0,control,,0.0
2026-07-22T10:59:02+00:00,USDT,6.864e-05,5000000.0,control,,0.0
2026-07-22T11:09:15+00:00,LA,,0.0,short_interval|NOT_BORROWABLE,LA-USDT-SWAP,2.0
2026-07-22T11:09:15+00:00,BTC,1.392e-05,175.0,control,,0.0
2026-07-22T11:09:15+00:00,ETH,4.128e-05,7000.0,control,,0.0
2026-07-22T11:09:15+00:00,USDT,6.864e-05,5000000.0,control,,0.0
2026-07-22T11:19:28+00:00,LA,,0.0,short_interval|NOT_BORROWABLE,LA-USDT-SWAP,2.0
2026-07-22T11:19:28+00:00,BTC,1.392e-05,175.0,control,,0.0
2026-07-22T11:19:28+00:00,ETH,4.128e-05,7000.0,control,,0.0
2026-07-22T11:19:28+00:00,USDT,6.864e-05,5000000.0,control,,0.0
2026-07-22T11:29:40+00:00,LA,,0.0,short_interval|NOT_BORROWABLE,LA-USDT-SWAP,2.0
2026-07-22T11:29:40+00:00,BTC,1.392e-05,175.0,control,,0.0
2026-07-22T11:29:40+00:00,ETH,4.128e-05,7000.0,control,,0.0
2026-07-22T11:29:40+00:00,USDT,6.864e-05,5000000.0,control,,0.0
2026-07-22T11:39:53+00:00,LA,,0.0,short_interval|NOT_BORROWABLE,LA-USDT-SWAP,2.0
2026-07-22T11:39:53+00:00,BTC,1.392e-05,175.0,control,,0.0
2026-07-22T11:39:53+00:00,ETH,4.128e-05,7000.0,control,,0.0
2026-07-22T11:39:53+00:00,USDT,6.864e-05,5000000.0,control,,0.0
2026-07-22T11:50:06+00:00,LA,,0.0,short_interval|NOT_BORROWABLE,LA-USDT-SWAP,2.0
2026-07-22T11:50:06+00:00,BTC,1.392e-05,175.0,control,,0.0
2026-07-22T11:50:06+00:00,ETH,4.128e-05,7000.0,control,,0.0
2026-07-22T11:50:06+00:00,USDT,6.864e-05,5000000.0,control,,0.0
2026-07-22T12:00:20+00:00,LA,,0.0,short_interval|NOT_BORROWABLE,LA-USDT-SWAP,2.0
2026-07-22T12:00:20+00:00,ONE,,0.0,pinned_at_cap|NOT_BORROWABLE,ONE-USDT-SWAP,4.0
2026-07-22T12:00:20+00:00,BTC,1.392e-05,175.0,control,,0.0
2026-07-22T12:00:20+00:00,ETH,4.128e-05,7000.0,control,,0.0
2026-07-22T12:00:20+00:00,USDT,6.864e-05,5000000.0,control,,0.0
2026-07-22T12:10:33+00:00,LA,,0.0,short_interval|NOT_BORROWABLE,LA-USDT-SWAP,2.0
2026-07-22T12:10:33+00:00,ONE,,0.0,pinned_at_cap|NOT_BORROWABLE,ONE-USDT-SWAP,4.0
2026-07-22T12:10:33+00:00,BTC,1.392e-05,175.0,control,,0.0
2026-07-22T12:10:33+00:00,ETH,4.128e-05,7000.0,control,,0.0
2026-07-22T12:10:33+00:00,USDT,6.864e-05,5000000.0,control,,0.0
2026-07-22T12:20:46+00:00,LA,,0.0,short_interval|NOT_BORROWABLE,LA-USDT-SWAP,2.0
2026-07-22T12:20:46+00:00,ONE,,0.0,pinned_at_cap|NOT_BORROWABLE,ONE-USDT-SWAP,4.0
2026-07-22T12:20:46+00:00,BTC,1.392e-05,175.0,control,,0.0
2026-07-22T12:20:46+00:00,ETH,4.128e-05,7000.0,control,,0.0
2026-07-22T12:20:46+00:00,USDT,6.864e-05,5000000.0,control,,0.0
2026-07-22T12:30:59+00:00,LA,,0.0,short_interval|NOT_BORROWABLE,LA-USDT-SWAP,2.0
2026-07-22T12:30:59+00:00,ONE,,0.0,pinned_at_cap|NOT_BORROWABLE,ONE-USDT-SWAP,4.0
2026-07-22T12:30:59+00:00,BTC,1.392e-05,175.0,control,,0.0
2026-07-22T12:30:59+00:00,ETH,4.128e-05,7000.0,control,,0.0
2026-07-22T12:30:59+00:00,USDT,6.864e-05,5000000.0,control,,0.0
2026-07-22T12:41:12+00:00,LA,,0.0,short_interval|NOT_BORROWABLE,LA-USDT-SWAP,2.0
2026-07-22T12:41:12+00:00,ONE,,0.0,pinned_at_cap|NOT_BORROWABLE,ONE-USDT-SWAP,4.0
2026-07-22T12:41:12+00:00,BTC,1.392e-05,175.0,control,,0.0
2026-07-22T12:41:12+00:00,ETH,4.128e-05,7000.0,control,,0.0
2026-07-22T12:41:12+00:00,USDT,6.864e-05,5000000.0,control,,0.0
2026-07-22T12:51:25+00:00,LA,,0.0,short_interval|NOT_BORROWABLE,LA-USDT-SWAP,2.0
2026-07-22T12:51:25+00:00,ONE,,0.0,pinned_at_cap|NOT_BORROWABLE,ONE-USDT-SWAP,4.0
2026-07-22T12:51:25+00:00,BTC,1.392e-05,175.0,control,,0.0
2026-07-22T12:51:25+00:00,ETH,4.128e-05,7000.0,control,,0.0
2026-07-22T12:51:25+00:00,USDT,6.864e-05,5000000.0,control,,0.0
2026-07-22T13:01:46+00:00,LA,,0.0,short_interval|NOT_BORROWABLE,LA-USDT-SWAP,2.0
2026-07-22T13:01:46+00:00,ONE,,0.0,pinned_at_cap|NOT_BORROWABLE,ONE-USDT-SWAP,4.0
2026-07-22T13:01:46+00:00,BTC,1.392e-05,175.0,control,,0.0
2026-07-22T13:01:46+00:00,ETH,4.128e-05,7000.0,control,,0.0
2026-07-22T13:01:46+00:00,USDT,6.864e-05,5000000.0,control,,0.0
2026-07-22T13:12:07+00:00,LA,,0.0,short_interval|NOT_BORROWABLE,LA-USDT-SWAP,2.0
2026-07-22T13:12:07+00:00,ONE,,0.0,pinned_at_cap|NOT_BORROWABLE,ONE-USDT-SWAP,4.0
2026-07-22T13:12:07+00:00,BTC,1.392e-05,175.0,control,,0.0
2026-07-22T13:12:07+00:00,ETH,4.128e-05,7000.0,control,,0.0
2026-07-22T13:12:07+00:00,USDT,6.864e-05,5000000.0,control,,0.0
2026-07-22T13:22:28+00:00,LA,,0.0,short_interval|NOT_BORROWABLE,LA-USDT-SWAP,2.0
2026-07-22T13:22:28+00:00,ONE,,0.0,pinned_at_cap|NOT_BORROWABLE,ONE-USDT-SWAP,4.0
2026-07-22T13:22:28+00:00,BTC,1.392e-05,175.0,control,,0.0
2026-07-22T13:22:28+00:00,ETH,4.128e-05,7000.0,control,,0.0
2026-07-22T13:22:28+00:00,USDT,6.864e-05,5000000.0,control,,0.0
2026-07-22T13:32:50+00:00,LA,,0.0,short_interval|NOT_BORROWABLE,LA-USDT-SWAP,2.0
2026-07-22T13:32:50+00:00,ONE,,0.0,pinned_at_cap|NOT_BORROWABLE,ONE-USDT-SWAP,4.0
2026-07-22T13:32:50+00:00,BTC,1.392e-05,175.0,control,,0.0
2026-07-22T13:32:50+00:00,ETH,4.128e-05,7000.0,control,,0.0
2026-07-22T13:32:50+00:00,USDT,6.864e-05,5000000.0,control,,0.0
2026-07-22T13:43:11+00:00,LA,,0.0,short_interval|NOT_BORROWABLE,LA-USDT-SWAP,2.0
2026-07-22T13:43:11+00:00,ONE,,0.0,pinned_at_cap|NOT_BORROWABLE,ONE-USDT-SWAP,4.0
2026-07-22T13:43:11+00:00,BTC,1.392e-05,175.0,control,,0.0
2026-07-22T13:43:11+00:00,ETH,4.128e-05,7000.0,control,,0.0
2026-07-22T13:43:11+00:00,USDT,6.864e-05,5000000.0,control,,0.0
2026-07-22T13:53:32+00:00,LA,,0.0,short_interval|NOT_BORROWABLE,LA-USDT-SWAP,2.0
2026-07-22T13:53:32+00:00,ONE,,0.0,pinned_at_cap|NOT_BORROWABLE,ONE-USDT-SWAP,4.0
2026-07-22T13:53:32+00:00,BTC,1.392e-05,175.0,control,,0.0
2026-07-22T13:53:32+00:00,ETH,4.128e-05,7000.0,control,,0.0
2026-07-22T13:53:32+00:00,USDT,6.864e-05,5000000.0,control,,0.0
2026-07-22T14:03:53+00:00,LA,,0.0,short_interval|NOT_BORROWABLE,LA-USDT-SWAP,2.0
2026-07-22T14:03:53+00:00,ONE,,0.0,pinned_at_cap|NOT_BORROWABLE,ONE-USDT-SWAP,4.0
2026-07-22T14:03:53+00:00,BTC,1.392e-05,175.0,control,,0.0
2026-07-22T14:03:53+00:00,ETH,4.128e-05,7000.0,control,,0.0
2026-07-22T14:03:53+00:00,USDT,6.864e-05,5000000.0,control,,0.0
2026-07-22T14:14:14+00:00,LA,,0.0,short_interval|NOT_BORROWABLE,LA-USDT-SWAP,2.0
2026-07-22T14:14:14+00:00,ONE,,0.0,pinned_at_cap|NOT_BORROWABLE,ONE-USDT-SWAP,4.0
2026-07-22T14:14:14+00:00,BTC,1.392e-05,175.0,control,,0.0
2026-07-22T14:14:14+00:00,ETH,4.128e-05,7000.0,control,,0.0
2026-07-22T14:14:14+00:00,USDT,6.864e-05,5000000.0,control,,0.0
2026-07-22T14:24:36+00:00,LA,,0.0,short_interval|NOT_BORROWABLE,LA-USDT-SWAP,2.0
2026-07-22T14:24:36+00:00,ONE,,0.0,pinned_at_cap|NOT_BORROWABLE,ONE-USDT-SWAP,4.0
2026-07-22T14:24:36+00:00,BTC,1.392e-05,175.0,control,,0.0
2026-07-22T14:24:36+00:00,ETH,4.128e-05,7000.0,control,,0.0
2026-07-22T14:24:36+00:00,USDT,6.864e-05,5000000.0,control,,0.0
2026-07-22T14:34:57+00:00,LA,,0.0,short_interval|NOT_BORROWABLE,LA-USDT-SWAP,2.0
2026-07-22T14:34:57+00:00,ONE,,0.0,pinned_at_cap|NOT_BORROWABLE,ONE-USDT-SWAP,4.0
2026-07-22T14:34:57+00:00,BTC,1.392e-05,175.0,control,,0.0
2026-07-22T14:34:57+00:00,ETH,4.128e-05,7000.0,control,,0.0
2026-07-22T14:34:57+00:00,USDT,6.864e-05,5000000.0,control,,0.0
2026-07-22T14:45:19+00:00,LA,,0.0,short_interval|NOT_BORROWABLE,LA-USDT-SWAP,2.0
2026-07-22T14:45:19+00:00,ONE,,0.0,pinned_at_cap|NOT_BORROWABLE,ONE-USDT-SWAP,4.0
2026-07-22T14:45:19+00:00,BTC,1.392e-05,175.0,control,,0.0
2026-07-22T14:45:19+00:00,ETH,4.128e-05,7000.0,control,,0.0
2026-07-22T14:45:19+00:00,USDT,6.864e-05,5000000.0,control,,0.0
2026-07-22T15:06:23+00:00,LA,,0.0,short_interval|NOT_BORROWABLE,LA-USDT-SWAP,2.0
2026-07-22T15:06:23+00:00,ONE,,0.0,pinned_at_cap|NOT_BORROWABLE,ONE-USDT-SWAP,4.0
2026-07-22T15:06:23+00:00,BTC,1.392e-05,175.0,control,,0.0
2026-07-22T15:06:23+00:00,ETH,4.128e-05,7000.0,control,,0.0
2026-07-22T15:06:23+00:00,USDT,6.864e-05,5000000.0,control,,0.0
2026-07-22T15:16:47+00:00,LA,,0.0,short_interval|NOT_BORROWABLE,LA-USDT-SWAP,2.0
2026-07-22T15:16:47+00:00,ONE,,0.0,pinned_at_cap|NOT_BORROWABLE,ONE-USDT-SWAP,4.0
2026-07-22T15:16:47+00:00,BTC,1.392e-05,175.0,control,,0.0
2026-07-22T15:16:47+00:00,ETH,4.128e-05,7000.0,control,,0.0
2026-07-22T15:16:47+00:00,USDT,6.864e-05,5000000.0,control,,0.0
2026-07-22T15:27:10+00:00,LA,,0.0,short_interval|NOT_BORROWABLE,LA-USDT-SWAP,2.0
2026-07-22T15:27:10+00:00,ONE,,0.0,pinned_at_cap|NOT_BORROWABLE,ONE-USDT-SWAP,4.0
2026-07-22T15:27:10+00:00,BTC,1.392e-05,175.0,control,,0.0
2026-07-22T15:27:10+00:00,ETH,4.128e-05,7000.0,control,,0.0
2026-07-22T15:27:10+00:00,USDT,6.864e-05,5000000.0,control,,0.0
2026-07-22T15:37:33+00:00,LA,,0.0,short_interval|NOT_BORROWABLE,LA-USDT-SWAP,2.0
2026-07-22T15:37:33+00:00,ONE,,0.0,pinned_at_cap|NOT_BORROWABLE,ONE-USDT-SWAP,4.0
2026-07-22T15:37:33+00:00,BTC,1.392e-05,175.0,control,,0.0
2026-07-22T15:37:33+00:00,ETH,4.128e-05,7000.0,control,,0.0
2026-07-22T15:37:33+00:00,USDT,6.864e-05,5000000.0,control,,0.0
2026-07-22T15:47:55+00:00,LA,,0.0,short_interval|NOT_BORROWABLE,LA-USDT-SWAP,2.0
2026-07-22T15:47:55+00:00,ONE,,0.0,pinned_at_cap|NOT_BORROWABLE,ONE-USDT-SWAP,4.0
2026-07-22T15:47:55+00:00,BTC,1.392e-05,175.0,control,,0.0
2026-07-22T15:47:55+00:00,ETH,4.128e-05,7000.0,control,,0.0
2026-07-22T15:47:55+00:00,USDT,6.864e-05,5000000.0,control,,0.0
2026-07-22T15:58:18+00:00,LA,,0.0,short_interval|NOT_BORROWABLE,LA-USDT-SWAP,2.0
2026-07-22T15:58:18+00:00,ONE,,0.0,pinned_at_cap|NOT_BORROWABLE,ONE-USDT-SWAP,4.0
2026-07-22T15:58:18+00:00,BTC,1.392e-05,175.0,control,,0.0
2026-07-22T15:58:18+00:00,ETH,4.128e-05,7000.0,control,,0.0
2026-07-22T15:58:18+00:00,USDT,6.864e-05,5000000.0,control,,0.0
2026-07-23T04:24:48+00:00,O,,0.0,pinned_at_cap|NOT_BORROWABLE,O-USD_UM_XPERP-310620,4.0
2026-07-23T04:24:48+00:00,BTC,1.392e-05,175.0,control,,0.0
2026-07-23T04:24:48+00:00,ETH,4.128e-05,7000.0,control,,0.0
2026-07-23T04:24:48+00:00,USDT,6.864e-05,5000000.0,control,,0.0
2026-07-23T04:35:09+00:00,O,,0.0,pinned_at_cap|NOT_BORROWABLE,O-USD_UM_XPERP-310620,4.0
2026-07-23T04:35:09+00:00,BTC,1.392e-05,175.0,control,,0.0
2026-07-23T04:35:09+00:00,ETH,4.128e-05,7000.0,control,,0.0
2026-07-23T04:35:09+00:00,USDT,6.864e-05,5000000.0,control,,0.0
2026-07-23T04:45:29+00:00,O,,0.0,pinned_at_cap|NOT_BORROWABLE,O-USD_UM_XPERP-310620,4.0
2026-07-23T04:45:29+00:00,BTC,1.392e-05,175.0,control,,0.0
2026-07-23T04:45:29+00:00,ETH,4.128e-05,7000.0,control,,0.0
2026-07-23T04:45:29+00:00,USDT,6.864e-05,5000000.0,control,,0.0
2026-07-23T04:55:50+00:00,O,,0.0,pinned_at_cap|NOT_BORROWABLE,O-USD_UM_XPERP-310620,4.0
2026-07-23T04:55:50+00:00,BTC,1.392e-05,175.0,control,,0.0
2026-07-23T04:55:50+00:00,ETH,4.128e-05,7000.0,control,,0.0
2026-07-23T04:55:50+00:00,USDT,6.864e-05,5000000.0,control,,0.0
2026-07-23T05:06:11+00:00,O,,0.0,pinned_at_cap|NOT_BORROWABLE,O-USD_UM_XPERP-310620,4.0
2026-07-23T05:06:11+00:00,BTC,1.392e-05,175.0,control,,0.0
2026-07-23T05:06:11+00:00,ETH,4.128e-05,7000.0,control,,0.0
2026-07-23T05:06:11+00:00,USDT,6.864e-05,5000000.0,control,,0.0
2026-07-23T05:16:32+00:00,O,,0.0,pinned_at_cap|NOT_BORROWABLE,O-USD_UM_XPERP-310620,4.0
2026-07-23T05:16:32+00:00,BTC,1.392e-05,175.0,control,,0.0
2026-07-23T05:16:32+00:00,ETH,4.128e-05,7000.0,control,,0.0
2026-07-23T05:16:32+00:00,USDT,6.864e-05,5000000.0,control,,0.0
2026-07-23T05:26:52+00:00,O,,0.0,pinned_at_cap|NOT_BORROWABLE,O-USD_UM_XPERP-310620,4.0
2026-07-23T05:26:52+00:00,BTC,1.392e-05,175.0,control,,0.0
2026-07-23T05:26:52+00:00,ETH,4.128e-05,7000.0,control,,0.0
2026-07-23T05:26:52+00:00,USDT,6.864e-05,5000000.0,control,,0.0
2026-07-23T05:47:57+00:00,O,,0.0,pinned_at_cap|NOT_BORROWABLE,O-USD_UM_XPERP-310620,4.0
2026-07-23T05:47:57+00:00,BTC,1.392e-05,175.0,control,,0.0
2026-07-23T05:47:57+00:00,ETH,4.128e-05,7000.0,control,,0.0
2026-07-23T05:47:57+00:00,USDT,6.864e-05,5000000.0,control,,0.0
2026-07-23T05:58:20+00:00,O,,0.0,pinned_at_cap|NOT_BORROWABLE,O-USD_UM_XPERP-310620,4.0
2026-07-23T05:58:20+00:00,BTC,1.392e-05,175.0,control,,0.0
2026-07-23T05:58:20+00:00,ETH,4.128e-05,7000.0,control,,0.0
2026-07-23T05:58:20+00:00,USDT,6.864e-05,5000000.0,control,,0.0
2026-07-23T06:08:43+00:00,O,,0.0,pinned_at_cap|NOT_BORROWABLE,O-USD_UM_XPERP-310620,4.0
2026-07-23T06:08:43+00:00,BTC,1.392e-05,175.0,control,,0.0
2026-07-23T06:08:43+00:00,ETH,4.128e-05,7000.0,control,,0.0
2026-07-23T06:08:43+00:00,USDT,6.864e-05,5000000.0,control,,0.0
2026-07-23T06:19:06+00:00,O,,0.0,pinned_at_cap|NOT_BORROWABLE,O-USD_UM_XPERP-310620,4.0
2026-07-23T06:19:06+00:00,BTC,1.392e-05,175.0,control,,0.0
2026-07-23T06:19:06+00:00,ETH,4.128e-05,7000.0,control,,0.0
2026-07-23T06:19:06+00:00,USDT,6.864e-05,5000000.0,control,,0.0
2026-07-23T06:29:30+00:00,O,,0.0,pinned_at_cap|NOT_BORROWABLE,O-USD_UM_XPERP-310620,4.0
2026-07-23T06:29:30+00:00,BTC,1.392e-05,175.0,control,,0.0
2026-07-23T06:29:30+00:00,ETH,4.128e-05,7000.0,control,,0.0
2026-07-23T06:29:30+00:00,USDT,6.864e-05,5000000.0,control,,0.0
2026-07-23T06:39:53+00:00,O,,0.0,pinned_at_cap|NOT_BORROWABLE,O-USD_UM_XPERP-310620,4.0
2026-07-23T06:39:53+00:00,BTC,1.392e-05,175.0,control,,0.0
2026-07-23T06:39:53+00:00,ETH,4.128e-05,7000.0,control,,0.0
2026-07-23T06:39:53+00:00,USDT,6.864e-05,5000000.0,control,,0.0
2026-07-23T06:50:17+00:00,O,,0.0,pinned_at_cap|NOT_BORROWABLE,O-USD_UM_XPERP-310620,4.0
2026-07-23T06:50:17+00:00,BTC,1.392e-05,175.0,control,,0.0
2026-07-23T06:50:17+00:00,ETH,4.128e-05,7000.0,control,,0.0
2026-07-23T06:50:17+00:00,USDT,6.864e-05,5000000.0,control,,0.0
2026-07-23T07:00:40+00:00,O,,0.0,pinned_at_cap|NOT_BORROWABLE,O-USD_UM_XPERP-310620,4.0
2026-07-23T07:00:40+00:00,BTC,1.392e-05,175.0,control,,0.0
2026-07-23T07:00:40+00:00,ETH,4.128e-05,7000.0,control,,0.0
2026-07-23T07:00:40+00:00,USDT,6.864e-05,5000000.0,control,,0.0
2026-07-23T07:11:03+00:00,O,,0.0,pinned_at_cap|NOT_BORROWABLE,O-USD_UM_XPERP-310620,4.0
2026-07-23T07:11:03+00:00,BTC,1.392e-05,175.0,control,,0.0
2026-07-23T07:11:03+00:00,ETH,4.128e-05,7000.0,control,,0.0
2026-07-23T07:11:03+00:00,USDT,6.864e-05,5000000.0,control,,0.0
2026-07-23T07:21:27+00:00,O,,0.0,pinned_at_cap|NOT_BORROWABLE,O-USD_UM_XPERP-310620,4.0
2026-07-23T07:21:27+00:00,BTC,1.392e-05,175.0,control,,0.0
2026-07-23T07:21:27+00:00,ETH,4.128e-05,7000.0,control,,0.0
2026-07-23T07:21:27+00:00,USDT,6.864e-05,5000000.0,control,,0.0
2026-07-23T07:31:50+00:00,O,,0.0,pinned_at_cap|NOT_BORROWABLE,O-USD_UM_XPERP-310620,4.0
2026-07-23T07:31:50+00:00,BTC,1.392e-05,175.0,control,,0.0
2026-07-23T07:31:50+00:00,ETH,4.128e-05,7000.0,control,,0.0
2026-07-23T07:31:50+00:00,USDT,6.864e-05,5000000.0,control,,0.0
2026-07-23T07:42:14+00:00,O,,0.0,pinned_at_cap|NOT_BORROWABLE,O-USD_UM_XPERP-310620,4.0
2026-07-23T07:42:14+00:00,BTC,1.392e-05,175.0,control,,0.0
2026-07-23T07:42:14+00:00,ETH,4.128e-05,7000.0,control,,0.0
2026-07-23T07:42:14+00:00,USDT,6.864e-05,5000000.0,control,,0.0
2026-07-23T07:52:38+00:00,O,,0.0,pinned_at_cap|NOT_BORROWABLE,O-USD_UM_XPERP-310620,4.0
2026-07-23T07:52:38+00:00,BTC,1.392e-05,175.0,control,,0.0
2026-07-23T07:52:38+00:00,ETH,4.128e-05,7000.0,control,,0.0
2026-07-23T07:52:38+00:00,USDT,6.864e-05,5000000.0,control,,0.0
2026-07-23T08:03:02+00:00,O,,0.0,pinned_at_cap|NOT_BORROWABLE,O-USD_UM_XPERP-310620,4.0
2026-07-23T08:03:02+00:00,BTC,1.392e-05,175.0,control,,0.0
2026-07-23T08:03:02+00:00,ETH,4.128e-05,7000.0,control,,0.0
2026-07-23T08:03:02+00:00,USDT,6.864e-05,5000000.0,control,,0.0
2026-07-23T08:13:26+00:00,O,,0.0,pinned_at_cap|NOT_BORROWABLE,O-USD_UM_XPERP-310620,4.0
2026-07-23T08:13:26+00:00,BTC,1.392e-05,175.0,control,,0.0
2026-07-23T08:13:26+00:00,ETH,4.128e-05,7000.0,control,,0.0
2026-07-23T08:13:26+00:00,USDT,6.864e-05,5000000.0,control,,0.0
2026-07-23T08:23:50+00:00,O,,0.0,pinned_at_cap|NOT_BORROWABLE,O-USD_UM_XPERP-310620,4.0
2026-07-23T08:23:50+00:00,BTC,1.392e-05,175.0,control,,0.0
2026-07-23T08:23:50+00:00,ETH,4.128e-05,7000.0,control,,0.0
2026-07-23T08:23:50+00:00,USDT,6.864e-05,5000000.0,control,,0.0
2026-07-23T08:34:14+00:00,O,,0.0,pinned_at_cap|NOT_BORROWABLE,O-USD_UM_XPERP-310620,4.0
2026-07-23T08:34:14+00:00,BTC,1.392e-05,175.0,control,,0.0
2026-07-23T08:34:14+00:00,ETH,4.128e-05,7000.0,control,,0.0
2026-07-23T08:34:14+00:00,USDT,6.864e-05,5000000.0,control,,0.0
2026-07-23T08:44:39+00:00,O,,0.0,pinned_at_cap|NOT_BORROWABLE,O-USD_UM_XPERP-310620,4.0
2026-07-23T08:44:39+00:00,BTC,1.392e-05,175.0,control,,0.0
2026-07-23T08:44:39+00:00,ETH,4.128e-05,7000.0,control,,0.0
2026-07-23T08:44:39+00:00,USDT,6.864e-05,5000000.0,control,,0.0
2026-07-23T08:55:03+00:00,O,,0.0,pinned_at_cap|NOT_BORROWABLE,O-USD_UM_XPERP-310620,4.0
2026-07-23T08:55:03+00:00,BTC,1.392e-05,175.0,control,,0.0
2026-07-23T08:55:03+00:00,ETH,4.128e-05,7000.0,control,,0.0
2026-07-23T08:55:03+00:00,USDT,6.864e-05,5000000.0,control,,0.0
2026-07-23T09:05:27+00:00,O,,0.0,pinned_at_cap|NOT_BORROWABLE,O-USD_UM_XPERP-310620,4.0
2026-07-23T09:05:27+00:00,BTC,1.392e-05,175.0,control,,0.0
2026-07-23T09:05:27+00:00,ETH,4.128e-05,7000.0,control,,0.0
2026-07-23T09:05:27+00:00,USDT,6.864e-05,5000000.0,control,,0.0
2026-07-23T09:15:52+00:00,O,,0.0,pinned_at_cap|NOT_BORROWABLE,O-USD_UM_XPERP-310620,4.0
2026-07-23T09:15:52+00:00,BTC,1.392e-05,175.0,control,,0.0
2026-07-23T09:15:52+00:00,ETH,4.128e-05,7000.0,control,,0.0
2026-07-23T09:15:52+00:00,USDT,6.864e-05,5000000.0,control,,0.0
2026-07-23T09:26:16+00:00,O,,0.0,pinned_at_cap|NOT_BORROWABLE,O-USD_UM_XPERP-310620,4.0
2026-07-23T09:26:16+00:00,BTC,1.392e-05,175.0,control,,0.0
2026-07-23T09:26:16+00:00,ETH,4.128e-05,7000.0,control,,0.0
2026-07-23T09:26:16+00:00,USDT,6.864e-05,5000000.0,control,,0.0
2026-07-23T09:36:41+00:00,O,,0.0,pinned_at_cap|NOT_BORROWABLE,O-USD_UM_XPERP-310620,4.0
2026-07-23T09:36:41+00:00,BTC,1.392e-05,175.0,control,,0.0
2026-07-23T09:36:41+00:00,ETH,4.128e-05,7000.0,control,,0.0
2026-07-23T09:36:41+00:00,USDT,6.864e-05,5000000.0,control,,0.0
2026-07-23T09:47:05+00:00,O,,0.0,pinned_at_cap|NOT_BORROWABLE,O-USD_UM_XPERP-310620,4.0
2026-07-23T09:47:05+00:00,BTC,1.392e-05,175.0,control,,0.0
2026-07-23T09:47:05+00:00,ETH,4.128e-05,7000.0,control,,0.0
2026-07-23T09:47:05+00:00,USDT,6.864e-05,5000000.0,control,,0.0
2026-07-23T09:57:29+00:00,O,,0.0,pinned_at_cap|NOT_BORROWABLE,O-USD_UM_XPERP-310620,4.0
2026-07-23T09:57:29+00:00,BTC,1.392e-05,175.0,control,,0.0
2026-07-23T09:57:29+00:00,ETH,4.128e-05,7000.0,control,,0.0
2026-07-23T09:57:29+00:00,USDT,6.864e-05,5000000.0,control,,0.0
2026-07-23T10:07:54+00:00,BARD,0.0063288,19200.0,pinned_at_cap,BARD-USDT-SWAP,4.0
2026-07-23T10:07:54+00:00,O,,0.0,pinned_at_cap|NOT_BORROWABLE,O-USD_UM_XPERP-310620,4.0
2026-07-23T10:07:54+00:00,BTC,1.392e-05,175.0,control,,0.0
2026-07-23T10:07:54+00:00,ETH,4.128e-05,7000.0,control,,0.0
2026-07-23T10:07:54+00:00,USDT,6.864e-05,5000000.0,control,,0.0
2026-07-23T10:18:19+00:00,BARD,0.0063288,19200.0,pinned_at_cap,BARD-USDT-SWAP,4.0
2026-07-23T10:18:19+00:00,O,,0.0,pinned_at_cap|NOT_BORROWABLE,O-USD_UM_XPERP-310620,4.0
2026-07-23T10:18:19+00:00,BTC,1.392e-05,175.0,control,,0.0
2026-07-23T10:18:19+00:00,ETH,4.128e-05,7000.0,control,,0.0
2026-07-23T10:18:19+00:00,USDT,6.864e-05,5000000.0,control,,0.0
2026-07-23T10:39:28+00:00,BARD,0.0063288,19200.0,pinned_at_cap,BARD-USDT-SWAP,4.0
2026-07-23T10:39:28+00:00,O,,0.0,pinned_at_cap|NOT_BORROWABLE,O-USD_UM_XPERP-310620,4.0
2026-07-23T10:39:28+00:00,BTC,1.392e-05,175.0,control,,0.0
2026-07-23T10:39:28+00:00,ETH,4.128e-05,7000.0,control,,0.0
2026-07-23T10:39:28+00:00,USDT,6.864e-05,5000000.0,control,,0.0
2026-07-23T10:49:54+00:00,BARD,0.0063288,19200.0,pinned_at_cap,BARD-USDT-SWAP,4.0
2026-07-23T10:49:54+00:00,O,,0.0,pinned_at_cap|NOT_BORROWABLE,O-USD_UM_XPERP-310620,4.0
2026-07-23T10:49:54+00:00,BTC,1.392e-05,175.0,control,,0.0
2026-07-23T10:49:54+00:00,ETH,4.128e-05,7000.0,control,,0.0
2026-07-23T10:49:54+00:00,USDT,6.864e-05,5000000.0,control,,0.0
2026-07-23T11:00:21+00:00,BARD,0.0063288,19200.0,pinned_at_cap,BARD-USDT-SWAP,4.0
2026-07-23T11:00:21+00:00,O,,0.0,pinned_at_cap|NOT_BORROWABLE,O-USD_UM_XPERP-310620,4.0
2026-07-23T11:00:21+00:00,BTC,1.392e-05,175.0,control,,0.0
2026-07-23T11:00:21+00:00,ETH,4.128e-05,7000.0,control,,0.0
2026-07-23T11:00:21+00:00,USDT,6.864e-05,5000000.0,control,,0.0
2026-07-23T11:10:46+00:00,BARD,0.0063288,19200.0,pinned_at_cap,BARD-USDT-SWAP,4.0
2026-07-23T11:10:46+00:00,O,,0.0,pinned_at_cap|NOT_BORROWABLE,O-USD_UM_XPERP-310620,4.0
2026-07-23T11:10:46+00:00,BTC,1.392e-05,175.0,control,,0.0
2026-07-23T11:10:46+00:00,ETH,4.128e-05,7000.0,control,,0.0
2026-07-23T11:10:46+00:00,USDT,6.864e-05,5000000.0,control,,0.0
2026-07-23T11:21:12+00:00,BARD,0.0063288,19200.0,pinned_at_cap,BARD-USDT-SWAP,4.0
2026-07-23T11:21:12+00:00,O,,0.0,pinned_at_cap|NOT_BORROWABLE,O-USD_UM_XPERP-310620,4.0
2026-07-23T11:21:12+00:00,BTC,1.392e-05,175.0,control,,0.0
2026-07-23T11:21:12+00:00,ETH,4.128e-05,7000.0,control,,0.0
2026-07-23T11:21:12+00:00,USDT,6.864e-05,5000000.0,control,,0.0
2026-07-23T11:31:38+00:00,BARD,0.0063288,19200.0,pinned_at_cap,BARD-USDT-SWAP,4.0
2026-07-23T11:31:38+00:00,O,,0.0,pinned_at_cap|NOT_BORROWABLE,O-USD_UM_XPERP-310620,4.0
2026-07-23T11:31:38+00:00,BTC,1.392e-05,175.0,control,,0.0
2026-07-23T11:31:38+00:00,ETH,4.128e-05,7000.0,control,,0.0
2026-07-23T11:31:38+00:00,USDT,6.864e-05,5000000.0,control,,0.0
2026-07-23T11:42:05+00:00,BARD,0.0063288,19200.0,pinned_at_cap,BARD-USDT-SWAP,4.0
2026-07-23T11:42:05+00:00,O,,0.0,pinned_at_cap|NOT_BORROWABLE,O-USD_UM_XPERP-310620,4.0
2026-07-23T11:42:05+00:00,BTC,1.392e-05,175.0,control,,0.0
2026-07-23T11:42:05+00:00,ETH,4.128e-05,7000.0,control,,0.0
2026-07-23T11:42:05+00:00,USDT,6.864e-05,5000000.0,control,,0.0
2026-07-23T11:52:31+00:00,BARD,0.0063288,19200.0,pinned_at_cap,BARD-USDT-SWAP,4.0
2026-07-23T11:52:31+00:00,O,,0.0,pinned_at_cap|NOT_BORROWABLE,O-USD_UM_XPERP-310620,4.0
2026-07-23T11:52:31+00:00,BTC,1.392e-05,175.0,control,,0.0
2026-07-23T11:52:31+00:00,ETH,4.128e-05,7000.0,control,,0.0
2026-07-23T11:52:31+00:00,USDT,6.864e-05,5000000.0,control,,0.0
2026-07-23T12:02:56+00:00,BARD,0.00630144,19200.0,pinned_at_cap,BARD-USDT-SWAP,2.0
2026-07-23T12:02:56+00:00,O,,0.0,short_interval|NOT_BORROWABLE,O-USDT-SWAP,2.0
2026-07-23T12:02:56+00:00,BTC,1.392e-05,175.0,control,,0.0
2026-07-23T12:02:56+00:00,ETH,4.128e-05,7000.0,control,,0.0
2026-07-23T12:02:56+00:00,USDT,6.864e-05,5000000.0,control,,0.0
2026-07-23T12:13:22+00:00,BARD,0.00630144,19200.0,pinned_at_cap,BARD-USDT-SWAP,2.0
2026-07-23T12:13:22+00:00,O,,0.0,pinned_at_cap|NOT_BORROWABLE,O-USD_UM_XPERP-310620,4.0
2026-07-23T12:13:22+00:00,BTC,1.392e-05,175.0,control,,0.0
2026-07-23T12:13:22+00:00,ETH,4.128e-05,7000.0,control,,0.0
2026-07-23T12:13:22+00:00,USDT,6.864e-05,5000000.0,control,,0.0
2026-07-23T12:23:48+00:00,BARD,0.00630144,19200.0,pinned_at_cap,BARD-USDT-SWAP,2.0
2026-07-23T12:23:48+00:00,O,,0.0,pinned_at_cap|NOT_BORROWABLE,O-USD_UM_XPERP-310620,4.0
2026-07-23T12:23:48+00:00,BTC,1.392e-05,175.0,control,,0.0
2026-07-23T12:23:48+00:00,ETH,4.128e-05,7000.0,control,,0.0
2026-07-23T12:23:48+00:00,USDT,6.864e-05,5000000.0,control,,0.0
2026-07-23T12:34:15+00:00,BARD,0.00630144,19200.0,pinned_at_cap,BARD-USDT-SWAP,2.0
2026-07-23T12:34:15+00:00,O,,0.0,pinned_at_cap|NOT_BORROWABLE,O-USD_UM_XPERP-310620,4.0
2026-07-23T12:34:15+00:00,BTC,1.392e-05,175.0,control,,0.0
2026-07-23T12:34:15+00:00,ETH,4.128e-05,7000.0,control,,0.0
2026-07-23T12:34:15+00:00,USDT,6.864e-05,5000000.0,control,,0.0
2026-07-23T12:44:41+00:00,BARD,0.00630144,19200.0,pinned_at_cap,BARD-USDT-SWAP,2.0
2026-07-23T12:44:41+00:00,O,,0.0,pinned_at_cap|NOT_BORROWABLE,O-USD_UM_XPERP-310620,4.0
2026-07-23T12:44:41+00:00,BTC,1.392e-05,175.0,control,,0.0
2026-07-23T12:44:41+00:00,ETH,4.128e-05,7000.0,control,,0.0
2026-07-23T12:44:41+00:00,USDT,6.864e-05,5000000.0,control,,0.0
2026-07-23T12:51:29+00:00,BARD,0.00630144,19200.0,pinned_at_cap,BARD-USDT-SWAP,2.0
2026-07-23T12:51:29+00:00,O,,0.0,short_interval|NOT_BORROWABLE,O-USDT-SWAP,2.0
2026-07-23T12:51:29+00:00,BTC,1.392e-05,175.0,control,,0.0
2026-07-23T12:51:29+00:00,ETH,4.128e-05,7000.0,control,,0.0
2026-07-23T12:51:29+00:00,USDT,6.864e-05,5000000.0,control,,0.0
2026-07-23T13:01:56+00:00,BARD,0.00624672,19200.0,pinned_at_cap,BARD-USDT-SWAP,2.0
2026-07-23T13:01:56+00:00,O,,0.0,short_interval|NOT_BORROWABLE,O-USDT-SWAP,2.0
2026-07-23T13:01:56+00:00,BTC,1.392e-05,175.0,control,,0.0
2026-07-23T13:01:56+00:00,ETH,4.128e-05,7000.0,control,,0.0
2026-07-23T13:01:56+00:00,USDT,6.864e-05,5000000.0,control,,0.0
2026-07-23T13:12:27+00:00,BARD,0.00624672,19200.0,pinned_at_cap,BARD-USDT-SWAP,2.0
2026-07-23T13:12:27+00:00,O,,0.0,short_interval|NOT_BORROWABLE,O-USDT-SWAP,2.0
2026-07-23T13:12:27+00:00,BTC,1.392e-05,175.0,control,,0.0
2026-07-23T13:12:27+00:00,ETH,4.128e-05,7000.0,control,,0.0
2026-07-23T13:12:27+00:00,USDT,6.864e-05,5000000.0,control,,0.0
2026-07-23T13:22:55+00:00,BARD,0.00624672,19200.0,pinned_at_cap,BARD-USDT-SWAP,2.0
2026-07-23T13:22:55+00:00,O,,0.0,short_interval|NOT_BORROWABLE,O-USDT-SWAP,2.0
2026-07-23T13:22:55+00:00,BTC,1.392e-05,175.0,control,,0.0
2026-07-23T13:22:55+00:00,ETH,4.128e-05,7000.0,control,,0.0
2026-07-23T13:22:55+00:00,USDT,6.864e-05,5000000.0,control,,0.0
2026-07-23T13:33:23+00:00,BARD,0.00624672,19200.0,pinned_at_cap,BARD-USDT-SWAP,2.0
2026-07-23T13:33:23+00:00,O,,0.0,short_interval|NOT_BORROWABLE,O-USDT-SWAP,2.0
2026-07-23T13:33:23+00:00,BTC,1.392e-05,175.0,control,,0.0
2026-07-23T13:33:23+00:00,ETH,4.128e-05,7000.0,control,,0.0
2026-07-23T13:33:23+00:00,USDT,6.864e-05,5000000.0,control,,0.0
2026-07-23T13:43:52+00:00,BARD,0.00624672,19200.0,pinned_at_cap,BARD-USDT-SWAP,2.0
2026-07-23T13:43:52+00:00,O,,0.0,short_interval|NOT_BORROWABLE,O-USDT-SWAP,2.0
2026-07-23T13:43:52+00:00,BTC,1.392e-05,175.0,control,,0.0
2026-07-23T13:43:52+00:00,ETH,4.128e-05,7000.0,control,,0.0
2026-07-23T13:43:52+00:00,USDT,6.864e-05,5000000.0,control,,0.0
2026-07-23T13:54:20+00:00,BARD,0.00624672,19200.0,pinned_at_cap,BARD-USDT-SWAP,2.0
2026-07-23T13:54:20+00:00,O,,0.0,short_interval|NOT_BORROWABLE,O-USDT-SWAP,2.0
2026-07-23T13:54:20+00:00,BTC,1.392e-05,175.0,control,,0.0
2026-07-23T13:54:20+00:00,ETH,4.128e-05,7000.0,control,,0.0
2026-07-23T13:54:20+00:00,USDT,6.864e-05,5000000.0,control,,0.0
2026-07-23T14:04:48+00:00,BARD,0.00591792,19200.0,short_interval,BARD-USDT-SWAP,2.0
2026-07-23T14:04:48+00:00,O,,0.0,short_interval|NOT_BORROWABLE,O-USDT-SWAP,2.0
2026-07-23T14:04:48+00:00,BTC,1.392e-05,175.0,control,,0.0
2026-07-23T14:04:48+00:00,ETH,4.128e-05,7000.0,control,,0.0
2026-07-23T14:04:48+00:00,USDT,6.864e-05,5000000.0,control,,0.0
2026-07-23T14:15:15+00:00,BARD,0.00591792,19200.0,short_interval,BARD-USDT-SWAP,2.0
2026-07-23T14:15:15+00:00,O,,0.0,short_interval|NOT_BORROWABLE,O-USDT-SWAP,2.0
2026-07-23T14:15:15+00:00,BTC,1.392e-05,175.0,control,,0.0
2026-07-23T14:15:15+00:00,ETH,4.128e-05,7000.0,control,,0.0
2026-07-23T14:15:15+00:00,USDT,6.864e-05,5000000.0,control,,0.0
2026-07-23T14:25:43+00:00,BARD,0.00591792,19200.0,short_interval,BARD-USDT-SWAP,2.0
2026-07-23T14:25:43+00:00,O,,0.0,short_interval|NOT_BORROWABLE,O-USDT-SWAP,2.0
2026-07-23T14:25:43+00:00,BTC,1.392e-05,175.0,control,,0.0
2026-07-23T14:25:43+00:00,ETH,4.128e-05,7000.0,control,,0.0
2026-07-23T14:25:43+00:00,USDT,6.864e-05,5000000.0,control,,0.0
2026-07-23T14:36:12+00:00,BARD,0.00591792,19200.0,short_interval,BARD-USDT-SWAP,2.0
2026-07-23T14:36:12+00:00,O,,0.0,short_interval|NOT_BORROWABLE,O-USDT-SWAP,2.0
2026-07-23T14:36:12+00:00,BTC,1.392e-05,175.0,control,,0.0
2026-07-23T14:36:12+00:00,ETH,4.128e-05,7000.0,control,,0.0
2026-07-23T14:36:12+00:00,USDT,6.864e-05,5000000.0,control,,0.0
2026-07-23T14:46:40+00:00,BARD,0.00591792,19200.0,short_interval,BARD-USDT-SWAP,2.0
2026-07-23T14:46:40+00:00,O,,0.0,short_interval|NOT_BORROWABLE,O-USDT-SWAP,2.0
2026-07-23T14:46:40+00:00,BTC,1.392e-05,175.0,control,,0.0
2026-07-23T14:46:40+00:00,ETH,4.128e-05,7000.0,control,,0.0
2026-07-23T14:46:40+00:00,USDT,6.864e-05,5000000.0,control,,0.0
2026-07-23T14:57:08+00:00,BARD,0.00591792,19200.0,short_interval,BARD-USDT-SWAP,2.0
2026-07-23T14:57:08+00:00,O,,0.0,short_interval|NOT_BORROWABLE,O-USDT-SWAP,2.0
2026-07-23T14:57:08+00:00,BTC,1.392e-05,175.0,control,,0.0
2026-07-23T14:57:08+00:00,ETH,4.128e-05,7000.0,control,,0.0
2026-07-23T14:57:08+00:00,USDT,6.864e-05,5000000.0,control,,0.0
2026-07-23T15:07:37+00:00,BARD,0.00583584,19200.0,short_interval,BARD-USDT-SWAP,2.0
2026-07-23T15:07:37+00:00,O,,0.0,short_interval|NOT_BORROWABLE,O-USDT-SWAP,2.0
2026-07-23T15:07:37+00:00,BTC,1.392e-05,175.0,control,,0.0
2026-07-23T15:07:37+00:00,ETH,4.128e-05,7000.0,control,,0.0
2026-07-23T15:07:37+00:00,USDT,6.864e-05,5000000.0,control,,0.0
2026-07-23T15:18:05+00:00,BARD,0.00583584,19200.0,short_interval,BARD-USDT-SWAP,2.0
2026-07-23T15:18:05+00:00,O,,0.0,short_interval|NOT_BORROWABLE,O-USDT-SWAP,2.0
2026-07-23T15:18:05+00:00,BTC,1.392e-05,175.0,control,,0.0
2026-07-23T15:18:05+00:00,ETH,4.128e-05,7000.0,control,,0.0
2026-07-23T15:18:05+00:00,USDT,6.864e-05,5000000.0,control,,0.0
2026-07-23T15:28:33+00:00,BARD,0.00583584,19200.0,short_interval,BARD-USDT-SWAP,2.0
2026-07-23T15:28:33+00:00,O,,0.0,short_interval|NOT_BORROWABLE,O-USDT-SWAP,2.0
2026-07-23T15:28:33+00:00,BTC,1.392e-05,175.0,control,,0.0
2026-07-23T15:28:33+00:00,ETH,4.128e-05,7000.0,control,,0.0
2026-07-23T15:28:33+00:00,USDT,6.864e-05,5000000.0,control,,0.0
2026-07-23T15:39:02+00:00,BARD,0.00583584,19200.0,short_interval,BARD-USDT-SWAP,2.0
2026-07-23T15:39:02+00:00,O,,0.0,short_interval|NOT_BORROWABLE,O-USDT-SWAP,2.0
2026-07-23T15:39:02+00:00,BTC,1.392e-05,175.0,control,,0.0
2026-07-23T15:39:02+00:00,ETH,4.128e-05,7000.0,control,,0.0
2026-07-23T15:39:02+00:00,USDT,6.864e-05,5000000.0,control,,0.0
2026-07-23T15:49:30+00:00,BARD,0.00583584,19200.0,short_interval,BARD-USDT-SWAP,2.0
2026-07-23T15:49:30+00:00,O,,0.0,short_interval|NOT_BORROWABLE,O-USDT-SWAP,2.0
2026-07-23T15:49:30+00:00,BTC,1.392e-05,175.0,control,,0.0
2026-07-23T15:49:30+00:00,ETH,4.128e-05,7000.0,control,,0.0
2026-07-23T15:49:30+00:00,USDT,6.864e-05,5000000.0,control,,0.0
2026-07-23T15:59:59+00:00,BARD,0.00583584,19200.0,short_interval,BARD-USDT-SWAP,2.0
2026-07-23T15:59:59+00:00,O,,0.0,short_interval|NOT_BORROWABLE,O-USDT-SWAP,2.0
2026-07-23T15:59:59+00:00,BTC,1.392e-05,175.0,control,,0.0
2026-07-23T15:59:59+00:00,ETH,4.128e-05,7000.0,control,,0.0
2026-07-23T15:59:59+00:00,USDT,6.864e-05,5000000.0,control,,0.0
2026-07-23T16:10:27+00:00,BARD,0.00575352,19200.0,short_interval,BARD-USDT-SWAP,2.0
2026-07-23T16:10:27+00:00,O,,0.0,short_interval|NOT_BORROWABLE,O-USDT-SWAP,2.0
2026-07-23T16:10:27+00:00,BTC,1.392e-05,175.0,control,,0.0
2026-07-23T16:10:27+00:00,ETH,4.128e-05,7000.0,control,,0.0
2026-07-23T16:10:27+00:00,USDT,6.864e-05,5000000.0,control,,0.0
2026-07-23T16:20:55+00:00,BARD,0.00575352,19200.0,short_interval,BARD-USDT-SWAP,2.0
2026-07-23T16:20:55+00:00,O,,0.0,short_interval|NOT_BORROWABLE,O-USDT-SWAP,2.0
2026-07-23T16:20:55+00:00,BTC,1.392e-05,175.0,control,,0.0
2026-07-23T16:20:55+00:00,ETH,4.128e-05,7000.0,control,,0.0
2026-07-23T16:20:55+00:00,USDT,6.864e-05,5000000.0,control,,0.0
2026-07-23T16:31:24+00:00,BARD,0.00575352,19200.0,short_interval,BARD-USDT-SWAP,2.0
2026-07-23T16:31:24+00:00,O,,0.0,short_interval|NOT_BORROWABLE,O-USDT-SWAP,2.0
2026-07-23T16:31:24+00:00,BTC,1.392e-05,175.0,control,,0.0
2026-07-23T16:31:24+00:00,ETH,4.128e-05,7000.0,control,,0.0
2026-07-23T16:31:24+00:00,USDT,6.864e-05,5000000.0,control,,0.0
2026-07-23T16:41:52+00:00,BARD,0.00575352,19200.0,short_interval,BARD-USDT-SWAP,2.0
2026-07-23T16:41:52+00:00,O,,0.0,short_interval|NOT_BORROWABLE,O-USDT-SWAP,2.0
2026-07-23T16:41:52+00:00,BTC,1.392e-05,175.0,control,,0.0
2026-07-23T16:41:52+00:00,ETH,4.128e-05,7000.0,control,,0.0
2026-07-23T16:41:52+00:00,USDT,6.864e-05,5000000.0,control,,0.0
2026-07-23T16:52:21+00:00,BARD,0.00575352,19200.0,short_interval,BARD-USDT-SWAP,2.0
2026-07-23T16:52:21+00:00,O,,0.0,short_interval|NOT_BORROWABLE,O-USDT-SWAP,2.0
2026-07-23T16:52:21+00:00,BTC,1.392e-05,175.0,control,,0.0
2026-07-23T16:52:21+00:00,ETH,4.128e-05,7000.0,control,,0.0
2026-07-23T16:52:21+00:00,USDT,6.864e-05,5000000.0,control,,0.0
2026-07-23T17:02:49+00:00,BARD,0.00572616,19200.0,short_interval,BARD-USDT-SWAP,2.0
2026-07-23T17:02:49+00:00,O,,0.0,short_interval|NOT_BORROWABLE,O-USDT-SWAP,2.0
2026-07-23T17:02:49+00:00,BTC,1.392e-05,175.0,control,,0.0
2026-07-23T17:02:49+00:00,ETH,4.128e-05,7000.0,control,,0.0
2026-07-23T17:02:49+00:00,USDT,6.864e-05,5000000.0,control,,0.0
2026-07-23T17:13:17+00:00,BARD,0.00572616,19200.0,short_interval,BARD-USDT-SWAP,2.0
2026-07-23T17:13:17+00:00,O,,0.0,short_interval|NOT_BORROWABLE,O-USDT-SWAP,2.0
2026-07-23T17:13:17+00:00,BTC,1.392e-05,175.0,control,,0.0
2026-07-23T17:13:17+00:00,ETH,4.128e-05,7000.0,control,,0.0
2026-07-23T17:13:17+00:00,USDT,6.864e-05,5000000.0,control,,0.0
2026-07-23T17:23:46+00:00,BARD,0.00572616,19200.0,short_interval,BARD-USDT-SWAP,2.0
2026-07-23T17:23:46+00:00,O,,0.0,short_interval|NOT_BORROWABLE,O-USDT-SWAP,2.0
2026-07-23T17:23:46+00:00,BTC,1.392e-05,175.0,control,,0.0
2026-07-23T17:23:46+00:00,ETH,4.128e-05,7000.0,control,,0.0
2026-07-23T17:23:46+00:00,USDT,6.864e-05,5000000.0,control,,0.0
2026-07-23T17:34:15+00:00,BARD,0.00572616,19200.0,short_interval,BARD-USDT-SWAP,2.0
2026-07-23T17:34:15+00:00,O,,0.0,short_interval|NOT_BORROWABLE,O-USDT-SWAP,2.0
2026-07-23T17:34:15+00:00,BTC,1.392e-05,175.0,control,,0.0
2026-07-23T17:34:15+00:00,ETH,4.128e-05,7000.0,control,,0.0
2026-07-23T17:34:15+00:00,USDT,6.864e-05,5000000.0,control,,0.0
2026-07-23T17:55:23+00:00,BARD,0.00572616,19200.0,short_interval,BARD-USDT-SWAP,2.0
2026-07-23T17:55:23+00:00,O,,0.0,short_interval|NOT_BORROWABLE,O-USDT-SWAP,2.0
2026-07-23T17:55:23+00:00,BTC,1.392e-05,175.0,control,,0.0
2026-07-23T17:55:23+00:00,ETH,4.128e-05,7000.0,control,,0.0
2026-07-23T17:55:23+00:00,USDT,6.864e-05,5000000.0,control,,0.0
2026-07-23T18:05:49+00:00,BARD,0.00572616,19200.0,short_interval,BARD-USDT-SWAP,2.0
2026-07-23T18:05:49+00:00,O,,0.0,short_interval|NOT_BORROWABLE,O-USDT-SWAP,2.0
2026-07-23T18:05:49+00:00,BTC,1.392e-05,175.0,control,,0.0
2026-07-23T18:05:49+00:00,ETH,4.128e-05,7000.0,control,,0.0
2026-07-23T18:05:49+00:00,USDT,6.864e-05,5000000.0,control,,0.0
2026-07-23T18:16:15+00:00,BARD,0.00572616,19200.0,short_interval,BARD-USDT-SWAP,2.0
2026-07-23T18:16:15+00:00,O,,0.0,short_interval|NOT_BORROWABLE,O-USDT-SWAP,2.0
2026-07-23T18:16:15+00:00,BTC,1.392e-05,175.0,control,,0.0
2026-07-23T18:16:15+00:00,ETH,4.128e-05,7000.0,control,,0.0
2026-07-23T18:16:15+00:00,USDT,6.864e-05,5000000.0,control,,0.0
2026-07-23T18:26:41+00:00,BARD,0.00572616,19200.0,short_interval,BARD-USDT-SWAP,2.0
2026-07-23T18:26:41+00:00,O,,0.0,short_interval|NOT_BORROWABLE,O-USDT-SWAP,2.0
2026-07-23T18:26:41+00:00,BTC,1.392e-05,175.0,control,,0.0
2026-07-23T18:26:41+00:00,ETH,4.128e-05,7000.0,control,,0.0
2026-07-23T18:26:41+00:00,USDT,6.864e-05,5000000.0,control,,0.0
2026-07-23T18:37:08+00:00,BARD,0.00572616,19200.0,short_interval,BARD-USDT-SWAP,2.0
2026-07-23T18:37:08+00:00,O,,0.0,short_interval|NOT_BORROWABLE,O-USDT-SWAP,2.0
2026-07-23T18:37:08+00:00,BTC,1.392e-05,175.0,control,,0.0
2026-07-23T18:37:08+00:00,ETH,4.128e-05,7000.0,control,,0.0
2026-07-23T18:37:08+00:00,USDT,6.864e-05,5000000.0,control,,0.0
2026-07-23T18:47:35+00:00,BARD,0.00572616,19200.0,short_interval,BARD-USDT-SWAP,2.0
2026-07-23T18:47:35+00:00,O,,0.0,short_interval|NOT_BORROWABLE,O-USDT-SWAP,2.0
2026-07-23T18:47:35+00:00,BTC,1.392e-05,175.0,control,,0.0
2026-07-23T18:47:35+00:00,ETH,4.128e-05,7000.0,control,,0.0
2026-07-23T18:47:35+00:00,USDT,6.864e-05,5000000.0,control,,0.0
2026-07-23T18:58:02+00:00,BARD,0.00572616,19200.0,short_interval,BARD-USDT-SWAP,2.0
2026-07-23T18:58:02+00:00,O,,0.0,short_interval|NOT_BORROWABLE,O-USDT-SWAP,2.0
2026-07-23T18:58:02+00:00,BTC,1.392e-05,175.0,control,,0.0
2026-07-23T18:58:02+00:00,ETH,4.128e-05,7000.0,control,,0.0
2026-07-23T18:58:02+00:00,USDT,6.864e-05,5000000.0,control,,0.0
2026-07-23T19:08:29+00:00,BARD,0.00572616,19200.0,short_interval,BARD-USDT-SWAP,2.0
2026-07-23T19:08:29+00:00,O,,0.0,short_interval|NOT_BORROWABLE,O-USDT-SWAP,2.0
2026-07-23T19:08:29+00:00,BTC,1.392e-05,175.0,control,,0.0
2026-07-23T19:08:29+00:00,ETH,4.128e-05,7000.0,control,,0.0
2026-07-23T19:08:29+00:00,USDT,6.864e-05,5000000.0,control,,0.0
2026-07-23T19:18:56+00:00,BARD,0.00572616,19200.0,short_interval,BARD-USDT-SWAP,2.0
2026-07-23T19:18:56+00:00,O,,0.0,short_interval|NOT_BORROWABLE,O-USDT-SWAP,2.0
2026-07-23T19:18:56+00:00,BTC,1.392e-05,175.0,control,,0.0
2026-07-23T19:18:56+00:00,ETH,4.128e-05,7000.0,control,,0.0
2026-07-23T19:18:56+00:00,USDT,6.864e-05,5000000.0,control,,0.0
2026-07-23T19:29:23+00:00,BARD,0.00572616,19200.0,short_interval,BARD-USDT-SWAP,2.0
2026-07-23T19:29:23+00:00,O,,0.0,short_interval|NOT_BORROWABLE,O-USDT-SWAP,2.0
2026-07-23T19:29:23+00:00,BTC,1.392e-05,175.0,control,,0.0
2026-07-23T19:29:23+00:00,ETH,4.128e-05,7000.0,control,,0.0
2026-07-23T19:29:23+00:00,USDT,6.864e-05,5000000.0,control,,0.0
2026-07-23T19:39:50+00:00,BARD,0.00572616,19200.0,short_interval,BARD-USDT-SWAP,2.0
2026-07-23T19:39:50+00:00,O,,0.0,short_interval|NOT_BORROWABLE,O-USDT-SWAP,2.0
2026-07-23T19:39:50+00:00,BTC,1.392e-05,175.0,control,,0.0
2026-07-23T19:39:50+00:00,ETH,4.128e-05,7000.0,control,,0.0
2026-07-23T19:39:50+00:00,USDT,6.864e-05,5000000.0,control,,0.0
2026-07-23T19:50:17+00:00,BARD,0.00572616,19200.0,short_interval,BARD-USDT-SWAP,2.0
2026-07-23T19:50:17+00:00,O,,0.0,short_interval|NOT_BORROWABLE,O-USDT-SWAP,2.0
2026-07-23T19:50:17+00:00,BTC,1.392e-05,175.0,control,,0.0
2026-07-23T19:50:17+00:00,ETH,4.128e-05,7000.0,control,,0.0
2026-07-23T19:50:17+00:00,USDT,6.864e-05,5000000.0,control,,0.0
2026-07-23T20:00:44+00:00,BARD,0.00572616,19200.0,short_interval,BARD-USDT-SWAP,2.0
2026-07-23T20:00:44+00:00,O,,0.0,short_interval|NOT_BORROWABLE,O-USDT-SWAP,2.0
2026-07-23T20:00:44+00:00,BTC,1.392e-05,175.0,control,,0.0
2026-07-23T20:00:44+00:00,ETH,4.128e-05,7000.0,control,,0.0
2026-07-23T20:00:44+00:00,USDT,6.864e-05,5000000.0,control,,0.0
2026-07-23T20:11:11+00:00,BARD,0.00572616,19200.0,short_interval,BARD-USDT-SWAP,2.0
2026-07-23T20:11:11+00:00,O,,0.0,short_interval|NOT_BORROWABLE,O-USDT-SWAP,2.0
2026-07-23T20:11:11+00:00,BTC,1.392e-05,175.0,control,,0.0
2026-07-23T20:11:11+00:00,ETH,4.128e-05,7000.0,control,,0.0
2026-07-23T20:11:11+00:00,USDT,6.864e-05,5000000.0,control,,0.0
2026-07-23T20:21:39+00:00,BARD,0.00572616,19200.0,short_interval,BARD-USDT-SWAP,2.0
2026-07-23T20:21:39+00:00,O,,0.0,short_interval|NOT_BORROWABLE,O-USDT-SWAP,2.0
2026-07-23T20:21:39+00:00,BTC,1.392e-05,175.0,control,,0.0
2026-07-23T20:21:39+00:00,ETH,4.128e-05,7000.0,control,,0.0
2026-07-23T20:21:39+00:00,USDT,6.864e-05,5000000.0,control,,0.0
2026-07-23T20:32:06+00:00,BARD,0.00572616,19200.0,short_interval,BARD-USDT-SWAP,2.0
2026-07-23T20:32:06+00:00,O,,0.0,short_interval|NOT_BORROWABLE,O-USDT-SWAP,2.0
2026-07-23T20:32:06+00:00,BTC,1.392e-05,175.0,control,,0.0
2026-07-23T20:32:06+00:00,ETH,4.128e-05,7000.0,control,,0.0
2026-07-23T20:32:06+00:00,USDT,6.864e-05,5000000.0,control,,0.0
2026-07-23T20:42:33+00:00,BARD,0.00572616,19200.0,short_interval,BARD-USDT-SWAP,2.0
2026-07-23T20:42:33+00:00,O,,0.0,short_interval|NOT_BORROWABLE,O-USDT-SWAP,2.0
2026-07-23T20:42:33+00:00,BTC,1.392e-05,175.0,control,,0.0
2026-07-23T20:42:33+00:00,ETH,4.128e-05,7000.0,control,,0.0
2026-07-23T20:42:33+00:00,USDT,6.864e-05,5000000.0,control,,0.0
2026-07-23T20:53:00+00:00,BARD,0.00572616,19200.0,short_interval,BARD-USDT-SWAP,2.0
2026-07-23T20:53:00+00:00,O,,0.0,short_interval|NOT_BORROWABLE,O-USDT-SWAP,2.0
2026-07-23T20:53:00+00:00,BTC,1.392e-05,175.0,control,,0.0
2026-07-23T20:53:00+00:00,ETH,4.128e-05,7000.0,control,,0.0
2026-07-23T20:53:00+00:00,USDT,6.864e-05,5000000.0,control,,0.0
2026-07-23T21:03:27+00:00,BARD,0.00572616,19200.0,short_interval,BARD-USDT-SWAP,2.0
2026-07-23T21:03:27+00:00,O,,0.0,short_interval|NOT_BORROWABLE,O-USDT-SWAP,2.0
2026-07-23T21:03:27+00:00,BTC,1.392e-05,175.0,control,,0.0
2026-07-23T21:03:27+00:00,ETH,4.128e-05,7000.0,control,,0.0
2026-07-23T21:03:27+00:00,USDT,6.864e-05,5000000.0,control,,0.0
2026-07-23T21:13:54+00:00,BARD,0.00572616,19200.0,short_interval,BARD-USDT-SWAP,2.0
2026-07-23T21:13:54+00:00,O,,0.0,short_interval|NOT_BORROWABLE,O-USDT-SWAP,2.0
2026-07-23T21:13:54+00:00,BTC,1.392e-05,175.0,control,,0.0
2026-07-23T21:13:54+00:00,ETH,4.128e-05,7000.0,control,,0.0
2026-07-23T21:13:54+00:00,USDT,6.864e-05,5000000.0,control,,0.0
2026-07-23T21:24:22+00:00,BARD,0.00572616,19200.0,short_interval,BARD-USDT-SWAP,2.0
2026-07-23T21:24:22+00:00,O,,0.0,short_interval|NOT_BORROWABLE,O-USDT-SWAP,2.0
2026-07-23T21:24:22+00:00,BTC,1.392e-05,175.0,control,,0.0
2026-07-23T21:24:22+00:00,ETH,4.128e-05,7000.0,control,,0.0
2026-07-23T21:24:22+00:00,USDT,6.864e-05,5000000.0,control,,0.0
2026-07-23T21:34:49+00:00,BARD,0.00572616,19200.0,short_interval,BARD-USDT-SWAP,2.0
2026-07-23T21:34:49+00:00,O,,0.0,short_interval|NOT_BORROWABLE,O-USDT-SWAP,2.0
2026-07-23T21:34:49+00:00,BTC,1.392e-05,175.0,control,,0.0
2026-07-23T21:34:49+00:00,ETH,4.128e-05,7000.0,control,,0.0
2026-07-23T21:34:49+00:00,USDT,6.864e-05,5000000.0,control,,0.0
2026-07-23T21:45:16+00:00,BARD,0.00572616,19200.0,short_interval,BARD-USDT-SWAP,2.0
2026-07-23T21:45:16+00:00,O,,0.0,short_interval|NOT_BORROWABLE,O-USDT-SWAP,2.0
2026-07-23T21:45:16+00:00,BTC,1.392e-05,175.0,control,,0.0
2026-07-23T21:45:16+00:00,ETH,4.128e-05,7000.0,control,,0.0
2026-07-23T21:45:16+00:00,USDT,6.864e-05,5000000.0,control,,0.0
2026-07-23T21:55:43+00:00,BARD,0.00572616,19200.0,short_interval,BARD-USDT-SWAP,2.0
2026-07-23T21:55:43+00:00,O,,0.0,short_interval|NOT_BORROWABLE,O-USDT-SWAP,2.0
2026-07-23T21:55:43+00:00,BTC,1.392e-05,175.0,control,,0.0
2026-07-23T21:55:43+00:00,ETH,4.128e-05,7000.0,control,,0.0
2026-07-23T21:55:43+00:00,USDT,6.864e-05,5000000.0,control,,0.0
2026-07-23T22:06:10+00:00,BARD,0.00572616,19200.0,short_interval,BARD-USDT-SWAP,2.0
2026-07-23T22:06:10+00:00,O,,0.0,short_interval|NOT_BORROWABLE,O-USDT-SWAP,2.0
2026-07-23T22:06:10+00:00,BTC,1.392e-05,175.0,control,,0.0
2026-07-23T22:06:10+00:00,ETH,4.128e-05,7000.0,control,,0.0
2026-07-23T22:06:10+00:00,USDT,6.864e-05,5000000.0,control,,0.0
2026-07-23T22:16:37+00:00,BARD,0.00572616,19200.0,short_interval,BARD-USDT-SWAP,2.0
2026-07-23T22:16:37+00:00,O,,0.0,short_interval|NOT_BORROWABLE,O-USDT-SWAP,2.0
2026-07-23T22:16:37+00:00,BTC,1.392e-05,175.0,control,,0.0
2026-07-23T22:16:37+00:00,ETH,4.128e-05,7000.0,control,,0.0
2026-07-23T22:16:37+00:00,USDT,6.864e-05,5000000.0,control,,0.0
2026-07-23T22:27:04+00:00,BARD,0.00572616,19200.0,short_interval,BARD-USDT-SWAP,2.0
2026-07-23T22:27:04+00:00,O,,0.0,short_interval|NOT_BORROWABLE,O-USDT-SWAP,2.0
2026-07-23T22:27:04+00:00,BTC,1.392e-05,175.0,control,,0.0
2026-07-23T22:27:04+00:00,ETH,4.128e-05,7000.0,control,,0.0
2026-07-23T22:27:04+00:00,USDT,6.864e-05,5000000.0,control,,0.0
2026-07-23T22:48:17+00:00,BARD,0.00572616,19200.0,short_interval,BARD-USDT-SWAP,2.0
2026-07-23T22:48:17+00:00,O,,0.0,short_interval|NOT_BORROWABLE,O-USDT-SWAP,2.0
2026-07-23T22:48:17+00:00,BTC,1.392e-05,175.0,control,,0.0
2026-07-23T22:48:17+00:00,ETH,4.128e-05,7000.0,control,,0.0
2026-07-23T22:48:17+00:00,USDT,6.864e-05,5000000.0,control,,0.0
2026-07-23T22:58:46+00:00,BARD,0.00572616,19200.0,short_interval,BARD-USDT-SWAP,2.0
2026-07-23T22:58:46+00:00,O,,0.0,short_interval|NOT_BORROWABLE,O-USDT-SWAP,2.0
2026-07-23T22:58:46+00:00,BTC,1.392e-05,175.0,control,,0.0
2026-07-23T22:58:46+00:00,ETH,4.128e-05,7000.0,control,,0.0
2026-07-23T22:58:46+00:00,USDT,6.864e-05,5000000.0,control,,0.0
2026-07-23T23:09:15+00:00,BARD,0.00572616,19200.0,short_interval,BARD-USDT-SWAP,2.0
2026-07-23T23:09:15+00:00,O,,0.0,short_interval|NOT_BORROWABLE,O-USDT-SWAP,2.0
2026-07-23T23:09:15+00:00,BTC,1.392e-05,175.0,control,,0.0
2026-07-23T23:09:15+00:00,ETH,4.128e-05,7000.0,control,,0.0
2026-07-23T23:09:15+00:00,USDT,6.864e-05,5000000.0,control,,0.0
2026-07-23T23:19:43+00:00,BARD,0.00572616,19200.0,short_interval,BARD-USDT-SWAP,2.0
2026-07-23T23:19:43+00:00,O,,0.0,short_interval|NOT_BORROWABLE,O-USDT-SWAP,2.0
2026-07-23T23:19:43+00:00,BTC,1.392e-05,175.0,control,,0.0
2026-07-23T23:19:43+00:00,ETH,4.128e-05,7000.0,control,,0.0
2026-07-23T23:19:43+00:00,USDT,6.864e-05,5000000.0,control,,0.0
2026-07-23T23:30:11+00:00,BARD,0.00572616,19200.0,short_interval,BARD-USDT-SWAP,2.0
2026-07-23T23:30:11+00:00,O,,0.0,short_interval|NOT_BORROWABLE,O-USDT-SWAP,2.0
2026-07-23T23:30:11+00:00,BTC,1.392e-05,175.0,control,,0.0
2026-07-23T23:30:11+00:00,ETH,4.128e-05,7000.0,control,,0.0
2026-07-23T23:30:11+00:00,USDT,6.864e-05,5000000.0,control,,0.0
2026-07-23T23:40:42+00:00,BARD,0.00572616,19200.0,short_interval,BARD-USDT-SWAP,2.0
2026-07-23T23:40:42+00:00,O,,0.0,short_interval|NOT_BORROWABLE,O-USDT-SWAP,2.0
2026-07-23T23:40:42+00:00,BTC,1.392e-05,175.0,control,,0.0
2026-07-23T23:40:42+00:00,ETH,4.128e-05,7000.0,control,,0.0
2026-07-23T23:40:42+00:00,USDT,6.864e-05,5000000.0,control,,0.0
2026-07-23T23:51:10+00:00,BARD,0.00572616,19200.0,short_interval,BARD-USDT-SWAP,2.0
2026-07-23T23:51:10+00:00,O,,0.0,short_interval|NOT_BORROWABLE,O-USDT-SWAP,2.0
2026-07-23T23:51:10+00:00,BTC,1.392e-05,175.0,control,,0.0
2026-07-23T23:51:10+00:00,ETH,4.128e-05,7000.0,control,,0.0
2026-07-23T23:51:10+00:00,USDT,6.864e-05,5000000.0,control,,0.0
2026-07-24T00:01:38+00:00,BARD,0.00572616,19200.0,short_interval,BARD-USDT-SWAP,2.0
2026-07-24T00:01:38+00:00,O,,0.0,short_interval|NOT_BORROWABLE,O-USDT-SWAP,2.0
2026-07-24T00:01:38+00:00,BTC,1.392e-05,175.0,control,,0.0
2026-07-24T00:01:38+00:00,ETH,4.128e-05,7000.0,control,,0.0
2026-07-24T00:01:38+00:00,USDT,6.864e-05,5000000.0,control,,0.0
2026-07-24T00:12:07+00:00,BARD,0.00572616,19200.0,short_interval,BARD-USDT-SWAP,2.0
2026-07-24T00:12:07+00:00,O,,0.0,short_interval|NOT_BORROWABLE,O-USDT-SWAP,2.0
2026-07-24T00:12:07+00:00,BTC,1.392e-05,175.0,control,,0.0
2026-07-24T00:12:07+00:00,ETH,4.128e-05,7000.0,control,,0.0
2026-07-24T00:12:07+00:00,USDT,6.864e-05,5000000.0,control,,0.0
2026-07-24T00:22:35+00:00,BARD,0.00572616,19200.0,short_interval,BARD-USDT-SWAP,2.0
2026-07-24T00:22:35+00:00,O,,0.0,short_interval|NOT_BORROWABLE,O-USDT-SWAP,2.0
2026-07-24T00:22:35+00:00,BTC,1.392e-05,175.0,control,,0.0
2026-07-24T00:22:35+00:00,ETH,4.128e-05,7000.0,control,,0.0
2026-07-24T00:22:35+00:00,USDT,6.864e-05,5000000.0,control,,0.0
2026-07-24T00:33:04+00:00,BARD,0.00572616,19200.0,short_interval,BARD-USDT-SWAP,2.0
2026-07-24T00:33:04+00:00,O,,0.0,short_interval|NOT_BORROWABLE,O-USDT-SWAP,2.0
2026-07-24T00:33:04+00:00,BTC,1.392e-05,175.0,control,,0.0
2026-07-24T00:33:04+00:00,ETH,4.128e-05,7000.0,control,,0.0
2026-07-24T00:33:04+00:00,USDT,6.864e-05,5000000.0,control,,0.0
2026-07-24T00:43:32+00:00,BARD,0.00572616,19200.0,short_interval,BARD-USDT-SWAP,2.0
2026-07-24T00:43:32+00:00,O,,0.0,short_interval|NOT_BORROWABLE,O-USDT-SWAP,2.0
2026-07-24T00:43:32+00:00,BTC,1.392e-05,175.0,control,,0.0
2026-07-24T00:43:32+00:00,ETH,4.128e-05,7000.0,control,,0.0
2026-07-24T00:43:32+00:00,USDT,6.864e-05,5000000.0,control,,0.0
2026-07-24T00:54:00+00:00,BARD,0.00572616,19200.0,short_interval,BARD-USDT-SWAP,2.0
2026-07-24T00:54:00+00:00,O,,0.0,short_interval|NOT_BORROWABLE,O-USDT-SWAP,2.0
2026-07-24T00:54:00+00:00,BTC,1.392e-05,175.0,control,,0.0
2026-07-24T00:54:00+00:00,ETH,4.128e-05,7000.0,control,,0.0
2026-07-24T00:54:00+00:00,USDT,6.864e-05,5000000.0,control,,0.0
2026-07-24T01:04:28+00:00,BARD,0.0056988,19200.0,short_interval,BARD-USDT-SWAP,2.0
2026-07-24T01:04:28+00:00,O,,0.0,short_interval|NOT_BORROWABLE,O-USDT-SWAP,2.0
2026-07-24T01:04:28+00:00,BTC,1.392e-05,175.0,control,,0.0
2026-07-24T01:04:28+00:00,ETH,4.128e-05,7000.0,control,,0.0
2026-07-24T01:04:28+00:00,USDT,6.864e-05,5000000.0,control,,0.0
2026-07-24T01:14:57+00:00,BARD,0.0056988,19200.0,short_interval,BARD-USDT-SWAP,2.0
2026-07-24T01:14:57+00:00,O,,0.0,short_interval|NOT_BORROWABLE,O-USDT-SWAP,2.0
2026-07-24T01:14:57+00:00,BTC,1.392e-05,175.0,control,,0.0
2026-07-24T01:14:57+00:00,ETH,4.128e-05,7000.0,control,,0.0
2026-07-24T01:14:57+00:00,USDT,6.864e-05,5000000.0,control,,0.0
2026-07-24T01:25:25+00:00,BARD,0.0056988,19200.0,short_interval,BARD-USDT-SWAP,2.0
2026-07-24T01:25:25+00:00,O,,0.0,short_interval|NOT_BORROWABLE,O-USDT-SWAP,2.0
2026-07-24T01:25:25+00:00,BTC,1.392e-05,175.0,control,,0.0
2026-07-24T01:25:25+00:00,ETH,4.128e-05,7000.0,control,,0.0
2026-07-24T01:25:25+00:00,USDT,6.864e-05,5000000.0,control,,0.0
2026-07-24T01:35:54+00:00,BARD,0.0056988,19200.0,short_interval,BARD-USDT-SWAP,2.0
2026-07-24T01:35:54+00:00,O,,0.0,short_interval|NOT_BORROWABLE,O-USDT-SWAP,2.0
2026-07-24T01:35:54+00:00,BTC,1.392e-05,175.0,control,,0.0
2026-07-24T01:35:54+00:00,ETH,4.128e-05,7000.0,control,,0.0
2026-07-24T01:35:54+00:00,USDT,6.864e-05,5000000.0,control,,0.0
2026-07-24T01:46:23+00:00,BARD,0.0056988,19200.0,short_interval,BARD-USDT-SWAP,2.0
2026-07-24T01:46:23+00:00,O,,0.0,short_interval|NOT_BORROWABLE,O-USDT-SWAP,2.0
2026-07-24T01:46:23+00:00,BTC,1.392e-05,175.0,control,,0.0
2026-07-24T01:46:23+00:00,ETH,4.128e-05,7000.0,control,,0.0
2026-07-24T01:46:23+00:00,USDT,6.864e-05,5000000.0,control,,0.0
2026-07-24T01:56:51+00:00,BARD,0.0056988,19200.0,short_interval,BARD-USDT-SWAP,2.0
2026-07-24T01:56:51+00:00,O,,0.0,short_interval|NOT_BORROWABLE,O-USDT-SWAP,2.0
2026-07-24T01:56:51+00:00,BTC,1.392e-05,175.0,control,,0.0
2026-07-24T01:56:51+00:00,ETH,4.128e-05,7000.0,control,,0.0
2026-07-24T01:56:51+00:00,USDT,6.864e-05,5000000.0,control,,0.0
2026-07-24T02:07:19+00:00,BARD,0.0056988,19200.0,short_interval,BARD-USDT-SWAP,2.0
2026-07-24T02:07:19+00:00,O,,0.0,short_interval|NOT_BORROWABLE,O-USDT-SWAP,2.0
2026-07-24T02:07:19+00:00,BTC,1.392e-05,175.0,control,,0.0
2026-07-24T02:07:19+00:00,ETH,4.128e-05,7000.0,control,,0.0
2026-07-24T02:07:19+00:00,USDT,6.864e-05,5000000.0,control,,0.0
2026-07-24T02:17:48+00:00,BARD,0.0056988,19200.0,short_interval,BARD-USDT-SWAP,2.0
2026-07-24T02:17:48+00:00,O,,0.0,short_interval|NOT_BORROWABLE,O-USDT-SWAP,2.0
2026-07-24T02:17:48+00:00,BTC,1.392e-05,175.0,control,,0.0
2026-07-24T02:17:48+00:00,ETH,4.128e-05,7000.0,control,,0.0
2026-07-24T02:17:48+00:00,USDT,6.864e-05,5000000.0,control,,0.0
2026-07-24T02:28:16+00:00,BARD,0.0056988,19200.0,short_interval,BARD-USDT-SWAP,2.0
2026-07-24T02:28:16+00:00,O,,0.0,short_interval|NOT_BORROWABLE,O-USDT-SWAP,2.0
2026-07-24T02:28:16+00:00,BTC,1.392e-05,175.0,control,,0.0
2026-07-24T02:28:16+00:00,ETH,4.128e-05,7000.0,control,,0.0
2026-07-24T02:28:16+00:00,USDT,6.864e-05,5000000.0,control,,0.0
2026-07-24T02:38:44+00:00,BARD,0.0056988,19200.0,short_interval,BARD-USDT-SWAP,2.0
2026-07-24T02:38:44+00:00,O,,0.0,short_interval|NOT_BORROWABLE,O-USDT-SWAP,2.0
2026-07-24T02:38:44+00:00,BTC,1.392e-05,175.0,control,,0.0
2026-07-24T02:38:44+00:00,ETH,4.128e-05,7000.0,control,,0.0
2026-07-24T02:38:44+00:00,USDT,6.864e-05,5000000.0,control,,0.0
2026-07-24T02:49:13+00:00,BARD,0.0056988,19200.0,short_interval,BARD-USDT-SWAP,2.0
2026-07-24T02:49:13+00:00,O,,0.0,short_interval|NOT_BORROWABLE,O-USDT-SWAP,2.0
2026-07-24T02:49:13+00:00,BTC,1.392e-05,175.0,control,,0.0
2026-07-24T02:49:13+00:00,ETH,4.128e-05,7000.0,control,,0.0
2026-07-24T02:49:13+00:00,USDT,6.864e-05,5000000.0,control,,0.0
2026-07-24T02:59:41+00:00,BARD,0.0056988,19200.0,short_interval,BARD-USDT-SWAP,2.0
2026-07-24T02:59:41+00:00,O,,0.0,short_interval|NOT_BORROWABLE,O-USDT-SWAP,2.0
2026-07-24T02:59:41+00:00,BTC,1.392e-05,175.0,control,,0.0
2026-07-24T02:59:41+00:00,ETH,4.128e-05,7000.0,control,,0.0
2026-07-24T02:59:41+00:00,USDT,6.864e-05,5000000.0,control,,0.0
2026-07-24T03:10:09+00:00,BARD,0.0056988,19200.0,short_interval,BARD-USDT-SWAP,2.0
2026-07-24T03:10:09+00:00,O,,0.0,short_interval|NOT_BORROWABLE,O-USDT-SWAP,2.0
2026-07-24T03:10:09+00:00,BTC,1.392e-05,175.0,control,,0.0
2026-07-24T03:10:09+00:00,ETH,4.128e-05,7000.0,control,,0.0
2026-07-24T03:10:09+00:00,USDT,6.864e-05,5000000.0,control,,0.0
2026-07-24T03:20:38+00:00,BARD,0.0056988,19200.0,short_interval,BARD-USDT-SWAP,2.0
2026-07-24T03:20:38+00:00,O,,0.0,short_interval|NOT_BORROWABLE,O-USDT-SWAP,2.0
2026-07-24T03:20:38+00:00,BTC,1.392e-05,175.0,control,,0.0
2026-07-24T03:20:38+00:00,ETH,4.128e-05,7000.0,control,,0.0
2026-07-24T03:20:38+00:00,USDT,6.864e-05,5000000.0,control,,0.0
2026-07-24T03:41:48+00:00,BARD,0.0056988,19200.0,short_interval,BARD-USDT-SWAP,2.0
2026-07-24T03:41:48+00:00,O,,0.0,short_interval|NOT_BORROWABLE,O-USDT-SWAP,2.0
2026-07-24T03:41:48+00:00,BTC,1.392e-05,175.0,control,,0.0
2026-07-24T03:41:48+00:00,ETH,4.128e-05,7000.0,control,,0.0
2026-07-24T03:41:48+00:00,USDT,6.864e-05,5000000.0,control,,0.0
2026-07-24T03:52:15+00:00,BARD,0.0056988,19200.0,short_interval,BARD-USDT-SWAP,2.0
2026-07-24T03:52:15+00:00,O,,0.0,short_interval|NOT_BORROWABLE,O-USDT-SWAP,2.0
2026-07-24T03:52:15+00:00,BTC,1.392e-05,175.0,control,,0.0
2026-07-24T03:52:15+00:00,ETH,4.128e-05,7000.0,control,,0.0
2026-07-24T03:52:15+00:00,USDT,6.864e-05,5000000.0,control,,0.0
2026-07-24T04:02:41+00:00,BARD,0.0056988,19200.0,short_interval,BARD-USDT-SWAP,2.0
2026-07-24T04:02:41+00:00,O,,0.0,short_interval|NOT_BORROWABLE,O-USDT-SWAP,2.0
2026-07-24T04:02:41+00:00,BTC,1.392e-05,175.0,control,,0.0
2026-07-24T04:02:41+00:00,ETH,4.128e-05,7000.0,control,,0.0
2026-07-24T04:02:41+00:00,USDT,6.864e-05,5000000.0,control,,0.0
2026-07-24T04:13:09+00:00,BARD,0.0056988,19200.0,short_interval,BARD-USDT-SWAP,2.0
2026-07-24T04:13:09+00:00,O,,0.0,short_interval|NOT_BORROWABLE,O-USDT-SWAP,2.0
2026-07-24T04:13:09+00:00,BTC,1.392e-05,175.0,control,,0.0
2026-07-24T04:13:09+00:00,ETH,4.128e-05,7000.0,control,,0.0
2026-07-24T04:13:09+00:00,USDT,6.864e-05,5000000.0,control,,0.0
2026-07-24T04:23:37+00:00,BARD,0.0056988,19200.0,short_interval,BARD-USDT-SWAP,2.0
2026-07-24T04:23:37+00:00,O,,0.0,short_interval|NOT_BORROWABLE,O-USDT-SWAP,2.0
2026-07-24T04:23:37+00:00,BTC,1.392e-05,175.0,control,,0.0
2026-07-24T04:23:37+00:00,ETH,4.128e-05,7000.0,control,,0.0
2026-07-24T04:23:37+00:00,USDT,6.864e-05,5000000.0,control,,0.0
2026-07-24T04:34:04+00:00,BARD,0.0056988,19200.0,short_interval,BARD-USDT-SWAP,2.0
2026-07-24T04:34:04+00:00,O,,0.0,short_interval|NOT_BORROWABLE,O-USDT-SWAP,2.0
2026-07-24T04:34:04+00:00,BTC,1.392e-05,175.0,control,,0.0
2026-07-24T04:34:04+00:00,ETH,4.128e-05,7000.0,control,,0.0
2026-07-24T04:34:04+00:00,USDT,6.864e-05,5000000.0,control,,0.0
2026-07-24T04:44:30+00:00,BARD,0.0056988,19200.0,short_interval,BARD-USDT-SWAP,2.0
2026-07-24T04:44:30+00:00,O,,0.0,short_interval|NOT_BORROWABLE,O-USDT-SWAP,2.0
2026-07-24T04:44:30+00:00,BTC,1.392e-05,175.0,control,,0.0
2026-07-24T04:44:30+00:00,ETH,4.128e-05,7000.0,control,,0.0
2026-07-24T04:44:30+00:00,USDT,6.864e-05,5000000.0,control,,0.0
2026-07-24T04:54:57+00:00,BARD,0.0056988,19200.0,short_interval,BARD-USDT-SWAP,2.0
2026-07-24T04:54:57+00:00,O,,0.0,short_interval|NOT_BORROWABLE,O-USDT-SWAP,2.0
2026-07-24T04:54:57+00:00,BTC,1.392e-05,175.0,control,,0.0
2026-07-24T04:54:57+00:00,ETH,4.128e-05,7000.0,control,,0.0
2026-07-24T04:54:57+00:00,USDT,6.864e-05,5000000.0,control,,0.0
2026-07-24T05:01:18+00:00,BARD,0.00567144,19200.0,short_interval,BARD-USDT-SWAP,2.0
2026-07-24T05:01:18+00:00,O,,0.0,short_interval|NOT_BORROWABLE,O-USDT-SWAP,2.0
2026-07-24T05:01:18+00:00,BTC,1.392e-05,175.0,control,,0.0
2026-07-24T05:01:18+00:00,ETH,4.128e-05,7000.0,control,,0.0
2026-07-24T05:01:18+00:00,USDT,6.864e-05,5000000.0,control,,0.0
2026-07-24T05:11:47+00:00,BARD,0.00567144,19200.0,short_interval,BARD-USDT-SWAP,2.0
2026-07-24T05:11:47+00:00,O,,0.0,short_interval|NOT_BORROWABLE,O-USDT-SWAP,2.0
2026-07-24T05:11:47+00:00,BTC,1.392e-05,175.0,control,,0.0
2026-07-24T05:11:47+00:00,ETH,4.128e-05,7000.0,control,,0.0
2026-07-24T05:11:47+00:00,USDT,6.864e-05,5000000.0,control,,0.0
2026-07-24T05:22:16+00:00,BARD,0.00567144,19200.0,short_interval,BARD-USDT-SWAP,2.0
2026-07-24T05:22:16+00:00,O,,0.0,short_interval|NOT_BORROWABLE,O-USDT-SWAP,2.0
2026-07-24T05:22:16+00:00,BTC,1.392e-05,175.0,control,,0.0
2026-07-24T05:22:16+00:00,ETH,4.128e-05,7000.0,control,,0.0
2026-07-24T05:22:16+00:00,USDT,6.864e-05,5000000.0,control,,0.0
2026-07-24T05:32:44+00:00,BARD,0.00567144,19200.0,short_interval,BARD-USDT-SWAP,2.0
2026-07-24T05:32:44+00:00,O,,0.0,short_interval|NOT_BORROWABLE,O-USDT-SWAP,2.0
2026-07-24T05:32:44+00:00,BTC,1.392e-05,175.0,control,,0.0
2026-07-24T05:32:44+00:00,ETH,4.128e-05,7000.0,control,,0.0
2026-07-24T05:32:44+00:00,USDT,6.864e-05,5000000.0,control,,0.0
2026-07-24T05:43:13+00:00,BARD,0.00567144,19200.0,short_interval,BARD-USDT-SWAP,2.0
2026-07-24T05:43:13+00:00,O,,0.0,short_interval|NOT_BORROWABLE,O-USDT-SWAP,2.0
2026-07-24T05:43:13+00:00,BTC,1.392e-05,175.0,control,,0.0
2026-07-24T05:43:13+00:00,ETH,4.128e-05,7000.0,control,,0.0
2026-07-24T05:43:13+00:00,USDT,6.864e-05,5000000.0,control,,0.0
2026-07-24T05:53:42+00:00,BARD,0.00567144,19200.0,short_interval,BARD-USDT-SWAP,2.0
2026-07-24T05:53:42+00:00,O,,0.0,short_interval|NOT_BORROWABLE,O-USDT-SWAP,2.0
2026-07-24T05:53:42+00:00,BTC,1.392e-05,175.0,control,,0.0
2026-07-24T05:53:42+00:00,ETH,4.128e-05,7000.0,control,,0.0
2026-07-24T05:53:42+00:00,USDT,6.864e-05,5000000.0,control,,0.0
2026-07-24T06:04:11+00:00,BARD,0.00567144,19200.0,short_interval,BARD-USDT-SWAP,2.0
2026-07-24T06:04:11+00:00,O,,0.0,short_interval|NOT_BORROWABLE,O-USDT-SWAP,2.0
2026-07-24T06:04:11+00:00,BTC,1.392e-05,175.0,control,,0.0
2026-07-24T06:04:11+00:00,ETH,4.128e-05,7000.0,control,,0.0
2026-07-24T06:04:11+00:00,USDT,6.864e-05,5000000.0,control,,0.0
2026-07-24T06:14:39+00:00,BARD,0.00567144,19200.0,short_interval,BARD-USDT-SWAP,2.0
2026-07-24T06:14:39+00:00,O,,0.0,short_interval|NOT_BORROWABLE,O-USDT-SWAP,2.0
2026-07-24T06:14:39+00:00,BTC,1.392e-05,175.0,control,,0.0
2026-07-24T06:14:39+00:00,ETH,4.128e-05,7000.0,control,,0.0
2026-07-24T06:14:39+00:00,USDT,6.864e-05,5000000.0,control,,0.0
2026-07-24T06:25:09+00:00,BARD,0.00567144,19200.0,short_interval,BARD-USDT-SWAP,2.0
2026-07-24T06:25:09+00:00,O,,0.0,short_interval|NOT_BORROWABLE,O-USDT-SWAP,2.0
2026-07-24T06:25:09+00:00,BTC,1.392e-05,175.0,control,,0.0
2026-07-24T06:25:09+00:00,ETH,4.128e-05,7000.0,control,,0.0
2026-07-24T06:25:09+00:00,USDT,6.864e-05,5000000.0,control,,0.0
2026-07-24T06:35:37+00:00,BARD,0.00567144,19200.0,short_interval,BARD-USDT-SWAP,2.0
2026-07-24T06:35:37+00:00,O,,0.0,short_interval|NOT_BORROWABLE,O-USDT-SWAP,2.0
2026-07-24T06:35:37+00:00,BTC,1.392e-05,175.0,control,,0.0
2026-07-24T06:35:37+00:00,ETH,4.128e-05,7000.0,control,,0.0
2026-07-24T06:35:37+00:00,USDT,6.864e-05,5000000.0,control,,0.0
2026-07-24T06:46:07+00:00,BARD,0.00567144,19200.0,short_interval,BARD-USDT-SWAP,2.0
2026-07-24T06:46:07+00:00,O,,0.0,short_interval|NOT_BORROWABLE,O-USDT-SWAP,2.0
2026-07-24T06:46:07+00:00,BTC,1.392e-05,175.0,control,,0.0
2026-07-24T06:46:07+00:00,ETH,4.128e-05,7000.0,control,,0.0
2026-07-24T06:46:07+00:00,USDT,6.864e-05,5000000.0,control,,0.0
2026-07-24T06:56:35+00:00,BARD,0.00567144,19200.0,short_interval,BARD-USDT-SWAP,2.0
2026-07-24T06:56:35+00:00,O,,0.0,short_interval|NOT_BORROWABLE,O-USDT-SWAP,2.0
2026-07-24T06:56:35+00:00,BTC,1.392e-05,175.0,control,,0.0
2026-07-24T06:56:35+00:00,ETH,4.128e-05,7000.0,control,,0.0
2026-07-24T06:56:35+00:00,USDT,6.864e-05,5000000.0,control,,0.0
2026-07-24T07:07:05+00:00,BARD,0.00567144,19200.0,short_interval,BARD-USDT-SWAP,2.0
2026-07-24T07:07:05+00:00,O,,0.0,short_interval|NOT_BORROWABLE,O-USDT-SWAP,2.0
2026-07-24T07:07:05+00:00,BTC,1.392e-05,175.0,control,,0.0
2026-07-24T07:07:05+00:00,ETH,4.128e-05,7000.0,control,,0.0
2026-07-24T07:07:05+00:00,USDT,6.864e-05,5000000.0,control,,0.0
2026-07-24T07:17:33+00:00,BARD,0.00567144,19200.0,short_interval,BARD-USDT-SWAP,2.0
2026-07-24T07:17:33+00:00,O,,0.0,short_interval|NOT_BORROWABLE,O-USDT-SWAP,2.0
2026-07-24T07:17:33+00:00,BTC,1.392e-05,175.0,control,,0.0
2026-07-24T07:17:33+00:00,ETH,4.128e-05,7000.0,control,,0.0
2026-07-24T07:17:33+00:00,USDT,6.864e-05,5000000.0,control,,0.0
2026-07-24T07:28:01+00:00,BARD,0.00567144,19200.0,short_interval,BARD-USDT-SWAP,2.0
2026-07-24T07:28:01+00:00,O,,0.0,short_interval|NOT_BORROWABLE,O-USDT-SWAP,2.0
2026-07-24T07:28:01+00:00,BTC,1.392e-05,175.0,control,,0.0
2026-07-24T07:28:01+00:00,ETH,4.128e-05,7000.0,control,,0.0
2026-07-24T07:28:01+00:00,USDT,6.864e-05,5000000.0,control,,0.0
2026-07-24T07:38:31+00:00,BARD,0.00567144,19200.0,short_interval,BARD-USDT-SWAP,2.0
2026-07-24T07:38:31+00:00,O,,0.0,short_interval|NOT_BORROWABLE,O-USDT-SWAP,2.0
2026-07-24T07:38:31+00:00,BTC,1.392e-05,175.0,control,,0.0
2026-07-24T07:38:31+00:00,ETH,4.128e-05,7000.0,control,,0.0
2026-07-24T07:38:31+00:00,USDT,6.864e-05,5000000.0,control,,0.0
2026-07-24T07:49:00+00:00,BARD,0.00567144,19200.0,short_interval,BARD-USDT-SWAP,2.0
2026-07-24T07:49:00+00:00,O,,0.0,short_interval|NOT_BORROWABLE,O-USDT-SWAP,2.0
2026-07-24T07:49:00+00:00,BTC,1.392e-05,175.0,control,,0.0
2026-07-24T07:49:00+00:00,ETH,4.128e-05,7000.0,control,,0.0
2026-07-24T07:49:00+00:00,USDT,6.864e-05,5000000.0,control,,0.0
2026-07-24T07:59:29+00:00,BARD,0.00567144,19200.0,short_interval,BARD-USDT-SWAP,2.0
2026-07-24T07:59:29+00:00,O,,0.0,short_interval|NOT_BORROWABLE,O-USDT-SWAP,2.0
2026-07-24T07:59:29+00:00,BTC,1.392e-05,175.0,control,,0.0
2026-07-24T07:59:29+00:00,ETH,4.128e-05,7000.0,control,,0.0
2026-07-24T07:59:29+00:00,USDT,6.864e-05,5000000.0,control,,0.0
2026-07-24T08:09:58+00:00,BARD,0.00567144,19200.0,short_interval,BARD-USDT-SWAP,2.0
2026-07-24T08:09:58+00:00,BTC,1.392e-05,175.0,control,,0.0
2026-07-24T08:09:58+00:00,ETH,4.128e-05,7000.0,control,,0.0
2026-07-24T08:09:58+00:00,USDT,6.864e-05,5000000.0,control,,0.0
2026-07-24T08:20:27+00:00,BARD,0.00567144,19200.0,short_interval,BARD-USDT-SWAP,2.0
2026-07-24T08:20:27+00:00,BTC,1.392e-05,175.0,control,,0.0
2026-07-24T08:20:27+00:00,ETH,4.128e-05,7000.0,control,,0.0
2026-07-24T08:20:27+00:00,USDT,6.864e-05,5000000.0,control,,0.0
2026-07-24T08:30:57+00:00,BARD,0.00567144,19200.0,short_interval,BARD-USDT-SWAP,2.0
2026-07-24T08:30:57+00:00,BTC,1.392e-05,175.0,control,,0.0
2026-07-24T08:30:57+00:00,ETH,4.128e-05,7000.0,control,,0.0
2026-07-24T08:30:57+00:00,USDT,6.864e-05,5000000.0,control,,0.0
2026-07-24T08:41:26+00:00,BARD,0.00567144,19200.0,short_interval,BARD-USDT-SWAP,2.0
2026-07-24T08:41:26+00:00,BTC,1.392e-05,175.0,control,,0.0
2026-07-24T08:41:26+00:00,ETH,4.128e-05,7000.0,control,,0.0
2026-07-24T08:41:26+00:00,USDT,6.864e-05,5000000.0,control,,0.0
2026-07-24T08:51:54+00:00,BARD,0.00567144,19200.0,short_interval,BARD-USDT-SWAP,2.0
2026-07-24T08:51:54+00:00,BTC,1.392e-05,175.0,control,,0.0
2026-07-24T08:51:54+00:00,ETH,4.128e-05,7000.0,control,,0.0
2026-07-24T08:51:54+00:00,USDT,6.864e-05,5000000.0,control,,0.0
2026-07-24T09:02:23+00:00,BARD,0.00567144,19200.0,short_interval,BARD-USDT-SWAP,2.0
2026-07-24T09:02:23+00:00,BTC,1.392e-05,175.0,control,,0.0
2026-07-24T09:02:23+00:00,ETH,4.128e-05,7000.0,control,,0.0
2026-07-24T09:02:23+00:00,USDT,6.864e-05,5000000.0,control,,0.0
2026-07-24T09:12:51+00:00,BARD,0.00567144,19200.0,short_interval,BARD-USDT-SWAP,2.0
2026-07-24T09:12:51+00:00,BTC,1.392e-05,175.0,control,,0.0
2026-07-24T09:12:51+00:00,ETH,4.128e-05,7000.0,control,,0.0
2026-07-24T09:12:51+00:00,USDT,6.864e-05,5000000.0,control,,0.0
2026-07-24T09:23:20+00:00,BARD,0.00567144,19200.0,short_interval,BARD-USDT-SWAP,2.0
2026-07-24T09:23:20+00:00,BTC,1.392e-05,175.0,control,,0.0
2026-07-24T09:23:20+00:00,ETH,4.128e-05,7000.0,control,,0.0
2026-07-24T09:23:20+00:00,USDT,6.864e-05,5000000.0,control,,0.0
2026-07-24T09:33:48+00:00,BARD,0.00567144,19200.0,short_interval,BARD-USDT-SWAP,2.0
2026-07-24T09:33:48+00:00,BTC,1.392e-05,175.0,control,,0.0
2026-07-24T09:33:48+00:00,ETH,4.128e-05,7000.0,control,,0.0
2026-07-24T09:33:48+00:00,USDT,6.864e-05,5000000.0,control,,0.0
2026-07-24T09:44:17+00:00,BARD,0.00567144,19200.0,short_interval,BARD-USDT-SWAP,2.0
2026-07-24T09:44:17+00:00,BTC,1.392e-05,175.0,control,,0.0
2026-07-24T09:44:17+00:00,ETH,4.128e-05,7000.0,control,,0.0
2026-07-24T09:44:17+00:00,USDT,6.864e-05,5000000.0,control,,0.0
2026-07-24T10:05:38+00:00,BARD,0.00561648,19200.0,short_interval,BARD-USDT-SWAP,2.0
2026-07-24T10:05:38+00:00,BTC,1.392e-05,175.0,control,,0.0
2026-07-24T10:05:38+00:00,ETH,4.128e-05,7000.0,control,,0.0
2026-07-24T10:05:38+00:00,USDT,6.864e-05,5000000.0,control,,0.0
2026-07-24T10:16:10+00:00,BARD,0.00561648,19200.0,short_interval,BARD-USDT-SWAP,2.0
2026-07-24T10:16:10+00:00,BTC,1.392e-05,175.0,control,,0.0
2026-07-24T10:16:10+00:00,ETH,4.128e-05,7000.0,control,,0.0
2026-07-24T10:16:10+00:00,USDT,6.864e-05,5000000.0,control,,0.0
2026-07-24T10:26:42+00:00,BARD,0.00561648,19200.0,short_interval,BARD-USDT-SWAP,2.0
2026-07-24T10:26:42+00:00,BTC,1.392e-05,175.0,control,,0.0
2026-07-24T10:26:42+00:00,ETH,4.128e-05,7000.0,control,,0.0
2026-07-24T10:26:42+00:00,USDT,6.864e-05,5000000.0,control,,0.0
2026-07-24T10:37:15+00:00,BARD,0.00561648,19200.0,short_interval,BARD-USDT-SWAP,2.0
2026-07-24T10:37:15+00:00,BTC,1.392e-05,175.0,control,,0.0
2026-07-24T10:37:15+00:00,ETH,4.128e-05,7000.0,control,,0.0
2026-07-24T10:37:15+00:00,USDT,6.864e-05,5000000.0,control,,0.0
2026-07-24T10:47:48+00:00,BARD,0.00561648,19200.0,short_interval,BARD-USDT-SWAP,2.0
2026-07-24T10:47:48+00:00,BTC,1.392e-05,175.0,control,,0.0
2026-07-24T10:47:48+00:00,ETH,4.128e-05,7000.0,control,,0.0
2026-07-24T10:47:48+00:00,USDT,6.864e-05,5000000.0,control,,0.0
2026-07-24T10:58:20+00:00,BARD,0.00561648,19200.0,short_interval,BARD-USDT-SWAP,2.0
2026-07-24T10:58:20+00:00,BTC,1.392e-05,175.0,control,,0.0
2026-07-24T10:58:20+00:00,ETH,4.128e-05,7000.0,control,,0.0
2026-07-24T10:58:20+00:00,USDT,6.864e-05,5000000.0,control,,0.0
2026-07-24T11:08:53+00:00,BARD,0.00561648,19200.0,short_interval,BARD-USDT-SWAP,2.0
2026-07-24T11:08:53+00:00,BTC,1.392e-05,175.0,control,,0.0
2026-07-24T11:08:53+00:00,ETH,4.128e-05,7000.0,control,,0.0
2026-07-24T11:08:53+00:00,USDT,6.864e-05,5000000.0,control,,0.0
2026-07-24T11:19:24+00:00,BARD,0.00561648,19200.0,short_interval,BARD-USDT-SWAP,2.0
2026-07-24T11:19:24+00:00,BTC,1.392e-05,175.0,control,,0.0
2026-07-24T11:19:24+00:00,ETH,4.128e-05,7000.0,control,,0.0
2026-07-24T11:19:24+00:00,USDT,6.864e-05,5000000.0,control,,0.0
2026-07-24T11:29:55+00:00,BARD,0.00564384,19200.0,short_interval,BARD-USDT-SWAP,2.0
2026-07-24T11:29:55+00:00,BTC,1.392e-05,175.0,control,,0.0
2026-07-24T11:29:55+00:00,ETH,4.128e-05,7000.0,control,,0.0
2026-07-24T11:29:55+00:00,USDT,6.864e-05,5000000.0,control,,0.0
2026-07-24T11:40:27+00:00,BARD,0.00564384,19200.0,short_interval,BARD-USDT-SWAP,2.0
2026-07-24T11:40:27+00:00,BTC,1.392e-05,175.0,control,,0.0
2026-07-24T11:40:27+00:00,ETH,4.128e-05,7000.0,control,,0.0
2026-07-24T11:40:27+00:00,USDT,6.864e-05,5000000.0,control,,0.0
2026-07-24T11:50:58+00:00,BARD,0.00564384,19200.0,short_interval,BARD-USDT-SWAP,2.0
2026-07-24T11:50:58+00:00,BTC,1.392e-05,175.0,control,,0.0
2026-07-24T11:50:58+00:00,ETH,4.128e-05,7000.0,control,,0.0
2026-07-24T11:50:58+00:00,USDT,6.864e-05,5000000.0,control,,0.0
2026-07-24T12:01:30+00:00,BARD,0.00561648,19200.0,short_interval,BARD-USDT-SWAP,2.0
2026-07-24T12:01:30+00:00,BTC,1.392e-05,175.0,control,,0.0
2026-07-24T12:01:30+00:00,ETH,4.128e-05,7000.0,control,,0.0
2026-07-24T12:01:30+00:00,USDT,6.864e-05,5000000.0,control,,0.0
2026-07-24T12:12:01+00:00,BARD,0.00561648,19200.0,short_interval,BARD-USDT-SWAP,2.0
2026-07-24T12:12:01+00:00,ORDER,,0.0,pinned_at_cap|NOT_BORROWABLE,ORDER-USDT-SWAP,4.0
2026-07-24T12:12:01+00:00,BTC,1.392e-05,175.0,control,,0.0
2026-07-24T12:12:01+00:00,ETH,4.128e-05,7000.0,control,,0.0
2026-07-24T12:12:01+00:00,USDT,6.864e-05,5000000.0,control,,0.0
2026-07-24T12:22:33+00:00,BARD,0.00561648,19200.0,short_interval,BARD-USDT-SWAP,2.0
2026-07-24T12:22:33+00:00,ORDER,,0.0,pinned_at_cap|NOT_BORROWABLE,ORDER-USDT-SWAP,4.0
2026-07-24T12:22:33+00:00,BTC,1.392e-05,175.0,control,,0.0
2026-07-24T12:22:33+00:00,ETH,4.128e-05,7000.0,control,,0.0
2026-07-24T12:22:33+00:00,USDT,6.864e-05,5000000.0,control,,0.0
2026-07-24T12:33:05+00:00,BARD,0.00561648,19200.0,short_interval,BARD-USDT-SWAP,2.0
2026-07-24T12:33:05+00:00,ORDER,,0.0,pinned_at_cap|NOT_BORROWABLE,ORDER-USDT-SWAP,4.0
2026-07-24T12:33:05+00:00,BTC,1.392e-05,175.0,control,,0.0
2026-07-24T12:33:05+00:00,ETH,4.128e-05,7000.0,control,,0.0
2026-07-24T12:33:05+00:00,USDT,6.864e-05,5000000.0,control,,0.0
2026-07-24T12:43:36+00:00,BARD,0.00561648,19200.0,short_interval,BARD-USDT-SWAP,2.0
2026-07-24T12:43:36+00:00,ORDER,,0.0,pinned_at_cap|NOT_BORROWABLE,ORDER-USDT-SWAP,4.0
2026-07-24T12:43:36+00:00,BTC,1.392e-05,175.0,control,,0.0
2026-07-24T12:43:36+00:00,ETH,4.128e-05,7000.0,control,,0.0
2026-07-24T12:43:36+00:00,USDT,6.864e-05,5000000.0,control,,0.0
2026-07-24T12:54:09+00:00,BARD,0.00561648,19200.0,short_interval,BARD-USDT-SWAP,2.0
2026-07-24T12:54:09+00:00,ORDER,,0.0,pinned_at_cap|NOT_BORROWABLE,ORDER-USDT-SWAP,4.0
2026-07-24T12:54:09+00:00,BTC,1.392e-05,175.0,control,,0.0
2026-07-24T12:54:09+00:00,ETH,4.128e-05,7000.0,control,,0.0
2026-07-24T12:54:09+00:00,USDT,6.864e-05,5000000.0,control,,0.0
2026-07-24T13:04:42+00:00,BARD,0.00561648,19200.0,short_interval,BARD-USDT-SWAP,2.0
2026-07-24T13:04:42+00:00,ORDER,,0.0,pinned_at_cap|NOT_BORROWABLE,ORDER-USDT-SWAP,4.0
2026-07-24T13:04:42+00:00,BTC,1.392e-05,175.0,control,,0.0
2026-07-24T13:04:42+00:00,ETH,4.128e-05,7000.0,control,,0.0
2026-07-24T13:04:42+00:00,USDT,6.864e-05,5000000.0,control,,0.0
2026-07-24T13:15:15+00:00,BARD,0.00561648,19200.0,short_interval,BARD-USDT-SWAP,2.0
2026-07-24T13:15:15+00:00,ORDER,,0.0,pinned_at_cap|NOT_BORROWABLE,ORDER-USDT-SWAP,4.0
2026-07-24T13:15:15+00:00,BTC,1.392e-05,175.0,control,,0.0
2026-07-24T13:15:15+00:00,ETH,4.128e-05,7000.0,control,,0.0
2026-07-24T13:15:15+00:00,USDT,6.864e-05,5000000.0,control,,0.0
2026-07-24T13:25:48+00:00,BARD,0.00561648,19200.0,short_interval,BARD-USDT-SWAP,2.0
2026-07-24T13:25:48+00:00,ORDER,,0.0,pinned_at_cap|NOT_BORROWABLE,ORDER-USDT-SWAP,4.0
2026-07-24T13:25:48+00:00,BTC,1.392e-05,175.0,control,,0.0
2026-07-24T13:25:48+00:00,ETH,4.128e-05,7000.0,control,,0.0
2026-07-24T13:25:48+00:00,USDT,6.864e-05,5000000.0,control,,0.0
2026-07-24T13:36:20+00:00,BARD,0.00561648,19200.0,short_interval,BARD-USDT-SWAP,2.0
2026-07-24T13:36:20+00:00,ORDER,,0.0,pinned_at_cap|NOT_BORROWABLE,ORDER-USDT-SWAP,4.0
2026-07-24T13:36:20+00:00,BTC,1.392e-05,175.0,control,,0.0
2026-07-24T13:36:20+00:00,ETH,4.128e-05,7000.0,control,,0.0
2026-07-24T13:36:20+00:00,USDT,6.864e-05,5000000.0,control,,0.0
2026-07-24T13:46:54+00:00,BARD,0.00561648,19200.0,short_interval,BARD-USDT-SWAP,2.0
2026-07-24T13:46:54+00:00,BTC,1.392e-05,175.0,control,,0.0
2026-07-24T13:46:54+00:00,ETH,4.128e-05,7000.0,control,,0.0
2026-07-24T13:46:54+00:00,USDT,6.864e-05,5000000.0,control,,0.0
2026-07-24T13:57:27+00:00,BARD,0.00561648,19200.0,short_interval,BARD-USDT-SWAP,2.0
2026-07-24T13:57:27+00:00,BTC,1.392e-05,175.0,control,,0.0
2026-07-24T13:57:27+00:00,ETH,4.128e-05,7000.0,control,,0.0
2026-07-24T13:57:27+00:00,USDT,6.864e-05,5000000.0,control,,0.0
2026-07-24T14:07:59+00:00,BARD,0.00564384,19200.0,short_interval,BARD-USDT-SWAP,2.0
2026-07-24T14:07:59+00:00,BTC,1.392e-05,175.0,control,,0.0
2026-07-24T14:07:59+00:00,ETH,4.128e-05,7000.0,control,,0.0
2026-07-24T14:07:59+00:00,USDT,6.864e-05,5000000.0,control,,0.0
2026-07-24T14:18:37+00:00,BARD,0.00564384,19200.0,short_interval,BARD-USDT-SWAP,2.0
2026-07-24T14:18:37+00:00,BTC,1.392e-05,175.0,control,,0.0
2026-07-24T14:18:37+00:00,ETH,4.128e-05,7000.0,control,,0.0
2026-07-24T14:18:37+00:00,USDT,6.864e-05,5000000.0,control,,0.0
2026-07-24T14:29:09+00:00,BARD,0.00564384,19200.0,short_interval,BARD-USDT-SWAP,2.0
2026-07-24T14:29:09+00:00,BTC,1.392e-05,175.0,control,,0.0
2026-07-24T14:29:09+00:00,ETH,4.128e-05,7000.0,control,,0.0
2026-07-24T14:29:09+00:00,USDT,6.864e-05,5000000.0,control,,0.0
2026-07-24T14:39:40+00:00,BARD,0.00564384,19200.0,short_interval,BARD-USDT-SWAP,2.0
2026-07-24T14:39:40+00:00,BTC,1.392e-05,175.0,control,,0.0
2026-07-24T14:39:40+00:00,ETH,4.128e-05,7000.0,control,,0.0
2026-07-24T14:39:40+00:00,USDT,6.864e-05,5000000.0,control,,0.0
2026-07-24T15:01:00+00:00,BARD,0.00561648,19200.0,short_interval,BARD-USDT-SWAP,2.0
2026-07-24T15:01:00+00:00,BTC,1.392e-05,175.0,control,,0.0
2026-07-24T15:01:00+00:00,ETH,4.128e-05,7000.0,control,,0.0
2026-07-24T15:01:00+00:00,USDT,6.864e-05,5000000.0,control,,0.0
2026-07-24T15:11:31+00:00,BARD,0.00561648,19200.0,short_interval,BARD-USDT-SWAP,2.0
2026-07-24T15:11:31+00:00,BTC,1.392e-05,175.0,control,,0.0
2026-07-24T15:11:31+00:00,ETH,4.128e-05,7000.0,control,,0.0
2026-07-24T15:11:31+00:00,USDT,6.864e-05,5000000.0,control,,0.0
2026-07-24T15:22:00+00:00,BARD,0.00561648,19200.0,short_interval,BARD-USDT-SWAP,2.0
2026-07-24T15:22:00+00:00,BTC,1.392e-05,175.0,control,,0.0
2026-07-24T15:22:00+00:00,ETH,4.128e-05,7000.0,control,,0.0
2026-07-24T15:22:00+00:00,USDT,6.864e-05,5000000.0,control,,0.0
2026-07-24T15:32:31+00:00,BARD,0.00561648,19200.0,short_interval,BARD-USDT-SWAP,2.0
2026-07-24T15:32:31+00:00,BTC,1.392e-05,175.0,control,,0.0
2026-07-24T15:32:31+00:00,ETH,4.128e-05,7000.0,control,,0.0
2026-07-24T15:32:31+00:00,USDT,6.864e-05,5000000.0,control,,0.0
2026-07-24T15:43:03+00:00,BARD,0.00561648,19200.0,short_interval,BARD-USDT-SWAP,2.0
2026-07-24T15:43:03+00:00,BTC,1.392e-05,175.0,control,,0.0
2026-07-24T15:43:03+00:00,ETH,4.128e-05,7000.0,control,,0.0
2026-07-24T15:43:03+00:00,USDT,6.864e-05,5000000.0,control,,0.0
2026-07-24T15:53:33+00:00,BARD,0.00561648,19200.0,short_interval,BARD-USDT-SWAP,2.0
2026-07-24T15:53:33+00:00,BTC,1.392e-05,175.0,control,,0.0
2026-07-24T15:53:33+00:00,ETH,4.128e-05,7000.0,control,,0.0
2026-07-24T15:53:33+00:00,USDT,6.864e-05,5000000.0,control,,0.0
2026-07-24T16:04:04+00:00,BARD,0.00561648,19200.0,short_interval,BARD-USDT-SWAP,2.0
2026-07-24T16:04:04+00:00,BTC,1.392e-05,175.0,control,,0.0
2026-07-24T16:04:04+00:00,ETH,4.128e-05,7000.0,control,,0.0
2026-07-24T16:04:04+00:00,USDT,6.864e-05,5000000.0,control,,0.0
2026-07-24T16:14:34+00:00,BARD,0.00561648,19200.0,short_interval,BARD-USDT-SWAP,2.0
2026-07-24T16:14:34+00:00,BTC,1.392e-05,175.0,control,,0.0
2026-07-24T16:14:34+00:00,ETH,4.128e-05,7000.0,control,,0.0
2026-07-24T16:14:34+00:00,USDT,6.864e-05,5000000.0,control,,0.0
2026-07-24T16:25:07+00:00,BARD,0.00561648,19200.0,short_interval,BARD-USDT-SWAP,2.0
2026-07-24T16:25:07+00:00,BTC,1.392e-05,175.0,control,,0.0
2026-07-24T16:25:07+00:00,ETH,4.128e-05,7000.0,control,,0.0
2026-07-24T16:25:07+00:00,USDT,6.864e-05,5000000.0,control,,0.0
2026-07-24T16:35:39+00:00,BARD,0.00561648,19200.0,short_interval,BARD-USDT-SWAP,2.0
2026-07-24T16:35:39+00:00,BTC,1.392e-05,175.0,control,,0.0
2026-07-24T16:35:39+00:00,ETH,4.128e-05,7000.0,control,,0.0
2026-07-24T16:35:39+00:00,USDT,6.864e-05,5000000.0,control,,0.0
2026-07-24T16:46:10+00:00,BARD,0.00561648,19200.0,short_interval,BARD-USDT-SWAP,2.0
2026-07-24T16:46:10+00:00,BTC,1.392e-05,175.0,control,,0.0
2026-07-24T16:46:10+00:00,ETH,4.128e-05,7000.0,control,,0.0
2026-07-24T16:46:10+00:00,USDT,6.864e-05,5000000.0,control,,0.0
2026-07-24T16:56:41+00:00,BARD,0.00561648,19200.0,short_interval,BARD-USDT-SWAP,2.0
2026-07-24T16:56:41+00:00,BTC,1.392e-05,175.0,control,,0.0
2026-07-24T16:56:41+00:00,ETH,4.128e-05,7000.0,control,,0.0
2026-07-24T16:56:41+00:00,USDT,6.864e-05,5000000.0,control,,0.0
2026-07-24T17:07:11+00:00,BARD,0.00575352,19200.0,short_interval,BARD-USDT-SWAP,2.0
2026-07-24T17:07:11+00:00,BTC,1.392e-05,175.0,control,,0.0
2026-07-24T17:07:11+00:00,ETH,4.128e-05,7000.0,control,,0.0
2026-07-24T17:07:11+00:00,USDT,6.864e-05,5000000.0,control,,0.0
2026-07-24T17:17:42+00:00,BARD,0.00575352,19200.0,short_interval,BARD-USDT-SWAP,2.0
2026-07-24T17:17:42+00:00,BTC,1.392e-05,175.0,control,,0.0
2026-07-24T17:17:42+00:00,ETH,4.128e-05,7000.0,control,,0.0
2026-07-24T17:17:42+00:00,USDT,6.864e-05,5000000.0,control,,0.0
2026-07-24T17:28:13+00:00,BARD,0.00575352,19200.0,short_interval,BARD-USDT-SWAP,2.0
2026-07-24T17:28:13+00:00,BTC,1.392e-05,175.0,control,,0.0
2026-07-24T17:28:13+00:00,ETH,4.128e-05,7000.0,control,,0.0
2026-07-24T17:28:13+00:00,USDT,6.864e-05,5000000.0,control,,0.0
2026-07-24T17:38:44+00:00,BARD,0.00575352,19200.0,short_interval,BARD-USDT-SWAP,2.0
2026-07-24T17:38:44+00:00,BTC,1.392e-05,175.0,control,,0.0
2026-07-24T17:38:44+00:00,ETH,4.128e-05,7000.0,control,,0.0
2026-07-24T17:38:44+00:00,USDT,6.864e-05,5000000.0,control,,0.0
2026-07-24T17:49:14+00:00,BARD,0.00575352,19200.0,short_interval,BARD-USDT-SWAP,2.0
2026-07-24T17:49:14+00:00,BTC,1.392e-05,175.0,control,,0.0
2026-07-24T17:49:14+00:00,ETH,4.128e-05,7000.0,control,,0.0
2026-07-24T17:49:14+00:00,USDT,6.864e-05,5000000.0,control,,0.0
2026-07-24T17:59:45+00:00,BARD,0.00575352,19200.0,short_interval,BARD-USDT-SWAP,2.0
2026-07-24T17:59:45+00:00,BTC,1.392e-05,175.0,control,,0.0
2026-07-24T17:59:45+00:00,ETH,4.128e-05,7000.0,control,,0.0
2026-07-24T17:59:45+00:00,USDT,6.864e-05,5000000.0,control,,0.0
2026-07-24T18:10:17+00:00,BARD,0.00575352,19200.0,short_interval,BARD-USDT-SWAP,2.0
2026-07-24T18:10:17+00:00,BTC,1.392e-05,175.0,control,,0.0
2026-07-24T18:10:17+00:00,ETH,4.128e-05,7000.0,control,,0.0
2026-07-24T18:10:17+00:00,USDT,6.864e-05,5000000.0,control,,0.0
2026-07-24T18:20:47+00:00,BARD,0.00575352,19200.0,short_interval,BARD-USDT-SWAP,2.0
2026-07-24T18:20:47+00:00,BTC,1.392e-05,175.0,control,,0.0
2026-07-24T18:20:47+00:00,ETH,4.128e-05,7000.0,control,,0.0
2026-07-24T18:20:47+00:00,USDT,6.864e-05,5000000.0,control,,0.0
2026-07-24T18:31:18+00:00,BARD,0.00575352,19200.0,short_interval,BARD-USDT-SWAP,2.0
2026-07-24T18:31:18+00:00,BTC,1.392e-05,175.0,control,,0.0
2026-07-24T18:31:18+00:00,ETH,4.128e-05,7000.0,control,,0.0
2026-07-24T18:31:18+00:00,USDT,6.864e-05,5000000.0,control,,0.0
2026-07-24T18:41:49+00:00,BARD,0.00575352,19200.0,short_interval,BARD-USDT-SWAP,2.0
2026-07-24T18:41:49+00:00,BTC,1.392e-05,175.0,control,,0.0
2026-07-24T18:41:49+00:00,ETH,4.128e-05,7000.0,control,,0.0
2026-07-24T18:41:49+00:00,USDT,6.864e-05,5000000.0,control,,0.0
2026-07-24T18:52:19+00:00,BARD,0.00575352,19200.0,short_interval,BARD-USDT-SWAP,2.0
2026-07-24T18:52:19+00:00,BTC,1.392e-05,175.0,control,,0.0
2026-07-24T18:52:19+00:00,ETH,4.128e-05,7000.0,control,,0.0
2026-07-24T18:52:19+00:00,USDT,6.864e-05,5000000.0,control,,0.0
2026-07-24T19:02:49+00:00,BARD,0.00575352,19200.0,short_interval,BARD-USDT-SWAP,2.0
2026-07-24T19:02:49+00:00,BTC,1.392e-05,175.0,control,,0.0
2026-07-24T19:02:49+00:00,ETH,4.128e-05,7000.0,control,,0.0
2026-07-24T19:02:49+00:00,USDT,6.864e-05,5000000.0,control,,0.0
2026-07-24T19:13:19+00:00,BARD,0.00575352,19200.0,short_interval,BARD-USDT-SWAP,2.0
2026-07-24T19:13:19+00:00,BTC,1.392e-05,175.0,control,,0.0
2026-07-24T19:13:19+00:00,ETH,4.128e-05,7000.0,control,,0.0
2026-07-24T19:13:19+00:00,USDT,6.864e-05,5000000.0,control,,0.0
2026-07-24T19:23:49+00:00,BARD,0.00575352,19200.0,short_interval,BARD-USDT-SWAP,2.0
2026-07-24T19:23:49+00:00,BTC,1.392e-05,175.0,control,,0.0
2026-07-24T19:23:49+00:00,ETH,4.128e-05,7000.0,control,,0.0
2026-07-24T19:23:49+00:00,USDT,6.864e-05,5000000.0,control,,0.0
2026-07-24T19:34:20+00:00,BARD,0.00575352,19200.0,short_interval,BARD-USDT-SWAP,2.0
2026-07-24T19:34:20+00:00,BTC,1.392e-05,175.0,control,,0.0
2026-07-24T19:34:20+00:00,ETH,4.128e-05,7000.0,control,,0.0
2026-07-24T19:34:20+00:00,USDT,6.864e-05,5000000.0,control,,0.0
2026-07-24T19:55:34+00:00,BARD,0.00575352,19200.0,short_interval,BARD-USDT-SWAP,2.0
2026-07-24T19:55:34+00:00,BTC,1.392e-05,175.0,control,,0.0
2026-07-24T19:55:34+00:00,ETH,4.128e-05,7000.0,control,,0.0
2026-07-24T19:55:34+00:00,USDT,6.864e-05,5000000.0,control,,0.0
2026-07-24T20:06:05+00:00,BARD,0.00572616,19200.0,short_interval,BARD-USDT-SWAP,2.0
2026-07-24T20:06:05+00:00,BTC,1.392e-05,175.0,control,,0.0
2026-07-24T20:06:05+00:00,ETH,4.128e-05,7000.0,control,,0.0
2026-07-24T20:06:05+00:00,USDT,6.864e-05,5000000.0,control,,0.0
2026-07-24T20:16:35+00:00,BARD,0.00572616,19200.0,short_interval,BARD-USDT-SWAP,2.0
2026-07-24T20:16:35+00:00,BTC,1.392e-05,175.0,control,,0.0
2026-07-24T20:16:35+00:00,ETH,4.128e-05,7000.0,control,,0.0
2026-07-24T20:16:35+00:00,USDT,6.864e-05,5000000.0,control,,0.0
2026-07-24T20:27:05+00:00,BARD,0.00572616,19200.0,short_interval,BARD-USDT-SWAP,2.0
2026-07-24T20:27:05+00:00,BTC,1.392e-05,175.0,control,,0.0
2026-07-24T20:27:05+00:00,ETH,4.128e-05,7000.0,control,,0.0
2026-07-24T20:27:05+00:00,USDT,6.864e-05,5000000.0,control,,0.0
2026-07-24T20:37:35+00:00,BARD,0.00572616,19200.0,short_interval,BARD-USDT-SWAP,2.0
2026-07-24T20:37:35+00:00,BTC,1.392e-05,175.0,control,,0.0
2026-07-24T20:37:35+00:00,ETH,4.128e-05,7000.0,control,,0.0
2026-07-24T20:37:35+00:00,USDT,6.864e-05,5000000.0,control,,0.0
2026-07-24T20:48:05+00:00,BARD,0.00572616,19200.0,short_interval,BARD-USDT-SWAP,2.0
2026-07-24T20:48:05+00:00,BTC,1.392e-05,175.0,control,,0.0
2026-07-24T20:48:05+00:00,ETH,4.128e-05,7000.0,control,,0.0
2026-07-24T20:48:05+00:00,USDT,6.864e-05,5000000.0,control,,0.0
2026-07-24T20:58:36+00:00,BARD,0.00572616,19200.0,short_interval,BARD-USDT-SWAP,2.0
2026-07-24T20:58:36+00:00,BTC,1.392e-05,175.0,control,,0.0
2026-07-24T20:58:36+00:00,ETH,4.128e-05,7000.0,control,,0.0
2026-07-24T20:58:36+00:00,USDT,6.864e-05,5000000.0,control,,0.0
2026-07-24T21:09:06+00:00,BARD,0.0056988,19200.0,short_interval,BARD-USDT-SWAP,2.0
2026-07-24T21:09:06+00:00,BTC,1.392e-05,175.0,control,,0.0
2026-07-24T21:09:06+00:00,ETH,4.128e-05,7000.0,control,,0.0
2026-07-24T21:09:06+00:00,USDT,6.864e-05,5000000.0,control,,0.0
2026-07-24T21:19:36+00:00,BARD,0.0056988,19200.0,short_interval,BARD-USDT-SWAP,2.0
2026-07-24T21:19:36+00:00,BTC,1.392e-05,175.0,control,,0.0
2026-07-24T21:19:36+00:00,ETH,4.128e-05,7000.0,control,,0.0
2026-07-24T21:19:36+00:00,USDT,6.864e-05,5000000.0,control,,0.0
2026-07-24T21:30:06+00:00,BARD,0.0056988,19200.0,short_interval,BARD-USDT-SWAP,2.0
2026-07-24T21:30:06+00:00,BTC,1.392e-05,175.0,control,,0.0
2026-07-24T21:30:06+00:00,ETH,4.128e-05,7000.0,control,,0.0
2026-07-24T21:30:06+00:00,USDT,6.864e-05,5000000.0,control,,0.0
2026-07-24T21:40:37+00:00,BARD,0.0056988,19200.0,short_interval,BARD-USDT-SWAP,2.0
2026-07-24T21:40:37+00:00,BTC,1.392e-05,175.0,control,,0.0
2026-07-24T21:40:37+00:00,ETH,4.128e-05,7000.0,control,,0.0
2026-07-24T21:40:37+00:00,USDT,6.864e-05,5000000.0,control,,0.0
2026-07-24T21:51:08+00:00,BARD,0.0056988,19200.0,short_interval,BARD-USDT-SWAP,2.0
2026-07-24T21:51:08+00:00,BTC,1.392e-05,175.0,control,,0.0
2026-07-24T21:51:08+00:00,ETH,4.128e-05,7000.0,control,,0.0
2026-07-24T21:51:08+00:00,USDT,6.864e-05,5000000.0,control,,0.0
2026-07-24T22:01:38+00:00,BARD,0.0056988,19200.0,short_interval,BARD-USDT-SWAP,2.0
2026-07-24T22:01:38+00:00,BTC,1.392e-05,175.0,control,,0.0
2026-07-24T22:01:38+00:00,ETH,4.128e-05,7000.0,control,,0.0
2026-07-24T22:01:38+00:00,USDT,6.864e-05,5000000.0,control,,0.0
2026-07-24T22:12:09+00:00,BARD,0.0056988,19200.0,short_interval,BARD-USDT-SWAP,2.0
2026-07-24T22:12:09+00:00,BTC,1.392e-05,175.0,control,,0.0
2026-07-24T22:12:09+00:00,ETH,4.128e-05,7000.0,control,,0.0
2026-07-24T22:12:09+00:00,USDT,6.864e-05,5000000.0,control,,0.0
2026-07-24T22:22:39+00:00,BARD,0.0056988,19200.0,short_interval,BARD-USDT-SWAP,2.0
2026-07-24T22:22:39+00:00,BTC,1.392e-05,175.0,control,,0.0
2026-07-24T22:22:39+00:00,ETH,4.128e-05,7000.0,control,,0.0
2026-07-24T22:22:39+00:00,USDT,6.864e-05,5000000.0,control,,0.0
2026-07-24T22:33:09+00:00,BARD,0.0056988,19200.0,short_interval,BARD-USDT-SWAP,2.0
2026-07-24T22:33:09+00:00,BTC,1.392e-05,175.0,control,,0.0
2026-07-24T22:33:09+00:00,ETH,4.128e-05,7000.0,control,,0.0
2026-07-24T22:33:09+00:00,USDT,6.864e-05,5000000.0,control,,0.0
2026-07-24T22:43:39+00:00,BARD,0.0056988,19200.0,short_interval,BARD-USDT-SWAP,2.0
2026-07-24T22:43:39+00:00,BTC,1.392e-05,175.0,control,,0.0
2026-07-24T22:43:39+00:00,ETH,4.128e-05,7000.0,control,,0.0
2026-07-24T22:43:39+00:00,USDT,6.864e-05,5000000.0,control,,0.0
2026-07-24T22:54:10+00:00,BARD,0.0056988,19200.0,short_interval,BARD-USDT-SWAP,2.0
2026-07-24T22:54:10+00:00,BTC,1.392e-05,175.0,control,,0.0
2026-07-24T22:54:10+00:00,ETH,4.128e-05,7000.0,control,,0.0
2026-07-24T22:54:10+00:00,USDT,6.864e-05,5000000.0,control,,0.0
2026-07-24T23:04:40+00:00,BARD,0.00572616,19200.0,short_interval,BARD-USDT-SWAP,2.0
2026-07-24T23:04:40+00:00,BTC,1.392e-05,175.0,control,,0.0
2026-07-24T23:04:40+00:00,ETH,4.128e-05,7000.0,control,,0.0
2026-07-24T23:04:40+00:00,USDT,6.864e-05,5000000.0,control,,0.0
2026-07-24T23:15:11+00:00,BARD,0.00572616,19200.0,short_interval,BARD-USDT-SWAP,2.0
2026-07-24T23:15:11+00:00,BTC,1.392e-05,175.0,control,,0.0
2026-07-24T23:15:11+00:00,ETH,4.128e-05,7000.0,control,,0.0
2026-07-24T23:15:11+00:00,USDT,6.864e-05,5000000.0,control,,0.0
2026-07-24T23:25:41+00:00,BARD,0.00572616,19200.0,short_interval,BARD-USDT-SWAP,2.0
2026-07-24T23:25:41+00:00,BTC,1.392e-05,175.0,control,,0.0
2026-07-24T23:25:41+00:00,ETH,4.128e-05,7000.0,control,,0.0
2026-07-24T23:25:41+00:00,USDT,6.864e-05,5000000.0,control,,0.0
2026-07-24T23:36:12+00:00,BARD,0.00572616,19200.0,short_interval,BARD-USDT-SWAP,2.0
2026-07-24T23:36:12+00:00,BTC,1.392e-05,175.0,control,,0.0
2026-07-24T23:36:12+00:00,ETH,4.128e-05,7000.0,control,,0.0
2026-07-24T23:36:12+00:00,USDT,6.864e-05,5000000.0,control,,0.0
2026-07-24T23:46:47+00:00,BARD,0.00572616,19200.0,short_interval,BARD-USDT-SWAP,2.0
2026-07-24T23:46:47+00:00,BTC,1.392e-05,175.0,control,,0.0
2026-07-24T23:46:47+00:00,ETH,4.128e-05,7000.0,control,,0.0
2026-07-24T23:46:47+00:00,USDT,6.864e-05,5000000.0,control,,0.0
2026-07-24T23:57:17+00:00,BARD,0.00572616,19200.0,short_interval,BARD-USDT-SWAP,2.0
2026-07-24T23:57:17+00:00,BTC,1.392e-05,175.0,control,,0.0
2026-07-24T23:57:17+00:00,ETH,4.128e-05,7000.0,control,,0.0
2026-07-24T23:57:17+00:00,USDT,6.864e-05,5000000.0,control,,0.0
2026-07-25T00:07:48+00:00,BARD,0.0056988,19200.0,short_interval,BARD-USDT-SWAP,2.0
2026-07-25T00:07:48+00:00,BTC,1.392e-05,175.0,control,,0.0
2026-07-25T00:07:48+00:00,ETH,4.128e-05,7000.0,control,,0.0
2026-07-25T00:07:48+00:00,USDT,6.864e-05,5000000.0,control,,0.0
2026-07-25T00:18:18+00:00,BARD,0.0056988,19200.0,short_interval,BARD-USDT-SWAP,2.0
2026-07-25T00:18:18+00:00,BTC,1.392e-05,175.0,control,,0.0
2026-07-25T00:18:18+00:00,ETH,4.128e-05,7000.0,control,,0.0
2026-07-25T00:18:18+00:00,USDT,6.864e-05,5000000.0,control,,0.0
2026-07-25T00:28:49+00:00,BARD,0.0056988,19200.0,short_interval,BARD-USDT-SWAP,2.0
2026-07-25T00:28:49+00:00,BTC,1.392e-05,175.0,control,,0.0
2026-07-25T00:28:49+00:00,ETH,4.128e-05,7000.0,control,,0.0
2026-07-25T00:28:49+00:00,USDT,6.864e-05,5000000.0,control,,0.0
2026-07-25T00:50:05+00:00,BARD,0.0056988,19200.0,short_interval,BARD-USDT-SWAP,2.0
2026-07-25T00:50:05+00:00,BTC,1.392e-05,175.0,control,,0.0
2026-07-25T00:50:05+00:00,ETH,4.128e-05,7000.0,control,,0.0
2026-07-25T00:50:05+00:00,USDT,6.864e-05,5000000.0,control,,0.0
2026-07-25T01:00:35+00:00,BARD,0.0056988,19200.0,short_interval,BARD-USDT-SWAP,2.0
2026-07-25T01:00:35+00:00,BTC,1.392e-05,175.0,control,,0.0
2026-07-25T01:00:35+00:00,ETH,4.128e-05,7000.0,control,,0.0
2026-07-25T01:00:35+00:00,USDT,6.864e-05,5000000.0,control,,0.0
2026-07-25T01:11:06+00:00,BARD,0.0056988,19200.0,short_interval,BARD-USDT-SWAP,2.0
2026-07-25T01:11:06+00:00,BTC,1.392e-05,175.0,control,,0.0
2026-07-25T01:11:06+00:00,ETH,4.128e-05,7000.0,control,,0.0
2026-07-25T01:11:06+00:00,USDT,6.864e-05,5000000.0,control,,0.0
2026-07-25T01:21:37+00:00,BARD,0.0056988,19200.0,short_interval,BARD-USDT-SWAP,2.0
2026-07-25T01:21:37+00:00,BTC,1.392e-05,175.0,control,,0.0
2026-07-25T01:21:37+00:00,ETH,4.128e-05,7000.0,control,,0.0
2026-07-25T01:21:37+00:00,USDT,6.864e-05,5000000.0,control,,0.0
2026-07-25T01:32:08+00:00,BARD,0.0056988,19200.0,short_interval,BARD-USDT-SWAP,2.0
2026-07-25T01:32:08+00:00,BTC,1.392e-05,175.0,control,,0.0
2026-07-25T01:32:08+00:00,ETH,4.128e-05,7000.0,control,,0.0
2026-07-25T01:32:08+00:00,USDT,6.864e-05,5000000.0,control,,0.0
2026-07-25T01:42:39+00:00,BARD,0.0056988,19200.0,short_interval,BARD-USDT-SWAP,2.0
2026-07-25T01:42:39+00:00,BTC,1.392e-05,175.0,control,,0.0
2026-07-25T01:42:39+00:00,ETH,4.128e-05,7000.0,control,,0.0
2026-07-25T01:42:39+00:00,USDT,6.864e-05,5000000.0,control,,0.0
2026-07-25T01:53:10+00:00,BARD,0.0056988,19200.0,short_interval,BARD-USDT-SWAP,2.0
2026-07-25T01:53:10+00:00,BTC,1.392e-05,175.0,control,,0.0
2026-07-25T01:53:10+00:00,ETH,4.128e-05,7000.0,control,,0.0
2026-07-25T01:53:10+00:00,USDT,6.864e-05,5000000.0,control,,0.0
2026-07-25T02:03:41+00:00,BARD,0.0056988,19200.0,short_interval,BARD-USDT-SWAP,2.0
2026-07-25T02:03:41+00:00,BTC,1.392e-05,175.0,control,,0.0
2026-07-25T02:03:41+00:00,ETH,4.128e-05,7000.0,control,,0.0
2026-07-25T02:03:41+00:00,USDT,6.864e-05,5000000.0,control,,0.0
2026-07-25T02:14:12+00:00,BARD,0.0056988,19200.0,short_interval,BARD-USDT-SWAP,2.0
2026-07-25T02:14:12+00:00,BTC,1.392e-05,175.0,control,,0.0
2026-07-25T02:14:12+00:00,ETH,4.128e-05,7000.0,control,,0.0
2026-07-25T02:14:12+00:00,USDT,6.864e-05,5000000.0,control,,0.0
2026-07-25T02:24:43+00:00,BARD,0.0056988,19200.0,short_interval,BARD-USDT-SWAP,2.0
2026-07-25T02:24:43+00:00,BTC,1.392e-05,175.0,control,,0.0
2026-07-25T02:24:43+00:00,ETH,4.128e-05,7000.0,control,,0.0
2026-07-25T02:24:43+00:00,USDT,6.864e-05,5000000.0,control,,0.0
2026-07-25T02:35:15+00:00,BARD,0.0056988,19200.0,short_interval,BARD-USDT-SWAP,2.0
2026-07-25T02:35:15+00:00,BTC,1.392e-05,175.0,control,,0.0
2026-07-25T02:35:15+00:00,ETH,4.128e-05,7000.0,control,,0.0
2026-07-25T02:35:15+00:00,USDT,6.864e-05,5000000.0,control,,0.0
2026-07-25T02:45:49+00:00,BARD,0.0056988,19200.0,short_interval,BARD-USDT-SWAP,2.0
2026-07-25T02:45:49+00:00,BTC,1.392e-05,175.0,control,,0.0
2026-07-25T02:45:49+00:00,ETH,4.128e-05,7000.0,control,,0.0
2026-07-25T02:45:49+00:00,USDT,6.864e-05,5000000.0,control,,0.0
2026-07-25T02:56:21+00:00,BARD,0.0056988,19200.0,short_interval,BARD-USDT-SWAP,2.0
2026-07-25T02:56:21+00:00,BTC,1.392e-05,175.0,control,,0.0
2026-07-25T02:56:21+00:00,ETH,4.128e-05,7000.0,control,,0.0
2026-07-25T02:56:21+00:00,USDT,6.864e-05,5000000.0,control,,0.0
2026-07-25T03:06:52+00:00,BARD,0.0056988,19200.0,short_interval,BARD-USDT-SWAP,2.0
2026-07-25T03:06:52+00:00,BTC,1.392e-05,175.0,control,,0.0
2026-07-25T03:06:52+00:00,ETH,4.128e-05,7000.0,control,,0.0
2026-07-25T03:06:52+00:00,USDT,6.864e-05,5000000.0,control,,0.0
2026-07-25T03:17:23+00:00,BARD,0.0056988,19200.0,short_interval,BARD-USDT-SWAP,2.0
2026-07-25T03:17:23+00:00,BTC,1.392e-05,175.0,control,,0.0
2026-07-25T03:17:23+00:00,ETH,4.128e-05,7000.0,control,,0.0
2026-07-25T03:17:23+00:00,USDT,6.864e-05,5000000.0,control,,0.0
2026-07-25T03:27:55+00:00,BARD,0.0056988,19200.0,short_interval,BARD-USDT-SWAP,2.0
2026-07-25T03:27:55+00:00,BTC,1.392e-05,175.0,control,,0.0
2026-07-25T03:27:55+00:00,ETH,4.128e-05,7000.0,control,,0.0
2026-07-25T03:27:55+00:00,USDT,6.864e-05,5000000.0,control,,0.0
2026-07-25T03:38:26+00:00,BARD,0.0056988,19200.0,short_interval,BARD-USDT-SWAP,2.0
2026-07-25T03:38:26+00:00,BTC,1.392e-05,175.0,control,,0.0
2026-07-25T03:38:26+00:00,ETH,4.128e-05,7000.0,control,,0.0
2026-07-25T03:38:26+00:00,USDT,6.864e-05,5000000.0,control,,0.0
2026-07-25T03:48:57+00:00,BARD,0.0056988,19200.0,short_interval,BARD-USDT-SWAP,2.0
2026-07-25T03:48:57+00:00,BTC,1.392e-05,175.0,control,,0.0
2026-07-25T03:48:57+00:00,ETH,4.128e-05,7000.0,control,,0.0
2026-07-25T03:48:57+00:00,USDT,6.864e-05,5000000.0,control,,0.0
2026-07-25T03:59:28+00:00,BARD,0.0056988,19200.0,short_interval,BARD-USDT-SWAP,2.0
2026-07-25T03:59:28+00:00,BTC,1.392e-05,175.0,control,,0.0
2026-07-25T03:59:28+00:00,ETH,4.128e-05,7000.0,control,,0.0
2026-07-25T03:59:28+00:00,USDT,6.864e-05,5000000.0,control,,0.0
2026-07-26T14:50:38+00:00,ESP,,0.0,pinned_at_cap|NOT_BORROWABLE,ESP-USDT-SWAP,4.0
2026-07-26T14:50:38+00:00,BTC,1.392e-05,175.0,control,,0.0
2026-07-26T14:50:38+00:00,ETH,4.128e-05,7000.0,control,,0.0
2026-07-26T14:50:38+00:00,USDT,6.864e-05,5000000.0,control,,0.0
2026-07-26T15:01:14+00:00,ESP,,0.0,pinned_at_cap|NOT_BORROWABLE,ESP-USDT-SWAP,4.0
2026-07-26T15:01:14+00:00,BTC,1.392e-05,175.0,control,,0.0
2026-07-26T15:01:14+00:00,ETH,4.128e-05,7000.0,control,,0.0
2026-07-26T15:01:14+00:00,USDT,6.864e-05,5000000.0,control,,0.0
2026-07-26T15:11:50+00:00,ESP,,0.0,pinned_at_cap|NOT_BORROWABLE,ESP-USDT-SWAP,4.0
2026-07-26T15:11:50+00:00,BTC,1.392e-05,175.0,control,,0.0
2026-07-26T15:11:50+00:00,ETH,4.128e-05,7000.0,control,,0.0
2026-07-26T15:11:50+00:00,USDT,6.864e-05,5000000.0,control,,0.0
2026-07-26T15:22:26+00:00,ESP,,0.0,pinned_at_cap|NOT_BORROWABLE,ESP-USDT-SWAP,4.0
2026-07-26T15:22:26+00:00,BTC,1.392e-05,175.0,control,,0.0
2026-07-26T15:22:26+00:00,ETH,4.128e-05,7000.0,control,,0.0
2026-07-26T15:22:26+00:00,USDT,6.864e-05,5000000.0,control,,0.0
2026-07-26T15:33:03+00:00,ESP,,0.0,pinned_at_cap|NOT_BORROWABLE,ESP-USDT-SWAP,4.0
2026-07-26T15:33:03+00:00,BTC,1.392e-05,175.0,control,,0.0
2026-07-26T15:33:03+00:00,ETH,4.128e-05,7000.0,control,,0.0
2026-07-26T15:33:03+00:00,USDT,6.864e-05,5000000.0,control,,0.0
2026-07-26T15:43:38+00:00,ESP,,0.0,pinned_at_cap|NOT_BORROWABLE,ESP-USDT-SWAP,4.0
2026-07-26T15:43:38+00:00,BTC,1.392e-05,175.0,control,,0.0
2026-07-26T15:43:38+00:00,ETH,4.128e-05,7000.0,control,,0.0
2026-07-26T15:43:38+00:00,USDT,6.864e-05,5000000.0,control,,0.0
2026-07-26T15:54:15+00:00,ESP,,0.0,pinned_at_cap|NOT_BORROWABLE,ESP-USDT-SWAP,4.0
2026-07-26T15:54:15+00:00,BTC,1.392e-05,175.0,control,,0.0
2026-07-26T15:54:15+00:00,ETH,4.128e-05,7000.0,control,,0.0
2026-07-26T15:54:15+00:00,USDT,6.864e-05,5000000.0,control,,0.0
2026-07-26T16:15:43+00:00,ESP,,0.0,pinned_at_cap|NOT_BORROWABLE,ESP-USDT-SWAP,2.0
2026-07-26T16:15:43+00:00,BTC,1.392e-05,175.0,control,,0.0
2026-07-26T16:15:43+00:00,ETH,4.128e-05,7000.0,control,,0.0
2026-07-26T16:15:43+00:00,USDT,6.864e-05,5000000.0,control,,0.0
2026-07-26T16:26:20+00:00,ESP,,0.0,pinned_at_cap|NOT_BORROWABLE,ESP-USDT-SWAP,2.0
2026-07-26T16:26:20+00:00,BTC,1.392e-05,175.0,control,,0.0
2026-07-26T16:26:20+00:00,ETH,4.128e-05,7000.0,control,,0.0
2026-07-26T16:26:20+00:00,USDT,6.864e-05,5000000.0,control,,0.0
2026-07-26T16:36:56+00:00,ESP,,0.0,pinned_at_cap|NOT_BORROWABLE,ESP-USDT-SWAP,2.0
2026-07-26T16:36:56+00:00,BTC,1.392e-05,175.0,control,,0.0
2026-07-26T16:36:56+00:00,ETH,4.128e-05,7000.0,control,,0.0
2026-07-26T16:36:56+00:00,USDT,6.864e-05,5000000.0,control,,0.0
2026-07-26T16:47:32+00:00,ESP,,0.0,pinned_at_cap|NOT_BORROWABLE,ESP-USDT-SWAP,2.0
2026-07-26T16:47:32+00:00,BTC,1.392e-05,175.0,control,,0.0
2026-07-26T16:47:32+00:00,ETH,4.128e-05,7000.0,control,,0.0
2026-07-26T16:47:32+00:00,USDT,6.864e-05,5000000.0,control,,0.0
2026-07-26T16:58:09+00:00,ESP,,0.0,pinned_at_cap|NOT_BORROWABLE,ESP-USDT-SWAP,2.0
2026-07-26T16:58:09+00:00,BTC,1.392e-05,175.0,control,,0.0
2026-07-26T16:58:09+00:00,ETH,4.128e-05,7000.0,control,,0.0
2026-07-26T16:58:09+00:00,USDT,6.864e-05,5000000.0,control,,0.0
2026-07-26T17:08:45+00:00,ESP,,0.0,pinned_at_cap|NOT_BORROWABLE,ESP-USDT-SWAP,2.0
2026-07-26T17:08:45+00:00,BTC,1.392e-05,175.0,control,,0.0
2026-07-26T17:08:45+00:00,ETH,4.128e-05,7000.0,control,,0.0
2026-07-26T17:08:45+00:00,USDT,6.864e-05,5000000.0,control,,0.0
2026-07-26T17:19:21+00:00,ESP,,0.0,pinned_at_cap|NOT_BORROWABLE,ESP-USDT-SWAP,2.0
2026-07-26T17:19:21+00:00,BTC,1.392e-05,175.0,control,,0.0
2026-07-26T17:19:21+00:00,ETH,4.128e-05,7000.0,control,,0.0
2026-07-26T17:19:21+00:00,USDT,6.864e-05,5000000.0,control,,0.0
2026-07-26T17:29:58+00:00,ESP,,0.0,pinned_at_cap|NOT_BORROWABLE,ESP-USDT-SWAP,2.0
2026-07-26T17:29:58+00:00,BTC,1.392e-05,175.0,control,,0.0
2026-07-26T17:29:58+00:00,ETH,4.128e-05,7000.0,control,,0.0
2026-07-26T17:29:58+00:00,USDT,6.864e-05,5000000.0,control,,0.0
2026-07-26T17:40:35+00:00,ESP,,0.0,pinned_at_cap|NOT_BORROWABLE,ESP-USDT-SWAP,2.0
2026-07-26T17:40:35+00:00,BTC,1.392e-05,175.0,control,,0.0
2026-07-26T17:40:35+00:00,ETH,4.128e-05,7000.0,control,,0.0
2026-07-26T17:40:35+00:00,USDT,6.864e-05,5000000.0,control,,0.0
2026-07-26T17:51:13+00:00,ESP,,0.0,pinned_at_cap|NOT_BORROWABLE,ESP-USDT-SWAP,2.0
2026-07-26T17:51:13+00:00,BTC,1.392e-05,175.0,control,,0.0
2026-07-26T17:51:13+00:00,ETH,4.128e-05,7000.0,control,,0.0
2026-07-26T17:51:13+00:00,USDT,6.864e-05,5000000.0,control,,0.0
2026-07-26T18:01:50+00:00,ESP,,0.0,short_interval|NOT_BORROWABLE,ESP-USDT-SWAP,2.0
2026-07-26T18:01:50+00:00,BTC,1.392e-05,175.0,control,,0.0
2026-07-26T18:01:50+00:00,ETH,4.128e-05,7000.0,control,,0.0
2026-07-26T18:01:50+00:00,USDT,6.864e-05,5000000.0,control,,0.0
2026-07-26T18:12:27+00:00,ESP,,0.0,short_interval|NOT_BORROWABLE,ESP-USDT-SWAP,2.0
2026-07-26T18:12:27+00:00,BTC,1.392e-05,175.0,control,,0.0
2026-07-26T18:12:27+00:00,ETH,4.128e-05,7000.0,control,,0.0
2026-07-26T18:12:27+00:00,USDT,6.864e-05,5000000.0,control,,0.0
2026-07-26T18:23:04+00:00,ESP,,0.0,short_interval|NOT_BORROWABLE,ESP-USDT-SWAP,2.0
2026-07-26T18:23:04+00:00,BTC,1.392e-05,175.0,control,,0.0
2026-07-26T18:23:04+00:00,ETH,4.128e-05,7000.0,control,,0.0
2026-07-26T18:23:04+00:00,USDT,6.864e-05,5000000.0,control,,0.0
2026-07-26T18:33:42+00:00,ESP,,0.0,short_interval|NOT_BORROWABLE,ESP-USDT-SWAP,2.0
2026-07-26T18:33:42+00:00,BTC,1.392e-05,175.0,control,,0.0
2026-07-26T18:33:42+00:00,ETH,4.128e-05,7000.0,control,,0.0
2026-07-26T18:33:42+00:00,USDT,6.864e-05,5000000.0,control,,0.0
2026-07-26T18:44:19+00:00,ESP,,0.0,short_interval|NOT_BORROWABLE,ESP-USDT-SWAP,2.0
2026-07-26T18:44:19+00:00,BTC,1.392e-05,175.0,control,,0.0
2026-07-26T18:44:19+00:00,ETH,4.128e-05,7000.0,control,,0.0
2026-07-26T18:44:19+00:00,USDT,6.864e-05,5000000.0,control,,0.0
2026-07-26T18:54:55+00:00,ESP,,0.0,short_interval|NOT_BORROWABLE,ESP-USDT-SWAP,2.0
2026-07-26T18:54:55+00:00,BTC,1.392e-05,175.0,control,,0.0
2026-07-26T18:54:55+00:00,ETH,4.128e-05,7000.0,control,,0.0
2026-07-26T18:54:55+00:00,USDT,6.864e-05,5000000.0,control,,0.0
2026-07-26T19:05:31+00:00,ESP,,0.0,short_interval|NOT_BORROWABLE,ESP-USDT-SWAP,2.0
2026-07-26T19:05:31+00:00,BTC,1.392e-05,175.0,control,,0.0
2026-07-26T19:05:31+00:00,ETH,4.128e-05,7000.0,control,,0.0
2026-07-26T19:05:31+00:00,USDT,6.864e-05,5000000.0,control,,0.0
2026-07-26T19:16:07+00:00,ESP,,0.0,short_interval|NOT_BORROWABLE,ESP-USDT-SWAP,2.0
2026-07-26T19:16:07+00:00,BTC,1.392e-05,175.0,control,,0.0
2026-07-26T19:16:07+00:00,ETH,4.128e-05,7000.0,control,,0.0
2026-07-26T19:16:07+00:00,USDT,6.864e-05,5000000.0,control,,0.0
2026-07-26T19:26:43+00:00,ESP,,0.0,short_interval|NOT_BORROWABLE,ESP-USDT-SWAP,2.0
2026-07-26T19:26:43+00:00,BTC,1.392e-05,175.0,control,,0.0
2026-07-26T19:26:43+00:00,ETH,4.128e-05,7000.0,control,,0.0
2026-07-26T19:26:43+00:00,USDT,6.864e-05,5000000.0,control,,0.0
2026-07-26T19:37:21+00:00,ESP,,0.0,short_interval|NOT_BORROWABLE,ESP-USDT-SWAP,2.0
2026-07-26T19:37:21+00:00,BTC,1.392e-05,175.0,control,,0.0
2026-07-26T19:37:21+00:00,ETH,4.128e-05,7000.0,control,,0.0
2026-07-26T19:37:21+00:00,USDT,6.864e-05,5000000.0,control,,0.0
2026-07-26T19:47:58+00:00,ESP,,0.0,short_interval|NOT_BORROWABLE,ESP-USDT-SWAP,2.0
2026-07-26T19:47:58+00:00,BTC,1.392e-05,175.0,control,,0.0
2026-07-26T19:47:58+00:00,ETH,4.128e-05,7000.0,control,,0.0
2026-07-26T19:47:58+00:00,USDT,6.864e-05,5000000.0,control,,0.0
2026-07-26T19:58:34+00:00,ESP,,0.0,short_interval|NOT_BORROWABLE,ESP-USDT-SWAP,2.0
2026-07-26T19:58:34+00:00,BTC,1.392e-05,175.0,control,,0.0
2026-07-26T19:58:34+00:00,ETH,4.128e-05,7000.0,control,,0.0
2026-07-26T19:58:34+00:00,USDT,6.864e-05,5000000.0,control,,0.0
2026-07-26T20:09:12+00:00,ESP,,0.0,short_interval|NOT_BORROWABLE,ESP-USDT-SWAP,2.0
2026-07-26T20:09:12+00:00,BTC,1.392e-05,175.0,control,,0.0
2026-07-26T20:09:12+00:00,ETH,4.128e-05,7000.0,control,,0.0
2026-07-26T20:09:12+00:00,USDT,6.864e-05,5000000.0,control,,0.0
2026-07-26T20:19:50+00:00,ESP,,0.0,short_interval|NOT_BORROWABLE,ESP-USDT-SWAP,2.0
2026-07-26T20:19:50+00:00,BTC,1.392e-05,175.0,control,,0.0
2026-07-26T20:19:50+00:00,ETH,4.128e-05,7000.0,control,,0.0
2026-07-26T20:19:50+00:00,USDT,6.864e-05,5000000.0,control,,0.0
2026-07-26T20:30:26+00:00,ESP,,0.0,short_interval|NOT_BORROWABLE,ESP-USDT-SWAP,2.0
2026-07-26T20:30:26+00:00,BTC,1.392e-05,175.0,control,,0.0
2026-07-26T20:30:26+00:00,ETH,4.128e-05,7000.0,control,,0.0
2026-07-26T20:30:26+00:00,USDT,6.864e-05,5000000.0,control,,0.0
2026-07-26T20:41:02+00:00,ESP,,0.0,short_interval|NOT_BORROWABLE,ESP-USDT-SWAP,2.0
2026-07-26T20:41:02+00:00,BTC,1.392e-05,175.0,control,,0.0
2026-07-26T20:41:02+00:00,ETH,4.128e-05,7000.0,control,,0.0
2026-07-26T20:41:02+00:00,USDT,6.864e-05,5000000.0,control,,0.0
2026-07-26T20:51:39+00:00,ESP,,0.0,short_interval|NOT_BORROWABLE,ESP-USDT-SWAP,2.0
2026-07-26T20:51:39+00:00,BTC,1.392e-05,175.0,control,,0.0
2026-07-26T20:51:39+00:00,ETH,4.128e-05,7000.0,control,,0.0
2026-07-26T20:51:39+00:00,USDT,6.864e-05,5000000.0,control,,0.0
2026-07-26T21:13:11+00:00,ESP,,0.0,short_interval|NOT_BORROWABLE,ESP-USDT-SWAP,2.0
2026-07-26T21:13:11+00:00,BTC,1.392e-05,175.0,control,,0.0
2026-07-26T21:13:11+00:00,ETH,4.128e-05,7000.0,control,,0.0
2026-07-26T21:13:11+00:00,USDT,6.864e-05,5000000.0,control,,0.0
2026-07-26T21:23:47+00:00,ESP,,0.0,short_interval|NOT_BORROWABLE,ESP-USDT-SWAP,2.0
2026-07-26T21:23:47+00:00,BTC,1.392e-05,175.0,control,,0.0
2026-07-26T21:23:47+00:00,ETH,4.128e-05,7000.0,control,,0.0
2026-07-26T21:23:47+00:00,USDT,6.864e-05,5000000.0,control,,0.0
2026-07-26T21:34:25+00:00,ESP,,0.0,short_interval|NOT_BORROWABLE,ESP-USDT-SWAP,2.0
2026-07-26T21:34:25+00:00,BTC,1.392e-05,175.0,control,,0.0
2026-07-26T21:34:25+00:00,ETH,4.128e-05,7000.0,control,,0.0
2026-07-26T21:34:25+00:00,USDT,6.864e-05,5000000.0,control,,0.0
2026-07-26T21:45:02+00:00,ESP,,0.0,short_interval|NOT_BORROWABLE,ESP-USDT-SWAP,2.0
2026-07-26T21:45:02+00:00,BTC,1.392e-05,175.0,control,,0.0
2026-07-26T21:45:02+00:00,ETH,4.128e-05,7000.0,control,,0.0
2026-07-26T21:45:02+00:00,USDT,6.864e-05,5000000.0,control,,0.0
2026-07-26T21:55:39+00:00,ESP,,0.0,short_interval|NOT_BORROWABLE,ESP-USDT-SWAP,2.0
2026-07-26T21:55:39+00:00,BTC,1.392e-05,175.0,control,,0.0
2026-07-26T21:55:39+00:00,ETH,4.128e-05,7000.0,control,,0.0
2026-07-26T21:55:39+00:00,USDT,6.864e-05,5000000.0,control,,0.0
2026-07-26T22:06:16+00:00,ESP,,0.0,short_interval|NOT_BORROWABLE,ESP-USDT-SWAP,2.0
2026-07-26T22:06:16+00:00,BTC,1.392e-05,175.0,control,,0.0
2026-07-26T22:06:16+00:00,ETH,4.128e-05,7000.0,control,,0.0
2026-07-26T22:06:16+00:00,USDT,6.864e-05,5000000.0,control,,0.0
2026-07-26T22:16:53+00:00,ESP,,0.0,short_interval|NOT_BORROWABLE,ESP-USDT-SWAP,2.0
2026-07-26T22:16:53+00:00,BTC,1.392e-05,175.0,control,,0.0
2026-07-26T22:16:53+00:00,ETH,4.128e-05,7000.0,control,,0.0
2026-07-26T22:16:53+00:00,USDT,6.864e-05,5000000.0,control,,0.0
2026-07-26T22:27:30+00:00,ESP,,0.0,short_interval|NOT_BORROWABLE,ESP-USDT-SWAP,2.0
2026-07-26T22:27:30+00:00,BTC,1.392e-05,175.0,control,,0.0
2026-07-26T22:27:30+00:00,ETH,4.128e-05,7000.0,control,,0.0
2026-07-26T22:27:30+00:00,USDT,6.864e-05,5000000.0,control,,0.0
2026-07-26T22:38:07+00:00,ESP,,0.0,short_interval|NOT_BORROWABLE,ESP-USDT-SWAP,2.0
2026-07-26T22:38:07+00:00,BTC,1.392e-05,175.0,control,,0.0
2026-07-26T22:38:07+00:00,ETH,4.128e-05,7000.0,control,,0.0
2026-07-26T22:38:07+00:00,USDT,6.864e-05,5000000.0,control,,0.0
2026-07-26T22:48:44+00:00,ESP,,0.0,short_interval|NOT_BORROWABLE,ESP-USDT-SWAP,2.0
2026-07-26T22:48:44+00:00,BTC,1.392e-05,175.0,control,,0.0
2026-07-26T22:48:44+00:00,ETH,4.128e-05,7000.0,control,,0.0
2026-07-26T22:48:44+00:00,USDT,6.864e-05,5000000.0,control,,0.0
2026-07-26T22:59:22+00:00,ESP,,0.0,short_interval|NOT_BORROWABLE,ESP-USDT-SWAP,2.0
2026-07-26T22:59:22+00:00,BTC,1.392e-05,175.0,control,,0.0
2026-07-26T22:59:22+00:00,ETH,4.128e-05,7000.0,control,,0.0
2026-07-26T22:59:22+00:00,USDT,6.864e-05,5000000.0,control,,0.0
2026-07-26T23:09:59+00:00,ESP,,0.0,short_interval|NOT_BORROWABLE,ESP-USDT-SWAP,2.0
2026-07-26T23:09:59+00:00,BTC,1.392e-05,175.0,control,,0.0
2026-07-26T23:09:59+00:00,ETH,4.128e-05,7000.0,control,,0.0
2026-07-26T23:09:59+00:00,USDT,6.864e-05,5000000.0,control,,0.0
2026-07-26T23:20:36+00:00,ESP,,0.0,short_interval|NOT_BORROWABLE,ESP-USDT-SWAP,2.0
2026-07-26T23:20:36+00:00,BTC,1.392e-05,175.0,control,,0.0
2026-07-26T23:20:36+00:00,ETH,4.128e-05,7000.0,control,,0.0
2026-07-26T23:20:36+00:00,USDT,6.864e-05,5000000.0,control,,0.0
2026-07-26T23:31:13+00:00,ESP,,0.0,short_interval|NOT_BORROWABLE,ESP-USDT-SWAP,2.0
2026-07-26T23:31:13+00:00,BTC,1.392e-05,175.0,control,,0.0
2026-07-26T23:31:13+00:00,ETH,4.128e-05,7000.0,control,,0.0
2026-07-26T23:31:13+00:00,USDT,6.864e-05,5000000.0,control,,0.0
2026-07-26T23:41:50+00:00,ESP,,0.0,short_interval|NOT_BORROWABLE,ESP-USDT-SWAP,2.0
2026-07-26T23:41:50+00:00,BTC,1.392e-05,175.0,control,,0.0
2026-07-26T23:41:50+00:00,ETH,4.128e-05,7000.0,control,,0.0
2026-07-26T23:41:50+00:00,USDT,6.864e-05,5000000.0,control,,0.0
2026-07-26T23:52:28+00:00,ESP,,0.0,short_interval|NOT_BORROWABLE,ESP-USDT-SWAP,2.0
2026-07-26T23:52:28+00:00,BTC,1.392e-05,175.0,control,,0.0
2026-07-26T23:52:28+00:00,ETH,4.128e-05,7000.0,control,,0.0
2026-07-26T23:52:28+00:00,USDT,6.864e-05,5000000.0,control,,0.0
2026-07-27T00:03:05+00:00,ESP,,0.0,short_interval|NOT_BORROWABLE,ESP-USDT-SWAP,2.0
2026-07-27T00:03:05+00:00,BTC,1.392e-05,175.0,control,,0.0
2026-07-27T00:03:05+00:00,ETH,4.128e-05,7000.0,control,,0.0
2026-07-27T00:03:05+00:00,USDT,6.864e-05,5000000.0,control,,0.0
2026-07-27T00:13:42+00:00,ESP,,0.0,short_interval|NOT_BORROWABLE,ESP-USDT-SWAP,2.0
2026-07-27T00:13:42+00:00,BTC,1.392e-05,175.0,control,,0.0
2026-07-27T00:13:42+00:00,ETH,4.128e-05,7000.0,control,,0.0
2026-07-27T00:13:42+00:00,USDT,6.864e-05,5000000.0,control,,0.0
2026-07-27T00:24:20+00:00,ESP,,0.0,short_interval|NOT_BORROWABLE,ESP-USDT-SWAP,2.0
2026-07-27T00:24:20+00:00,BTC,1.392e-05,175.0,control,,0.0
2026-07-27T00:24:20+00:00,ETH,4.128e-05,7000.0,control,,0.0
2026-07-27T00:24:20+00:00,USDT,6.864e-05,5000000.0,control,,0.0
2026-07-27T00:34:58+00:00,ESP,,0.0,short_interval|NOT_BORROWABLE,ESP-USDT-SWAP,2.0
2026-07-27T00:34:58+00:00,BTC,1.392e-05,175.0,control,,0.0
2026-07-27T00:34:58+00:00,ETH,4.128e-05,7000.0,control,,0.0
2026-07-27T00:34:58+00:00,USDT,6.864e-05,5000000.0,control,,0.0
2026-07-27T00:45:35+00:00,ESP,,0.0,short_interval|NOT_BORROWABLE,ESP-USDT-SWAP,2.0
2026-07-27T00:45:35+00:00,BTC,1.392e-05,175.0,control,,0.0
2026-07-27T00:45:35+00:00,ETH,4.128e-05,7000.0,control,,0.0
2026-07-27T00:45:35+00:00,USDT,6.864e-05,5000000.0,control,,0.0
2026-07-27T00:56:13+00:00,ESP,,0.0,short_interval|NOT_BORROWABLE,ESP-USDT-SWAP,2.0
2026-07-27T00:56:13+00:00,BTC,1.392e-05,175.0,control,,0.0
2026-07-27T00:56:13+00:00,ETH,4.128e-05,7000.0,control,,0.0
2026-07-27T00:56:13+00:00,USDT,6.864e-05,5000000.0,control,,0.0
2026-07-27T01:06:55+00:00,ESP,,0.0,short_interval|NOT_BORROWABLE,ESP-USDT-SWAP,2.0
2026-07-27T01:06:55+00:00,BTC,1.392e-05,175.0,control,,0.0
2026-07-27T01:06:55+00:00,ETH,4.128e-05,7000.0,control,,0.0
2026-07-27T01:06:55+00:00,USDT,6.864e-05,5000000.0,control,,0.0
2026-07-27T01:17:33+00:00,ESP,,0.0,short_interval|NOT_BORROWABLE,ESP-USDT-SWAP,2.0
2026-07-27T01:17:33+00:00,BTC,1.392e-05,175.0,control,,0.0
2026-07-27T01:17:33+00:00,ETH,4.128e-05,7000.0,control,,0.0
2026-07-27T01:17:33+00:00,USDT,6.864e-05,5000000.0,control,,0.0
2026-07-27T01:28:10+00:00,ESP,,0.0,short_interval|NOT_BORROWABLE,ESP-USDT-SWAP,2.0
2026-07-27T01:28:10+00:00,BTC,1.392e-05,175.0,control,,0.0
2026-07-27T01:28:10+00:00,ETH,4.128e-05,7000.0,control,,0.0
2026-07-27T01:28:10+00:00,USDT,6.864e-05,5000000.0,control,,0.0
2026-07-27T01:38:47+00:00,ESP,,0.0,short_interval|NOT_BORROWABLE,ESP-USDT-SWAP,2.0
2026-07-27T01:38:47+00:00,BTC,1.392e-05,175.0,control,,0.0
2026-07-27T01:38:47+00:00,ETH,4.128e-05,7000.0,control,,0.0
2026-07-27T01:38:47+00:00,USDT,6.864e-05,5000000.0,control,,0.0
2026-07-27T01:49:25+00:00,ESP,,0.0,short_interval|NOT_BORROWABLE,ESP-USDT-SWAP,2.0
2026-07-27T01:49:25+00:00,BTC,1.392e-05,175.0,control,,0.0
2026-07-27T01:49:25+00:00,ETH,4.128e-05,7000.0,control,,0.0
2026-07-27T01:49:25+00:00,USDT,6.864e-05,5000000.0,control,,0.0
2026-07-27T02:11:02+00:00,ESP,,0.0,short_interval|NOT_BORROWABLE,ESP-USDT-SWAP,2.0
2026-07-27T02:11:02+00:00,BTC,1.392e-05,175.0,control,,0.0
2026-07-27T02:11:02+00:00,ETH,4.128e-05,7000.0,control,,0.0
2026-07-27T02:11:02+00:00,USDT,6.864e-05,5000000.0,control,,0.0
2026-07-27T02:21:40+00:00,ESP,,0.0,short_interval|NOT_BORROWABLE,ESP-USDT-SWAP,2.0
2026-07-27T02:21:40+00:00,BTC,1.392e-05,175.0,control,,0.0
2026-07-27T02:21:40+00:00,ETH,4.128e-05,7000.0,control,,0.0
2026-07-27T02:21:40+00:00,USDT,6.864e-05,5000000.0,control,,0.0
2026-07-27T02:32:17+00:00,ESP,,0.0,short_interval|NOT_BORROWABLE,ESP-USDT-SWAP,2.0
2026-07-27T02:32:17+00:00,BTC,1.392e-05,175.0,control,,0.0
2026-07-27T02:32:17+00:00,ETH,4.128e-05,7000.0,control,,0.0
2026-07-27T02:32:17+00:00,USDT,6.864e-05,5000000.0,control,,0.0
2026-07-27T02:42:57+00:00,ESP,,0.0,short_interval|NOT_BORROWABLE,ESP-USDT-SWAP,2.0
2026-07-27T02:42:57+00:00,BTC,1.392e-05,175.0,control,,0.0
2026-07-27T02:42:57+00:00,ETH,4.128e-05,7000.0,control,,0.0
2026-07-27T02:42:57+00:00,USDT,6.864e-05,5000000.0,control,,0.0
2026-07-27T02:53:35+00:00,ESP,,0.0,short_interval|NOT_BORROWABLE,ESP-USDT-SWAP,2.0
2026-07-27T02:53:35+00:00,BTC,1.392e-05,175.0,control,,0.0
2026-07-27T02:53:35+00:00,ETH,4.128e-05,7000.0,control,,0.0
2026-07-27T02:53:35+00:00,USDT,6.864e-05,5000000.0,control,,0.0
2026-07-27T03:04:13+00:00,ESP,,0.0,short_interval|NOT_BORROWABLE,ESP-USDT-SWAP,2.0
2026-07-27T03:04:13+00:00,BTC,1.392e-05,175.0,control,,0.0
2026-07-27T03:04:13+00:00,ETH,4.128e-05,7000.0,control,,0.0
2026-07-27T03:04:13+00:00,USDT,6.864e-05,5000000.0,control,,0.0
2026-07-27T03:14:52+00:00,ESP,,0.0,short_interval|NOT_BORROWABLE,ESP-USDT-SWAP,2.0
2026-07-27T03:14:52+00:00,BTC,1.392e-05,175.0,control,,0.0
2026-07-27T03:14:52+00:00,ETH,4.128e-05,7000.0,control,,0.0
2026-07-27T03:14:52+00:00,USDT,6.864e-05,5000000.0,control,,0.0
2026-07-27T03:25:30+00:00,ESP,,0.0,short_interval|NOT_BORROWABLE,ESP-USDT-SWAP,2.0
2026-07-27T03:25:30+00:00,BTC,1.392e-05,175.0,control,,0.0
2026-07-27T03:25:30+00:00,ETH,4.128e-05,7000.0,control,,0.0
2026-07-27T03:25:30+00:00,USDT,6.864e-05,5000000.0,control,,0.0
2026-07-27T03:36:08+00:00,ESP,,0.0,short_interval|NOT_BORROWABLE,ESP-USDT-SWAP,2.0
2026-07-27T03:36:08+00:00,BTC,1.392e-05,175.0,control,,0.0
2026-07-27T03:36:08+00:00,ETH,4.128e-05,7000.0,control,,0.0
2026-07-27T03:36:08+00:00,USDT,6.864e-05,5000000.0,control,,0.0
2026-07-27T03:46:46+00:00,ESP,,0.0,short_interval|NOT_BORROWABLE,ESP-USDT-SWAP,2.0
2026-07-27T03:46:46+00:00,BTC,1.392e-05,175.0,control,,0.0
2026-07-27T03:46:46+00:00,ETH,4.128e-05,7000.0,control,,0.0
2026-07-27T03:46:46+00:00,USDT,6.864e-05,5000000.0,control,,0.0
2026-07-27T03:57:24+00:00,ESP,,0.0,short_interval|NOT_BORROWABLE,ESP-USDT-SWAP,2.0
2026-07-27T03:57:24+00:00,BTC,1.392e-05,175.0,control,,0.0
2026-07-27T03:57:24+00:00,ETH,4.128e-05,7000.0,control,,0.0
2026-07-27T03:57:24+00:00,USDT,6.864e-05,5000000.0,control,,0.0
2026-07-27T04:08:02+00:00,ESP,,0.0,short_interval|NOT_BORROWABLE,ESP-USDT-SWAP,2.0
2026-07-27T04:08:02+00:00,BTC,1.392e-05,175.0,control,,0.0
2026-07-27T04:08:02+00:00,ETH,4.128e-05,7000.0,control,,0.0
2026-07-27T04:08:02+00:00,USDT,6.864e-05,5000000.0,control,,0.0
2026-07-27T04:18:41+00:00,ESP,,0.0,short_interval|NOT_BORROWABLE,ESP-USDT-SWAP,2.0
2026-07-27T04:18:41+00:00,BTC,1.392e-05,175.0,control,,0.0
2026-07-27T04:18:41+00:00,ETH,4.128e-05,7000.0,control,,0.0
2026-07-27T04:18:41+00:00,USDT,6.864e-05,5000000.0,control,,0.0
2026-07-27T04:29:23+00:00,ESP,,0.0,short_interval|NOT_BORROWABLE,ESP-USDT-SWAP,2.0
2026-07-27T04:29:23+00:00,BTC,1.392e-05,175.0,control,,0.0
2026-07-27T04:29:23+00:00,ETH,4.128e-05,7000.0,control,,0.0
2026-07-27T04:29:23+00:00,USDT,6.864e-05,5000000.0,control,,0.0
2026-07-27T04:40:02+00:00,ESP,,0.0,short_interval|NOT_BORROWABLE,ESP-USDT-SWAP,2.0
2026-07-27T04:40:02+00:00,BTC,1.392e-05,175.0,control,,0.0
2026-07-27T04:40:02+00:00,ETH,4.128e-05,7000.0,control,,0.0
2026-07-27T04:40:02+00:00,USDT,6.864e-05,5000000.0,control,,0.0
2026-07-27T04:50:40+00:00,ESP,,0.0,short_interval|NOT_BORROWABLE,ESP-USDT-SWAP,2.0
2026-07-27T04:50:40+00:00,BTC,1.392e-05,175.0,control,,0.0
2026-07-27T04:50:40+00:00,ETH,4.128e-05,7000.0,control,,0.0
2026-07-27T04:50:40+00:00,USDT,6.864e-05,5000000.0,control,,0.0
2026-07-27T05:01:18+00:00,ESP,,0.0,short_interval|NOT_BORROWABLE,ESP-USDT-SWAP,2.0
2026-07-27T05:01:18+00:00,BTC,1.392e-05,175.0,control,,0.0
2026-07-27T05:01:18+00:00,ETH,4.128e-05,7000.0,control,,0.0
2026-07-27T05:01:18+00:00,USDT,6.864e-05,5000000.0,control,,0.0
2026-07-27T05:11:57+00:00,ESP,,0.0,short_interval|NOT_BORROWABLE,ESP-USDT-SWAP,2.0
2026-07-27T05:11:57+00:00,BTC,1.392e-05,175.0,control,,0.0
2026-07-27T05:11:57+00:00,ETH,4.128e-05,7000.0,control,,0.0
2026-07-27T05:11:57+00:00,USDT,6.864e-05,5000000.0,control,,0.0
2026-07-27T05:22:36+00:00,ESP,,0.0,short_interval|NOT_BORROWABLE,ESP-USDT-SWAP,2.0
2026-07-27T05:22:36+00:00,BTC,1.392e-05,175.0,control,,0.0
2026-07-27T05:22:36+00:00,ETH,4.128e-05,7000.0,control,,0.0
2026-07-27T05:22:36+00:00,USDT,6.864e-05,5000000.0,control,,0.0
2026-07-27T05:33:14+00:00,ESP,,0.0,short_interval|NOT_BORROWABLE,ESP-USDT-SWAP,2.0
2026-07-27T05:33:14+00:00,BTC,1.392e-05,175.0,control,,0.0
2026-07-27T05:33:14+00:00,ETH,4.128e-05,7000.0,control,,0.0
2026-07-27T05:33:14+00:00,USDT,6.864e-05,5000000.0,control,,0.0
2026-07-27T05:43:53+00:00,ESP,,0.0,short_interval|NOT_BORROWABLE,ESP-USDT-SWAP,2.0
2026-07-27T05:43:53+00:00,BTC,1.392e-05,175.0,control,,0.0
2026-07-27T05:43:53+00:00,ETH,4.128e-05,7000.0,control,,0.0
2026-07-27T05:43:53+00:00,USDT,6.864e-05,5000000.0,control,,0.0
2026-07-27T05:54:32+00:00,ESP,,0.0,short_interval|NOT_BORROWABLE,ESP-USDT-SWAP,2.0
2026-07-27T05:54:32+00:00,BTC,1.392e-05,175.0,control,,0.0
2026-07-27T05:54:32+00:00,ETH,4.128e-05,7000.0,control,,0.0
2026-07-27T05:54:32+00:00,USDT,6.864e-05,5000000.0,control,,0.0
2026-07-27T06:05:10+00:00,ESP,,0.0,short_interval|NOT_BORROWABLE,ESP-USDT-SWAP,2.0
2026-07-27T06:05:10+00:00,BTC,1.392e-05,175.0,control,,0.0
2026-07-27T06:05:10+00:00,ETH,4.128e-05,7000.0,control,,0.0
2026-07-27T06:05:10+00:00,USDT,6.864e-05,5000000.0,control,,0.0
2026-07-27T06:15:49+00:00,ESP,,0.0,short_interval|NOT_BORROWABLE,ESP-USDT-SWAP,2.0
2026-07-27T06:15:49+00:00,BTC,1.392e-05,175.0,control,,0.0
2026-07-27T06:15:49+00:00,ETH,4.128e-05,7000.0,control,,0.0
2026-07-27T06:15:49+00:00,USDT,6.864e-05,5000000.0,control,,0.0
2026-07-27T06:26:27+00:00,ESP,,0.0,short_interval|NOT_BORROWABLE,ESP-USDT-SWAP,2.0
2026-07-27T06:26:27+00:00,BTC,1.392e-05,175.0,control,,0.0
2026-07-27T06:26:27+00:00,ETH,4.128e-05,7000.0,control,,0.0
2026-07-27T06:26:27+00:00,USDT,6.864e-05,5000000.0,control,,0.0
2026-07-27T06:37:06+00:00,ESP,,0.0,short_interval|NOT_BORROWABLE,ESP-USDT-SWAP,2.0
2026-07-27T06:37:06+00:00,BTC,1.392e-05,175.0,control,,0.0
2026-07-27T06:37:06+00:00,ETH,4.128e-05,7000.0,control,,0.0
2026-07-27T06:37:06+00:00,USDT,6.864e-05,5000000.0,control,,0.0
2026-07-27T06:47:45+00:00,ESP,,0.0,short_interval|NOT_BORROWABLE,ESP-USDT-SWAP,2.0
2026-07-27T06:47:45+00:00,BTC,1.392e-05,175.0,control,,0.0
2026-07-27T06:47:45+00:00,ETH,4.128e-05,7000.0,control,,0.0
2026-07-27T06:47:45+00:00,USDT,6.864e-05,5000000.0,control,,0.0
2026-07-27T07:09:11+00:00,ESP,,0.0,short_interval|NOT_BORROWABLE,ESP-USDT-SWAP,2.0
2026-07-27T07:09:11+00:00,BTC,1.392e-05,175.0,control,,0.0
2026-07-27T07:09:11+00:00,ETH,4.128e-05,7000.0,control,,0.0
2026-07-27T07:09:11+00:00,USDT,6.864e-05,5000000.0,control,,0.0
2026-07-27T07:19:45+00:00,ESP,,0.0,short_interval|NOT_BORROWABLE,ESP-USDT-SWAP,2.0
2026-07-27T07:19:45+00:00,BTC,1.392e-05,175.0,control,,0.0
2026-07-27T07:19:45+00:00,ETH,4.128e-05,7000.0,control,,0.0
2026-07-27T07:19:45+00:00,USDT,6.864e-05,5000000.0,control,,0.0
2026-07-27T07:30:19+00:00,ESP,,0.0,short_interval|NOT_BORROWABLE,ESP-USDT-SWAP,2.0
2026-07-27T07:30:19+00:00,BTC,1.392e-05,175.0,control,,0.0
2026-07-27T07:30:19+00:00,ETH,4.128e-05,7000.0,control,,0.0
2026-07-27T07:30:19+00:00,USDT,6.864e-05,5000000.0,control,,0.0
2026-07-27T07:40:57+00:00,ESP,,0.0,short_interval|NOT_BORROWABLE,ESP-USDT-SWAP,2.0
2026-07-27T07:40:57+00:00,BTC,1.392e-05,175.0,control,,0.0
2026-07-27T07:40:57+00:00,ETH,4.128e-05,7000.0,control,,0.0
2026-07-27T07:40:57+00:00,USDT,6.864e-05,5000000.0,control,,0.0
2026-07-27T07:51:30+00:00,ESP,,0.0,short_interval|NOT_BORROWABLE,ESP-USDT-SWAP,2.0
2026-07-27T07:51:30+00:00,BTC,1.392e-05,175.0,control,,0.0
2026-07-27T07:51:30+00:00,ETH,4.128e-05,7000.0,control,,0.0
2026-07-27T07:51:30+00:00,USDT,6.864e-05,5000000.0,control,,0.0
2026-07-27T11:33:17+00:00,AEON,,0.0,pinned_at_cap|NOT_BORROWABLE,AEON-USDT-SWAP,4.0
2026-07-27T11:33:17+00:00,BTC,1.392e-05,175.0,control,,0.0
2026-07-27T11:33:17+00:00,ETH,4.128e-05,7000.0,control,,0.0
2026-07-27T11:33:17+00:00,USDT,6.864e-05,5000000.0,control,,0.0
2026-07-28T01:30:59+00:00,LA,,0.0,pinned_at_cap|NOT_BORROWABLE,LA-USDT-SWAP,4.0
2026-07-28T01:30:59+00:00,BTC,1.392e-05,175.0,control,,0.0
2026-07-28T01:30:59+00:00,ETH,4.128e-05,7000.0,control,,0.0
2026-07-28T01:30:59+00:00,USDT,6.864e-05,5000000.0,control,,0.0
2026-07-28T01:41:31+00:00,LA,,0.0,pinned_at_cap|NOT_BORROWABLE,LA-USDT-SWAP,4.0
2026-07-28T01:41:31+00:00,BTC,1.392e-05,175.0,control,,0.0
2026-07-28T01:41:31+00:00,ETH,4.128e-05,7000.0,control,,0.0
2026-07-28T01:41:31+00:00,USDT,6.864e-05,5000000.0,control,,0.0
2026-07-28T01:52:03+00:00,LA,,0.0,pinned_at_cap|NOT_BORROWABLE,LA-USDT-SWAP,4.0
2026-07-28T01:52:03+00:00,BTC,1.392e-05,175.0,control,,0.0
2026-07-28T01:52:03+00:00,ETH,4.128e-05,7000.0,control,,0.0
2026-07-28T01:52:03+00:00,USDT,6.864e-05,5000000.0,control,,0.0
2026-07-28T02:02:35+00:00,LA,,0.0,pinned_at_cap|NOT_BORROWABLE,LA-USDT-SWAP,4.0
2026-07-28T02:02:35+00:00,BTC,1.392e-05,175.0,control,,0.0
2026-07-28T02:02:35+00:00,ETH,4.128e-05,7000.0,control,,0.0
2026-07-28T02:02:35+00:00,USDT,6.864e-05,5000000.0,control,,0.0
2026-07-28T04:31:36+00:00,FWDI,,0.0,pinned_at_cap|NOT_BORROWABLE,FWDI-USDT-SWAP,8.0
2026-07-28T04:31:36+00:00,BTC,1.392e-05,175.0,control,,0.0
2026-07-28T04:31:36+00:00,ETH,4.128e-05,7000.0,control,,0.0
2026-07-28T04:31:36+00:00,USDT,6.864e-05,5000000.0,control,,0.0
2026-07-28T04:42:16+00:00,FWDI,,0.0,pinned_at_cap|NOT_BORROWABLE,FWDI-USDT-SWAP,8.0
2026-07-28T04:42:16+00:00,BTC,1.392e-05,175.0,control,,0.0
2026-07-28T04:42:16+00:00,ETH,4.128e-05,7000.0,control,,0.0
2026-07-28T04:42:16+00:00,USDT,6.864e-05,5000000.0,control,,0.0
2026-07-28T04:52:56+00:00,FWDI,,0.0,pinned_at_cap|NOT_BORROWABLE,FWDI-USDT-SWAP,8.0
2026-07-28T04:52:56+00:00,BTC,1.392e-05,175.0,control,,0.0
2026-07-28T04:52:56+00:00,ETH,4.128e-05,7000.0,control,,0.0
2026-07-28T04:52:56+00:00,USDT,6.864e-05,5000000.0,control,,0.0
2026-07-28T07:01:01+00:00,LA,,0.0,pinned_at_cap|NOT_BORROWABLE,LA-USDT-SWAP,4.0
2026-07-28T07:01:01+00:00,BTC,1.392e-05,175.0,control,,0.0
2026-07-28T07:01:01+00:00,ETH,4.128e-05,7000.0,control,,0.0
2026-07-28T07:01:01+00:00,USDT,6.864e-05,5000000.0,control,,0.0
2026-07-28T07:11:40+00:00,LA,,0.0,pinned_at_cap|NOT_BORROWABLE,LA-USDT-SWAP,4.0
2026-07-28T07:11:40+00:00,BTC,1.392e-05,175.0,control,,0.0
2026-07-28T07:11:40+00:00,ETH,4.128e-05,7000.0,control,,0.0
2026-07-28T07:11:40+00:00,USDT,6.864e-05,5000000.0,control,,0.0
2026-07-28T07:22:26+00:00,LA,,0.0,pinned_at_cap|NOT_BORROWABLE,LA-USDT-SWAP,4.0
2026-07-28T07:22:26+00:00,BTC,1.392e-05,175.0,control,,0.0
2026-07-28T07:22:26+00:00,ETH,4.128e-05,7000.0,control,,0.0
2026-07-28T07:22:26+00:00,USDT,6.864e-05,5000000.0,control,,0.0
2026-07-28T07:33:07+00:00,LA,,0.0,pinned_at_cap|NOT_BORROWABLE,LA-USDT-SWAP,4.0
2026-07-28T07:33:07+00:00,BTC,1.392e-05,175.0,control,,0.0
2026-07-28T07:33:07+00:00,ETH,4.128e-05,7000.0,control,,0.0
2026-07-28T07:33:07+00:00,USDT,6.864e-05,5000000.0,control,,0.0
2026-07-28T07:55:00+00:00,LA,,0.0,pinned_at_cap|NOT_BORROWABLE,LA-USDT-SWAP,4.0
2026-07-28T07:55:00+00:00,BTC,1.392e-05,175.0,control,,0.0
2026-07-28T07:55:00+00:00,ETH,4.128e-05,7000.0,control,,0.0
2026-07-28T07:55:00+00:00,USDT,6.864e-05,5000000.0,control,,0.0
2026-07-28T08:05:45+00:00,LA,,0.0,pinned_at_cap|NOT_BORROWABLE,LA-USDT-SWAP,2.0
2026-07-28T08:05:45+00:00,BTC,1.392e-05,175.0,control,,0.0
2026-07-28T08:05:45+00:00,ETH,4.128e-05,7000.0,control,,0.0
2026-07-28T08:05:45+00:00,USDT,6.864e-05,5000000.0,control,,0.0
2026-07-28T08:16:29+00:00,LA,,0.0,pinned_at_cap|NOT_BORROWABLE,LA-USDT-SWAP,2.0
2026-07-28T08:16:29+00:00,BTC,1.392e-05,175.0,control,,0.0
2026-07-28T08:16:29+00:00,ETH,4.128e-05,7000.0,control,,0.0
2026-07-28T08:16:29+00:00,USDT,6.864e-05,5000000.0,control,,0.0
2026-07-28T08:27:14+00:00,LA,,0.0,pinned_at_cap|NOT_BORROWABLE,LA-USDT-SWAP,2.0
2026-07-28T08:27:14+00:00,BTC,1.392e-05,175.0,control,,0.0
2026-07-28T08:27:14+00:00,ETH,4.128e-05,7000.0,control,,0.0
2026-07-28T08:27:14+00:00,USDT,6.864e-05,5000000.0,control,,0.0
2026-07-28T08:37:58+00:00,LA,,0.0,pinned_at_cap|NOT_BORROWABLE,LA-USDT-SWAP,2.0
2026-07-28T08:37:58+00:00,BTC,1.392e-05,175.0,control,,0.0
2026-07-28T08:37:58+00:00,ETH,4.128e-05,7000.0,control,,0.0
2026-07-28T08:37:58+00:00,USDT,6.864e-05,5000000.0,control,,0.0
2026-07-28T08:48:42+00:00,LA,,0.0,pinned_at_cap|NOT_BORROWABLE,LA-USDT-SWAP,2.0
2026-07-28T08:48:42+00:00,BTC,1.392e-05,175.0,control,,0.0
2026-07-28T08:48:42+00:00,ETH,4.128e-05,7000.0,control,,0.0
2026-07-28T08:48:42+00:00,USDT,6.864e-05,5000000.0,control,,0.0
2026-07-28T08:59:25+00:00,LA,,0.0,pinned_at_cap|NOT_BORROWABLE,LA-USDT-SWAP,2.0
2026-07-28T08:59:25+00:00,BTC,1.392e-05,175.0,control,,0.0
2026-07-28T08:59:25+00:00,ETH,4.128e-05,7000.0,control,,0.0
2026-07-28T08:59:25+00:00,USDT,6.864e-05,5000000.0,control,,0.0
2026-07-28T09:10:09+00:00,LA,,0.0,pinned_at_cap|NOT_BORROWABLE,LA-USDT-SWAP,2.0
2026-07-28T09:10:09+00:00,BTC,1.392e-05,175.0,control,,0.0
2026-07-28T09:10:09+00:00,ETH,4.128e-05,7000.0,control,,0.0
2026-07-28T09:10:09+00:00,USDT,6.864e-05,5000000.0,control,,0.0
2026-07-28T09:20:52+00:00,LA,,0.0,pinned_at_cap|NOT_BORROWABLE,LA-USDT-SWAP,2.0
2026-07-28T09:20:52+00:00,BTC,1.392e-05,175.0,control,,0.0
2026-07-28T09:20:52+00:00,ETH,4.128e-05,7000.0,control,,0.0
2026-07-28T09:20:52+00:00,USDT,6.864e-05,5000000.0,control,,0.0
2026-07-28T09:31:35+00:00,LA,,0.0,pinned_at_cap|NOT_BORROWABLE,LA-USDT-SWAP,2.0
2026-07-28T09:31:35+00:00,BTC,1.392e-05,175.0,control,,0.0
2026-07-28T09:31:35+00:00,ETH,4.128e-05,7000.0,control,,0.0
2026-07-28T09:31:35+00:00,USDT,6.864e-05,5000000.0,control,,0.0
2026-07-28T09:42:19+00:00,LA,,0.0,pinned_at_cap|NOT_BORROWABLE,LA-USDT-SWAP,2.0
2026-07-28T09:42:19+00:00,BTC,1.392e-05,175.0,control,,0.0
2026-07-28T09:42:19+00:00,ETH,4.128e-05,7000.0,control,,0.0
2026-07-28T09:42:19+00:00,USDT,6.864e-05,5000000.0,control,,0.0
2026-07-28T09:53:03+00:00,LA,,0.0,pinned_at_cap|NOT_BORROWABLE,LA-USDT-SWAP,2.0
2026-07-28T09:53:03+00:00,BTC,1.392e-05,175.0,control,,0.0
2026-07-28T09:53:03+00:00,ETH,4.128e-05,7000.0,control,,0.0
2026-07-28T09:53:03+00:00,USDT,6.864e-05,5000000.0,control,,0.0
2026-07-28T10:03:47+00:00,LA,,0.0,short_interval|NOT_BORROWABLE,LA-USDT-SWAP,2.0
2026-07-28T10:03:47+00:00,BTC,1.392e-05,175.0,control,,0.0
2026-07-28T10:03:47+00:00,ETH,4.128e-05,7000.0,control,,0.0
2026-07-28T10:03:47+00:00,USDT,6.864e-05,5000000.0,control,,0.0
2026-07-28T10:14:32+00:00,LA,,0.0,short_interval|NOT_BORROWABLE,LA-USDT-SWAP,2.0
2026-07-28T10:14:32+00:00,BTC,1.392e-05,175.0,control,,0.0
2026-07-28T10:14:32+00:00,ETH,4.128e-05,7000.0,control,,0.0
2026-07-28T10:14:32+00:00,USDT,6.864e-05,5000000.0,control,,0.0
