ts,equity,active
2026-07-11T05:39:07+00:00,9992.5,2
2026-07-11T05:39:42+00:00,9992.51,2
2026-07-11T08:23:15+00:00,9992.52,2
2026-07-11T08:47:02+00:00,9992.53,2
2026-07-11T10:01:22+00:00,9988.79,3
2026-07-11T11:15:19+00:00,9988.81,3
2026-07-11T11:18:30+00:00,9988.82,3
2026-07-11T12:11:03+00:00,9985.09,4
2026-07-11T13:58:37+00:00,9977.6,2
2026-07-11T15:08:01+00:00,9970.13,4
2026-07-11T16:10:39+00:00,9970.15,4
2026-07-11T17:26:28+00:00,9966.44,3
2026-07-11T18:29:09+00:00,9966.47,3
2026-07-11T19:47:21+00:00,9966.49,3
2026-07-11T20:34:55+00:00,9966.51,3
2026-07-11T21:32:06+00:00,9966.53,3
2026-07-11T22:29:52+00:00,9966.54,3
2026-07-11T23:33:17+00:00,9962.81,2
2026-07-12T01:12:32+00:00,9959.07,1
2026-07-12T04:43:59+00:00,9951.61,3
2026-07-12T07:20:35+00:00,9944.13,1
2026-07-12T09:28:35+00:00,9936.68,3
2026-07-12T10:57:48+00:00,9929.22,1
2026-07-12T12:05:12+00:00,9929.22,1
2026-07-12T13:54:30+00:00,9925.5,2
2026-07-12T15:04:03+00:00,9918.07,4
2026-07-12T16:10:03+00:00,9918.11,4
2026-07-12T17:20:17+00:00,9914.41,3
2026-07-12T18:29:30+00:00,9914.44,3
2026-07-12T19:44:49+00:00,9910.75,4
2026-07-12T20:31:46+00:00,9910.77,4
2026-07-12T21:31:38+00:00,9910.8,4
2026-07-12T22:30:03+00:00,9907.09,3
2026-07-12T23:32:35+00:00,9903.37,2
2026-07-13T01:13:03+00:00,9903.37,2
2026-07-13T04:50:55+00:00,9895.94,0
2026-07-13T05:28:17+00:00,9892.23,1
2026-07-13T05:38:20+00:00,9892.23,1
2026-07-13T05:48:23+00:00,9892.23,1
2026-07-13T05:58:25+00:00,9892.24,1
2026-07-13T06:08:28+00:00,9892.24,1
2026-07-13T06:18:31+00:00,9892.24,1
2026-07-13T06:28:34+00:00,9892.24,1
2026-07-13T06:38:36+00:00,9892.24,1
2026-07-13T06:48:39+00:00,9892.24,1
2026-07-13T06:58:41+00:00,9892.24,1
2026-07-13T07:08:44+00:00,9888.53,2
2026-07-13T07:18:47+00:00,9888.54,2
2026-07-13T07:28:50+00:00,9888.54,2
2026-07-13T07:38:52+00:00,9888.55,2
2026-07-13T07:48:55+00:00,9888.55,2
2026-07-13T07:58:58+00:00,9888.56,2
2026-07-13T08:09:00+00:00,9888.57,2
2026-07-13T08:19:03+00:00,9888.57,2
2026-07-13T08:29:06+00:00,9888.58,2
2026-07-13T08:39:08+00:00,9888.58,2
2026-07-13T08:49:11+00:00,9888.59,2
2026-07-13T08:59:14+00:00,9888.59,2
2026-07-13T09:09:16+00:00,9888.6,2
2026-07-13T09:19:19+00:00,9888.6,2
2026-07-13T09:29:22+00:00,9888.61,2
2026-07-13T09:39:25+00:00,9888.61,2
2026-07-13T09:49:27+00:00,9888.62,2
2026-07-13T09:59:30+00:00,9888.62,2
2026-07-13T10:09:33+00:00,9888.63,2
2026-07-13T10:29:53+00:00,9888.63,2
2026-07-13T10:39:56+00:00,9888.64,2
2026-07-13T10:49:58+00:00,9888.64,2
2026-07-13T11:00:00+00:00,9888.65,2
2026-07-13T11:10:03+00:00,9884.95,3
2026-07-13T11:20:05+00:00,9884.96,3
2026-07-13T11:30:07+00:00,9884.98,3
2026-07-13T11:40:10+00:00,9884.99,3
2026-07-13T11:50:12+00:00,9885.0,3
2026-07-13T12:00:15+00:00,9881.31,2
2026-07-13T12:10:17+00:00,9881.32,2
2026-07-13T12:20:20+00:00,9881.33,2
2026-07-13T12:30:22+00:00,9881.34,2
2026-07-13T12:40:25+00:00,9881.35,2
2026-07-13T12:50:28+00:00,9881.36,2
2026-07-13T13:00:30+00:00,9873.96,2
2026-07-13T13:10:33+00:00,9873.97,2
2026-07-13T13:20:36+00:00,9873.98,2
2026-07-13T13:30:38+00:00,9873.99,2
2026-07-13T13:40:41+00:00,9874.0,2
2026-07-13T13:50:44+00:00,9874.02,2
2026-07-13T14:00:47+00:00,9874.03,2
2026-07-13T14:10:50+00:00,9874.04,2
2026-07-13T14:20:53+00:00,9874.05,2
2026-07-13T14:30:55+00:00,9874.06,2
2026-07-13T14:40:58+00:00,9874.07,2
2026-07-13T14:51:00+00:00,9874.09,2
2026-07-13T15:01:03+00:00,9866.71,4
2026-07-13T15:21:24+00:00,9866.75,4
2026-07-13T15:31:27+00:00,9866.8,4
2026-07-13T15:41:30+00:00,9866.84,4
2026-07-13T15:51:34+00:00,9866.88,4
2026-07-13T16:01:37+00:00,9866.9,4
2026-07-13T16:11:40+00:00,9866.91,4
2026-07-13T16:21:43+00:00,9866.93,4
2026-07-13T16:31:46+00:00,9866.95,4
2026-07-13T16:41:49+00:00,9866.97,4
2026-07-13T16:51:53+00:00,9866.98,4
2026-07-13T17:01:56+00:00,9863.29,3
2026-07-13T17:12:00+00:00,9863.31,3
2026-07-13T17:22:03+00:00,9863.32,3
2026-07-13T17:32:06+00:00,9863.34,3
2026-07-13T17:42:09+00:00,9863.35,3
2026-07-13T17:52:12+00:00,9863.37,3
2026-07-13T18:02:17+00:00,9863.39,3
2026-07-13T18:12:20+00:00,9863.41,3
2026-07-13T18:22:23+00:00,9863.42,3
2026-07-13T18:32:26+00:00,9863.44,3
2026-07-13T18:42:30+00:00,9863.46,3
2026-07-13T18:52:33+00:00,9863.48,3
2026-07-13T19:02:35+00:00,9859.81,4
2026-07-13T19:12:39+00:00,9859.84,4
2026-07-13T19:22:42+00:00,9859.87,4
2026-07-13T19:32:45+00:00,9859.9,4
2026-07-13T19:42:48+00:00,9859.93,4
2026-07-13T19:52:51+00:00,9859.97,4
2026-07-13T20:03:09+00:00,9856.29,3
2026-07-13T20:13:13+00:00,9856.31,3
2026-07-13T20:23:16+00:00,9856.34,3
2026-07-13T20:33:19+00:00,9856.36,3
2026-07-13T20:43:22+00:00,9856.39,3
2026-07-13T20:53:25+00:00,9856.41,3
2026-07-13T21:03:28+00:00,9856.42,3
2026-07-13T21:13:31+00:00,9856.43,3
2026-07-13T21:23:34+00:00,9856.44,3
2026-07-13T21:33:37+00:00,9856.45,3
2026-07-13T21:43:40+00:00,9856.46,3
2026-07-13T21:53:42+00:00,9856.47,3
2026-07-13T22:03:45+00:00,9852.78,2
2026-07-13T22:13:48+00:00,9852.79,2
2026-07-13T22:23:51+00:00,9852.8,2
2026-07-13T22:33:54+00:00,9852.81,2
2026-07-13T22:43:57+00:00,9852.82,2
2026-07-13T22:54:00+00:00,9852.83,2
2026-07-13T23:04:02+00:00,9852.84,2
2026-07-13T23:14:05+00:00,9852.85,2
2026-07-13T23:24:08+00:00,9852.86,2
2026-07-13T23:34:11+00:00,9852.87,2
2026-07-13T23:44:14+00:00,9852.88,2
2026-07-13T23:54:16+00:00,9852.89,2
2026-07-14T00:04:19+00:00,9849.2,3
2026-07-14T00:14:22+00:00,9849.22,3
2026-07-14T00:24:25+00:00,9849.23,3
2026-07-14T00:34:27+00:00,9849.25,3
2026-07-14T00:44:30+00:00,9849.26,3
2026-07-14T00:54:50+00:00,9849.28,3
2026-07-14T01:04:53+00:00,9845.59,4
2026-07-14T01:14:55+00:00,9845.6,4
2026-07-14T01:24:58+00:00,9845.62,4
2026-07-14T01:35:00+00:00,9845.63,4
2026-07-14T01:45:03+00:00,9845.64,4
2026-07-14T01:55:06+00:00,9845.66,4
2026-07-14T02:05:08+00:00,9834.57,1
2026-07-14T02:15:11+00:00,9834.57,1
2026-07-14T02:25:13+00:00,9834.57,1
2026-07-14T02:35:16+00:00,9834.57,1
2026-07-14T02:45:19+00:00,9834.58,1
2026-07-14T02:55:21+00:00,9834.58,1
2026-07-14T03:05:24+00:00,9830.89,0
2026-07-14T03:15:27+00:00,9830.89,0
2026-07-14T03:25:30+00:00,9830.89,0
2026-07-14T03:35:32+00:00,9830.89,0
2026-07-14T03:45:35+00:00,9830.89,0
2026-07-14T03:55:37+00:00,9830.89,0
2026-07-14T04:05:40+00:00,9830.89,0
2026-07-14T04:15:43+00:00,9830.89,0
2026-07-14T04:25:46+00:00,9830.89,0
2026-07-14T04:35:49+00:00,9830.89,0
2026-07-14T04:45:51+00:00,9830.89,0
2026-07-14T04:55:54+00:00,9830.89,0
2026-07-14T05:05:56+00:00,9823.51,2
2026-07-14T05:15:59+00:00,9823.52,2
2026-07-14T05:26:02+00:00,9823.52,2
2026-07-14T06:16:35+00:00,9819.84,3
2026-07-14T06:26:41+00:00,9819.85,3
2026-07-14T06:36:44+00:00,9819.86,3
2026-07-14T06:46:48+00:00,9819.87,3
2026-07-14T06:56:51+00:00,9819.87,3
2026-07-14T07:06:55+00:00,9816.2,2
2026-07-14T07:16:59+00:00,9816.21,2
2026-07-14T07:27:03+00:00,9816.21,2
2026-07-14T07:37:07+00:00,9816.22,2
2026-07-14T07:47:10+00:00,9816.23,2
2026-07-14T07:57:14+00:00,9816.24,2
2026-07-14T08:07:17+00:00,9812.56,3
2026-07-14T08:17:21+00:00,9812.57,3
2026-07-14T08:27:24+00:00,9812.57,3
2026-07-14T08:37:28+00:00,9812.58,3
2026-07-14T08:47:32+00:00,9812.59,3
2026-07-14T08:57:35+00:00,9812.59,3
2026-07-14T09:07:39+00:00,9812.6,3
2026-07-14T09:17:42+00:00,9812.6,3
2026-07-14T09:27:46+00:00,9812.61,3
2026-07-14T09:37:50+00:00,9812.62,3
2026-07-14T09:47:53+00:00,9812.62,3
2026-07-14T09:57:57+00:00,9812.63,3
2026-07-14T10:08:01+00:00,9801.58,0
2026-07-14T10:18:05+00:00,9801.58,0
2026-07-14T10:28:08+00:00,9801.58,0
2026-07-14T10:48:32+00:00,9801.58,0
2026-07-14T10:58:35+00:00,9801.58,0
2026-07-14T11:08:38+00:00,9797.91,1
2026-07-14T11:18:42+00:00,9797.91,1
2026-07-14T11:28:46+00:00,9797.92,1
2026-07-14T11:38:50+00:00,9797.92,1
2026-07-14T11:48:54+00:00,9797.93,1
2026-07-14T11:58:58+00:00,9797.93,1
2026-07-14T12:09:02+00:00,9794.26,2
2026-07-14T12:19:06+00:00,9794.27,2
2026-07-14T12:29:10+00:00,9794.27,2
2026-07-14T12:39:14+00:00,9794.28,2
2026-07-14T12:49:18+00:00,9794.29,2
2026-07-14T12:59:23+00:00,9794.29,2
2026-07-14T13:09:26+00:00,9790.61,1
2026-07-14T13:19:30+00:00,9790.61,1
2026-07-14T13:29:34+00:00,9790.61,1
2026-07-14T13:39:38+00:00,9790.61,1
2026-07-14T13:49:43+00:00,9790.61,1
2026-07-14T13:59:47+00:00,9790.61,1
2026-07-14T14:09:51+00:00,9779.62,4
2026-07-14T14:19:55+00:00,9779.66,4
2026-07-14T14:30:00+00:00,9779.7,4
2026-07-14T14:40:04+00:00,9779.75,4
2026-07-14T14:50:08+00:00,9779.79,4
2026-07-14T15:00:12+00:00,9779.84,4
2026-07-14T15:10:16+00:00,9779.89,4
2026-07-14T15:20:21+00:00,9779.93,4
2026-07-14T15:40:50+00:00,9779.98,4
2026-07-14T15:50:55+00:00,9780.03,4
2026-07-14T16:00:59+00:00,9780.05,4
2026-07-14T16:11:03+00:00,9780.07,4
2026-07-14T16:21:07+00:00,9780.1,4
2026-07-14T16:31:11+00:00,9780.12,4
2026-07-14T16:41:15+00:00,9780.14,4
2026-07-14T16:51:20+00:00,9780.16,4
2026-07-14T17:01:24+00:00,9776.49,3
2026-07-14T17:11:28+00:00,9776.5,3
2026-07-14T17:21:32+00:00,9776.5,3
2026-07-14T17:31:36+00:00,9776.51,3
2026-07-14T17:41:40+00:00,9776.51,3
2026-07-14T17:51:44+00:00,9776.51,3
2026-07-14T18:01:49+00:00,9772.85,4
2026-07-14T18:11:53+00:00,9772.86,4
2026-07-14T18:21:57+00:00,9772.87,4
2026-07-14T18:32:01+00:00,9772.88,4
2026-07-14T18:42:06+00:00,9772.89,4
2026-07-14T18:52:10+00:00,9772.9,4
2026-07-14T19:02:14+00:00,9769.25,3
2026-07-14T19:12:18+00:00,9769.27,3
2026-07-14T19:22:23+00:00,9769.29,3
2026-07-14T19:32:27+00:00,9769.31,3
2026-07-14T19:42:31+00:00,9769.33,3
2026-07-14T19:52:35+00:00,9769.34,3
2026-07-14T20:02:39+00:00,9765.7,4
2026-07-14T20:12:43+00:00,9765.72,4
2026-07-14T20:33:08+00:00,9765.75,4
2026-07-14T20:43:12+00:00,9765.77,4
2026-07-14T20:53:16+00:00,9765.8,4
2026-07-14T21:03:19+00:00,9765.81,4
2026-07-14T21:13:22+00:00,9765.81,4
2026-07-14T21:23:26+00:00,9765.82,4
2026-07-14T21:33:30+00:00,9765.83,4
2026-07-14T21:43:33+00:00,9765.84,4
2026-07-14T21:53:37+00:00,9765.85,4
2026-07-14T22:03:41+00:00,9765.88,4
2026-07-14T22:13:45+00:00,9765.9,4
2026-07-14T22:23:49+00:00,9765.93,4
2026-07-14T22:33:53+00:00,9765.96,4
2026-07-14T22:43:57+00:00,9765.99,4
2026-07-14T22:54:00+00:00,9766.01,4
2026-07-14T23:04:04+00:00,9766.04,4
2026-07-14T23:14:07+00:00,9766.06,4
2026-07-14T23:24:11+00:00,9766.08,4
2026-07-14T23:34:14+00:00,9766.11,4
2026-07-14T23:44:18+00:00,9766.13,4
2026-07-14T23:54:21+00:00,9766.15,4
2026-07-15T00:04:25+00:00,9766.17,4
2026-07-15T00:14:28+00:00,9766.19,4
2026-07-15T00:24:32+00:00,9766.21,4
2026-07-15T00:34:36+00:00,9766.23,4
2026-07-15T00:44:39+00:00,9766.25,4
2026-07-15T00:54:43+00:00,9766.27,4
2026-07-15T01:04:46+00:00,9766.28,4
2026-07-15T01:25:11+00:00,9766.29,4
2026-07-15T01:35:15+00:00,9766.31,4
2026-07-15T01:45:19+00:00,9766.32,4
2026-07-15T01:55:23+00:00,9766.33,4
2026-07-15T02:05:27+00:00,9766.35,4
2026-07-15T02:15:30+00:00,9766.36,4
2026-07-15T02:25:34+00:00,9766.37,4
2026-07-15T02:35:38+00:00,9766.39,4
2026-07-15T02:45:42+00:00,9766.4,4
2026-07-15T02:55:46+00:00,9766.41,4
2026-07-15T03:05:50+00:00,9762.76,3
2026-07-15T03:15:54+00:00,9762.76,3
2026-07-15T03:25:58+00:00,9762.77,3
2026-07-15T03:36:02+00:00,9762.78,3
2026-07-15T03:46:06+00:00,9762.79,3
2026-07-15T03:56:10+00:00,9762.79,3
2026-07-15T04:06:14+00:00,9755.48,3
2026-07-15T04:16:18+00:00,9755.49,3
2026-07-15T04:26:22+00:00,9755.51,3
2026-07-15T04:36:26+00:00,9755.52,3
2026-07-15T04:46:30+00:00,9755.54,3
2026-07-15T04:56:34+00:00,9755.55,3
2026-07-15T05:06:38+00:00,9751.92,4
2026-07-15T05:16:41+00:00,9751.94,4
2026-07-15T05:26:45+00:00,9751.97,4
2026-07-15T05:36:49+00:00,9751.99,4
2026-07-15T05:46:53+00:00,9752.02,4
2026-07-15T05:56:58+00:00,9752.04,4
2026-07-15T06:07:21+00:00,9748.4,3
2026-07-15T06:17:25+00:00,9748.41,3
2026-07-15T06:27:29+00:00,9748.42,3
2026-07-15T06:37:33+00:00,9748.44,3
2026-07-15T06:47:37+00:00,9748.45,3
2026-07-15T06:57:40+00:00,9748.46,3
2026-07-15T07:07:44+00:00,9744.82,4
2026-07-15T07:17:48+00:00,9744.83,4
2026-07-15T07:27:52+00:00,9744.85,4
2026-07-15T07:37:56+00:00,9744.86,4
2026-07-15T07:48:00+00:00,9744.87,4
2026-07-15T07:58:03+00:00,9744.88,4
2026-07-15T08:08:07+00:00,9741.23,3
2026-07-15T08:18:11+00:00,9741.24,3
2026-07-15T08:28:16+00:00,9741.25,3
2026-07-15T08:38:22+00:00,9741.27,3
2026-07-15T08:48:27+00:00,9741.28,3
2026-07-15T08:58:33+00:00,9741.29,3
2026-07-15T09:08:38+00:00,9741.31,3
2026-07-15T09:18:43+00:00,9741.33,3
2026-07-15T09:28:48+00:00,9741.35,3
2026-07-15T09:38:53+00:00,9741.37,3
2026-07-15T09:48:59+00:00,9741.38,3
2026-07-15T09:59:04+00:00,9741.4,3
2026-07-15T10:09:10+00:00,9741.43,3
2026-07-15T10:19:16+00:00,9741.45,3
2026-07-15T10:29:21+00:00,9741.48,3
2026-07-15T10:39:26+00:00,9741.5,3
2026-07-15T10:49:31+00:00,9741.52,3
2026-07-15T11:09:57+00:00,9741.54,3
2026-07-15T11:20:03+00:00,9741.56,3
2026-07-15T11:30:08+00:00,9741.58,3
2026-07-15T11:40:13+00:00,9741.59,3
2026-07-15T11:50:18+00:00,9741.61,3
2026-07-15T12:00:24+00:00,9741.63,3
2026-07-15T12:10:30+00:00,9741.65,3
2026-07-15T12:20:35+00:00,9741.67,3
2026-07-15T12:30:41+00:00,9741.69,3
2026-07-15T12:40:46+00:00,9741.71,3
2026-07-15T12:50:52+00:00,9741.73,3
2026-07-15T13:00:58+00:00,9738.08,4
2026-07-15T13:11:03+00:00,9738.09,4
2026-07-15T13:21:08+00:00,9738.11,4
2026-07-15T13:31:14+00:00,9738.12,4
2026-07-15T13:41:19+00:00,9738.13,4
2026-07-15T13:51:25+00:00,9738.14,4
2026-07-15T14:01:31+00:00,9727.18,1
2026-07-15T14:11:36+00:00,9727.18,1
2026-07-15T14:21:43+00:00,9727.18,1
2026-07-15T14:31:48+00:00,9727.18,1
2026-07-15T14:41:54+00:00,9727.18,1
2026-07-15T14:52:00+00:00,9727.19,1
2026-07-15T15:02:05+00:00,9723.54,2
2026-07-15T15:12:11+00:00,9723.54,2
2026-07-15T15:22:18+00:00,9723.55,2
2026-07-15T15:32:23+00:00,9723.55,2
2026-07-15T15:42:29+00:00,9723.55,2
2026-07-15T16:02:56+00:00,9712.62,3
2026-07-15T16:13:08+00:00,9712.62,3
2026-07-15T16:23:14+00:00,9712.63,3
2026-07-15T16:33:20+00:00,9712.64,3
2026-07-15T16:43:26+00:00,9712.65,3
2026-07-15T16:53:32+00:00,9712.65,3
2026-07-15T17:03:37+00:00,9701.72,0
2026-07-15T17:13:43+00:00,9701.72,0
2026-07-15T17:23:49+00:00,9701.72,0
2026-07-15T17:33:56+00:00,9701.72,0
2026-07-15T17:44:02+00:00,9701.72,0
2026-07-15T17:54:07+00:00,9701.72,0
2026-07-15T18:04:13+00:00,9690.81,3
2026-07-15T18:14:19+00:00,9690.82,3
2026-07-15T18:24:24+00:00,9690.83,3
2026-07-15T18:34:30+00:00,9690.84,3
2026-07-15T18:44:36+00:00,9690.86,3
2026-07-15T18:54:43+00:00,9690.87,3
2026-07-15T19:04:48+00:00,9690.89,3
2026-07-15T19:14:54+00:00,9690.91,3
2026-07-15T19:24:59+00:00,9690.92,3
2026-07-15T19:35:05+00:00,9690.94,3
2026-07-15T19:45:11+00:00,9690.96,3
2026-07-15T19:55:17+00:00,9690.98,3
2026-07-15T20:05:23+00:00,9680.07,0
2026-07-15T20:15:29+00:00,9680.07,0
2026-07-15T20:25:35+00:00,9680.07,0
2026-07-15T20:35:41+00:00,9680.07,0
2026-07-15T20:56:13+00:00,9680.07,0
2026-07-15T21:06:19+00:00,9672.81,2
2026-07-15T21:16:26+00:00,9672.81,2
2026-07-15T21:26:33+00:00,9672.82,2
2026-07-15T21:36:40+00:00,9672.83,2
2026-07-15T21:46:47+00:00,9672.83,2
2026-07-15T21:56:54+00:00,9672.84,2
2026-07-15T22:07:00+00:00,9669.21,1
2026-07-15T22:17:12+00:00,9669.21,1
2026-07-15T22:27:18+00:00,9669.21,1
2026-07-15T22:37:25+00:00,9669.21,1
2026-07-15T22:47:31+00:00,9669.21,1
2026-07-15T22:57:37+00:00,9669.22,1
2026-07-15T23:07:44+00:00,9665.59,0
2026-07-15T23:17:51+00:00,9665.59,0
2026-07-15T23:27:58+00:00,9665.59,0
2026-07-15T23:38:04+00:00,9665.59,0
2026-07-15T23:48:10+00:00,9665.59,0
2026-07-15T23:58:16+00:00,9665.59,0
2026-07-16T00:08:23+00:00,9665.59,0
2026-07-16T00:18:29+00:00,9665.59,0
2026-07-16T00:28:35+00:00,9665.59,0
2026-07-16T00:38:42+00:00,9665.59,0
2026-07-16T00:48:48+00:00,9665.59,0
2026-07-16T00:58:55+00:00,9665.59,0
2026-07-16T01:09:02+00:00,9665.59,0
2026-07-16T01:19:08+00:00,9665.59,0
2026-07-16T01:29:15+00:00,9665.59,0
2026-07-16T01:49:45+00:00,9665.59,0
2026-07-16T01:59:50+00:00,9665.59,0
2026-07-16T02:09:55+00:00,9665.59,0
2026-07-16T02:20:01+00:00,9665.59,0
2026-07-16T02:30:06+00:00,9665.59,0
2026-07-16T02:40:12+00:00,9665.59,0
2026-07-16T02:50:17+00:00,9665.59,0
2026-07-16T03:00:23+00:00,9658.34,2
2026-07-16T03:10:28+00:00,9658.35,2
2026-07-16T03:20:34+00:00,9658.35,2
2026-07-16T03:30:39+00:00,9658.36,2
2026-07-16T03:40:45+00:00,9658.36,2
2026-07-16T03:50:50+00:00,9658.37,2
2026-07-16T04:00:56+00:00,9658.38,2
2026-07-16T04:11:01+00:00,9658.39,2
2026-07-16T04:21:06+00:00,9658.39,2
2026-07-16T04:31:12+00:00,9658.4,2
2026-07-16T04:41:18+00:00,9658.41,2
2026-07-16T04:51:23+00:00,9658.42,2
2026-07-16T05:01:29+00:00,9658.42,2
2026-07-16T05:11:35+00:00,9658.43,2
2026-07-16T05:21:40+00:00,9658.43,2
2026-07-16T05:31:46+00:00,9658.44,2
2026-07-16T05:41:51+00:00,9658.44,2
2026-07-16T05:51:57+00:00,9658.45,2
2026-07-16T06:02:02+00:00,9651.21,4
2026-07-16T06:12:07+00:00,9651.23,4
2026-07-16T06:22:14+00:00,9651.24,4
2026-07-16T06:42:40+00:00,9651.25,4
2026-07-16T06:52:46+00:00,9651.27,4
2026-07-16T07:02:51+00:00,9644.05,2
2026-07-16T07:12:57+00:00,9644.07,2
2026-07-16T07:23:02+00:00,9644.08,2
2026-07-16T07:33:08+00:00,9644.1,2
2026-07-16T07:43:13+00:00,9644.12,2
2026-07-16T07:53:19+00:00,9644.14,2
2026-07-16T08:03:25+00:00,9644.15,2
2026-07-16T08:13:30+00:00,9644.16,2
2026-07-16T08:23:36+00:00,9644.17,2
2026-07-16T08:33:42+00:00,9644.18,2
2026-07-16T08:43:48+00:00,9644.19,2
2026-07-16T08:53:53+00:00,9644.2,2
2026-07-16T09:03:59+00:00,9636.98,4
2026-07-16T09:14:06+00:00,9637.0,4
2026-07-16T09:24:11+00:00,9637.02,4
2026-07-16T09:34:17+00:00,9637.04,4
2026-07-16T09:44:23+00:00,9637.06,4
2026-07-16T09:54:28+00:00,9637.08,4
2026-07-16T10:04:34+00:00,9637.1,4
2026-07-16T10:14:40+00:00,9637.12,4
2026-07-16T10:24:46+00:00,9637.14,4
2026-07-16T10:34:51+00:00,9637.16,4
2026-07-16T10:44:57+00:00,9637.18,4
2026-07-16T10:55:03+00:00,9637.2,4
2026-07-16T11:05:09+00:00,9637.22,4
2026-07-16T11:15:14+00:00,9637.25,4
2026-07-16T11:25:42+00:00,9637.28,4
2026-07-16T11:35:48+00:00,9637.3,4
2026-07-16T11:45:54+00:00,9637.33,4
2026-07-16T11:56:00+00:00,9637.36,4
2026-07-16T12:06:06+00:00,9637.38,4
2026-07-16T12:16:12+00:00,9637.4,4
2026-07-16T12:26:18+00:00,9637.42,4
2026-07-16T12:36:24+00:00,9637.44,4
2026-07-16T12:46:30+00:00,9637.46,4
2026-07-16T12:56:36+00:00,9637.48,4
2026-07-16T13:06:42+00:00,9637.51,4
2026-07-16T13:16:48+00:00,9637.53,4
2026-07-16T13:26:54+00:00,9637.55,4
2026-07-16T13:37:00+00:00,9637.58,4
2026-07-16T13:47:06+00:00,9637.6,4
2026-07-16T13:57:12+00:00,9637.62,4
2026-07-16T14:07:18+00:00,9637.65,4
2026-07-16T14:17:25+00:00,9637.68,4
2026-07-16T14:27:31+00:00,9637.71,4
2026-07-16T14:37:37+00:00,9637.74,4
2026-07-16T14:47:44+00:00,9637.77,4
2026-07-16T14:57:50+00:00,9637.8,4
2026-07-16T15:07:57+00:00,9637.83,4
2026-07-16T15:18:03+00:00,9637.86,4
2026-07-16T15:28:10+00:00,9637.89,4
2026-07-16T15:38:16+00:00,9637.92,4
2026-07-16T15:48:22+00:00,9637.95,4
2026-07-16T15:58:29+00:00,9637.98,4
2026-07-16T16:08:36+00:00,9638.0,4
2026-07-16T16:29:05+00:00,9638.02,4
2026-07-16T16:39:13+00:00,9638.05,4
2026-07-16T16:49:20+00:00,9638.07,4
2026-07-16T16:59:28+00:00,9638.09,4
2026-07-16T17:09:36+00:00,9638.11,4
2026-07-16T17:19:43+00:00,9638.12,4
2026-07-16T17:29:51+00:00,9638.14,4
2026-07-16T17:39:59+00:00,9638.15,4
2026-07-16T17:50:07+00:00,9638.16,4
2026-07-16T18:00:14+00:00,9630.93,2
2026-07-16T18:10:22+00:00,9630.93,2
2026-07-16T18:20:30+00:00,9630.93,2
2026-07-16T18:30:37+00:00,9630.93,2
2026-07-16T18:40:45+00:00,9630.93,2
2026-07-16T18:50:53+00:00,9630.93,2
2026-07-16T19:01:00+00:00,9630.95,2
2026-07-16T19:11:09+00:00,9630.96,2
2026-07-16T19:21:16+00:00,9630.98,2
2026-07-16T19:31:24+00:00,9630.99,2
2026-07-16T19:41:32+00:00,9631.01,2
2026-07-16T19:51:39+00:00,9631.02,2
2026-07-16T20:01:48+00:00,9631.03,2
2026-07-16T20:11:55+00:00,9631.04,2
2026-07-16T20:22:04+00:00,9631.05,2
2026-07-16T20:32:11+00:00,9631.06,2
2026-07-16T20:42:19+00:00,9631.07,2
2026-07-16T20:52:27+00:00,9631.09,2
2026-07-16T21:02:34+00:00,9627.48,3
2026-07-16T21:23:05+00:00,9627.49,3
2026-07-16T21:33:12+00:00,9627.5,3
2026-07-16T21:43:18+00:00,9627.51,3
2026-07-16T21:53:25+00:00,9627.53,3
2026-07-16T22:03:31+00:00,9623.94,4
2026-07-16T22:13:37+00:00,9623.96,4
2026-07-16T22:23:44+00:00,9623.98,4
2026-07-16T22:33:50+00:00,9624.01,4
2026-07-16T22:43:56+00:00,9624.03,4
2026-07-16T22:54:03+00:00,9624.06,4
2026-07-16T23:04:09+00:00,9620.46,3
2026-07-16T23:14:15+00:00,9620.47,3
2026-07-16T23:24:21+00:00,9620.49,3
2026-07-16T23:34:28+00:00,9620.5,3
2026-07-16T23:44:34+00:00,9620.52,3
2026-07-16T23:54:40+00:00,9620.53,3
2026-07-17T00:04:47+00:00,9613.32,3
2026-07-17T00:14:53+00:00,9613.33,3
2026-07-17T00:24:59+00:00,9613.34,3
2026-07-17T00:35:05+00:00,9613.35,3
2026-07-17T00:45:11+00:00,9613.36,3
2026-07-17T00:55:17+00:00,9613.37,3
2026-07-17T01:05:23+00:00,9613.38,3
2026-07-17T01:15:30+00:00,9613.39,3
2026-07-17T01:25:36+00:00,9613.4,3
2026-07-17T01:35:42+00:00,9613.42,3
2026-07-17T01:45:48+00:00,9613.43,3
2026-07-17T01:55:55+00:00,9613.44,3
2026-07-17T02:16:25+00:00,9613.46,3
2026-07-17T02:26:32+00:00,9613.48,3
2026-07-17T02:36:39+00:00,9613.51,3
2026-07-17T02:46:47+00:00,9613.53,3
2026-07-17T02:56:54+00:00,9613.55,3
2026-07-17T03:07:01+00:00,9613.56,3
2026-07-17T03:17:09+00:00,9613.58,3
2026-07-17T03:27:16+00:00,9613.59,3
2026-07-17T03:37:23+00:00,9613.61,3
2026-07-17T03:47:31+00:00,9613.62,3
2026-07-17T03:57:38+00:00,9613.63,3
2026-07-17T04:07:46+00:00,9610.05,4
2026-07-17T04:17:54+00:00,9610.07,4
2026-07-17T04:28:01+00:00,9610.1,4
2026-07-17T04:38:08+00:00,9610.12,4
2026-07-17T04:48:15+00:00,9610.14,4
2026-07-17T04:58:23+00:00,9610.17,4
2026-07-17T05:08:30+00:00,9610.18,4
2026-07-17T05:18:37+00:00,9610.2,4
2026-07-17T05:28:44+00:00,9610.22,4
2026-07-17T05:38:52+00:00,9610.23,4
2026-07-17T05:49:00+00:00,9610.25,4
2026-07-17T05:59:08+00:00,9610.27,4
2026-07-17T06:09:15+00:00,9603.08,2
2026-07-17T06:19:23+00:00,9603.09,2
2026-07-17T06:29:30+00:00,9603.11,2
2026-07-17T06:39:37+00:00,9603.12,2
2026-07-17T06:49:44+00:00,9603.14,2
2026-07-17T07:00:21+00:00,9599.55,3
2026-07-17T07:10:28+00:00,9599.57,3
2026-07-17T07:20:35+00:00,9599.59,3
2026-07-17T07:30:42+00:00,9599.61,3
2026-07-17T07:40:49+00:00,9599.63,3
2026-07-17T07:50:55+00:00,9599.65,3
2026-07-17T08:01:02+00:00,9599.67,3
2026-07-17T08:11:10+00:00,9599.69,3
2026-07-17T08:21:17+00:00,9599.71,3
2026-07-17T08:31:24+00:00,9599.73,3
2026-07-17T08:41:30+00:00,9599.75,3
2026-07-17T08:51:38+00:00,9599.77,3
2026-07-17T09:01:45+00:00,9599.79,3
2026-07-17T09:11:51+00:00,9599.81,3
2026-07-17T09:21:58+00:00,9599.83,3
2026-07-17T09:32:05+00:00,9599.84,3
2026-07-17T09:42:12+00:00,9599.86,3
2026-07-17T09:52:19+00:00,9599.88,3
2026-07-17T10:02:26+00:00,9596.3,4
2026-07-17T10:12:33+00:00,9596.33,4
2026-07-17T10:22:39+00:00,9596.35,4
2026-07-17T10:32:46+00:00,9596.38,4
2026-07-17T10:42:53+00:00,9596.4,4
2026-07-17T10:53:00+00:00,9596.43,4
2026-07-17T11:03:07+00:00,9596.46,4
2026-07-17T11:13:15+00:00,9596.5,4
2026-07-17T11:23:22+00:00,9596.53,4
2026-07-17T11:33:29+00:00,9596.57,4
2026-07-17T11:43:36+00:00,9596.6,4
2026-07-17T12:04:08+00:00,9596.63,4
2026-07-17T12:14:17+00:00,9596.66,4
2026-07-17T12:24:25+00:00,9596.69,4
2026-07-17T12:34:33+00:00,9596.72,4
2026-07-17T12:44:41+00:00,9596.75,4
2026-07-17T12:54:49+00:00,9596.78,4
2026-07-17T13:04:58+00:00,9593.2,3
2026-07-17T13:15:06+00:00,9593.21,3
2026-07-17T13:25:14+00:00,9593.22,3
2026-07-17T13:35:22+00:00,9593.24,3
2026-07-17T13:45:31+00:00,9593.25,3
2026-07-17T13:55:38+00:00,9593.27,3
2026-07-17T14:05:46+00:00,9589.68,2
2026-07-17T14:15:55+00:00,9589.69,2
2026-07-17T14:26:03+00:00,9589.71,2
2026-07-17T14:36:12+00:00,9589.72,2
2026-07-17T14:46:20+00:00,9589.73,2
2026-07-17T14:56:28+00:00,9589.74,2
2026-07-17T15:06:36+00:00,9582.56,4
2026-07-17T15:16:45+00:00,9582.57,4
2026-07-17T15:26:53+00:00,9582.58,4
2026-07-17T15:37:01+00:00,9582.59,4
2026-07-17T15:47:10+00:00,9582.61,4
2026-07-17T15:57:18+00:00,9582.62,4
2026-07-17T16:07:27+00:00,9579.03,3
2026-07-17T16:17:35+00:00,9579.04,3
2026-07-17T16:27:43+00:00,9579.04,3
2026-07-17T16:37:52+00:00,9579.05,3
2026-07-17T16:58:23+00:00,9579.06,3
2026-07-17T17:08:31+00:00,9575.48,4
2026-07-17T17:18:38+00:00,9575.5,4
2026-07-17T17:28:46+00:00,9575.52,4
2026-07-17T17:38:53+00:00,9575.54,4
2026-07-17T17:49:04+00:00,9575.56,4
2026-07-17T17:59:12+00:00,9575.58,4
2026-07-17T18:09:19+00:00,9572.0,3
2026-07-17T18:19:27+00:00,9572.01,3
2026-07-17T18:29:34+00:00,9572.02,3
2026-07-17T18:39:44+00:00,9572.03,3
2026-07-17T18:49:52+00:00,9572.04,3
2026-07-17T18:59:59+00:00,9572.05,3
2026-07-17T19:10:07+00:00,9568.47,2
2026-07-17T19:20:15+00:00,9568.48,2
2026-07-17T19:30:23+00:00,9568.49,2
2026-07-17T19:40:30+00:00,9568.5,2
2026-07-17T19:50:38+00:00,9568.51,2
2026-07-17T20:00:46+00:00,9568.52,2
2026-07-17T20:10:53+00:00,9568.53,2
2026-07-17T20:21:01+00:00,9568.54,2
2026-07-17T20:31:08+00:00,9568.54,2
2026-07-17T20:41:16+00:00,9568.55,2
2026-07-17T20:51:24+00:00,9568.56,2
2026-07-17T21:01:31+00:00,9568.56,2
2026-07-17T21:11:40+00:00,9568.57,2
2026-07-17T21:21:47+00:00,9568.57,2
2026-07-17T21:31:55+00:00,9568.57,2
2026-07-17T21:52:28+00:00,9568.58,2
2026-07-17T22:02:37+00:00,9557.81,1
2026-07-17T22:12:46+00:00,9557.81,1
2026-07-17T22:22:54+00:00,9557.81,1
2026-07-17T22:33:03+00:00,9557.81,1
2026-07-17T22:43:11+00:00,9557.81,1
2026-07-17T22:53:19+00:00,9557.81,1
2026-07-17T23:03:27+00:00,9557.81,1
2026-07-17T23:13:36+00:00,9557.81,1
2026-07-17T23:23:45+00:00,9557.81,1
2026-07-17T23:33:54+00:00,9557.81,1
2026-07-17T23:44:02+00:00,9557.81,1
2026-07-17T23:54:10+00:00,9557.81,1
2026-07-18T00:04:19+00:00,9557.81,1
2026-07-18T00:14:27+00:00,9557.81,1
2026-07-18T00:24:36+00:00,9557.81,1
2026-07-18T00:34:44+00:00,9557.82,1
2026-07-18T00:44:52+00:00,9557.82,1
2026-07-18T00:55:01+00:00,9557.82,1
2026-07-18T01:05:10+00:00,9557.82,1
2026-07-18T01:15:18+00:00,9557.82,1
2026-07-18T01:25:27+00:00,9557.82,1
2026-07-18T01:35:35+00:00,9557.82,1
2026-07-18T01:45:44+00:00,9557.82,1
2026-07-18T01:55:52+00:00,9557.82,1
2026-07-18T02:06:01+00:00,9554.24,2
2026-07-18T02:16:10+00:00,9554.25,2
2026-07-18T02:26:19+00:00,9554.25,2
2026-07-18T02:46:53+00:00,9554.25,2
2026-07-18T02:57:01+00:00,9554.26,2
2026-07-18T03:07:08+00:00,9554.26,2
2026-07-18T03:17:16+00:00,9554.27,2
2026-07-18T03:27:23+00:00,9554.27,2
2026-07-18T03:37:32+00:00,9554.28,2
2026-07-18T03:47:39+00:00,9554.28,2
2026-07-18T03:57:47+00:00,9554.29,2
2026-07-18T04:07:55+00:00,9554.29,2
2026-07-18T04:18:03+00:00,9554.3,2
2026-07-18T04:28:11+00:00,9554.3,2
2026-07-18T04:38:18+00:00,9554.3,2
2026-07-18T04:48:26+00:00,9554.31,2
2026-07-18T04:58:34+00:00,9554.31,2
2026-07-18T05:08:42+00:00,9554.32,2
2026-07-18T05:18:50+00:00,9554.32,2
2026-07-18T05:28:58+00:00,9554.32,2
2026-07-18T05:39:06+00:00,9554.33,2
2026-07-18T05:49:14+00:00,9554.33,2
2026-07-18T05:59:22+00:00,9554.33,2
2026-07-18T06:09:30+00:00,9547.17,4
2026-07-18T06:19:38+00:00,9547.18,4
2026-07-18T06:29:46+00:00,9547.18,4
2026-07-18T06:39:54+00:00,9547.19,4
2026-07-18T06:50:02+00:00,9547.2,4
2026-07-18T07:00:10+00:00,9547.21,4
2026-07-18T07:10:18+00:00,9547.22,4
2026-07-18T07:20:26+00:00,9547.23,4
2026-07-18T07:40:57+00:00,9547.24,4
2026-07-18T07:51:04+00:00,9547.25,4
2026-07-18T08:01:12+00:00,9547.26,4
2026-07-18T08:11:19+00:00,9547.27,4
2026-07-18T08:21:26+00:00,9547.28,4
2026-07-18T08:31:34+00:00,9547.29,4
2026-07-18T08:41:41+00:00,9547.3,4
2026-07-18T08:51:49+00:00,9547.31,4
2026-07-18T09:01:56+00:00,9547.33,4
2026-07-18T09:12:04+00:00,9547.34,4
2026-07-18T09:22:11+00:00,9547.35,4
2026-07-18T09:32:18+00:00,9547.36,4
2026-07-18T09:42:26+00:00,9547.37,4
2026-07-18T09:52:33+00:00,9547.38,4
2026-07-18T10:02:41+00:00,9543.81,3
2026-07-18T10:12:49+00:00,9543.81,3
2026-07-18T10:22:56+00:00,9543.82,3
2026-07-18T10:33:03+00:00,9543.83,3
2026-07-18T10:43:11+00:00,9543.83,3
2026-07-18T10:53:18+00:00,9543.84,3
2026-07-18T11:03:27+00:00,9540.28,4
2026-07-18T11:13:34+00:00,9540.3,4
2026-07-18T11:23:42+00:00,9540.31,4
2026-07-18T11:33:49+00:00,9540.33,4
2026-07-18T11:43:57+00:00,9540.35,4
2026-07-18T11:54:05+00:00,9540.37,4
2026-07-18T12:04:12+00:00,9540.38,4
2026-07-18T12:14:19+00:00,9540.4,4
2026-07-18T12:34:51+00:00,9540.41,4
2026-07-18T12:45:01+00:00,9540.43,4
2026-07-18T12:55:10+00:00,9540.45,4
2026-07-18T13:05:19+00:00,9536.87,3
2026-07-18T13:15:28+00:00,9536.88,3
2026-07-18T13:25:37+00:00,9536.88,3
2026-07-18T13:35:47+00:00,9536.89,3
2026-07-18T13:45:56+00:00,9536.9,3
2026-07-18T13:56:05+00:00,9536.9,3
2026-07-18T14:06:14+00:00,9536.91,3
2026-07-18T14:16:24+00:00,9536.91,3
2026-07-18T14:26:33+00:00,9536.92,3
2026-07-18T14:36:43+00:00,9536.93,3
2026-07-18T14:46:52+00:00,9536.93,3
2026-07-18T14:57:02+00:00,9536.94,3
2026-07-18T15:07:12+00:00,9533.38,4
2026-07-18T15:17:21+00:00,9533.4,4
2026-07-18T15:27:30+00:00,9533.41,4
2026-07-18T15:37:39+00:00,9533.43,4
2026-07-18T15:47:49+00:00,9533.45,4
2026-07-18T15:57:58+00:00,9533.46,4
2026-07-18T16:08:07+00:00,9533.48,4
2026-07-18T16:18:17+00:00,9533.5,4
2026-07-18T16:28:26+00:00,9533.52,4
2026-07-18T16:38:35+00:00,9533.53,4
2026-07-18T16:48:44+00:00,9533.55,4
2026-07-18T16:58:54+00:00,9533.57,4
2026-07-18T17:09:03+00:00,9533.58,4
2026-07-18T17:29:40+00:00,9533.59,4
2026-07-18T17:39:49+00:00,9533.6,4
2026-07-18T17:49:58+00:00,9533.61,4
2026-07-18T18:00:07+00:00,9530.04,3
2026-07-18T18:10:17+00:00,9530.06,3
2026-07-18T18:20:26+00:00,9530.07,3
2026-07-18T18:30:35+00:00,9530.08,3
2026-07-18T18:40:44+00:00,9530.09,3
2026-07-18T18:50:53+00:00,9530.1,3
2026-07-18T19:01:02+00:00,9522.94,3
2026-07-18T19:11:12+00:00,9522.95,3
2026-07-18T19:21:21+00:00,9522.95,3
2026-07-18T19:31:31+00:00,9522.96,3
2026-07-18T19:41:40+00:00,9522.96,3
2026-07-18T19:51:49+00:00,9522.97,3
2026-07-18T20:01:59+00:00,9512.25,0
2026-07-18T20:12:08+00:00,9512.25,0
2026-07-18T20:22:17+00:00,9512.25,0
2026-07-18T20:32:26+00:00,9512.25,0
2026-07-18T20:42:35+00:00,9512.25,0
2026-07-18T20:52:44+00:00,9512.25,0
2026-07-18T21:02:53+00:00,9512.25,0
2026-07-18T21:13:03+00:00,9512.25,0
2026-07-18T21:23:12+00:00,9512.25,0
2026-07-18T21:33:21+00:00,9512.25,0
2026-07-18T21:43:30+00:00,9512.25,0
2026-07-18T21:53:39+00:00,9512.25,0
2026-07-18T22:03:48+00:00,9505.11,2
2026-07-18T22:24:25+00:00,9505.12,2
2026-07-18T22:34:35+00:00,9505.12,2
2026-07-18T22:44:45+00:00,9505.12,2
2026-07-18T22:54:54+00:00,9505.12,2
2026-07-18T23:05:04+00:00,9505.12,2
2026-07-18T23:15:13+00:00,9505.13,2
2026-07-18T23:25:23+00:00,9505.13,2
2026-07-18T23:35:32+00:00,9505.13,2
2026-07-18T23:45:42+00:00,9505.13,2
2026-07-18T23:55:51+00:00,9505.13,2
2026-07-19T00:06:00+00:00,9501.57,1
2026-07-19T00:16:10+00:00,9501.57,1
2026-07-19T00:26:19+00:00,9501.57,1
2026-07-19T00:36:29+00:00,9501.57,1
2026-07-19T00:46:38+00:00,9501.57,1
2026-07-19T00:56:47+00:00,9501.57,1
2026-07-19T01:06:57+00:00,9494.44,1
2026-07-19T01:17:06+00:00,9494.44,1
2026-07-19T01:27:16+00:00,9494.44,1
2026-07-19T01:37:26+00:00,9494.44,1
2026-07-19T01:47:35+00:00,9494.45,1
2026-07-19T01:57:45+00:00,9494.45,1
2026-07-19T02:07:55+00:00,9494.45,1
2026-07-19T02:18:04+00:00,9494.45,1
2026-07-19T02:28:14+00:00,9494.46,1
2026-07-19T02:38:23+00:00,9494.46,1
2026-07-19T02:48:33+00:00,9494.46,1
2026-07-19T02:58:42+00:00,9494.47,1
2026-07-19T03:19:19+00:00,9494.47,1
2026-07-19T03:29:29+00:00,9494.48,1
2026-07-19T03:39:39+00:00,9494.48,1
2026-07-19T03:49:48+00:00,9494.49,1
2026-07-19T03:59:58+00:00,9494.5,1
2026-07-19T04:10:07+00:00,9494.5,1
2026-07-19T04:20:17+00:00,9494.5,1
2026-07-19T04:30:26+00:00,9494.5,1
2026-07-19T04:40:36+00:00,9494.5,1
2026-07-19T04:50:45+00:00,9494.5,1
2026-07-19T05:00:55+00:00,9490.94,0
2026-07-19T05:11:04+00:00,9490.94,0
2026-07-19T05:21:13+00:00,9490.94,0
2026-07-19T05:31:23+00:00,9490.94,0
2026-07-19T05:41:33+00:00,9490.94,0
2026-07-19T05:51:42+00:00,9490.94,0
2026-07-19T06:01:52+00:00,9487.38,1
2026-07-19T06:12:02+00:00,9487.38,1
2026-07-19T06:22:11+00:00,9487.38,1
2026-07-19T06:32:20+00:00,9487.38,1
2026-07-19T06:42:30+00:00,9487.39,1
2026-07-19T06:52:40+00:00,9487.39,1
2026-07-19T07:02:49+00:00,9483.83,2
2026-07-19T07:12:58+00:00,9483.83,2
2026-07-19T07:23:08+00:00,9483.84,2
2026-07-19T07:33:17+00:00,9483.84,2
2026-07-19T07:43:27+00:00,9483.85,2
2026-07-19T07:53:36+00:00,9483.85,2
2026-07-19T08:14:13+00:00,9480.29,1
2026-07-19T08:24:22+00:00,9480.29,1
2026-07-19T08:34:31+00:00,9480.29,1
2026-07-19T08:44:40+00:00,9480.29,1
2026-07-19T08:54:49+00:00,9480.29,1
2026-07-19T09:04:58+00:00,9480.29,1
2026-07-19T09:15:07+00:00,9480.29,1
2026-07-19T09:25:16+00:00,9480.3,1
2026-07-19T09:35:25+00:00,9480.3,1
2026-07-19T09:45:34+00:00,9480.3,1
2026-07-19T09:55:43+00:00,9480.3,1
2026-07-19T10:05:52+00:00,9480.3,1
2026-07-19T10:16:01+00:00,9480.3,1
2026-07-19T10:26:10+00:00,9480.3,1
2026-07-19T10:36:20+00:00,9480.3,1
2026-07-19T10:46:29+00:00,9480.31,1
2026-07-19T10:56:38+00:00,9480.31,1
2026-07-19T11:06:47+00:00,9473.2,1
2026-07-19T11:16:56+00:00,9473.2,1
2026-07-19T11:27:05+00:00,9473.2,1
2026-07-19T11:37:13+00:00,9473.2,1
2026-07-19T11:47:23+00:00,9473.2,1
2026-07-19T11:57:32+00:00,9473.2,1
2026-07-19T12:07:41+00:00,9469.65,2
2026-07-19T12:17:50+00:00,9469.66,2
2026-07-19T12:27:59+00:00,9469.66,2
2026-07-19T12:38:08+00:00,9469.67,2
2026-07-19T12:48:17+00:00,9469.67,2
2026-07-19T13:08:51+00:00,9469.68,2
2026-07-19T13:18:59+00:00,9469.68,2
2026-07-19T13:29:08+00:00,9469.69,2
2026-07-19T13:39:16+00:00,9469.69,2
2026-07-19T13:49:24+00:00,9469.7,2
2026-07-19T13:59:33+00:00,9469.7,2
2026-07-19T14:09:40+00:00,9469.71,2
2026-07-19T14:19:49+00:00,9469.72,2
2026-07-19T14:29:57+00:00,9469.73,2
2026-07-19T14:40:06+00:00,9469.74,2
2026-07-19T14:50:15+00:00,9469.75,2
2026-07-19T15:00:24+00:00,9466.2,3
2026-07-19T15:10:32+00:00,9466.22,3
2026-07-19T15:20:41+00:00,9466.23,3
2026-07-19T15:30:49+00:00,9466.24,3
2026-07-19T15:40:58+00:00,9466.26,3
2026-07-19T15:51:06+00:00,9466.27,3
2026-07-19T16:01:15+00:00,9466.29,3
2026-07-19T16:11:23+00:00,9466.32,3
2026-07-19T16:21:32+00:00,9466.34,3
2026-07-19T16:31:40+00:00,9466.36,3
2026-07-19T16:41:48+00:00,9466.38,3
2026-07-19T16:51:56+00:00,9466.41,3
2026-07-19T17:02:04+00:00,9462.87,2
2026-07-19T17:12:13+00:00,9462.88,2
2026-07-19T17:22:21+00:00,9462.89,2
2026-07-19T17:32:29+00:00,9462.9,2
2026-07-19T17:42:38+00:00,9462.91,2
2026-07-19T18:03:15+00:00,9462.92,2
2026-07-19T18:13:25+00:00,9462.93,2
2026-07-19T18:23:35+00:00,9462.94,2
2026-07-19T18:33:45+00:00,9462.94,2
2026-07-19T18:43:55+00:00,9462.95,2
2026-07-19T18:54:05+00:00,9462.96,2
2026-07-19T19:04:15+00:00,9459.43,1
2026-07-19T19:14:26+00:00,9459.44,1
2026-07-19T19:24:35+00:00,9459.46,1
2026-07-19T19:34:45+00:00,9459.48,1
2026-07-19T19:44:55+00:00,9459.5,1
2026-07-19T19:55:05+00:00,9459.51,1
2026-07-19T20:05:15+00:00,9459.53,1
2026-07-19T20:15:25+00:00,9459.55,1
2026-07-19T20:25:35+00:00,9459.56,1
2026-07-19T20:35:46+00:00,9459.58,1
2026-07-19T20:45:56+00:00,9459.59,1
2026-07-19T20:56:06+00:00,9459.61,1
2026-07-19T21:06:17+00:00,9456.08,2
2026-07-19T21:16:27+00:00,9456.11,2
2026-07-19T21:26:37+00:00,9456.13,2
2026-07-19T21:36:47+00:00,9456.15,2
2026-07-19T21:46:57+00:00,9456.17,2
2026-07-19T21:57:07+00:00,9456.19,2
2026-07-19T22:07:18+00:00,9452.66,1
2026-07-19T22:17:28+00:00,9452.67,1
2026-07-19T22:27:39+00:00,9452.69,1
2026-07-19T22:37:49+00:00,9452.7,1
2026-07-19T22:58:28+00:00,9452.72,1
2026-07-19T23:08:39+00:00,9445.65,3
2026-07-19T23:18:50+00:00,9445.67,3
2026-07-19T23:29:01+00:00,9445.69,3
2026-07-19T23:39:11+00:00,9445.71,3
2026-07-19T23:49:22+00:00,9445.73,3
2026-07-19T23:59:33+00:00,9445.75,3
2026-07-20T00:09:44+00:00,9435.13,2
2026-07-20T00:19:54+00:00,9435.15,2
2026-07-20T00:30:05+00:00,9435.16,2
2026-07-20T00:40:16+00:00,9435.18,2
2026-07-20T00:50:27+00:00,9435.19,2
2026-07-20T01:00:39+00:00,9428.14,4
2026-07-20T01:10:49+00:00,9428.17,4
2026-07-20T01:21:01+00:00,9428.21,4
2026-07-20T01:31:12+00:00,9428.24,4
2026-07-20T01:41:24+00:00,9428.27,4
2026-07-20T01:51:35+00:00,9428.3,4
2026-07-20T02:01:46+00:00,9424.77,3
2026-07-20T02:11:58+00:00,9424.78,3
2026-07-20T02:22:10+00:00,9424.8,3
2026-07-20T02:32:21+00:00,9424.81,3
2026-07-20T02:42:33+00:00,9424.83,3
2026-07-20T02:52:44+00:00,9424.84,3
2026-07-20T03:02:56+00:00,9424.85,3
2026-07-20T03:13:07+00:00,9424.86,3
2026-07-20T03:23:18+00:00,9424.88,3
2026-07-20T03:33:29+00:00,9424.89,3
2026-07-20T03:54:06+00:00,9424.9,3
2026-07-20T04:04:16+00:00,9424.91,3
2026-07-20T04:14:26+00:00,9424.92,3
2026-07-20T04:24:36+00:00,9424.93,3
2026-07-20T04:34:45+00:00,9424.93,3
2026-07-20T04:44:55+00:00,9424.94,3
2026-07-20T04:55:04+00:00,9424.95,3
2026-07-20T05:05:14+00:00,9421.42,2
2026-07-20T05:12:31+00:00,9421.43,2
2026-07-20T05:25:32+00:00,9421.43,2
2026-07-20T05:35:42+00:00,9421.44,2
2026-07-20T05:45:52+00:00,9421.44,2
2026-07-20T05:56:02+00:00,9421.45,2
2026-07-20T06:06:13+00:00,9421.46,2
2026-07-20T06:16:23+00:00,9421.46,2
2026-07-20T06:26:33+00:00,9421.47,2
2026-07-20T06:36:43+00:00,9421.48,2
2026-07-20T06:46:54+00:00,9421.48,2
2026-07-20T06:57:04+00:00,9421.49,2
2026-07-20T07:07:14+00:00,9421.5,2
2026-07-20T07:17:24+00:00,9421.51,2
2026-07-20T07:27:34+00:00,9421.52,2
2026-07-20T07:37:44+00:00,9421.52,2
2026-07-20T07:47:54+00:00,9421.53,2
2026-07-20T07:58:04+00:00,9421.54,2
2026-07-20T08:08:14+00:00,9418.02,3
2026-07-20T08:18:24+00:00,9418.04,3
2026-07-20T08:28:33+00:00,9418.05,3
2026-07-20T08:49:11+00:00,9418.07,3
2026-07-20T08:59:21+00:00,9418.08,3
2026-07-20T09:09:31+00:00,9414.56,4
2026-07-20T09:19:41+00:00,9414.58,4
2026-07-20T09:29:52+00:00,9414.59,4
2026-07-20T09:40:02+00:00,9414.6,4
2026-07-20T09:50:11+00:00,9414.62,4
2026-07-20T10:00:21+00:00,9414.63,4
2026-07-20T10:10:31+00:00,9414.65,4
2026-07-20T10:20:41+00:00,9414.67,4
2026-07-20T10:30:51+00:00,9414.68,4
2026-07-20T10:41:01+00:00,9414.7,4
2026-07-20T10:51:11+00:00,9414.72,4
2026-07-20T11:01:21+00:00,9414.73,4
2026-07-20T11:11:32+00:00,9414.75,4
2026-07-20T11:21:42+00:00,9414.76,4
2026-07-20T11:31:52+00:00,9414.78,4
2026-07-20T11:42:02+00:00,9414.79,4
2026-07-20T11:52:12+00:00,9414.81,4
2026-07-20T12:02:23+00:00,9414.84,4
2026-07-20T12:12:34+00:00,9414.87,4
2026-07-20T12:22:44+00:00,9414.9,4
2026-07-20T12:32:54+00:00,9414.93,4
2026-07-20T12:43:04+00:00,9414.96,4
2026-07-20T12:53:14+00:00,9414.99,4
2026-07-20T13:03:24+00:00,9415.01,4
2026-07-20T13:13:35+00:00,9415.03,4
2026-07-20T13:23:46+00:00,9415.05,4
2026-07-20T13:44:21+00:00,9415.07,4
2026-07-20T13:54:32+00:00,9415.09,4
2026-07-20T14:04:42+00:00,9415.11,4
2026-07-20T14:14:52+00:00,9415.13,4
2026-07-20T14:25:03+00:00,9415.15,4
2026-07-20T14:35:13+00:00,9415.18,4
2026-07-20T14:45:23+00:00,9415.2,4
2026-07-20T14:55:34+00:00,9415.22,4
2026-07-20T15:05:44+00:00,9408.17,2
2026-07-20T15:15:54+00:00,9408.18,2
2026-07-20T15:26:04+00:00,9408.19,2
2026-07-20T15:36:15+00:00,9408.2,2
2026-07-20T15:46:25+00:00,9408.21,2
2026-07-20T15:56:36+00:00,9408.22,2
2026-07-20T16:06:47+00:00,9401.17,4
2026-07-20T16:16:58+00:00,9401.2,4
2026-07-20T16:27:09+00:00,9401.23,4
2026-07-20T16:37:19+00:00,9401.26,4
2026-07-20T16:47:29+00:00,9401.28,4
2026-07-20T16:57:41+00:00,9401.31,4
2026-07-20T17:07:52+00:00,9394.28,2
2026-07-20T17:18:02+00:00,9394.3,2
2026-07-20T17:28:13+00:00,9394.32,2
2026-07-20T17:38:23+00:00,9394.34,2
2026-07-20T17:48:35+00:00,9394.36,2
2026-07-20T17:58:45+00:00,9394.39,2
2026-07-20T18:08:55+00:00,9387.35,2
2026-07-20T18:19:05+00:00,9387.38,2
2026-07-20T18:39:43+00:00,9387.4,2
2026-07-20T18:49:54+00:00,9387.43,2
2026-07-20T19:00:05+00:00,9383.92,1
2026-07-20T19:10:16+00:00,9383.94,1
2026-07-20T19:20:28+00:00,9383.96,1
2026-07-20T19:30:40+00:00,9383.98,1
2026-07-20T19:40:51+00:00,9384.0,1
2026-07-20T19:51:02+00:00,9384.02,1
2026-07-20T20:01:14+00:00,9380.51,2
2026-07-20T20:11:25+00:00,9380.52,2
2026-07-20T20:21:36+00:00,9380.54,2
2026-07-20T20:31:47+00:00,9380.56,2
2026-07-20T20:41:59+00:00,9380.57,2
2026-07-20T20:52:11+00:00,9380.59,2
2026-07-20T21:02:22+00:00,9377.09,3
2026-07-20T21:12:33+00:00,9377.11,3
2026-07-20T21:22:45+00:00,9377.13,3
2026-07-20T21:32:57+00:00,9377.15,3
2026-07-20T21:43:09+00:00,9377.17,3
2026-07-20T21:53:21+00:00,9377.19,3
2026-07-20T22:03:32+00:00,9373.7,4
2026-07-20T22:13:44+00:00,9373.73,4
2026-07-20T22:23:55+00:00,9373.77,4
2026-07-20T22:34:07+00:00,9373.8,4
2026-07-20T22:44:22+00:00,9373.84,4
2026-07-20T22:54:33+00:00,9373.87,4
2026-07-20T23:04:45+00:00,9373.89,4
2026-07-20T23:14:56+00:00,9373.9,4
2026-07-20T23:35:34+00:00,9373.92,4
2026-07-20T23:45:45+00:00,9373.93,4
2026-07-20T23:55:57+00:00,9373.95,4
2026-07-21T00:06:07+00:00,9373.96,4
2026-07-21T00:16:18+00:00,9373.98,4
2026-07-21T00:26:28+00:00,9373.99,4
2026-07-21T00:36:39+00:00,9374.01,4
2026-07-21T00:46:50+00:00,9374.02,4
2026-07-21T00:57:01+00:00,9374.03,4
2026-07-21T01:07:12+00:00,9370.54,3
2026-07-21T01:17:23+00:00,9370.57,3
2026-07-21T01:27:34+00:00,9370.59,3
2026-07-21T01:37:44+00:00,9370.62,3
2026-07-21T01:47:55+00:00,9370.64,3
2026-07-21T01:58:06+00:00,9370.67,3
2026-07-21T02:08:17+00:00,9370.68,3
2026-07-21T02:18:29+00:00,9370.7,3
2026-07-21T02:28:40+00:00,9370.72,3
2026-07-21T02:38:51+00:00,9370.74,3
2026-07-21T02:49:02+00:00,9370.75,3
2026-07-21T02:59:13+00:00,9370.77,3
2026-07-21T03:09:24+00:00,9370.79,3
2026-07-21T03:19:35+00:00,9370.81,3
2026-07-21T03:29:46+00:00,9370.83,3
2026-07-21T03:39:57+00:00,9370.85,3
2026-07-21T03:50:08+00:00,9370.86,3
2026-07-21T04:00:19+00:00,9370.91,3
2026-07-21T04:10:30+00:00,9370.95,3
2026-07-21T04:31:08+00:00,9370.99,3
2026-07-21T04:41:18+00:00,9371.03,3
2026-07-21T04:51:27+00:00,9371.07,3
2026-07-21T05:01:37+00:00,9371.08,3
2026-07-21T05:11:48+00:00,9371.1,3
2026-07-21T05:21:57+00:00,9371.12,3
2026-07-21T05:32:07+00:00,9371.13,3
2026-07-21T05:42:17+00:00,9371.15,3
2026-07-21T05:52:26+00:00,9371.17,3
2026-07-21T06:02:36+00:00,9371.19,3
2026-07-21T06:12:46+00:00,9371.21,3
2026-07-21T06:22:56+00:00,9371.24,3
2026-07-21T06:33:06+00:00,9371.26,3
2026-07-21T06:43:17+00:00,9371.29,3
2026-07-21T06:53:27+00:00,9371.31,3
2026-07-21T07:03:36+00:00,9364.29,1
2026-07-21T07:13:47+00:00,9364.3,1
2026-07-21T07:23:58+00:00,9364.31,1
2026-07-21T07:34:09+00:00,9364.32,1
2026-07-21T07:44:19+00:00,9364.33,1
2026-07-21T07:54:29+00:00,9364.34,1
2026-07-21T08:04:39+00:00,9364.35,1
2026-07-21T08:14:49+00:00,9364.36,1
2026-07-21T08:24:58+00:00,9364.37,1
2026-07-21T08:35:08+00:00,9364.38,1
2026-07-21T08:45:18+00:00,9364.39,1
2026-07-21T08:55:28+00:00,9364.4,1
2026-07-21T09:05:37+00:00,9360.91,2
2026-07-21T09:26:19+00:00,9360.93,2
2026-07-21T09:36:31+00:00,9360.95,2
2026-07-21T09:46:42+00:00,9360.97,2
2026-07-21T09:56:54+00:00,9360.99,2
2026-07-21T10:07:05+00:00,9361.0,2
2026-07-21T10:17:17+00:00,9361.02,2
2026-07-21T10:27:28+00:00,9361.03,2
2026-07-21T10:37:39+00:00,9361.04,2
2026-07-21T10:47:51+00:00,9361.06,2
2026-07-21T10:58:02+00:00,9361.07,2
2026-07-21T11:08:14+00:00,9361.08,2
2026-07-21T11:18:25+00:00,9361.09,2
2026-07-21T11:28:36+00:00,9361.09,2
2026-07-21T11:38:48+00:00,9361.1,2
2026-07-21T11:49:00+00:00,9361.11,2
2026-07-21T11:59:11+00:00,9361.12,2
2026-07-21T12:09:23+00:00,9361.13,2
2026-07-21T12:19:35+00:00,9361.14,2
2026-07-21T12:29:47+00:00,9361.16,2
2026-07-21T12:39:59+00:00,9361.17,2
2026-07-21T12:50:11+00:00,9361.18,2
2026-07-21T13:00:23+00:00,9357.69,3
2026-07-21T13:10:35+00:00,9357.7,3
2026-07-21T13:20:47+00:00,9357.72,3
2026-07-21T13:30:59+00:00,9357.74,3
2026-07-21T13:41:11+00:00,9357.76,3
2026-07-21T13:51:24+00:00,9357.78,3
2026-07-21T14:01:36+00:00,9357.79,3
2026-07-21T14:22:27+00:00,9357.79,3
2026-07-21T14:32:39+00:00,9357.8,3
2026-07-21T14:42:51+00:00,9357.81,3
2026-07-21T14:53:02+00:00,9357.82,3
2026-07-21T15:03:14+00:00,9350.8,1
2026-07-21T15:13:27+00:00,9350.8,1
2026-07-21T15:23:38+00:00,9350.8,1
2026-07-21T15:33:51+00:00,9350.81,1
2026-07-21T15:44:03+00:00,9350.81,1
2026-07-21T15:54:15+00:00,9350.81,1
2026-07-21T16:04:27+00:00,9350.81,1
2026-07-21T16:14:39+00:00,9350.81,1
2026-07-21T16:24:51+00:00,9350.81,1
2026-07-21T16:35:02+00:00,9350.81,1
2026-07-21T16:45:14+00:00,9350.82,1
2026-07-21T16:55:27+00:00,9350.82,1
2026-07-21T17:05:40+00:00,9347.31,2
2026-07-21T17:15:52+00:00,9347.32,2
2026-07-21T17:26:04+00:00,9347.32,2
2026-07-21T17:36:16+00:00,9347.33,2
2026-07-21T17:46:27+00:00,9347.34,2
2026-07-21T17:56:39+00:00,9347.34,2
2026-07-21T18:06:51+00:00,9343.84,1
2026-07-21T18:17:04+00:00,9343.84,1
2026-07-21T18:27:16+00:00,9343.85,1
2026-07-21T18:37:28+00:00,9343.86,1
2026-07-21T18:47:40+00:00,9343.86,1
2026-07-21T18:57:52+00:00,9343.87,1
2026-07-21T19:18:30+00:00,9343.87,2
2026-07-21T19:28:42+00:00,9343.87,2
2026-07-21T19:38:55+00:00,9343.87,2
2026-07-21T19:49:07+00:00,9343.87,2
2026-07-21T19:59:19+00:00,9343.87,2
2026-07-21T20:09:31+00:00,9343.88,2
2026-07-21T20:19:43+00:00,9343.88,2
2026-07-21T20:29:54+00:00,9343.88,2
2026-07-21T20:40:06+00:00,9343.88,2
2026-07-21T20:50:18+00:00,9343.88,2
2026-07-21T21:00:31+00:00,9343.89,2
2026-07-21T21:10:43+00:00,9343.89,2
2026-07-21T21:20:55+00:00,9343.9,2
2026-07-21T21:31:07+00:00,9343.9,2
2026-07-21T21:41:19+00:00,9343.9,2
2026-07-21T21:51:31+00:00,9343.91,2
2026-07-21T22:01:43+00:00,9343.91,2
2026-07-21T22:11:55+00:00,9343.92,2
2026-07-21T22:22:07+00:00,9343.92,2
2026-07-21T22:32:19+00:00,9343.93,2
2026-07-21T22:42:32+00:00,9343.93,2
2026-07-21T22:52:45+00:00,9343.94,2
2026-07-21T23:02:57+00:00,9343.94,2
2026-07-21T23:13:09+00:00,9343.94,2
2026-07-21T23:23:21+00:00,9343.95,2
2026-07-21T23:33:32+00:00,9343.95,2
2026-07-21T23:43:44+00:00,9343.96,2
2026-07-21T23:53:56+00:00,9343.96,2
2026-07-22T00:14:41+00:00,9343.96,2
2026-07-22T00:24:56+00:00,9343.96,2
2026-07-22T00:35:09+00:00,9343.97,2
2026-07-22T00:45:22+00:00,9343.97,2
2026-07-22T00:55:37+00:00,9343.97,2
2026-07-22T01:05:52+00:00,9340.47,3
2026-07-22T01:16:06+00:00,9340.48,3
2026-07-22T01:26:19+00:00,9340.49,3
2026-07-22T01:36:33+00:00,9340.5,3
2026-07-22T01:46:47+00:00,9340.51,3
2026-07-22T01:57:00+00:00,9340.52,3
2026-07-22T02:07:13+00:00,9333.52,1
2026-07-22T02:17:26+00:00,9333.52,1
2026-07-22T02:27:39+00:00,9333.52,1
2026-07-22T02:37:52+00:00,9333.52,1
2026-07-22T02:48:05+00:00,9333.53,1
2026-07-22T02:58:18+00:00,9333.53,1
2026-07-22T03:08:32+00:00,9333.53,1
2026-07-22T03:18:46+00:00,9333.53,1
2026-07-22T03:28:59+00:00,9333.53,1
2026-07-22T03:39:12+00:00,9333.53,1
2026-07-22T03:49:25+00:00,9333.53,1
2026-07-22T03:59:39+00:00,9333.53,1
2026-07-22T04:09:52+00:00,9333.53,1
2026-07-22T04:20:05+00:00,9333.53,1
2026-07-22T04:30:18+00:00,9333.53,1
2026-07-22T04:40:33+00:00,9333.53,1
2026-07-22T04:50:46+00:00,9333.53,1
2026-07-22T05:11:27+00:00,9326.53,1
2026-07-22T05:21:40+00:00,9326.53,1
2026-07-22T05:31:52+00:00,9326.54,1
2026-07-22T05:42:04+00:00,9326.54,1
2026-07-22T05:52:17+00:00,9326.54,1
2026-07-22T06:02:30+00:00,9323.04,2
2026-07-22T06:12:42+00:00,9323.04,2
2026-07-22T06:22:55+00:00,9323.05,2
2026-07-22T06:33:08+00:00,9323.05,2
2026-07-22T06:43:20+00:00,9323.05,2
2026-07-22T06:53:33+00:00,9323.05,2
2026-07-22T07:03:45+00:00,9323.06,2
2026-07-22T07:13:58+00:00,9323.06,2
2026-07-22T07:24:10+00:00,9323.07,2
2026-07-22T07:34:25+00:00,9323.07,2
2026-07-22T07:44:37+00:00,9323.07,2
2026-07-22T07:54:49+00:00,9323.08,2
2026-07-22T08:05:02+00:00,9319.58,1
2026-07-22T08:15:15+00:00,9319.58,1
2026-07-22T08:25:27+00:00,9319.58,1
2026-07-22T08:35:40+00:00,9319.59,1
2026-07-22T08:45:52+00:00,9319.59,1
2026-07-22T08:56:05+00:00,9319.59,1
2026-07-22T09:06:18+00:00,9316.1,2
2026-07-22T09:16:31+00:00,9316.11,2
2026-07-22T09:26:44+00:00,9316.12,2
2026-07-22T09:36:56+00:00,9316.13,2
2026-07-22T09:47:09+00:00,9316.14,2
2026-07-22T10:07:48+00:00,9316.15,2
2026-07-22T10:18:01+00:00,9316.16,2
2026-07-22T10:28:13+00:00,9316.17,2
2026-07-22T10:38:26+00:00,9316.17,2
2026-07-22T10:48:39+00:00,9316.18,2
2026-07-22T10:58:51+00:00,9316.19,2
2026-07-22T11:09:04+00:00,9316.2,2
2026-07-22T11:19:17+00:00,9316.21,2
2026-07-22T11:29:30+00:00,9316.22,2
2026-07-22T11:39:42+00:00,9316.23,2
2026-07-22T11:49:55+00:00,9316.24,2
2026-07-22T12:00:08+00:00,9312.75,3
2026-07-22T12:10:22+00:00,9312.77,3
2026-07-22T12:20:35+00:00,9312.79,3
2026-07-22T12:30:48+00:00,9312.8,3
2026-07-22T12:41:01+00:00,9312.82,3
2026-07-22T12:51:14+00:00,9312.83,3
2026-07-22T13:01:27+00:00,9309.34,2
2026-07-22T13:11:48+00:00,9309.35,2
2026-07-22T13:22:09+00:00,9309.35,2
2026-07-22T13:32:30+00:00,9309.36,2
2026-07-22T13:42:52+00:00,9309.37,2
2026-07-22T13:53:13+00:00,9309.37,2
2026-07-22T14:03:34+00:00,9305.89,3
2026-07-22T14:13:55+00:00,9305.91,3
2026-07-22T14:24:17+00:00,9305.92,3
2026-07-22T14:34:38+00:00,9305.93,3
2026-07-22T14:44:59+00:00,9305.95,3
2026-07-22T15:06:02+00:00,9302.46,2
2026-07-22T15:16:27+00:00,9302.47,2
2026-07-22T15:26:49+00:00,9302.47,2
2026-07-22T15:37:12+00:00,9302.48,2
2026-07-22T15:47:35+00:00,9302.49,2
2026-07-22T15:57:57+00:00,9302.49,2
2026-07-22T16:08:20+00:00,9302.5,2
2026-07-22T16:18:43+00:00,9302.52,2
2026-07-22T16:29:06+00:00,9302.53,2
2026-07-22T16:39:28+00:00,9302.54,2
2026-07-22T16:49:51+00:00,9302.55,2
2026-07-22T17:00:15+00:00,9299.07,1
2026-07-22T17:10:38+00:00,9299.07,1
2026-07-22T17:21:01+00:00,9299.08,1
2026-07-22T17:31:24+00:00,9299.08,1
2026-07-22T17:41:47+00:00,9299.09,1
2026-07-22T17:52:09+00:00,9299.09,1
2026-07-22T18:02:32+00:00,9292.12,1
2026-07-22T18:12:55+00:00,9292.12,1
2026-07-22T18:23:18+00:00,9292.12,1
2026-07-22T18:33:40+00:00,9292.12,1
2026-07-22T18:44:03+00:00,9292.12,1
2026-07-22T18:54:26+00:00,9292.13,1
2026-07-22T19:04:55+00:00,9292.13,1
2026-07-22T19:15:18+00:00,9292.13,1
2026-07-22T19:25:40+00:00,9292.13,1
2026-07-22T19:36:03+00:00,9292.13,1
2026-07-22T19:57:07+00:00,9292.14,1
2026-07-22T20:07:29+00:00,9292.14,1
2026-07-22T20:17:50+00:00,9292.14,1
2026-07-22T20:28:11+00:00,9292.14,1
2026-07-22T20:38:33+00:00,9292.14,1
2026-07-22T20:48:55+00:00,9292.14,1
2026-07-22T20:59:16+00:00,9292.15,1
2026-07-22T21:09:38+00:00,9292.15,1
2026-07-22T21:19:59+00:00,9292.15,1
2026-07-22T21:30:21+00:00,9292.15,1
2026-07-22T21:40:42+00:00,9292.16,1
2026-07-22T21:51:04+00:00,9292.16,1
2026-07-22T22:01:25+00:00,9292.16,1
2026-07-22T22:11:47+00:00,9292.16,1
2026-07-22T22:22:09+00:00,9292.17,1
2026-07-22T22:32:31+00:00,9292.17,1
2026-07-22T22:42:52+00:00,9292.17,1
2026-07-22T22:53:14+00:00,9292.18,1
2026-07-22T23:03:36+00:00,9292.18,1
2026-07-22T23:13:57+00:00,9292.18,1
2026-07-22T23:24:19+00:00,9292.19,1
2026-07-22T23:34:41+00:00,9292.19,1
2026-07-22T23:45:03+00:00,9292.19,1
2026-07-22T23:55:24+00:00,9292.2,1
2026-07-23T00:05:46+00:00,9288.71,2
2026-07-23T00:16:08+00:00,9288.72,2
2026-07-23T00:26:30+00:00,9288.72,2
2026-07-23T00:47:26+00:00,9288.73,2
2026-07-23T00:57:46+00:00,9288.73,2
2026-07-23T01:08:06+00:00,9278.28,1
2026-07-23T01:18:25+00:00,9278.28,1
2026-07-23T01:28:45+00:00,9278.29,1
2026-07-23T01:39:04+00:00,9278.29,1
2026-07-23T01:49:24+00:00,9278.29,1
2026-07-23T01:59:43+00:00,9278.29,1
2026-07-23T02:10:04+00:00,9274.8,0
2026-07-23T02:20:25+00:00,9274.8,0
2026-07-23T02:30:45+00:00,9274.8,0
2026-07-23T02:41:05+00:00,9274.8,0
2026-07-23T02:51:25+00:00,9274.8,0
2026-07-23T03:01:45+00:00,9271.33,1
2026-07-23T03:12:06+00:00,9271.33,1
2026-07-23T03:22:26+00:00,9271.34,1
2026-07-23T03:32:46+00:00,9271.35,1
2026-07-23T03:43:06+00:00,9271.36,1
2026-07-23T03:53:26+00:00,9271.37,1
2026-07-23T04:03:46+00:00,9271.37,1
2026-07-23T04:14:06+00:00,9271.37,1
2026-07-23T04:24:26+00:00,9271.38,1
2026-07-23T04:34:50+00:00,9271.38,1
2026-07-23T04:45:11+00:00,9271.38,1
2026-07-23T04:55:31+00:00,9271.38,1
2026-07-23T05:05:52+00:00,9267.91,2
2026-07-23T05:16:13+00:00,9267.92,2
2026-07-23T05:26:34+00:00,9267.92,2
2026-07-23T05:47:35+00:00,9267.93,2
2026-07-23T05:57:59+00:00,9267.93,2
2026-07-23T06:08:22+00:00,9264.46,3
2026-07-23T06:18:45+00:00,9264.47,3
2026-07-23T06:29:08+00:00,9264.48,3
2026-07-23T06:39:32+00:00,9264.49,3
2026-07-23T06:49:55+00:00,9264.5,3
2026-07-23T07:00:19+00:00,9264.51,3
2026-07-23T07:10:42+00:00,9264.53,3
2026-07-23T07:21:05+00:00,9264.55,3
2026-07-23T07:31:29+00:00,9264.57,3
2026-07-23T07:41:52+00:00,9264.59,3
2026-07-23T07:52:16+00:00,9264.61,3
2026-07-23T08:02:41+00:00,9264.62,3
2026-07-23T08:13:05+00:00,9264.63,3
2026-07-23T08:23:29+00:00,9264.64,3
2026-07-23T08:33:53+00:00,9264.66,3
2026-07-23T08:44:17+00:00,9264.67,3
2026-07-23T08:54:41+00:00,9264.68,3
2026-07-23T09:05:06+00:00,9264.69,3
2026-07-23T09:15:30+00:00,9264.7,3
2026-07-23T09:25:55+00:00,9264.72,3
2026-07-23T09:36:19+00:00,9264.73,3
2026-07-23T09:46:43+00:00,9264.74,3
2026-07-23T09:57:08+00:00,9264.75,3
2026-07-23T10:07:32+00:00,9261.28,2
2026-07-23T10:17:57+00:00,9261.29,2
2026-07-23T10:39:05+00:00,9261.29,2
2026-07-23T10:49:31+00:00,9261.3,2
2026-07-23T10:59:57+00:00,9261.31,2
2026-07-23T11:10:23+00:00,9261.32,2
2026-07-23T11:20:49+00:00,9261.32,2
2026-07-23T11:31:15+00:00,9261.33,2
2026-07-23T11:41:41+00:00,9261.34,2
2026-07-23T11:52:08+00:00,9261.34,2
2026-07-23T12:02:34+00:00,9257.88,3
2026-07-23T12:12:59+00:00,9257.88,3
2026-07-23T12:23:25+00:00,9257.89,3
2026-07-23T12:33:51+00:00,9257.9,3
2026-07-23T12:44:18+00:00,9257.91,3
2026-07-23T12:51:04+00:00,9257.91,3
2026-07-23T13:01:32+00:00,9250.97,1
2026-07-23T13:12:00+00:00,9250.97,1
2026-07-23T13:22:30+00:00,9250.97,1
2026-07-23T13:32:59+00:00,9250.97,1
2026-07-23T13:43:27+00:00,9250.97,1
2026-07-23T13:53:55+00:00,9250.97,1
2026-07-23T14:04:23+00:00,9247.52,2
2026-07-23T14:14:51+00:00,9247.53,2
2026-07-23T14:25:19+00:00,9247.55,2
2026-07-23T14:35:47+00:00,9247.56,2
2026-07-23T14:46:16+00:00,9247.58,2
2026-07-23T14:56:44+00:00,9247.59,2
2026-07-23T15:07:12+00:00,9244.13,3
2026-07-23T15:17:40+00:00,9244.15,3
2026-07-23T15:28:09+00:00,9244.16,3
2026-07-23T15:38:37+00:00,9244.18,3
2026-07-23T15:49:06+00:00,9244.2,3
2026-07-23T15:59:34+00:00,9244.21,3
2026-07-23T16:10:02+00:00,9240.76,4
2026-07-23T16:20:30+00:00,9240.78,4
2026-07-23T16:30:59+00:00,9240.79,4
2026-07-23T16:41:27+00:00,9240.81,4
2026-07-23T16:51:56+00:00,9240.83,4
2026-07-23T17:02:24+00:00,9240.84,4
2026-07-23T17:12:52+00:00,9240.86,4
2026-07-23T17:23:21+00:00,9240.88,4
2026-07-23T17:33:50+00:00,9240.9,4
2026-07-23T17:55:00+00:00,9240.91,4
2026-07-23T18:05:26+00:00,9240.94,4
2026-07-23T18:15:52+00:00,9240.97,4
2026-07-23T18:26:18+00:00,9241.0,4
2026-07-23T18:36:44+00:00,9241.03,4
2026-07-23T18:47:11+00:00,9241.06,4
2026-07-23T18:57:38+00:00,9241.08,4
2026-07-23T19:08:05+00:00,9237.63,3
2026-07-23T19:18:32+00:00,9237.65,3
2026-07-23T19:28:59+00:00,9237.67,3
2026-07-23T19:39:26+00:00,9237.69,3
2026-07-23T19:49:53+00:00,9237.7,3
2026-07-23T20:00:20+00:00,9237.72,3
2026-07-23T20:10:47+00:00,9237.73,3
2026-07-23T20:21:14+00:00,9237.75,3
2026-07-23T20:31:42+00:00,9237.76,3
2026-07-23T20:42:09+00:00,9237.78,3
2026-07-23T20:52:36+00:00,9237.79,3
2026-07-23T21:03:03+00:00,9234.34,4
2026-07-23T21:13:30+00:00,9234.35,4
2026-07-23T21:23:57+00:00,9234.37,4
2026-07-23T21:34:25+00:00,9234.39,4
2026-07-23T21:44:52+00:00,9234.4,4
2026-07-23T21:55:19+00:00,9234.42,4
2026-07-23T22:05:46+00:00,9230.97,3
2026-07-23T22:16:13+00:00,9230.98,3
2026-07-23T22:26:40+00:00,9230.99,3
2026-07-23T22:47:52+00:00,9231.0,3
2026-07-23T22:58:20+00:00,9231.02,3
2026-07-23T23:08:49+00:00,9231.03,3
2026-07-23T23:19:18+00:00,9231.04,3
2026-07-23T23:29:46+00:00,9231.05,3
2026-07-23T23:40:14+00:00,9231.06,3
2026-07-23T23:50:45+00:00,9231.08,3
2026-07-24T00:01:13+00:00,9227.63,4
2026-07-24T00:11:41+00:00,9227.64,4
2026-07-24T00:22:10+00:00,9227.66,4
2026-07-24T00:32:38+00:00,9227.68,4
2026-07-24T00:43:06+00:00,9227.7,4
2026-07-24T00:53:34+00:00,9227.71,4
2026-07-24T01:04:02+00:00,9227.72,4
2026-07-24T01:14:32+00:00,9227.73,4
2026-07-24T01:25:00+00:00,9227.74,4
2026-07-24T01:35:28+00:00,9227.75,4
2026-07-24T01:45:57+00:00,9227.76,4
2026-07-24T01:56:25+00:00,9227.77,4
2026-07-24T02:06:54+00:00,9220.86,2
2026-07-24T02:17:22+00:00,9220.87,2
2026-07-24T02:27:51+00:00,9220.88,2
2026-07-24T02:38:19+00:00,9220.89,2
2026-07-24T02:48:47+00:00,9220.9,2
2026-07-24T02:59:16+00:00,9220.91,2
2026-07-24T03:09:44+00:00,9220.92,2
2026-07-24T03:20:12+00:00,9220.93,2
2026-07-24T03:41:25+00:00,9220.94,2
2026-07-24T03:51:51+00:00,9220.95,2
2026-07-24T04:02:17+00:00,9214.05,4
2026-07-24T04:12:44+00:00,9214.07,4
2026-07-24T04:23:12+00:00,9214.1,4
2026-07-24T04:33:40+00:00,9214.13,4
2026-07-24T04:44:07+00:00,9214.15,4
2026-07-24T04:54:33+00:00,9214.18,4
2026-07-24T05:00:53+00:00,9214.2,4
2026-07-24T05:11:22+00:00,9214.22,4
2026-07-24T05:21:50+00:00,9214.24,4
2026-07-24T05:32:19+00:00,9214.26,4
2026-07-24T05:42:48+00:00,9214.28,4
2026-07-24T05:53:16+00:00,9214.3,4
2026-07-24T06:03:45+00:00,9214.32,4
2026-07-24T06:14:14+00:00,9214.35,4
2026-07-24T06:24:42+00:00,9214.37,4
2026-07-24T06:35:12+00:00,9214.39,4
2026-07-24T06:45:41+00:00,9214.41,4
2026-07-24T06:56:10+00:00,9214.43,4
2026-07-24T07:06:39+00:00,9214.44,4
2026-07-24T07:17:08+00:00,9214.46,4
2026-07-24T07:27:36+00:00,9214.47,4
2026-07-24T07:38:05+00:00,9214.49,4
2026-07-24T07:48:34+00:00,9214.5,4
2026-07-24T07:59:03+00:00,9214.52,4
2026-07-24T08:09:32+00:00,9214.53,4
2026-07-24T08:20:01+00:00,9214.54,4
2026-07-24T08:30:31+00:00,9214.55,4
2026-07-24T08:41:00+00:00,9214.56,4
2026-07-24T08:51:29+00:00,9214.57,4
2026-07-24T09:01:57+00:00,9211.12,3
2026-07-24T09:12:25+00:00,9211.13,3
2026-07-24T09:22:54+00:00,9211.13,3
2026-07-24T09:33:22+00:00,9211.14,3
2026-07-24T09:43:51+00:00,9211.15,3
2026-07-24T10:05:09+00:00,9207.7,4
2026-07-24T10:15:41+00:00,9207.72,4
2026-07-24T10:26:13+00:00,9207.74,4
2026-07-24T10:36:45+00:00,9207.76,4
2026-07-24T10:47:19+00:00,9207.78,4
2026-07-24T10:57:51+00:00,9207.8,4
2026-07-24T11:08:23+00:00,9207.82,4
2026-07-24T11:18:56+00:00,9207.83,4
2026-07-24T11:29:28+00:00,9207.85,4
2026-07-24T11:39:59+00:00,9207.86,4
2026-07-24T11:50:30+00:00,9207.87,4
2026-07-24T12:01:02+00:00,9204.42,3
2026-07-24T12:11:33+00:00,9204.43,3
2026-07-24T12:22:04+00:00,9204.44,3
2026-07-24T12:32:36+00:00,9204.45,3
2026-07-24T12:43:08+00:00,9204.45,3
2026-07-24T12:53:40+00:00,9204.46,3
2026-07-24T13:04:12+00:00,9204.47,3
2026-07-24T13:14:45+00:00,9204.48,3
2026-07-24T13:25:19+00:00,9204.49,3
2026-07-24T13:35:51+00:00,9204.5,3
2026-07-24T13:46:24+00:00,9204.51,3
2026-07-24T13:56:57+00:00,9204.52,3
2026-07-24T14:07:30+00:00,9201.07,2
2026-07-24T14:18:09+00:00,9201.09,2
2026-07-24T14:28:40+00:00,9201.1,2
2026-07-24T14:39:12+00:00,9201.11,2
2026-07-24T15:00:33+00:00,9197.67,1
2026-07-24T15:11:03+00:00,9197.67,1
2026-07-24T15:21:33+00:00,9197.68,1
2026-07-24T15:32:03+00:00,9197.68,1
2026-07-24T15:42:34+00:00,9197.69,1
2026-07-24T15:53:05+00:00,9197.69,1
2026-07-24T16:03:36+00:00,9190.8,3
2026-07-24T16:14:06+00:00,9190.82,3
2026-07-24T16:24:39+00:00,9190.83,3
2026-07-24T16:35:11+00:00,9190.85,3
2026-07-24T16:45:41+00:00,9190.86,3
2026-07-24T16:56:12+00:00,9190.88,3
2026-07-24T17:06:43+00:00,9187.44,2
2026-07-24T17:17:14+00:00,9187.44,2
2026-07-24T17:27:45+00:00,9187.45,2
2026-07-24T17:38:16+00:00,9187.46,2
2026-07-24T17:48:46+00:00,9187.47,2
2026-07-24T17:59:17+00:00,9187.47,2
2026-07-24T18:09:49+00:00,9187.49,2
2026-07-24T18:20:19+00:00,9187.5,2
2026-07-24T18:30:50+00:00,9187.51,2
2026-07-24T18:41:21+00:00,9187.52,2
2026-07-24T18:51:51+00:00,9187.54,2
2026-07-24T19:02:21+00:00,9187.54,2
2026-07-24T19:12:52+00:00,9187.55,2
2026-07-24T19:23:21+00:00,9187.56,2
2026-07-24T19:33:52+00:00,9187.57,2
2026-07-24T19:55:07+00:00,9187.58,2
2026-07-24T20:05:37+00:00,9187.58,2
2026-07-24T20:16:07+00:00,9187.59,2
2026-07-24T20:26:37+00:00,9187.59,2
2026-07-24T20:37:07+00:00,9187.6,2
2026-07-24T20:47:38+00:00,9187.61,2
2026-07-24T20:58:08+00:00,9187.61,2
2026-07-24T21:08:38+00:00,9187.62,2
2026-07-24T21:19:08+00:00,9187.62,2
2026-07-24T21:29:38+00:00,9187.63,2
2026-07-24T21:40:09+00:00,9187.63,2
2026-07-24T21:50:39+00:00,9187.64,2
2026-07-24T22:01:10+00:00,9187.65,2
2026-07-24T22:11:41+00:00,9187.66,2
2026-07-24T22:22:11+00:00,9187.66,2
2026-07-24T22:32:41+00:00,9187.67,2
2026-07-24T22:43:11+00:00,9187.68,2
2026-07-24T22:53:42+00:00,9187.69,2
2026-07-24T23:04:12+00:00,9187.69,2
2026-07-24T23:14:43+00:00,9187.7,2
2026-07-24T23:25:13+00:00,9187.71,2
2026-07-24T23:35:43+00:00,9187.71,2
2026-07-24T23:46:14+00:00,9187.72,2
2026-07-24T23:56:49+00:00,9187.72,2
2026-07-25T00:07:20+00:00,9184.28,1
2026-07-25T00:17:50+00:00,9184.29,1
2026-07-25T00:28:21+00:00,9184.29,1
2026-07-25T00:49:37+00:00,9184.3,1
2026-07-25T01:00:07+00:00,9180.85,2
2026-07-25T01:10:38+00:00,9180.86,2
2026-07-25T01:21:08+00:00,9180.88,2
2026-07-25T01:31:39+00:00,9180.89,2
2026-07-25T01:42:10+00:00,9180.9,2
2026-07-25T01:52:41+00:00,9180.91,2
2026-07-25T02:03:12+00:00,9177.48,3
2026-07-25T02:13:43+00:00,9177.49,3
2026-07-25T02:24:14+00:00,9177.5,3
2026-07-25T02:34:45+00:00,9177.52,3
2026-07-25T02:45:17+00:00,9177.53,3
2026-07-25T02:55:52+00:00,9177.55,3
2026-07-25T03:06:23+00:00,9177.55,3
2026-07-25T03:16:54+00:00,9177.56,3
2026-07-25T03:27:26+00:00,9177.57,3
2026-07-25T03:37:57+00:00,9177.58,3
2026-07-25T03:48:28+00:00,9177.59,3
2026-07-25T03:58:59+00:00,9177.6,3
2026-07-25T04:09:31+00:00,9177.61,3
2026-07-25T04:20:02+00:00,9177.62,3
2026-07-25T04:30:32+00:00,9177.63,3
2026-07-25T04:41:03+00:00,9177.64,3
2026-07-25T04:51:34+00:00,9177.64,3
2026-07-25T05:02:05+00:00,9174.21,2
2026-07-25T05:12:36+00:00,9174.21,2
2026-07-25T05:23:07+00:00,9174.21,2
2026-07-25T05:44:28+00:00,9174.22,2
2026-07-25T05:54:59+00:00,9174.22,2
2026-07-25T06:05:30+00:00,9167.34,2
2026-07-25T06:16:01+00:00,9167.34,2
2026-07-25T06:26:32+00:00,9167.35,2
2026-07-25T06:37:03+00:00,9167.35,2
2026-07-25T06:47:34+00:00,9167.35,2
2026-07-25T06:58:05+00:00,9167.36,2
2026-07-25T07:08:36+00:00,9163.92,3
2026-07-25T07:19:07+00:00,9163.92,3
2026-07-25T07:29:38+00:00,9163.92,3
2026-07-25T07:40:09+00:00,9163.93,3
2026-07-25T07:50:41+00:00,9163.93,3
2026-07-25T08:01:13+00:00,9153.62,0
2026-07-25T08:11:45+00:00,9153.62,0
2026-07-25T08:22:18+00:00,9153.62,0
2026-07-25T08:32:50+00:00,9153.62,0
2026-07-25T08:43:23+00:00,9153.62,0
2026-07-25T08:53:55+00:00,9153.62,0
2026-07-25T09:04:28+00:00,9150.18,1
2026-07-25T09:15:01+00:00,9150.19,1
2026-07-25T09:25:33+00:00,9150.19,1
2026-07-25T09:36:06+00:00,9150.19,1
2026-07-25T09:46:38+00:00,9150.2,1
2026-07-25T09:57:10+00:00,9150.2,1
2026-07-25T10:07:43+00:00,9150.2,1
2026-07-25T10:18:16+00:00,9150.2,1
2026-07-25T10:39:36+00:00,9150.2,1
2026-07-25T10:50:08+00:00,9150.2,1
2026-07-25T11:00:40+00:00,9146.78,2
2026-07-25T11:11:16+00:00,9146.78,2
2026-07-25T11:21:50+00:00,9146.78,2
2026-07-25T11:32:23+00:00,9146.79,2
2026-07-25T11:42:57+00:00,9146.79,2
2026-07-25T11:53:30+00:00,9146.8,2
2026-07-25T12:04:03+00:00,9143.37,1
2026-07-25T12:14:36+00:00,9143.37,1
2026-07-25T12:25:08+00:00,9143.37,1
2026-07-25T12:35:41+00:00,9143.37,1
2026-07-25T12:46:17+00:00,9143.37,1
2026-07-25T12:56:51+00:00,9143.37,1
2026-07-25T13:07:25+00:00,9139.94,2
2026-07-25T13:17:58+00:00,9139.94,2
2026-07-25T13:28:32+00:00,9139.95,2
2026-07-25T13:39:05+00:00,9139.95,2
2026-07-25T13:49:37+00:00,9139.96,2
2026-07-25T14:00:12+00:00,9136.54,3
2026-07-25T14:10:45+00:00,9136.54,3
2026-07-25T14:21:18+00:00,9136.55,3
2026-07-25T14:31:51+00:00,9136.56,3
2026-07-25T14:42:24+00:00,9136.56,3
2026-07-25T14:52:58+00:00,9136.57,3
2026-07-25T15:03:32+00:00,9136.58,3
2026-07-25T15:14:06+00:00,9136.59,3
2026-07-25T15:35:28+00:00,9136.6,3
2026-07-25T15:46:06+00:00,9136.61,3
2026-07-25T15:56:31+00:00,9136.62,3
2026-07-25T16:06:57+00:00,9136.62,3
2026-07-25T16:17:22+00:00,9136.63,3
2026-07-25T16:27:48+00:00,9136.64,3
2026-07-25T16:38:15+00:00,9136.64,3
2026-07-25T16:48:40+00:00,9136.65,3
2026-07-25T16:59:05+00:00,9136.65,3
2026-07-25T17:09:31+00:00,9133.24,4
2026-07-25T17:19:56+00:00,9133.25,4
2026-07-25T17:30:26+00:00,9133.26,4
2026-07-25T17:40:51+00:00,9133.27,4
2026-07-25T17:51:17+00:00,9133.28,4
2026-07-25T18:01:43+00:00,9126.44,2
2026-07-25T18:12:08+00:00,9126.44,2
2026-07-25T18:22:38+00:00,9126.45,2
2026-07-25T18:33:05+00:00,9126.45,2
2026-07-25T18:43:31+00:00,9126.46,2
2026-07-25T18:53:55+00:00,9126.47,2
2026-07-25T19:04:20+00:00,9119.63,2
2026-07-25T19:14:46+00:00,9119.63,2
2026-07-25T19:25:10+00:00,9119.64,2
2026-07-25T19:35:36+00:00,9119.65,2
2026-07-25T19:46:02+00:00,9119.66,2
2026-07-25T19:56:29+00:00,9119.66,2
2026-07-25T20:06:54+00:00,9119.67,2
2026-07-25T20:28:11+00:00,9119.68,2
2026-07-25T20:38:45+00:00,9119.69,2
2026-07-25T20:49:19+00:00,9119.7,2
2026-07-25T20:59:53+00:00,9119.71,2
2026-07-25T21:10:28+00:00,9119.72,2
2026-07-25T21:21:02+00:00,9119.73,2
2026-07-25T21:31:37+00:00,9119.73,2
2026-07-25T21:42:11+00:00,9119.74,2
2026-07-25T21:52:46+00:00,9119.75,2
2026-07-25T22:03:20+00:00,9116.34,3
2026-07-25T22:13:54+00:00,9116.34,3
2026-07-25T22:24:27+00:00,9116.35,3
2026-07-25T22:35:01+00:00,9116.36,3
2026-07-25T22:45:36+00:00,9116.37,3
2026-07-25T22:56:10+00:00,9116.38,3
2026-07-25T23:06:44+00:00,9112.97,4
2026-07-25T23:17:19+00:00,9112.98,4
2026-07-25T23:27:54+00:00,9112.99,4
2026-07-25T23:38:28+00:00,9113.01,4
2026-07-25T23:49:02+00:00,9113.02,4
2026-07-25T23:59:36+00:00,9113.03,4
2026-07-26T00:10:10+00:00,9109.62,3
2026-07-26T00:20:44+00:00,9109.64,3
2026-07-26T00:31:18+00:00,9109.65,3
2026-07-26T00:41:53+00:00,9109.66,3
2026-07-26T00:52:28+00:00,9109.67,3
2026-07-26T01:03:03+00:00,9109.69,3
2026-07-26T01:24:34+00:00,9109.7,3
2026-07-26T01:35:08+00:00,9109.72,3
2026-07-26T01:45:43+00:00,9109.73,3
2026-07-26T01:56:17+00:00,9109.74,3
2026-07-26T02:06:52+00:00,9109.76,3
2026-07-26T02:17:27+00:00,9109.78,3
2026-07-26T02:28:02+00:00,9109.79,3
2026-07-26T02:38:37+00:00,9109.81,3
2026-07-26T02:49:12+00:00,9109.82,3
2026-07-26T02:59:46+00:00,9109.84,3
2026-07-26T03:10:21+00:00,9109.86,3
2026-07-26T03:20:56+00:00,9109.89,3
2026-07-26T03:31:31+00:00,9109.91,3
2026-07-26T03:42:05+00:00,9109.94,3
2026-07-26T03:52:40+00:00,9109.96,3
2026-07-26T04:03:16+00:00,9106.57,4
2026-07-26T04:13:51+00:00,9106.59,4
2026-07-26T04:24:26+00:00,9106.62,4
2026-07-26T04:35:01+00:00,9106.64,4
2026-07-26T04:45:36+00:00,9106.66,4
2026-07-26T04:56:10+00:00,9106.69,4
2026-07-26T05:06:46+00:00,9106.71,4
2026-07-26T05:17:21+00:00,9106.74,4
2026-07-26T05:27:56+00:00,9106.77,4
2026-07-26T05:38:32+00:00,9106.79,4
2026-07-26T05:49:07+00:00,9106.82,4
2026-07-26T05:59:42+00:00,9106.84,4
2026-07-26T06:21:23+00:00,9106.86,4
2026-07-26T06:31:58+00:00,9106.88,4
2026-07-26T06:42:34+00:00,9106.9,4
2026-07-26T06:53:09+00:00,9106.92,4
2026-07-26T07:03:44+00:00,9103.5,3
2026-07-26T07:14:19+00:00,9103.5,3
2026-07-26T07:24:55+00:00,9103.5,3
2026-07-26T07:35:30+00:00,9103.5,3
2026-07-26T07:46:05+00:00,9103.5,3
2026-07-26T07:56:40+00:00,9103.51,3
2026-07-26T08:07:15+00:00,9103.51,3
2026-07-26T08:17:53+00:00,9103.51,3
2026-07-26T08:28:28+00:00,9103.52,3
2026-07-26T08:39:03+00:00,9103.52,3
2026-07-26T08:49:42+00:00,9103.52,3
2026-07-26T09:00:17+00:00,9100.11,2
2026-07-26T09:10:51+00:00,9100.12,2
2026-07-26T09:21:27+00:00,9100.12,2
2026-07-26T09:32:02+00:00,9100.13,2
2026-07-26T09:42:37+00:00,9100.13,2
2026-07-26T09:53:12+00:00,9100.14,2
2026-07-26T10:03:47+00:00,9096.73,3
2026-07-26T10:14:21+00:00,9096.74,3
2026-07-26T10:24:57+00:00,9096.76,3
2026-07-26T10:35:32+00:00,9096.77,3
2026-07-26T10:46:07+00:00,9096.79,3
2026-07-26T10:56:43+00:00,9096.8,3
2026-07-26T11:18:10+00:00,9093.4,4
2026-07-26T11:28:46+00:00,9093.42,4
2026-07-26T11:39:22+00:00,9093.43,4
2026-07-26T11:49:58+00:00,9093.45,4
2026-07-26T12:00:34+00:00,9090.06,3
2026-07-26T12:11:08+00:00,9090.08,3
2026-07-26T12:21:44+00:00,9090.11,3
2026-07-26T12:32:19+00:00,9090.13,3
2026-07-26T12:42:54+00:00,9090.16,3
2026-07-26T12:53:30+00:00,9090.18,3
2026-07-26T13:04:06+00:00,9090.2,3
2026-07-26T13:14:42+00:00,9090.22,3
2026-07-26T13:25:18+00:00,9090.23,3
2026-07-26T13:35:53+00:00,9090.25,3
2026-07-26T13:46:30+00:00,9090.27,3
2026-07-26T13:57:05+00:00,9090.29,3
2026-07-26T14:07:41+00:00,9090.3,3
2026-07-26T14:18:17+00:00,9090.32,3
2026-07-26T14:28:53+00:00,9090.33,3
2026-07-26T14:39:29+00:00,9090.35,3
2026-07-26T14:50:05+00:00,9090.36,3
2026-07-26T15:00:41+00:00,9090.37,3
2026-07-26T15:11:17+00:00,9090.39,3
2026-07-26T15:21:53+00:00,9090.4,3
2026-07-26T15:32:29+00:00,9090.41,3
2026-07-26T15:43:06+00:00,9090.42,3
2026-07-26T15:53:42+00:00,9090.43,3
2026-07-26T16:15:10+00:00,9090.45,3
2026-07-26T16:25:48+00:00,9090.47,3
2026-07-26T16:36:23+00:00,9090.48,3
2026-07-26T16:46:59+00:00,9090.5,3
2026-07-26T16:57:36+00:00,9090.52,3
2026-07-26T17:08:13+00:00,9083.71,3
2026-07-26T17:18:49+00:00,9083.73,3
2026-07-26T17:29:25+00:00,9083.74,3
2026-07-26T17:40:02+00:00,9083.76,3
2026-07-26T17:50:39+00:00,9083.77,3
2026-07-26T18:01:16+00:00,9080.37,2
2026-07-26T18:11:54+00:00,9080.38,2
2026-07-26T18:22:31+00:00,9080.39,2
2026-07-26T18:33:09+00:00,9080.4,2
2026-07-26T18:43:45+00:00,9080.41,2
2026-07-26T18:54:22+00:00,9080.42,2
2026-07-26T19:04:58+00:00,9080.42,2
2026-07-26T19:15:34+00:00,9080.43,2
2026-07-26T19:26:10+00:00,9080.43,2
2026-07-26T19:36:47+00:00,9080.43,2
2026-07-26T19:47:24+00:00,9080.44,2
2026-07-26T19:58:01+00:00,9080.44,2
2026-07-26T20:08:38+00:00,9077.04,1
2026-07-26T20:19:16+00:00,9077.04,1
2026-07-26T20:29:52+00:00,9077.05,1
2026-07-26T20:40:29+00:00,9077.05,1
2026-07-26T20:51:06+00:00,9077.06,1
2026-07-26T21:12:38+00:00,9077.06,2
2026-07-26T21:23:14+00:00,9077.07,2
2026-07-26T21:33:52+00:00,9077.08,2
2026-07-26T21:44:29+00:00,9077.09,2
2026-07-26T21:55:05+00:00,9077.09,2
2026-07-26T22:05:43+00:00,9070.3,4
2026-07-26T22:16:20+00:00,9070.32,4
2026-07-26T22:26:57+00:00,9070.35,4
2026-07-26T22:37:34+00:00,9070.37,4
2026-07-26T22:48:11+00:00,9070.39,4
2026-07-26T22:58:48+00:00,9070.41,4
2026-07-26T23:09:25+00:00,9070.45,4
2026-07-26T23:20:02+00:00,9070.48,4
2026-07-26T23:30:40+00:00,9070.51,4
2026-07-26T23:41:17+00:00,9070.54,4
2026-07-26T23:51:54+00:00,9070.58,4
2026-07-27T00:02:32+00:00,9070.61,4
2026-07-27T00:13:09+00:00,9070.65,4
2026-07-27T00:23:46+00:00,9070.69,4
2026-07-27T00:34:24+00:00,9070.73,4
2026-07-27T00:45:02+00:00,9070.77,4
2026-07-27T00:55:40+00:00,9070.8,4
2026-07-27T01:06:17+00:00,9070.84,4
2026-07-27T01:16:59+00:00,9070.87,4
2026-07-27T01:27:36+00:00,9070.91,4
2026-07-27T01:38:14+00:00,9070.95,4
2026-07-27T01:48:51+00:00,9070.98,4
2026-07-27T02:10:28+00:00,9071.01,4
2026-07-27T02:21:06+00:00,9071.04,4
2026-07-27T02:31:44+00:00,9071.07,4
2026-07-27T02:42:21+00:00,9071.11,4
2026-07-27T02:53:01+00:00,9071.14,4
2026-07-27T03:03:39+00:00,9071.17,4
2026-07-27T03:14:17+00:00,9071.2,4
2026-07-27T03:24:56+00:00,9071.23,4
2026-07-27T03:35:34+00:00,9071.26,4
2026-07-27T03:46:12+00:00,9071.29,4
2026-07-27T03:56:50+00:00,9071.32,4
2026-07-27T04:07:28+00:00,9071.35,4
2026-07-27T04:18:06+00:00,9071.38,4
2026-07-27T04:28:45+00:00,9071.4,4
2026-07-27T04:39:27+00:00,9071.43,4
2026-07-27T04:50:06+00:00,9071.46,4
2026-07-27T05:00:44+00:00,9071.49,4
2026-07-27T05:11:23+00:00,9071.53,4
2026-07-27T05:22:00+00:00,9071.56,4
2026-07-27T05:32:40+00:00,9071.59,4
2026-07-27T05:43:18+00:00,9071.63,4
2026-07-27T05:53:57+00:00,9071.66,4
2026-07-27T06:04:35+00:00,9071.69,4
2026-07-27T06:15:14+00:00,9071.72,4
2026-07-27T06:25:53+00:00,9071.75,4
2026-07-27T06:36:31+00:00,9071.77,4
2026-07-27T06:47:10+00:00,9071.8,4
2026-07-27T07:08:41+00:00,9071.83,4
2026-07-27T07:19:15+00:00,9071.86,4
2026-07-27T07:29:49+00:00,9071.89,4
2026-07-27T07:40:24+00:00,9071.92,4
2026-07-27T07:51:01+00:00,9071.95,4
2026-07-27T08:01:34+00:00,9068.55,3
2026-07-27T08:12:07+00:00,9068.56,3
2026-07-27T08:22:41+00:00,9068.57,3
2026-07-27T08:33:15+00:00,9068.58,3
2026-07-27T08:43:48+00:00,9068.59,3
2026-07-27T08:54:21+00:00,9068.6,3
2026-07-27T09:04:55+00:00,9068.61,3
2026-07-27T09:15:29+00:00,9068.62,3
2026-07-27T09:26:02+00:00,9068.63,3
2026-07-27T09:36:35+00:00,9068.63,3
2026-07-27T09:47:09+00:00,9068.64,3
2026-07-27T09:57:42+00:00,9068.65,3
2026-07-27T10:08:16+00:00,9065.26,4
2026-07-27T10:18:50+00:00,9065.28,4
2026-07-27T10:29:24+00:00,9065.29,4
2026-07-27T10:39:58+00:00,9065.31,4
2026-07-27T10:50:32+00:00,9065.32,4
2026-07-27T11:01:06+00:00,9065.36,4
2026-07-27T11:11:39+00:00,9065.4,4
2026-07-27T11:22:12+00:00,9065.44,4
2026-07-27T11:32:47+00:00,9065.48,4
2026-07-27T11:43:21+00:00,9065.52,4
2026-07-27T12:04:50+00:00,9065.53,4
2026-07-27T12:15:25+00:00,9065.55,4
2026-07-27T12:26:02+00:00,9065.56,4
2026-07-27T12:36:38+00:00,9065.58,4
2026-07-27T12:47:13+00:00,9065.59,4
2026-07-27T12:57:48+00:00,9065.6,4
2026-07-27T13:08:23+00:00,9062.21,3
2026-07-27T13:19:00+00:00,9062.22,3
2026-07-27T13:29:37+00:00,9062.23,3
2026-07-27T13:40:13+00:00,9062.24,3
2026-07-27T13:50:48+00:00,9062.24,3
2026-07-27T14:01:27+00:00,9058.86,4
2026-07-27T14:12:04+00:00,9058.87,4
2026-07-27T14:22:42+00:00,9058.88,4
2026-07-27T14:33:19+00:00,9058.89,4
2026-07-27T14:44:00+00:00,9058.9,4
2026-07-27T14:54:37+00:00,9058.92,4
2026-07-27T15:05:13+00:00,9052.12,2
2026-07-27T15:15:51+00:00,9052.13,2
2026-07-27T15:26:27+00:00,9052.14,2
2026-07-27T15:37:05+00:00,9052.15,2
2026-07-27T15:47:42+00:00,9052.16,2
2026-07-27T15:58:17+00:00,9052.17,2
2026-07-27T16:08:53+00:00,9052.19,2
2026-07-27T16:19:28+00:00,9052.2,2
2026-07-27T16:30:05+00:00,9052.22,2
2026-07-27T16:40:46+00:00,9052.23,2
2026-07-27T17:02:18+00:00,9048.83,1
2026-07-27T17:12:57+00:00,9048.83,1
2026-07-27T17:23:35+00:00,9048.84,1
2026-07-27T17:34:11+00:00,9048.84,1
2026-07-27T17:44:50+00:00,9048.84,1
2026-07-27T17:55:26+00:00,9048.85,1
2026-07-27T18:06:04+00:00,9045.46,2
2026-07-27T18:16:43+00:00,9045.46,2
2026-07-27T18:27:20+00:00,9045.47,2
2026-07-27T18:37:59+00:00,9045.48,2
2026-07-27T18:48:37+00:00,9045.48,2
2026-07-27T18:59:14+00:00,9045.49,2
2026-07-27T19:09:52+00:00,9042.1,1
2026-07-27T19:20:30+00:00,9042.1,1
2026-07-27T19:31:09+00:00,9042.1,1
2026-07-27T19:41:47+00:00,9042.11,1
2026-07-27T19:52:25+00:00,9042.11,1
2026-07-27T20:03:04+00:00,9038.72,0
2026-07-27T20:13:44+00:00,9038.72,0
2026-07-27T20:24:22+00:00,9038.72,0
2026-07-27T20:34:59+00:00,9038.72,0
2026-07-27T20:45:38+00:00,9038.72,0
2026-07-27T20:56:15+00:00,9038.72,0
2026-07-27T21:06:54+00:00,9038.72,0
2026-07-27T21:17:32+00:00,9038.72,0
2026-07-27T21:28:11+00:00,9038.72,0
2026-07-27T21:38:49+00:00,9038.72,0
2026-07-27T21:49:42+00:00,9038.72,0
2026-07-27T22:00:13+00:00,9038.72,0
2026-07-27T22:10:43+00:00,9038.72,0
2026-07-27T22:21:14+00:00,9038.72,0
2026-07-27T22:31:44+00:00,9038.72,0
2026-07-27T22:42:15+00:00,9038.72,0
2026-07-27T22:52:46+00:00,9038.72,0
2026-07-27T23:03:17+00:00,9038.72,0
2026-07-27T23:13:48+00:00,9038.72,0
2026-07-27T23:24:18+00:00,9038.72,0
2026-07-27T23:34:49+00:00,9038.72,0
2026-07-27T23:45:20+00:00,9038.72,0
2026-07-27T23:55:51+00:00,9038.72,0
2026-07-28T00:06:22+00:00,9038.72,0
2026-07-28T00:16:53+00:00,9038.72,0
2026-07-28T00:27:25+00:00,9038.72,0
2026-07-28T00:37:56+00:00,9038.72,0
2026-07-28T00:48:27+00:00,9038.72,0
2026-07-28T00:58:58+00:00,9038.72,0
2026-07-28T01:09:29+00:00,9038.72,0
2026-07-28T01:20:00+00:00,9038.72,0
2026-07-28T01:30:31+00:00,9038.72,0
2026-07-28T01:41:04+00:00,9038.72,0
2026-07-28T01:51:35+00:00,9038.72,0
2026-07-28T02:02:07+00:00,9038.72,0
2026-07-28T02:12:39+00:00,9038.72,0
2026-07-28T02:23:10+00:00,9038.72,0
2026-07-28T02:33:42+00:00,9038.72,0
2026-07-28T02:55:06+00:00,9038.72,0
2026-07-28T03:05:45+00:00,9038.72,0
2026-07-28T03:16:23+00:00,9038.72,0
2026-07-28T03:27:03+00:00,9038.72,0
2026-07-28T03:37:42+00:00,9038.72,0
2026-07-28T03:48:21+00:00,9038.72,0
2026-07-28T03:59:00+00:00,9038.72,0
2026-07-28T04:09:39+00:00,9035.33,1
2026-07-28T04:20:19+00:00,9035.33,1
2026-07-28T04:30:59+00:00,9035.33,1
2026-07-28T04:41:40+00:00,9035.34,1
2026-07-28T04:52:20+00:00,9035.34,1
2026-07-28T05:03:01+00:00,9035.34,1
2026-07-28T05:13:40+00:00,9035.35,1
2026-07-28T05:24:20+00:00,9035.35,1
2026-07-28T05:34:59+00:00,9035.35,1
2026-07-28T05:45:39+00:00,9035.36,1
2026-07-28T05:56:20+00:00,9035.36,1
2026-07-28T06:07:00+00:00,9035.37,1
2026-07-28T06:17:40+00:00,9035.37,1
2026-07-28T06:28:21+00:00,9035.38,1
2026-07-28T06:39:02+00:00,9035.38,1
2026-07-28T06:49:42+00:00,9035.39,1
2026-07-28T07:00:23+00:00,9035.39,1
2026-07-28T07:11:04+00:00,9035.39,1
2026-07-28T07:21:45+00:00,9035.39,1
2026-07-28T07:32:30+00:00,9035.4,1
2026-07-28T07:54:21+00:00,9035.4,1
2026-07-28T08:05:05+00:00,9035.4,1
2026-07-28T08:15:49+00:00,9035.41,1
2026-07-28T08:26:35+00:00,9035.41,1
2026-07-28T08:37:18+00:00,9035.41,1
2026-07-28T08:48:02+00:00,9035.42,1
2026-07-28T08:58:46+00:00,9035.42,1
2026-07-28T09:09:30+00:00,9035.42,1
2026-07-28T09:20:13+00:00,9035.42,1
2026-07-28T09:30:57+00:00,9035.43,1
2026-07-28T09:41:39+00:00,9035.43,1
2026-07-28T09:52:23+00:00,9035.43,1
2026-07-28T10:03:07+00:00,9035.43,1
2026-07-28T10:13:52+00:00,9035.44,1
2026-07-28T10:24:37+00:00,9035.44,1
2026-07-28T10:35:19+00:00,9035.45,1
2026-07-28T10:46:02+00:00,9035.45,1
2026-07-28T10:56:45+00:00,9035.45,1
2026-07-28T11:07:28+00:00,9035.46,1
2026-07-28T11:18:11+00:00,9035.46,1
2026-07-28T11:28:54+00:00,9035.46,1
2026-07-28T11:39:42+00:00,9035.46,1
2026-07-28T11:50:25+00:00,9035.47,1
2026-07-28T12:01:08+00:00,9035.47,1
2026-07-28T12:11:52+00:00,9035.47,1
2026-07-28T12:22:35+00:00,9035.47,1
2026-07-28T12:33:19+00:00,9035.48,1
2026-07-28T12:54:59+00:00,9035.48,1
2026-07-28T13:05:38+00:00,9035.48,1
2026-07-28T13:16:17+00:00,9035.48,1
2026-07-28T13:26:57+00:00,9035.49,1
2026-07-28T13:37:36+00:00,9035.49,1
2026-07-28T13:48:16+00:00,9035.49,1
2026-07-28T13:59:01+00:00,9035.49,1
2026-07-28T14:09:41+00:00,9032.11,2
2026-07-28T14:20:23+00:00,9032.12,2
2026-07-28T14:31:05+00:00,9032.13,2
2026-07-28T14:41:48+00:00,9032.14,2
2026-07-28T14:52:32+00:00,9032.15,2
2026-07-28T15:03:13+00:00,9025.38,4
2026-07-28T15:13:53+00:00,9025.41,4
2026-07-28T15:24:33+00:00,9025.44,4
2026-07-28T15:35:18+00:00,9025.46,4
2026-07-28T15:46:01+00:00,9025.49,4
2026-07-28T15:56:41+00:00,9025.51,4
2026-07-28T16:07:21+00:00,9022.14,3
2026-07-28T16:18:03+00:00,9022.15,3
2026-07-28T16:28:46+00:00,9022.17,3
2026-07-28T16:39:27+00:00,9022.18,3
2026-07-28T16:50:06+00:00,9022.19,3
2026-07-28T17:00:48+00:00,9022.22,3
2026-07-28T17:11:37+00:00,9022.24,3
2026-07-28T17:22:26+00:00,9022.26,3
2026-07-28T17:33:15+00:00,9022.28,3
2026-07-28T17:55:08+00:00,9022.3,3
2026-07-28T18:05:53+00:00,9018.93,2
2026-07-28T18:16:38+00:00,9018.95,2
2026-07-28T18:27:22+00:00,9018.96,2
2026-07-28T18:38:07+00:00,9018.98,2
2026-07-28T18:48:51+00:00,9018.99,2
2026-07-28T18:59:37+00:00,9019.01,2
2026-07-28T19:10:21+00:00,9019.02,2
2026-07-28T19:21:06+00:00,9019.03,2
2026-07-28T19:31:51+00:00,9019.04,2
2026-07-28T19:42:36+00:00,9019.05,2
2026-07-28T19:53:21+00:00,9019.06,2
2026-07-28T20:04:10+00:00,9012.31,4
2026-07-28T20:14:54+00:00,9012.34,4
2026-07-28T20:25:39+00:00,9012.36,4
2026-07-28T20:36:23+00:00,9012.38,4
2026-07-28T20:47:08+00:00,9012.4,4
2026-07-28T20:57:54+00:00,9012.42,4
2026-07-28T21:08:38+00:00,9012.44,4
2026-07-28T21:19:23+00:00,9012.46,4
2026-07-28T21:30:08+00:00,9012.48,4
2026-07-28T21:40:53+00:00,9012.51,4
2026-07-28T21:51:38+00:00,9012.53,4
2026-07-28T22:02:24+00:00,9012.55,4
2026-07-28T22:13:09+00:00,9012.58,4
2026-07-28T22:23:54+00:00,9012.6,4
2026-07-28T22:45:48+00:00,9012.62,4
2026-07-28T22:56:33+00:00,9012.65,4
2026-07-28T23:07:18+00:00,9009.27,3
2026-07-28T23:18:04+00:00,9009.28,3
2026-07-28T23:28:49+00:00,9009.29,3
2026-07-28T23:39:36+00:00,9009.3,3
2026-07-28T23:50:21+00:00,9009.31,3
2026-07-29T00:01:07+00:00,9005.93,2
2026-07-29T00:11:53+00:00,9005.94,2
2026-07-29T00:22:39+00:00,9005.94,2
2026-07-29T00:33:25+00:00,9005.95,2
2026-07-29T00:44:10+00:00,9005.95,2
2026-07-29T00:54:57+00:00,9005.96,2
2026-07-29T01:05:43+00:00,9005.97,2
2026-07-29T01:16:29+00:00,9005.98,2
2026-07-29T01:27:15+00:00,9006.0,2
2026-07-29T01:38:01+00:00,9006.01,2
2026-07-29T01:48:48+00:00,9006.02,2
2026-07-29T01:59:35+00:00,9006.03,2
2026-07-29T02:10:20+00:00,9006.05,2
2026-07-29T02:21:06+00:00,9006.06,2
2026-07-29T02:31:52+00:00,9006.07,2
2026-07-29T02:42:38+00:00,9006.08,2
2026-07-29T02:53:24+00:00,9006.09,2
2026-07-29T03:04:09+00:00,9006.1,2
2026-07-29T03:14:54+00:00,9006.1,2
2026-07-29T03:36:46+00:00,9006.11,2
2026-07-29T03:47:31+00:00,9006.12,2
2026-07-29T03:58:15+00:00,9006.12,2
2026-07-29T04:08:59+00:00,9002.76,3
2026-07-29T04:19:43+00:00,9002.77,3
2026-07-29T04:30:28+00:00,9002.79,3
2026-07-29T04:41:12+00:00,9002.8,3
2026-07-29T04:51:57+00:00,9002.82,3
2026-07-29T05:02:42+00:00,8999.46,4
2026-07-29T05:13:27+00:00,8999.48,4
2026-07-29T05:24:11+00:00,8999.51,4
2026-07-29T05:34:56+00:00,8999.54,4
2026-07-29T05:45:41+00:00,8999.56,4
2026-07-29T05:56:25+00:00,8999.59,4
2026-07-29T06:07:11+00:00,8999.62,4
2026-07-29T06:17:57+00:00,8999.64,4
2026-07-29T06:28:42+00:00,8999.67,4
2026-07-29T06:39:26+00:00,8999.7,4
2026-07-29T06:50:10+00:00,8999.72,4
2026-07-29T07:00:55+00:00,8999.74,4
2026-07-29T07:11:41+00:00,8999.76,4
2026-07-29T07:22:28+00:00,8999.78,4
2026-07-29T07:33:12+00:00,8999.79,4
2026-07-29T07:43:57+00:00,8999.81,4
2026-07-29T07:54:42+00:00,8999.83,4
2026-07-29T08:05:27+00:00,8996.46,3
2026-07-29T08:27:20+00:00,8996.47,3
2026-07-29T08:38:06+00:00,8996.48,3
2026-07-29T08:48:52+00:00,8996.49,3
2026-07-29T08:59:36+00:00,8996.5,3
2026-07-29T09:10:22+00:00,8989.76,3
2026-07-29T09:21:09+00:00,8989.77,3
2026-07-29T09:31:54+00:00,8989.78,3
2026-07-29T09:42:42+00:00,8989.8,3
2026-07-29T09:53:26+00:00,8989.81,3
2026-07-29T10:04:11+00:00,8989.82,3
2026-07-29T10:14:56+00:00,8989.83,3
2026-07-29T10:25:41+00:00,8989.85,3
2026-07-29T10:36:28+00:00,8989.86,3
2026-07-29T10:47:12+00:00,8989.87,3
2026-07-29T10:57:59+00:00,8989.88,3
2026-07-29T11:08:44+00:00,8989.9,3
2026-07-29T11:19:29+00:00,8989.91,3
2026-07-29T11:30:16+00:00,8989.93,3
2026-07-29T11:41:02+00:00,8989.95,3
2026-07-29T11:51:48+00:00,8989.96,3
2026-07-29T12:02:33+00:00,8986.61,4
2026-07-29T12:13:18+00:00,8986.64,4
2026-07-29T12:24:04+00:00,8986.67,4
2026-07-29T12:34:50+00:00,8986.7,4
2026-07-29T12:45:36+00:00,8986.73,4
2026-07-29T12:56:22+00:00,8986.76,4
2026-07-29T13:18:14+00:00,8986.77,4
2026-07-29T13:29:05+00:00,8986.78,4
2026-07-29T13:39:57+00:00,8986.79,4
2026-07-29T13:50:47+00:00,8986.81,4
2026-07-29T14:01:37+00:00,8986.82,4
2026-07-29T14:12:29+00:00,8986.84,4
2026-07-29T14:23:19+00:00,8986.86,4
2026-07-29T14:34:10+00:00,8986.88,4
2026-07-29T14:45:01+00:00,8986.9,4
2026-07-29T14:55:50+00:00,8986.92,4
2026-07-29T15:06:43+00:00,8986.93,4
2026-07-29T15:17:34+00:00,8986.94,4
2026-07-29T15:28:25+00:00,8986.95,4
2026-07-29T15:39:17+00:00,8986.96,4
2026-07-29T15:50:08+00:00,8986.97,4
2026-07-29T16:00:57+00:00,8983.61,3
2026-07-29T16:11:46+00:00,8983.62,3
2026-07-29T16:22:35+00:00,8983.64,3
2026-07-29T16:33:26+00:00,8983.65,3
2026-07-29T16:44:17+00:00,8983.66,3
2026-07-29T16:55:09+00:00,8983.67,3
2026-07-29T17:06:01+00:00,8983.69,3
2026-07-29T17:16:53+00:00,8983.71,3
2026-07-29T17:27:44+00:00,8983.72,3
2026-07-29T17:38:35+00:00,8983.74,3
2026-07-29T17:49:31+00:00,8983.75,3
2026-07-29T18:00:38+00:00,8980.41,4
2026-07-29T18:11:26+00:00,8980.44,4
2026-07-29T18:22:13+00:00,8980.47,4
2026-07-29T18:33:00+00:00,8980.5,4
2026-07-29T18:43:46+00:00,8980.53,4
2026-07-29T18:54:37+00:00,8980.56,4
2026-07-29T19:05:24+00:00,8980.59,4
2026-07-29T19:16:11+00:00,8980.62,4
2026-07-29T19:26:59+00:00,8980.64,4
2026-07-29T19:37:46+00:00,8980.67,4
2026-07-29T19:48:33+00:00,8980.7,4
2026-07-29T19:59:22+00:00,8980.72,4
2026-07-29T20:10:09+00:00,8973.99,2
2026-07-29T20:20:57+00:00,8974.0,2
2026-07-29T20:31:44+00:00,8974.0,2
2026-07-29T20:42:31+00:00,8974.01,2
2026-07-29T20:53:19+00:00,8974.01,2
2026-07-29T21:04:07+00:00,8974.02,2
2026-07-29T21:14:54+00:00,8974.03,2
2026-07-29T21:25:41+00:00,8974.03,2
2026-07-29T21:36:28+00:00,8974.04,2
2026-07-29T21:47:15+00:00,8974.04,2
2026-07-29T21:58:03+00:00,8974.05,2
2026-07-29T22:08:50+00:00,8974.06,2
2026-07-29T22:19:37+00:00,8974.07,2
2026-07-29T22:30:25+00:00,8974.08,2
2026-07-29T22:41:13+00:00,8974.09,2
2026-07-29T23:03:06+00:00,8967.37,4
2026-07-29T23:13:56+00:00,8967.39,4
2026-07-29T23:24:47+00:00,8967.41,4
2026-07-29T23:35:38+00:00,8967.44,4
2026-07-29T23:46:29+00:00,8967.46,4
2026-07-29T23:57:20+00:00,8967.48,4
2026-07-30T00:08:11+00:00,8967.51,4
2026-07-30T00:19:02+00:00,8967.53,4
2026-07-30T00:29:53+00:00,8967.55,4
2026-07-30T00:40:44+00:00,8967.58,4
2026-07-30T00:51:35+00:00,8967.6,4
2026-07-30T01:02:25+00:00,8964.26,3
2026-07-30T01:13:17+00:00,8964.28,3
2026-07-30T01:24:08+00:00,8964.3,3
2026-07-30T01:34:59+00:00,8964.32,3
2026-07-30T01:45:50+00:00,8964.34,3
2026-07-30T01:56:41+00:00,8964.36,3
2026-07-30T02:07:33+00:00,8961.02,4
2026-07-30T02:18:24+00:00,8961.04,4
2026-07-30T02:29:14+00:00,8961.07,4
2026-07-30T02:40:06+00:00,8961.1,4
2026-07-30T02:50:57+00:00,8961.13,4
2026-07-30T03:01:48+00:00,8961.17,4
2026-07-30T03:12:40+00:00,8961.2,4
2026-07-30T03:23:32+00:00,8961.24,4
2026-07-30T03:34:23+00:00,8961.28,4
2026-07-30T03:56:23+00:00,8961.31,4
2026-07-30T04:07:14+00:00,8961.33,4
2026-07-30T04:18:06+00:00,8961.36,4
2026-07-30T04:28:57+00:00,8961.38,4
2026-07-30T04:39:49+00:00,8961.4,4
2026-07-30T04:50:40+00:00,8961.43,4
2026-07-30T05:01:31+00:00,8958.08,3
2026-07-30T05:12:22+00:00,8958.1,3
2026-07-30T05:23:14+00:00,8958.12,3
2026-07-30T05:34:09+00:00,8958.14,3
2026-07-30T05:45:01+00:00,8958.16,3
2026-07-30T05:55:52+00:00,8958.19,3
2026-07-30T06:06:44+00:00,8958.2,3
2026-07-30T06:17:36+00:00,8958.22,3
2026-07-30T06:28:27+00:00,8958.24,3
2026-07-30T06:39:19+00:00,8958.26,3
2026-07-30T06:50:10+00:00,8958.27,3
2026-07-30T07:01:03+00:00,8954.93,4
2026-07-30T07:11:55+00:00,8954.95,4
2026-07-30T07:22:48+00:00,8954.97,4
2026-07-30T07:33:41+00:00,8954.99,4
2026-07-30T07:44:33+00:00,8955.01,4
2026-07-30T07:55:24+00:00,8955.03,4
2026-07-30T08:06:16+00:00,8955.06,4
2026-07-30T08:17:08+00:00,8955.08,4
2026-07-30T08:28:01+00:00,8955.1,4
2026-07-30T08:50:03+00:00,8955.13,4
2026-07-30T09:00:52+00:00,8948.42,2
2026-07-30T09:11:43+00:00,8948.43,2
2026-07-30T09:22:34+00:00,8948.44,2
2026-07-30T09:33:26+00:00,8948.45,2
2026-07-30T09:44:16+00:00,8948.46,2
2026-07-30T09:55:07+00:00,8948.47,2
2026-07-30T10:05:59+00:00,8945.13,3
2026-07-30T10:16:50+00:00,8945.15,3
2026-07-30T10:27:41+00:00,8945.17,3
2026-07-30T10:38:33+00:00,8945.19,3
2026-07-30T10:49:25+00:00,8945.21,3
2026-07-30T11:00:15+00:00,8945.23,3
2026-07-30T11:11:06+00:00,8945.26,3
2026-07-30T11:21:57+00:00,8945.28,3
2026-07-30T11:32:48+00:00,8945.3,3
2026-07-30T11:43:39+00:00,8945.33,3
2026-07-30T11:54:31+00:00,8945.35,3
2026-07-30T12:05:21+00:00,8942.01,4
2026-07-30T12:16:14+00:00,8942.03,4
2026-07-30T12:27:05+00:00,8942.06,4
2026-07-30T12:37:57+00:00,8942.08,4
2026-07-30T12:48:49+00:00,8942.1,4
2026-07-30T12:59:40+00:00,8942.13,4
2026-07-30T13:10:33+00:00,8938.79,3
2026-07-30T13:21:25+00:00,8938.81,3
2026-07-30T13:43:35+00:00,8938.83,3
2026-07-30T13:54:27+00:00,8938.85,3
2026-07-30T14:05:19+00:00,8938.87,3
2026-07-30T14:16:11+00:00,8938.89,3
2026-07-30T14:27:04+00:00,8938.91,3
2026-07-30T14:37:56+00:00,8938.93,3
2026-07-30T14:48:49+00:00,8938.95,3
2026-07-30T14:59:42+00:00,8938.97,3
2026-07-30T15:10:35+00:00,8932.27,1
2026-07-30T15:21:29+00:00,8932.28,1
2026-07-30T15:32:21+00:00,8932.29,1
2026-07-30T15:43:13+00:00,8932.29,1
2026-07-30T15:54:06+00:00,8932.3,1
2026-07-30T16:04:59+00:00,8932.31,1
2026-07-30T16:15:52+00:00,8932.31,1
2026-07-30T16:26:48+00:00,8932.32,1
2026-07-30T16:37:42+00:00,8932.32,1
2026-07-30T16:48:36+00:00,8932.33,1
2026-07-30T16:59:29+00:00,8932.33,1
2026-07-30T17:10:22+00:00,8928.99,2
2026-07-30T17:21:16+00:00,8928.99,2
2026-07-30T17:32:13+00:00,8929.0,2
2026-07-30T17:43:07+00:00,8929.0,2
2026-07-30T17:54:02+00:00,8929.01,2
2026-07-30T18:04:55+00:00,8925.66,1
2026-07-30T18:15:48+00:00,8925.66,1
2026-07-30T18:37:47+00:00,8925.67,1
2026-07-30T18:48:34+00:00,8925.67,1
2026-07-30T18:59:20+00:00,8925.67,1
2026-07-30T19:10:06+00:00,8922.33,2
2026-07-30T19:20:55+00:00,8922.34,2
2026-07-30T19:31:43+00:00,8922.35,2
2026-07-30T19:42:31+00:00,8922.36,2
2026-07-30T19:53:18+00:00,8922.37,2
2026-07-30T20:04:06+00:00,8922.38,2
2026-07-30T20:14:58+00:00,8922.39,2
2026-07-30T20:25:45+00:00,8922.4,2
2026-07-30T20:36:32+00:00,8922.41,2
2026-07-30T20:47:19+00:00,8922.42,2
2026-07-30T20:58:07+00:00,8922.43,2
2026-07-30T21:08:53+00:00,8919.08,1
2026-07-30T21:19:40+00:00,8919.08,1
2026-07-30T21:30:28+00:00,8919.09,1
2026-07-30T21:41:16+00:00,8919.09,1
2026-07-30T21:52:04+00:00,8919.09,1
2026-07-30T22:02:51+00:00,8909.05,2
2026-07-30T22:13:38+00:00,8909.06,2
2026-07-30T22:24:25+00:00,8909.06,2
2026-07-30T22:35:10+00:00,8909.06,2
2026-07-30T22:45:57+00:00,8909.07,2
2026-07-30T22:56:45+00:00,8909.07,2
2026-07-30T23:07:33+00:00,8902.4,4
2026-07-30T23:18:42+00:00,8902.42,4
2026-07-30T23:29:35+00:00,8902.44,4
2026-07-30T23:40:28+00:00,8902.46,4
2026-07-30T23:51:19+00:00,8902.48,4
2026-07-31T00:02:12+00:00,8902.49,4
2026-07-31T00:13:03+00:00,8902.5,4
2026-07-31T00:23:56+00:00,8902.51,4
2026-07-31T00:34:49+00:00,8902.52,4
2026-07-31T00:45:42+00:00,8902.53,4
2026-07-31T00:56:34+00:00,8902.53,4
2026-07-31T01:07:26+00:00,8895.85,2
2026-07-31T01:18:20+00:00,8895.86,2
2026-07-31T01:29:12+00:00,8895.86,2
2026-07-31T01:40:06+00:00,8895.87,2
2026-07-31T01:50:59+00:00,8895.87,2
2026-07-31T02:01:52+00:00,8892.54,3
2026-07-31T02:12:48+00:00,8892.56,3
2026-07-31T02:23:41+00:00,8892.59,3
2026-07-31T02:34:36+00:00,8892.61,3
2026-07-31T02:45:30+00:00,8892.63,3
2026-07-31T02:56:27+00:00,8892.65,3
2026-07-31T03:07:21+00:00,8889.31,2
2026-07-31T03:18:14+00:00,8889.32,2
2026-07-31T03:29:08+00:00,8889.32,2
2026-07-31T03:40:02+00:00,8889.33,2
2026-07-31T03:50:55+00:00,8889.33,2
2026-07-31T04:01:49+00:00,8889.34,2
2026-07-31T04:23:53+00:00,8889.34,2
2026-07-31T04:34:47+00:00,8889.35,2
2026-07-31T04:45:45+00:00,8889.35,2
2026-07-31T04:56:41+00:00,8889.36,2
2026-07-31T05:07:36+00:00,8889.36,2
2026-07-31T05:18:31+00:00,8889.37,2
2026-07-31T05:29:27+00:00,8889.37,2
2026-07-31T05:40:22+00:00,8889.38,2
2026-07-31T05:51:18+00:00,8889.39,2
2026-07-31T06:02:14+00:00,8886.06,3
2026-07-31T06:13:08+00:00,8886.07,3
2026-07-31T06:24:04+00:00,8886.08,3
2026-07-31T06:35:00+00:00,8886.09,3
2026-07-31T06:45:54+00:00,8886.11,3
2026-07-31T06:56:50+00:00,8886.12,3
2026-07-31T07:07:45+00:00,8886.13,3
2026-07-31T07:18:42+00:00,8886.14,3
2026-07-31T07:29:38+00:00,8886.15,3
2026-07-31T07:40:33+00:00,8886.16,3
2026-07-31T07:51:29+00:00,8886.17,3
2026-07-31T08:02:24+00:00,8876.16,0
2026-07-31T08:13:21+00:00,8876.16,0
2026-07-31T08:24:17+00:00,8876.16,0
2026-07-31T08:35:12+00:00,8876.16,0
2026-07-31T08:46:09+00:00,8876.16,0
2026-07-31T08:57:04+00:00,8876.16,0
2026-07-31T09:19:27+00:00,8872.84,1
2026-07-31T09:30:25+00:00,8872.84,1
2026-07-31T09:41:23+00:00,8872.85,1
2026-07-31T09:52:21+00:00,8872.85,1
2026-07-31T10:03:20+00:00,8866.2,1
2026-07-31T10:14:19+00:00,8866.2,1
2026-07-31T10:25:17+00:00,8866.2,1
2026-07-31T10:36:16+00:00,8866.2,1
2026-07-31T10:47:14+00:00,8866.2,1
2026-07-31T10:58:14+00:00,8866.2,1
2026-07-31T11:09:13+00:00,8859.55,3
2026-07-31T11:20:10+00:00,8859.56,3
2026-07-31T11:31:09+00:00,8859.56,3
2026-07-31T11:42:08+00:00,8859.57,3
2026-07-31T11:53:08+00:00,8859.58,3
2026-07-31T12:04:07+00:00,8859.59,3
2026-07-31T12:15:05+00:00,8859.61,3
2026-07-31T12:26:05+00:00,8859.63,3
2026-07-31T12:37:04+00:00,8859.64,3
2026-07-31T12:48:04+00:00,8859.66,3
2026-07-31T12:59:04+00:00,8859.68,3
2026-07-31T13:10:04+00:00,8856.36,2
2026-07-31T13:21:02+00:00,8856.36,2
2026-07-31T13:32:02+00:00,8856.37,2
2026-07-31T13:43:02+00:00,8856.38,2
2026-07-31T13:54:03+00:00,8856.38,2
2026-07-31T14:16:16+00:00,8853.08,4
2026-07-31T14:27:13+00:00,8853.1,4
2026-07-31T14:38:09+00:00,8853.12,4
2026-07-31T14:49:05+00:00,8853.15,4
2026-07-31T15:00:01+00:00,8846.5,2
2026-07-31T15:10:58+00:00,8846.51,2
2026-07-31T15:21:54+00:00,8846.51,2
2026-07-31T15:32:50+00:00,8846.52,2
2026-07-31T15:43:49+00:00,8846.52,2
2026-07-31T15:54:45+00:00,8846.53,2
2026-07-31T16:05:43+00:00,8846.54,2
2026-07-31T16:16:40+00:00,8846.55,2
2026-07-31T16:27:37+00:00,8846.55,2
2026-07-31T16:38:36+00:00,8846.56,2
2026-07-31T16:49:32+00:00,8846.57,2
2026-07-31T17:00:28+00:00,8846.58,2
2026-07-31T17:11:26+00:00,8846.59,2
2026-07-31T17:22:24+00:00,8846.59,2
2026-07-31T17:33:21+00:00,8846.6,2
2026-07-31T17:44:20+00:00,8846.6,2
2026-07-31T17:55:16+00:00,8846.61,2
2026-07-31T18:06:13+00:00,8843.3,3
2026-07-31T18:17:11+00:00,8843.31,3
2026-07-31T18:28:09+00:00,8843.33,3
2026-07-31T18:39:07+00:00,8843.34,3
2026-07-31T18:50:05+00:00,8843.35,3
2026-07-31T19:12:26+00:00,8843.35,2
2026-07-31T19:23:24+00:00,8843.36,2
2026-07-31T19:34:22+00:00,8843.36,2
2026-07-31T19:45:21+00:00,8843.36,2
2026-07-31T19:56:20+00:00,8843.37,2
2026-07-31T20:07:18+00:00,8840.06,3
2026-07-31T20:18:16+00:00,8840.06,3
2026-07-31T20:29:14+00:00,8840.07,3
2026-07-31T20:40:16+00:00,8840.07,3
2026-07-31T20:51:14+00:00,8840.08,3
2026-07-31T21:02:13+00:00,8840.08,3
2026-07-31T21:13:13+00:00,8840.09,3
2026-07-31T21:24:12+00:00,8840.1,3
2026-07-31T21:35:09+00:00,8840.1,3
2026-07-31T21:46:07+00:00,8840.11,3
2026-07-31T21:57:06+00:00,8840.11,3
2026-07-31T22:08:03+00:00,8840.12,3
2026-07-31T22:19:01+00:00,8840.13,3
2026-07-31T22:30:00+00:00,8840.14,3
2026-07-31T22:40:59+00:00,8840.15,3
2026-07-31T22:51:58+00:00,8840.16,3
2026-07-31T23:02:57+00:00,8836.84,2
2026-07-31T23:13:56+00:00,8836.85,2
2026-07-31T23:24:55+00:00,8836.85,2
2026-07-31T23:35:55+00:00,8836.86,2
2026-07-31T23:46:54+00:00,8836.86,2
2026-08-01T00:09:17+00:00,8836.87,2
2026-08-01T00:20:15+00:00,8836.88,2
2026-08-01T00:31:13+00:00,8836.88,2
2026-08-01T00:42:14+00:00,8836.89,2
2026-08-01T00:53:13+00:00,8836.9,2
2026-08-01T01:04:13+00:00,8833.59,3
2026-08-01T01:15:12+00:00,8833.59,3
2026-08-01T01:26:11+00:00,8833.6,3
2026-08-01T01:37:11+00:00,8833.61,3
2026-08-01T01:48:10+00:00,8833.61,3
2026-08-01T01:59:08+00:00,8833.62,3
2026-08-01T02:10:07+00:00,8833.63,3
2026-08-01T02:21:07+00:00,8833.64,3
2026-08-01T02:32:07+00:00,8833.65,3
2026-08-01T02:43:06+00:00,8833.66,3
2026-08-01T02:54:06+00:00,8833.67,3
2026-08-01T03:05:05+00:00,8830.36,4
2026-08-01T03:16:05+00:00,8830.37,4
2026-08-01T03:27:04+00:00,8830.38,4
2026-08-01T03:38:04+00:00,8830.4,4
2026-08-01T03:49:05+00:00,8830.41,4
2026-08-01T04:00:04+00:00,8827.1,3
2026-08-01T04:11:06+00:00,8827.1,3
2026-08-01T04:22:10+00:00,8827.11,3
2026-08-01T04:33:11+00:00,8827.11,3
2026-08-01T04:44:12+00:00,8827.12,3
2026-08-01T04:55:32+00:00,8827.12,3
2026-08-01T05:06:32+00:00,8820.5,3
2026-08-01T05:17:33+00:00,8820.51,3
2026-08-01T05:28:32+00:00,8820.51,3
2026-08-01T05:39:31+00:00,8820.52,3
2026-08-01T05:50:30+00:00,8820.52,3
2026-08-01T06:01:30+00:00,8817.22,2
2026-08-01T06:12:30+00:00,8817.22,2
2026-08-01T06:23:30+00:00,8817.22,2
2026-08-01T06:34:29+00:00,8817.22,2
2026-08-01T06:45:31+00:00,8817.22,2
2026-08-01T06:56:30+00:00,8817.23,2
2026-08-01T07:07:32+00:00,8817.23,2
2026-08-01T07:18:32+00:00,8817.23,2
2026-08-01T07:29:32+00:00,8817.23,2
2026-08-01T07:40:31+00:00,8817.23,2
2026-08-01T07:51:31+00:00,8817.23,2
2026-08-01T08:02:35+00:00,8810.62,2
2026-08-01T08:13:34+00:00,8810.62,2
2026-08-01T08:24:33+00:00,8810.63,2
2026-08-01T08:35:32+00:00,8810.63,2
2026-08-01T08:46:32+00:00,8810.63,2
2026-08-01T08:57:30+00:00,8810.64,2
2026-08-01T09:08:29+00:00,8807.34,1
2026-08-01T09:19:28+00:00,8807.35,1
2026-08-01T09:30:27+00:00,8807.35,1
2026-08-01T09:41:27+00:00,8807.36,1
2026-08-01T10:03:43+00:00,8807.36,1
2026-08-01T10:14:44+00:00,8807.37,1
2026-08-01T10:25:45+00:00,8807.37,1
2026-08-01T10:36:46+00:00,8807.38,1
2026-08-01T10:47:47+00:00,8807.38,1
2026-08-01T10:58:48+00:00,8807.38,1
2026-08-01T11:09:48+00:00,8807.39,1
2026-08-01T11:20:50+00:00,8807.39,1
2026-08-01T11:31:50+00:00,8807.39,1
2026-08-01T11:42:50+00:00,8807.39,1
2026-08-01T11:53:51+00:00,8807.39,1
2026-08-01T12:04:51+00:00,8807.4,1
2026-08-01T12:15:51+00:00,8807.4,1
2026-08-01T12:26:51+00:00,8807.41,1
2026-08-01T12:37:53+00:00,8807.41,1
2026-08-01T12:48:54+00:00,8807.42,1
2026-08-01T12:59:54+00:00,8807.42,1
2026-08-01T13:10:57+00:00,8807.43,1
2026-08-01T13:21:59+00:00,8807.43,1
2026-08-01T13:33:02+00:00,8807.43,1
2026-08-01T13:44:04+00:00,8807.43,1
2026-08-01T13:55:04+00:00,8807.44,1
2026-08-01T14:06:06+00:00,8804.14,2
2026-08-01T14:17:07+00:00,8804.14,2
2026-08-01T14:28:08+00:00,8804.14,2
2026-08-01T14:39:10+00:00,8804.15,2
2026-08-01T15:01:32+00:00,8804.15,2
2026-08-01T15:12:30+00:00,8804.16,2
2026-08-01T15:23:28+00:00,8804.16,2
2026-08-01T15:34:27+00:00,8804.17,2
2026-08-01T15:45:25+00:00,8804.18,2
2026-08-01T15:56:23+00:00,8804.18,2
2026-08-01T16:07:22+00:00,8800.88,1
2026-08-01T16:18:20+00:00,8800.89,1
2026-08-01T16:29:19+00:00,8800.89,1
2026-08-01T16:40:18+00:00,8800.89,1
2026-08-01T16:51:17+00:00,8800.9,1
2026-08-01T17:02:15+00:00,8800.9,1
2026-08-01T17:13:13+00:00,8800.9,1
2026-08-01T17:24:12+00:00,8800.9,1
2026-08-01T17:35:10+00:00,8800.9,1
2026-08-01T17:46:09+00:00,8800.9,1
2026-08-01T17:57:09+00:00,8800.9,1
2026-08-01T18:08:07+00:00,8800.9,1
2026-08-01T18:19:05+00:00,8800.91,1
2026-08-01T18:30:02+00:00,8800.91,1
2026-08-01T18:41:01+00:00,8800.91,1
2026-08-01T18:52:00+00:00,8800.91,1
2026-08-01T19:02:58+00:00,8800.91,1
2026-08-01T19:13:57+00:00,8800.91,1
2026-08-01T19:24:56+00:00,8800.91,1
2026-08-01T19:35:55+00:00,8800.91,1
2026-08-01T19:58:18+00:00,8800.91,1
2026-08-01T20:09:20+00:00,8800.92,1
2026-08-01T20:20:22+00:00,8800.92,1
2026-08-01T20:31:22+00:00,8800.92,1
2026-08-01T20:42:23+00:00,8800.93,1
2026-08-01T20:53:24+00:00,8800.93,1
2026-08-01T21:04:26+00:00,8800.93,1
2026-08-01T21:15:26+00:00,8800.94,1
2026-08-01T21:26:28+00:00,8800.94,1
2026-08-01T21:37:29+00:00,8800.94,1
2026-08-01T21:48:30+00:00,8800.95,1
2026-08-01T21:59:31+00:00,8800.95,1
2026-08-01T22:10:31+00:00,8797.65,2
2026-08-01T22:21:32+00:00,8797.66,2
2026-08-01T22:32:34+00:00,8797.66,2
2026-08-01T22:43:34+00:00,8797.67,2
2026-08-01T22:54:35+00:00,8797.67,2
2026-08-01T23:05:38+00:00,8797.69,2
2026-08-01T23:16:40+00:00,8797.71,2
2026-08-01T23:27:41+00:00,8797.73,2
2026-08-01T23:38:43+00:00,8797.75,2
2026-08-01T23:49:45+00:00,8797.77,2
2026-08-02T00:00:47+00:00,8794.48,3
2026-08-02T00:11:50+00:00,8794.5,3
2026-08-02T00:22:53+00:00,8794.52,3
2026-08-02T00:33:55+00:00,8794.54,3
2026-08-02T00:56:15+00:00,8794.55,3
2026-08-02T01:07:18+00:00,8794.57,3
2026-08-02T01:18:19+00:00,8794.58,3
2026-08-02T01:29:21+00:00,8794.59,3
2026-08-02T01:40:27+00:00,8794.61,3
2026-08-02T01:51:30+00:00,8794.62,3
2026-08-02T02:02:33+00:00,8791.35,4
2026-08-02T02:13:36+00:00,8791.37,4
2026-08-02T02:24:37+00:00,8791.4,4
2026-08-02T02:35:41+00:00,8791.42,4
2026-08-02T02:46:44+00:00,8791.45,4
2026-08-02T02:57:46+00:00,8791.48,4
2026-08-02T03:08:49+00:00,8788.2,3
2026-08-02T03:19:51+00:00,8788.22,3
2026-08-02T03:30:53+00:00,8788.24,3
2026-08-02T03:41:55+00:00,8788.26,3
2026-08-02T03:52:57+00:00,8788.28,3
2026-08-02T04:03:59+00:00,8788.29,3
2026-08-02T04:15:01+00:00,8788.3,3
2026-08-02T04:26:04+00:00,8788.32,3
2026-08-02T04:37:05+00:00,8788.33,3
2026-08-02T04:48:07+00:00,8788.34,3
2026-08-02T04:59:09+00:00,8788.35,3
2026-08-02T05:10:10+00:00,8788.37,3
2026-08-02T05:21:12+00:00,8788.4,3
2026-08-02T05:32:13+00:00,8788.42,3
2026-08-02T05:54:37+00:00,8788.44,3
2026-08-02T06:05:40+00:00,8785.17,4
2026-08-02T06:16:44+00:00,8785.21,4
2026-08-02T06:27:47+00:00,8785.25,4
2026-08-02T06:38:51+00:00,8785.29,4
2026-08-02T06:49:54+00:00,8785.33,4
2026-08-02T07:00:58+00:00,8785.37,4
2026-08-02T07:12:01+00:00,8785.4,4
2026-08-02T07:23:05+00:00,8785.44,4
2026-08-02T07:34:08+00:00,8785.48,4
2026-08-02T07:45:11+00:00,8785.52,4
2026-08-02T07:56:15+00:00,8785.56,4
2026-08-02T08:07:19+00:00,8785.59,4
2026-08-02T08:18:22+00:00,8785.62,4
2026-08-02T08:29:26+00:00,8785.66,4
2026-08-02T08:40:30+00:00,8785.69,4
2026-08-02T08:51:33+00:00,8785.72,4
2026-08-02T09:02:38+00:00,8785.75,4
2026-08-02T09:13:42+00:00,8785.78,4
2026-08-02T09:24:45+00:00,8785.8,4
2026-08-02T09:35:49+00:00,8785.83,4
2026-08-02T09:46:52+00:00,8785.86,4
2026-08-02T09:57:56+00:00,8785.88,4
2026-08-02T10:09:01+00:00,8782.6,3
2026-08-02T10:20:04+00:00,8782.61,3
2026-08-02T10:31:07+00:00,8782.61,3
2026-08-02T10:53:33+00:00,8782.62,3
2026-08-02T11:04:37+00:00,8776.04,3
2026-08-02T11:15:41+00:00,8776.05,3
2026-08-02T11:26:47+00:00,8776.06,3
2026-08-02T11:37:50+00:00,8776.07,3
2026-08-02T11:48:54+00:00,8776.08,3
2026-08-02T11:59:59+00:00,8776.09,3
2026-08-02T12:11:04+00:00,8772.81,4
2026-08-02T12:22:07+00:00,8772.83,4
2026-08-02T12:33:11+00:00,8772.84,4
2026-08-02T12:44:16+00:00,8772.85,4
2026-08-02T12:55:20+00:00,8772.87,4
2026-08-02T13:06:24+00:00,8766.29,2
2026-08-02T13:17:30+00:00,8766.3,2
2026-08-02T13:28:35+00:00,8766.31,2
2026-08-02T13:39:40+00:00,8766.32,2
2026-08-02T13:50:45+00:00,8766.33,2
2026-08-02T14:01:51+00:00,8766.34,2
2026-08-02T14:12:54+00:00,8766.35,2
2026-08-02T14:24:00+00:00,8766.36,2
2026-08-02T14:35:04+00:00,8766.37,2
2026-08-02T14:46:10+00:00,8766.38,2
2026-08-02T14:57:13+00:00,8766.39,2
2026-08-02T15:08:17+00:00,8763.12,3
2026-08-02T15:19:21+00:00,8763.13,3
2026-08-02T15:30:26+00:00,8763.14,3
2026-08-02T15:52:52+00:00,8763.15,3
2026-08-02T16:03:56+00:00,8763.16,3
2026-08-02T16:15:00+00:00,8763.17,3
2026-08-02T16:26:03+00:00,8763.18,3
2026-08-02T16:37:07+00:00,8763.19,3
2026-08-02T16:48:11+00:00,8763.21,3
2026-08-02T16:59:15+00:00,8763.22,3
2026-08-02T17:10:19+00:00,8763.23,3
2026-08-02T17:21:22+00:00,8763.24,3
2026-08-02T17:32:26+00:00,8763.26,3
2026-08-02T17:43:30+00:00,8763.27,3
2026-08-02T17:54:34+00:00,8763.28,3
2026-08-02T18:05:38+00:00,8763.3,3
2026-08-02T18:16:43+00:00,8763.32,3
2026-08-02T18:27:46+00:00,8763.34,3
2026-08-02T18:38:51+00:00,8763.36,3
2026-08-02T18:49:55+00:00,8763.38,3
2026-08-02T19:00:59+00:00,8763.4,3
2026-08-02T19:12:05+00:00,8763.42,3
2026-08-02T19:23:09+00:00,8763.44,3
2026-08-02T19:34:13+00:00,8763.46,3
2026-08-02T19:45:18+00:00,8763.48,3
2026-08-02T19:56:22+00:00,8763.5,3
2026-08-02T20:07:27+00:00,8763.52,3
2026-08-02T20:18:31+00:00,8763.53,3
2026-08-02T20:29:36+00:00,8763.55,3
2026-08-02T20:52:07+00:00,8763.56,3
2026-08-02T21:03:13+00:00,8763.58,3
2026-08-02T21:14:20+00:00,8763.59,3
2026-08-02T21:25:27+00:00,8763.6,3
2026-08-02T21:36:32+00:00,8763.61,3
2026-08-02T21:47:37+00:00,8763.62,3
2026-08-02T21:58:43+00:00,8763.63,3
2026-08-02T22:09:48+00:00,8763.64,3
2026-08-02T22:20:54+00:00,8763.65,3
2026-08-02T22:32:00+00:00,8763.67,3
2026-08-02T22:43:05+00:00,8763.68,3
2026-08-02T22:54:11+00:00,8763.7,3
2026-08-02T23:05:24+00:00,8760.43,4
2026-08-02T23:16:28+00:00,8760.45,4
2026-08-02T23:27:34+00:00,8760.48,4
2026-08-02T23:38:41+00:00,8760.5,4
2026-08-02T23:49:47+00:00,8760.53,4
2026-08-03T00:00:54+00:00,8757.26,3
2026-08-03T00:12:00+00:00,8757.28,3
2026-08-03T00:23:05+00:00,8757.3,3
2026-08-03T00:34:11+00:00,8757.32,3
2026-08-03T00:45:17+00:00,8757.34,3
2026-08-03T00:56:23+00:00,8757.36,3
2026-08-03T01:07:29+00:00,8757.38,3
2026-08-03T01:18:37+00:00,8757.39,3
2026-08-03T01:29:43+00:00,8757.41,3
2026-08-03T01:52:15+00:00,8757.42,3
2026-08-03T02:03:20+00:00,8757.44,3
2026-08-03T02:14:26+00:00,8757.45,3
2026-08-03T02:25:32+00:00,8757.47,3
2026-08-03T02:36:37+00:00,8757.48,3
2026-08-03T02:47:41+00:00,8757.5,3
2026-08-03T02:58:46+00:00,8757.51,3
2026-08-03T03:09:51+00:00,8757.53,3
2026-08-03T03:20:56+00:00,8757.54,3
2026-08-03T03:32:02+00:00,8757.56,3
2026-08-03T03:43:07+00:00,8757.58,3
2026-08-03T03:54:13+00:00,8757.59,3
2026-08-03T04:05:19+00:00,8757.61,3
2026-08-03T04:16:25+00:00,8757.62,3
2026-08-03T04:27:31+00:00,8757.64,3
2026-08-03T04:38:37+00:00,8757.66,3
2026-08-03T04:49:43+00:00,8757.67,3
2026-08-03T05:00:49+00:00,8757.69,3
2026-08-03T05:11:55+00:00,8757.7,3
2026-08-03T05:23:02+00:00,8757.71,3
2026-08-03T05:34:08+00:00,8757.72,3
2026-08-03T05:45:13+00:00,8757.74,3
2026-08-03T05:56:19+00:00,8757.75,3
2026-08-03T06:07:26+00:00,8757.76,3
2026-08-03T06:18:32+00:00,8757.77,3
2026-08-03T06:29:37+00:00,8757.78,3
2026-08-03T06:52:23+00:00,8757.79,3
2026-08-03T07:03:30+00:00,8757.8,3
2026-08-03T07:14:38+00:00,8757.81,3
2026-08-03T07:25:46+00:00,8757.81,3
2026-08-03T07:37:33+00:00,8757.82,3
2026-08-03T07:49:10+00:00,8757.82,3
2026-08-03T08:00:19+00:00,8747.97,2
2026-08-03T08:12:30+00:00,8747.97,2
2026-08-03T08:24:15+00:00,8747.98,2
2026-08-03T08:35:24+00:00,8747.98,2
2026-08-03T08:47:28+00:00,8747.98,2
2026-08-03T08:59:47+00:00,8747.99,2
2026-08-03T09:12:13+00:00,8744.7,1
2026-08-03T09:24:34+00:00,8744.7,1
2026-08-03T09:37:02+00:00,8744.7,1
2026-08-03T09:45:40+00:00,8744.71,1
2026-08-03T09:56:47+00:00,8744.71,1
2026-08-03T10:07:54+00:00,8744.71,1
2026-08-03T10:19:01+00:00,8744.72,1
2026-08-03T10:30:06+00:00,8744.72,1
2026-08-03T10:41:13+00:00,8744.73,1
2026-08-03T10:52:20+00:00,8744.74,1
2026-08-03T11:03:28+00:00,8744.74,1
2026-08-03T11:14:35+00:00,8744.75,1
2026-08-03T11:25:41+00:00,8744.75,1
2026-08-03T11:36:48+00:00,8744.76,1
2026-08-03T11:47:55+00:00,8744.76,1
2026-08-03T11:59:01+00:00,8744.77,1
2026-08-03T12:10:09+00:00,8741.49,2
2026-08-03T12:21:16+00:00,8741.5,2
2026-08-03T12:32:22+00:00,8741.51,2
2026-08-03T12:43:30+00:00,8741.52,2
2026-08-03T12:54:37+00:00,8741.53,2
2026-08-03T13:05:45+00:00,8734.99,4
2026-08-03T13:16:53+00:00,8735.01,4
2026-08-03T13:28:00+00:00,8735.03,4
2026-08-03T13:39:09+00:00,8735.05,4
2026-08-03T13:50:17+00:00,8735.06,4
2026-08-03T14:46:15+00:00,8735.09,4
2026-08-03T14:57:09+00:00,8735.11,4
2026-08-03T15:08:02+00:00,8728.57,2
2026-08-03T15:18:54+00:00,8728.59,2
2026-08-03T15:29:48+00:00,8728.61,2
2026-08-03T15:40:41+00:00,8728.63,2
2026-08-03T15:51:34+00:00,8728.65,2
2026-08-03T16:02:26+00:00,8725.4,3
2026-08-03T16:13:19+00:00,8725.43,3
2026-08-03T16:24:16+00:00,8725.45,3
2026-08-03T16:35:09+00:00,8725.48,3
2026-08-03T16:46:01+00:00,8725.51,3
2026-08-03T16:56:54+00:00,8725.54,3
2026-08-03T17:07:47+00:00,8722.29,2
2026-08-03T17:18:41+00:00,8722.32,2
2026-08-03T17:29:35+00:00,8722.34,2
2026-08-03T17:40:28+00:00,8722.37,2
2026-08-03T17:51:22+00:00,8722.39,2
2026-08-03T18:02:16+00:00,8722.43,2
2026-08-03T18:13:09+00:00,8722.46,2
2026-08-03T18:24:02+00:00,8722.5,2
2026-08-03T19:40:41+00:00,8719.25,3
2026-08-03T19:51:50+00:00,8719.28,3
2026-08-03T20:02:56+00:00,8712.74,1
2026-08-03T20:14:03+00:00,8712.74,1
2026-08-03T20:25:11+00:00,8712.74,1
2026-08-03T20:36:18+00:00,8712.74,1
2026-08-03T20:47:26+00:00,8712.74,1
2026-08-03T20:58:39+00:00,8712.74,1
2026-08-03T21:09:47+00:00,8706.2,1
2026-08-03T21:20:54+00:00,8706.21,1
2026-08-03T21:32:02+00:00,8706.21,1
2026-08-03T21:43:08+00:00,8706.21,1
2026-08-03T21:54:16+00:00,8706.21,1
2026-08-03T22:05:24+00:00,8702.95,2
2026-08-03T22:16:32+00:00,8702.96,2
2026-08-03T22:27:40+00:00,8702.96,2
2026-08-03T22:38:51+00:00,8702.97,2
2026-08-03T22:49:59+00:00,8702.97,2
2026-08-03T23:01:06+00:00,8699.71,1
2026-08-03T23:12:13+00:00,8699.71,1
2026-08-03T23:23:20+00:00,8699.71,1
2026-08-03T23:34:26+00:00,8699.71,1
2026-08-03T23:45:34+00:00,8699.71,1
2026-08-04T00:41:28+00:00,8699.71,1
2026-08-04T00:52:42+00:00,8699.71,1
2026-08-04T01:03:51+00:00,8699.71,1
2026-08-04T01:14:59+00:00,8699.72,1
2026-08-04T01:26:08+00:00,8699.72,1
2026-08-04T01:37:17+00:00,8699.72,1
2026-08-04T01:48:26+00:00,8699.73,1
2026-08-04T01:59:35+00:00,8699.73,1
2026-08-04T02:10:43+00:00,8696.47,2
2026-08-04T02:21:51+00:00,8696.48,2
2026-08-04T02:33:02+00:00,8696.49,2
2026-08-04T02:44:10+00:00,8696.5,2
2026-08-04T05:43:02+00:00,8690.0,4
2026-08-04T05:54:12+00:00,8690.03,4
2026-08-04T06:05:20+00:00,8690.05,4
2026-08-04T06:16:30+00:00,8690.07,4
2026-08-04T06:27:39+00:00,8690.09,4
2026-08-04T06:38:48+00:00,8690.11,4
2026-08-04T06:49:57+00:00,8690.14,4
2026-08-04T07:01:14+00:00,8686.89,3
2026-08-04T07:12:23+00:00,8686.9,3
2026-08-04T07:23:33+00:00,8686.91,3
2026-08-04T07:34:44+00:00,8686.92,3
2026-08-04T07:45:56+00:00,8686.93,3
2026-08-04T07:57:05+00:00,8686.94,3
2026-08-04T08:08:14+00:00,8686.95,3
2026-08-04T08:19:23+00:00,8686.96,3
2026-08-04T08:30:34+00:00,8686.98,3
2026-08-04T08:41:43+00:00,8686.99,3
2026-08-04T10:33:38+00:00,8687.0,3
2026-08-04T10:44:35+00:00,8687.01,3
2026-08-04T10:55:30+00:00,8687.02,3
2026-08-04T11:06:27+00:00,8687.04,3
2026-08-04T11:17:22+00:00,8687.05,3
2026-08-04T11:28:17+00:00,8687.06,3
2026-08-04T11:39:12+00:00,8687.07,3
2026-08-04T11:50:08+00:00,8687.09,3
2026-08-04T12:01:04+00:00,8683.85,4
2026-08-04T12:12:02+00:00,8683.87,4
2026-08-04T12:22:57+00:00,8683.89,4
2026-08-04T12:33:52+00:00,8683.92,4
2026-08-04T12:44:47+00:00,8683.94,4
2026-08-04T12:55:42+00:00,8683.97,4
2026-08-04T13:06:37+00:00,8683.98,4
2026-08-04T15:29:04+00:00,8674.2,1
2026-08-04T15:40:17+00:00,8674.21,1
2026-08-04T15:51:27+00:00,8674.21,1
2026-08-04T16:02:37+00:00,8670.96,2
2026-08-04T16:13:47+00:00,8670.97,2
2026-08-04T16:24:57+00:00,8670.97,2
2026-08-04T16:36:08+00:00,8670.98,2
2026-08-04T16:47:19+00:00,8670.98,2
2026-08-04T16:58:29+00:00,8670.99,2
2026-08-04T17:09:40+00:00,8667.74,1
2026-08-04T17:20:49+00:00,8667.74,1
2026-08-04T17:32:00+00:00,8667.74,1
2026-08-04T17:43:10+00:00,8667.75,1
2026-08-04T17:54:20+00:00,8667.75,1
2026-08-04T18:05:30+00:00,8664.5,2
2026-08-04T18:16:42+00:00,8664.51,2
2026-08-04T18:27:53+00:00,8664.52,2
2026-08-04T18:39:03+00:00,8664.53,2
2026-08-04T18:50:14+00:00,8664.54,2
2026-08-04T19:01:25+00:00,8658.04,0
2026-08-04T19:12:35+00:00,8658.04,0
2026-08-04T19:23:45+00:00,8658.04,0
2026-08-04T19:34:55+00:00,8658.04,0
2026-08-04T19:46:07+00:00,8658.04,0
2026-08-04T20:20:08+00:00,8654.79,1
2026-08-04T20:31:22+00:00,8654.79,1
2026-08-04T20:42:35+00:00,8654.79,1
2026-08-04T20:53:47+00:00,8654.79,1
2026-08-04T21:05:01+00:00,8651.55,0
2026-08-04T21:16:14+00:00,8651.55,0
2026-08-04T21:27:27+00:00,8651.55,0
2026-08-04T21:38:40+00:00,8651.55,0
2026-08-04T21:49:53+00:00,8651.55,0
2026-08-04T22:01:05+00:00,8651.55,0
2026-08-04T22:12:18+00:00,8651.55,0
2026-08-04T22:23:31+00:00,8651.55,0
2026-08-04T22:34:43+00:00,8651.55,0
2026-08-04T22:45:56+00:00,8651.55,0
2026-08-04T22:57:09+00:00,8651.55,0
2026-08-04T23:08:21+00:00,8648.3,1
2026-08-04T23:19:35+00:00,8648.3,1
2026-08-04T23:30:48+00:00,8648.3,1
2026-08-04T23:42:00+00:00,8648.3,1
2026-08-04T23:53:13+00:00,8648.31,1
2026-08-05T00:04:27+00:00,8648.31,1
2026-08-05T00:15:41+00:00,8648.31,1
2026-08-05T00:26:53+00:00,8648.31,1
2026-08-05T00:38:05+00:00,8648.31,1
2026-08-05T00:49:18+00:00,8648.31,1
2026-08-05T01:00:31+00:00,8645.07,0
2026-08-05T01:12:08+00:00,8645.07,0
2026-08-05T01:23:19+00:00,8645.07,0
2026-08-05T01:34:31+00:00,8645.07,0
2026-08-05T01:45:43+00:00,8645.07,0
2026-08-05T01:56:54+00:00,8645.07,0
2026-08-05T02:08:05+00:00,8645.07,0
2026-08-05T02:19:17+00:00,8645.07,0
2026-08-05T02:30:28+00:00,8645.07,0
2026-08-05T02:41:40+00:00,8645.07,0
2026-08-05T02:52:51+00:00,8645.07,0
2026-08-05T03:04:03+00:00,8641.82,1
2026-08-05T03:15:15+00:00,8641.83,1
2026-08-05T03:26:29+00:00,8641.83,1
2026-08-05T03:37:42+00:00,8641.83,1
2026-08-05T03:48:54+00:00,8641.83,1
2026-08-05T04:00:05+00:00,8638.58,0
2026-08-05T04:11:17+00:00,8638.58,0
2026-08-05T04:22:30+00:00,8638.58,0
2026-08-05T06:03:45+00:00,8628.86,3
2026-08-05T06:15:00+00:00,8628.88,3
2026-08-05T06:26:14+00:00,8628.9,3
2026-08-05T06:37:27+00:00,8628.92,3
2026-08-05T06:48:42+00:00,8628.94,3
2026-08-05T06:59:56+00:00,8628.96,3
2026-08-05T07:11:09+00:00,8625.74,4
2026-08-05T07:22:22+00:00,8625.76,4
2026-08-05T07:33:36+00:00,8625.78,4
2026-08-05T07:44:49+00:00,8625.8,4
2026-08-05T07:56:03+00:00,8625.82,4
2026-08-05T08:07:18+00:00,8625.83,4
2026-08-05T08:18:31+00:00,8625.84,4
2026-08-05T08:29:45+00:00,8625.85,4
2026-08-05T08:40:58+00:00,8625.86,4
2026-08-05T08:52:13+00:00,8625.87,4
2026-08-05T09:03:27+00:00,8625.9,4
2026-08-05T09:14:40+00:00,8625.93,4
2026-08-05T09:25:55+00:00,8625.96,4
2026-08-05T09:37:09+00:00,8625.99,4
2026-08-05T09:48:24+00:00,8626.03,4
2026-08-05T09:59:40+00:00,8626.06,4
2026-08-05T10:56:12+00:00,8622.85,3
2026-08-05T11:07:26+00:00,8622.86,3
2026-08-05T11:18:42+00:00,8622.87,3
2026-08-05T11:29:57+00:00,8622.89,3
2026-08-05T11:41:11+00:00,8622.9,3
2026-08-05T11:52:25+00:00,8622.91,3
2026-08-05T12:03:40+00:00,8622.93,3
2026-08-05T12:14:53+00:00,8622.95,3
2026-08-05T12:26:08+00:00,8622.97,3
2026-08-05T12:37:24+00:00,8622.99,3
2026-08-05T12:48:38+00:00,8623.01,3
2026-08-05T12:59:53+00:00,8623.02,3
2026-08-05T13:11:09+00:00,8623.04,3
2026-08-05T13:22:25+00:00,8623.07,3
2026-08-05T13:33:40+00:00,8623.09,3
2026-08-05T13:44:56+00:00,8623.11,3
2026-08-05T13:56:11+00:00,8623.13,3
2026-08-05T14:07:25+00:00,8623.13,3
2026-08-05T14:18:42+00:00,8623.13,3
2026-08-05T14:29:59+00:00,8623.14,3
2026-08-05T14:41:14+00:00,8623.14,3
2026-08-05T14:52:31+00:00,8623.14,3
2026-08-05T15:49:14+00:00,8619.92,2
2026-08-05T16:00:30+00:00,8616.7,3
2026-08-05T16:11:45+00:00,8616.71,3
2026-08-05T16:22:59+00:00,8616.73,3
2026-08-05T16:34:15+00:00,8616.74,3
2026-08-05T16:45:28+00:00,8616.75,3
2026-08-05T16:56:48+00:00,8616.77,3
2026-08-05T17:08:02+00:00,8613.54,2
2026-08-05T17:19:17+00:00,8613.56,2
2026-08-05T17:30:31+00:00,8613.57,2
2026-08-05T17:41:47+00:00,8613.59,2
2026-08-05T17:53:00+00:00,8613.6,2
2026-08-05T18:04:14+00:00,8613.63,2
2026-08-05T18:15:28+00:00,8613.66,2
2026-08-05T18:26:42+00:00,8613.69,2
2026-08-05T18:37:56+00:00,8613.71,2
2026-08-05T18:49:13+00:00,8613.74,2
2026-08-05T19:00:28+00:00,8613.76,2
2026-08-05T19:11:44+00:00,8613.78,2
2026-08-05T19:23:00+00:00,8613.81,2
2026-08-05T19:34:15+00:00,8613.83,2
2026-08-05T19:45:31+00:00,8613.85,2
2026-08-05T19:56:47+00:00,8613.87,2
2026-08-05T20:08:03+00:00,8613.88,2
2026-08-05T20:42:16+00:00,8613.9,2
2026-08-05T20:53:34+00:00,8613.91,2
2026-08-05T21:04:52+00:00,8604.22,3
2026-08-05T21:16:09+00:00,8604.24,3
2026-08-05T21:27:26+00:00,8604.26,3
2026-08-05T21:38:43+00:00,8604.28,3
2026-08-05T21:50:06+00:00,8604.3,3
2026-08-05T22:01:23+00:00,8601.07,2
2026-08-05T22:12:40+00:00,8601.08,2
2026-08-05T22:23:57+00:00,8601.09,2
2026-08-05T22:35:14+00:00,8601.1,2
2026-08-05T22:46:31+00:00,8601.11,2
2026-08-05T22:57:48+00:00,8601.12,2
2026-08-05T23:09:06+00:00,8601.13,2
2026-08-05T23:20:23+00:00,8601.14,2
2026-08-05T23:31:40+00:00,8601.15,2
2026-08-05T23:42:56+00:00,8601.16,2
2026-08-05T23:54:13+00:00,8601.17,2
2026-08-06T00:05:29+00:00,8601.17,2
2026-08-06T00:16:46+00:00,8601.18,2
2026-08-06T00:28:03+00:00,8601.19,2
2026-08-06T00:39:21+00:00,8601.19,2
2026-08-06T00:50:38+00:00,8601.2,2
2026-08-06T01:01:56+00:00,8601.21,2
2026-08-06T01:36:06+00:00,8601.22,2
2026-08-06T01:47:25+00:00,8601.22,2
2026-08-06T01:58:42+00:00,8601.23,2
2026-08-06T02:09:59+00:00,8601.24,2
2026-08-06T02:21:20+00:00,8601.25,2
2026-08-06T02:32:38+00:00,8601.26,2
2026-08-06T02:43:54+00:00,8601.27,2
2026-08-06T02:55:11+00:00,8601.28,2
2026-08-06T03:06:28+00:00,8598.06,3
2026-08-06T03:17:45+00:00,8598.07,3
2026-08-06T03:29:03+00:00,8598.07,3
2026-08-06T03:40:21+00:00,8598.08,3
2026-08-06T03:51:39+00:00,8598.09,3
2026-08-06T04:02:56+00:00,8598.1,3
2026-08-06T04:14:14+00:00,8598.1,3
2026-08-06T04:25:32+00:00,8598.11,3
2026-08-06T06:30:04+00:00,8598.13,3
2026-08-06T06:41:24+00:00,8598.14,3
2026-08-06T06:52:42+00:00,8598.16,3
2026-08-06T07:04:00+00:00,8598.17,3
2026-08-06T07:15:19+00:00,8598.19,3
2026-08-06T07:26:41+00:00,8594.97,4
2026-08-06T07:37:59+00:00,8594.98,4
2026-08-06T07:49:17+00:00,8594.98,4
2026-08-06T08:00:40+00:00,8595.01,4
2026-08-06T08:12:00+00:00,8595.03,4
2026-08-06T08:23:19+00:00,8595.05,4
2026-08-06T08:34:37+00:00,8595.08,4
2026-08-06T08:45:58+00:00,8595.1,4
2026-08-06T08:57:17+00:00,8595.12,4
2026-08-06T09:08:37+00:00,8595.15,4
2026-08-06T09:19:56+00:00,8595.18,4
2026-08-06T09:31:20+00:00,8595.21,4
2026-08-06T09:42:40+00:00,8595.24,4
2026-08-06T09:54:04+00:00,8595.27,4
2026-08-06T10:05:23+00:00,8592.05,3
2026-08-06T11:25:23+00:00,8592.06,3
2026-08-06T11:36:45+00:00,8592.07,3
2026-08-06T11:48:04+00:00,8592.07,3
2026-08-06T11:59:23+00:00,8592.08,3
2026-08-06T12:10:42+00:00,8588.87,4
2026-08-06T12:22:01+00:00,8588.89,4
2026-08-06T12:33:20+00:00,8588.9,4
2026-08-06T12:44:38+00:00,8588.92,4
2026-08-06T12:55:58+00:00,8588.93,4
2026-08-06T13:07:17+00:00,8582.5,2
2026-08-06T13:18:38+00:00,8582.51,2
2026-08-06T13:29:57+00:00,8582.52,2
2026-08-06T13:41:16+00:00,8582.53,2
2026-08-06T13:52:35+00:00,8582.53,2
2026-08-06T14:03:54+00:00,8582.54,2
2026-08-06T14:15:14+00:00,8582.55,2
2026-08-06T14:26:34+00:00,8582.56,2
2026-08-06T14:37:52+00:00,8582.57,2
2026-08-06T14:49:12+00:00,8582.58,2
2026-08-06T15:00:32+00:00,8579.37,3
2026-08-06T15:11:51+00:00,8579.38,3
2026-08-06T15:23:10+00:00,8579.39,3
2026-08-06T15:34:30+00:00,8579.4,3
2026-08-06T15:45:49+00:00,8579.41,3
2026-08-06T15:57:08+00:00,8579.43,3
2026-08-06T16:08:27+00:00,8576.22,4
2026-08-07T00:25:54+00:00,8566.56,1
2026-08-07T00:37:16+00:00,8566.56,1
2026-08-07T00:48:36+00:00,8566.56,1
2026-08-07T00:59:56+00:00,8566.56,1
2026-08-07T01:11:16+00:00,8566.56,1
2026-08-07T01:22:36+00:00,8566.57,1
2026-08-07T01:33:56+00:00,8566.57,1
2026-08-07T01:45:17+00:00,8566.58,1
2026-08-07T01:56:38+00:00,8566.58,1
2026-08-07T02:07:59+00:00,8563.37,2
2026-08-07T02:19:19+00:00,8563.38,2
2026-08-07T02:30:40+00:00,8563.39,2
2026-08-07T02:42:01+00:00,8563.39,2
2026-08-07T02:53:21+00:00,8563.4,2
2026-08-07T03:04:43+00:00,8556.98,4
2026-08-07T03:16:03+00:00,8556.99,4
2026-08-07T03:27:23+00:00,8557.0,4
2026-08-07T05:21:14+00:00,8553.79,3
2026-08-07T05:32:37+00:00,8553.8,3
2026-08-07T05:43:57+00:00,8553.8,3
2026-08-07T05:55:17+00:00,8553.8,3
2026-08-07T06:06:39+00:00,8550.6,2
2026-08-07T06:18:01+00:00,8550.61,2
2026-08-07T06:29:22+00:00,8550.62,2
2026-08-07T06:40:43+00:00,8550.62,2
2026-08-07T06:52:03+00:00,8550.63,2
2026-08-07T07:03:24+00:00,8550.65,2
2026-08-07T07:14:46+00:00,8550.67,2
2026-08-07T07:26:06+00:00,8550.68,2
2026-08-07T07:37:27+00:00,8550.7,2
2026-08-07T07:48:49+00:00,8550.72,2
2026-08-07T08:00:10+00:00,8550.73,2
2026-08-07T08:11:35+00:00,8550.75,2
2026-08-07T08:22:57+00:00,8550.76,2
2026-08-07T08:34:20+00:00,8550.77,2
2026-08-07T08:45:42+00:00,8550.79,2
2026-08-07T08:57:06+00:00,8550.8,2
2026-08-07T09:08:28+00:00,8547.61,3
2026-08-07T09:19:51+00:00,8547.62,3
2026-08-07T09:31:14+00:00,8547.64,3
2026-08-07T10:16:59+00:00,8544.45,2
2026-08-07T10:28:24+00:00,8544.47,2
2026-08-07T10:39:46+00:00,8544.49,2
2026-08-07T10:51:09+00:00,8544.51,2
2026-08-07T11:02:32+00:00,8541.32,3
2026-08-07T11:13:56+00:00,8541.34,3
2026-08-07T11:25:19+00:00,8541.36,3
2026-08-07T11:36:43+00:00,8541.38,3
2026-08-07T11:48:07+00:00,8541.4,3
2026-08-07T11:59:28+00:00,8541.42,3
2026-08-07T12:10:50+00:00,8538.23,4
2026-08-07T12:22:14+00:00,8538.26,4
2026-08-07T12:33:37+00:00,8538.28,4
2026-08-07T12:45:00+00:00,8538.3,4
2026-08-07T12:56:23+00:00,8538.32,4
2026-08-07T13:07:46+00:00,8538.33,4
2026-08-07T13:19:10+00:00,8538.35,4
2026-08-07T13:30:33+00:00,8538.36,4
2026-08-07T13:41:56+00:00,8538.37,4
2026-08-07T13:53:21+00:00,8538.38,4
2026-08-07T14:04:44+00:00,8531.98,2
2026-08-07T14:16:08+00:00,8531.99,2
2026-08-07T14:27:32+00:00,8531.99,2
2026-08-07T14:38:56+00:00,8532.0,2
2026-08-07T14:50:19+00:00,8532.01,2
2026-08-07T15:13:25+00:00,8522.4,1
2026-08-07T15:24:50+00:00,8522.4,1
2026-08-07T15:36:13+00:00,8522.4,1
2026-08-07T15:47:37+00:00,8522.4,1
2026-08-07T15:59:00+00:00,8522.4,1
2026-08-07T16:10:23+00:00,8516.01,3
2026-08-07T16:21:46+00:00,8516.02,3
2026-08-07T16:33:08+00:00,8516.03,3
2026-08-07T16:44:32+00:00,8516.03,3
2026-08-07T16:55:56+00:00,8516.04,3
2026-08-07T17:07:20+00:00,8512.85,2
2026-08-07T17:18:44+00:00,8512.85,2
2026-08-07T17:30:06+00:00,8512.86,2
2026-08-07T17:41:29+00:00,8512.87,2
2026-08-07T17:52:53+00:00,8512.87,2
2026-08-07T18:04:17+00:00,8506.49,2
2026-08-07T18:15:41+00:00,8506.49,2
2026-08-07T18:27:05+00:00,8506.5,2
2026-08-07T18:38:30+00:00,8506.5,2
2026-08-07T18:49:53+00:00,8506.5,2
2026-08-07T19:01:17+00:00,8503.32,3
2026-08-07T19:12:40+00:00,8503.33,3
2026-08-07T19:24:04+00:00,8503.33,3
2026-08-07T19:35:28+00:00,8503.34,3
2026-08-07T19:46:52+00:00,8503.35,3
2026-08-07T19:58:16+00:00,8503.35,3
2026-08-07T20:10:01+00:00,8500.18,2
2026-08-07T20:21:26+00:00,8500.19,2
2026-08-07T20:32:50+00:00,8500.2,2
2026-08-07T20:44:15+00:00,8500.21,2
2026-08-07T20:55:39+00:00,8500.23,2
2026-08-07T21:07:05+00:00,8497.03,1
2026-08-07T21:18:29+00:00,8497.03,1
2026-08-07T21:29:53+00:00,8497.03,1
2026-08-07T21:41:18+00:00,8497.03,1
2026-08-07T21:52:43+00:00,8497.04,1
2026-08-07T22:04:07+00:00,8493.85,0
2026-08-07T22:15:32+00:00,8493.85,0
2026-08-07T22:26:56+00:00,8493.85,0
2026-08-07T22:38:20+00:00,8493.85,0
2026-08-07T22:49:45+00:00,8493.85,0
2026-08-07T23:01:10+00:00,8493.85,0
2026-08-07T23:12:34+00:00,8493.85,0
2026-08-07T23:23:58+00:00,8493.85,0
2026-08-07T23:35:23+00:00,8493.85,0
2026-08-07T23:46:49+00:00,8493.85,0
2026-08-07T23:58:15+00:00,8493.85,0
2026-08-08T01:07:05+00:00,8493.85,0
2026-08-08T01:18:34+00:00,8493.85,0
2026-08-08T01:30:02+00:00,8493.85,0
2026-08-08T01:41:28+00:00,8493.85,0
2026-08-08T01:52:54+00:00,8493.85,0
2026-08-08T02:04:20+00:00,8490.66,1
2026-08-08T02:15:45+00:00,8490.67,1
2026-08-08T02:27:11+00:00,8490.67,1
2026-08-08T02:38:36+00:00,8490.67,1
2026-08-08T02:50:02+00:00,8490.68,1
2026-08-08T03:01:28+00:00,8487.5,2
2026-08-08T03:12:52+00:00,8487.5,2
2026-08-08T03:24:19+00:00,8487.5,2
2026-08-08T03:35:45+00:00,8487.51,2
2026-08-08T03:47:12+00:00,8487.51,2
2026-08-08T03:58:38+00:00,8487.52,2
2026-08-08T04:10:05+00:00,8481.16,4
2026-08-08T04:21:30+00:00,8481.18,4
2026-08-08T04:32:56+00:00,8481.2,4
2026-08-08T04:44:23+00:00,8481.21,4
2026-08-08T04:55:48+00:00,8481.23,4
2026-08-08T05:07:14+00:00,8478.05,3
2026-08-08T05:18:39+00:00,8478.05,3
2026-08-08T05:30:06+00:00,8478.06,3
2026-08-08T05:41:33+00:00,8478.06,3
2026-08-08T05:52:59+00:00,8478.07,3
2026-08-08T06:04:44+00:00,8471.71,3
2026-08-08T06:16:10+00:00,8471.72,3
2026-08-08T06:27:40+00:00,8471.72,3
2026-08-08T06:39:08+00:00,8471.73,3
2026-08-08T06:50:36+00:00,8471.73,3
2026-08-08T07:02:05+00:00,8468.56,4
2026-08-08T07:13:32+00:00,8468.57,4
2026-08-08T07:25:01+00:00,8468.58,4
2026-08-08T07:36:31+00:00,8468.59,4
2026-08-08T07:47:59+00:00,8468.6,4
2026-08-08T07:59:30+00:00,8468.61,4
2026-08-08T08:11:00+00:00,8468.62,4
2026-08-08T08:22:29+00:00,8468.64,4
2026-08-08T08:33:58+00:00,8468.65,4
2026-08-08T08:45:30+00:00,8468.66,4
2026-08-08T08:56:59+00:00,8468.68,4
2026-08-08T09:08:29+00:00,8468.7,4
2026-08-08T09:20:01+00:00,8468.72,4
2026-08-08T09:31:31+00:00,8468.73,4
2026-08-08T09:43:02+00:00,8468.75,4
2026-08-08T09:54:34+00:00,8468.77,4
2026-08-08T10:06:04+00:00,8468.79,4
2026-08-08T10:17:35+00:00,8468.8,4
2026-08-08T10:29:05+00:00,8468.82,4
2026-08-08T11:03:55+00:00,8468.84,4
2026-08-08T11:15:25+00:00,8468.86,4
2026-08-08T11:26:53+00:00,8468.88,4
2026-08-08T11:38:19+00:00,8468.9,4
2026-08-08T11:49:46+00:00,8468.92,4
2026-08-08T12:01:13+00:00,8468.95,4
2026-08-08T12:12:41+00:00,8468.98,4
2026-08-08T12:24:08+00:00,8469.01,4
2026-08-08T12:35:35+00:00,8469.04,4
2026-08-08T12:47:03+00:00,8469.07,4
2026-08-08T12:58:33+00:00,8469.09,4
2026-08-08T13:10:01+00:00,8469.12,4
2026-08-08T13:21:28+00:00,8469.14,4
2026-08-08T13:32:56+00:00,8469.16,4
2026-08-08T13:44:26+00:00,8469.18,4
2026-08-08T13:55:53+00:00,8469.2,4
2026-08-08T14:07:26+00:00,8469.22,4
2026-08-08T14:18:54+00:00,8469.25,4
2026-08-08T14:30:24+00:00,8469.27,4
2026-08-08T14:41:54+00:00,8469.29,4
2026-08-08T14:53:24+00:00,8469.31,4
2026-08-08T15:04:52+00:00,8469.33,4
2026-08-08T15:16:18+00:00,8469.35,4
2026-08-08T15:27:45+00:00,8469.38,4
2026-08-08T15:39:14+00:00,8469.4,4
2026-08-08T16:02:33+00:00,8459.89,1
2026-08-08T16:13:43+00:00,8459.9,1
2026-08-08T16:24:51+00:00,8459.92,1
2026-08-08T16:35:59+00:00,8459.93,1
2026-08-08T16:47:05+00:00,8459.95,1
2026-08-08T16:58:16+00:00,8459.97,1
2026-08-08T17:09:24+00:00,8459.98,1
2026-08-08T17:20:33+00:00,8459.99,1
2026-08-08T17:31:43+00:00,8460.0,1
2026-08-08T17:42:51+00:00,8460.01,1
2026-08-08T17:54:00+00:00,8460.02,1
2026-08-08T18:05:07+00:00,8460.03,1
2026-08-08T18:16:12+00:00,8460.04,1
2026-08-08T18:27:24+00:00,8460.04,1
2026-08-08T18:38:32+00:00,8460.05,1
2026-08-08T18:49:40+00:00,8460.06,1
2026-08-08T19:00:49+00:00,8456.9,2
2026-08-08T19:11:56+00:00,8456.91,2
2026-08-08T19:23:03+00:00,8456.92,2
2026-08-08T19:34:10+00:00,8456.94,2
2026-08-08T19:45:18+00:00,8456.95,2
2026-08-08T19:56:26+00:00,8456.96,2
2026-08-08T20:07:35+00:00,8453.8,3
2026-08-08T20:18:44+00:00,8453.82,3
2026-08-08T20:29:51+00:00,8453.84,3
2026-08-08T21:03:33+00:00,8453.86,3
2026-08-08T21:15:03+00:00,8453.87,3
2026-08-08T21:26:32+00:00,8453.89,3
2026-08-08T21:38:02+00:00,8453.91,3
2026-08-08T21:49:35+00:00,8453.93,3
2026-08-08T22:01:07+00:00,8450.79,4
2026-08-08T22:12:36+00:00,8450.81,4
2026-08-08T22:24:05+00:00,8450.84,4
2026-08-08T22:35:35+00:00,8450.87,4
2026-08-08T22:47:04+00:00,8450.89,4
2026-08-08T22:58:33+00:00,8450.92,4
2026-08-08T23:10:01+00:00,8450.94,4
2026-08-08T23:21:31+00:00,8450.96,4
2026-08-08T23:33:00+00:00,8450.98,4
2026-08-08T23:44:29+00:00,8451.01,4
2026-08-09T02:02:48+00:00,8451.02,4
2026-08-09T02:14:16+00:00,8451.04,4
2026-08-09T02:25:44+00:00,8451.06,4
2026-08-09T02:37:12+00:00,8451.08,4
2026-08-09T02:48:40+00:00,8451.09,4
2026-08-09T03:00:07+00:00,8451.11,4
2026-08-09T03:11:34+00:00,8451.12,4
2026-08-09T03:23:02+00:00,8451.13,4
2026-08-09T03:34:31+00:00,8451.14,4
2026-08-09T03:45:59+00:00,8451.15,4
2026-08-09T03:57:29+00:00,8451.17,4
2026-08-09T04:08:58+00:00,8451.18,4
2026-08-09T04:20:26+00:00,8451.19,4
2026-08-09T04:31:56+00:00,8451.2,4
2026-08-09T04:43:26+00:00,8451.21,4
2026-08-09T04:54:55+00:00,8451.22,4
2026-08-09T05:06:23+00:00,8451.23,4
2026-08-09T05:17:51+00:00,8451.24,4
2026-08-09T05:29:18+00:00,8451.25,4
2026-08-09T05:40:46+00:00,8451.26,4
2026-08-09T05:52:15+00:00,8451.27,4
2026-08-09T07:01:24+00:00,8451.29,4
2026-08-09T07:13:00+00:00,8451.31,4
2026-08-09T07:24:36+00:00,8451.33,4
2026-08-09T07:36:10+00:00,8451.35,4
2026-08-09T07:47:45+00:00,8451.37,4
2026-08-09T07:59:18+00:00,8451.39,4
2026-08-09T08:10:54+00:00,8451.43,4
2026-08-09T08:22:29+00:00,8451.46,4
2026-08-09T08:34:03+00:00,8451.49,4
2026-08-09T08:45:37+00:00,8451.53,4
2026-08-09T08:57:11+00:00,8451.56,4
2026-08-09T09:08:45+00:00,8451.59,4
2026-08-09T09:20:19+00:00,8451.62,4
2026-08-09T09:31:53+00:00,8451.65,4
2026-08-09T09:43:29+00:00,8451.68,4
2026-08-09T09:55:03+00:00,8451.71,4
2026-08-09T10:06:37+00:00,8451.74,4
2026-08-09T10:18:11+00:00,8451.76,4
2026-08-09T10:29:46+00:00,8451.79,4
2026-08-09T10:41:21+00:00,8451.82,4
2026-08-09T10:52:55+00:00,8451.84,4
2026-08-09T11:04:30+00:00,8451.88,4
2026-08-09T11:16:05+00:00,8451.91,4
2026-08-09T11:27:42+00:00,8451.94,4
2026-08-09T11:39:17+00:00,8451.97,4
2026-08-09T11:50:52+00:00,8452.01,4
2026-08-09T12:02:45+00:00,8452.03,4
2026-08-09T12:14:18+00:00,8452.05,4
2026-08-09T12:25:50+00:00,8452.08,4
2026-08-09T12:37:22+00:00,8452.1,4
2026-08-09T12:48:54+00:00,8452.13,4
2026-08-09T13:00:27+00:00,8452.14,4
2026-08-09T13:12:02+00:00,8452.16,4
2026-08-09T13:23:36+00:00,8452.18,4
2026-08-09T13:35:10+00:00,8452.19,4
2026-08-09T13:46:43+00:00,8452.21,4
2026-08-09T13:58:15+00:00,8452.23,4
2026-08-09T14:09:48+00:00,8452.26,4
2026-08-09T14:21:20+00:00,8452.29,4
2026-08-09T14:32:52+00:00,8452.32,4
2026-08-09T14:44:25+00:00,8452.35,4
2026-08-09T14:55:58+00:00,8452.38,4
2026-08-09T15:07:31+00:00,8449.24,3
2026-08-09T15:19:03+00:00,8449.26,3
2026-08-09T15:30:37+00:00,8449.29,3
2026-08-09T15:42:10+00:00,8449.31,3
2026-08-09T15:53:44+00:00,8449.33,3
2026-08-09T16:05:19+00:00,8446.18,4
2026-08-09T16:16:53+00:00,8446.2,4
2026-08-09T16:28:26+00:00,8446.22,4
2026-08-09T16:40:00+00:00,8446.24,4
2026-08-09T16:51:34+00:00,8446.26,4
2026-08-09T17:03:23+00:00,8443.1,3
2026-08-09T17:15:00+00:00,8443.1,3
2026-08-09T17:26:38+00:00,8443.11,3
2026-08-09T17:38:15+00:00,8443.12,3
2026-08-09T17:49:53+00:00,8443.13,3
2026-08-09T18:01:32+00:00,8443.13,3
2026-08-09T18:13:12+00:00,8443.14,3
2026-08-09T18:24:50+00:00,8443.15,3
2026-08-09T18:36:29+00:00,8443.15,3
2026-08-09T18:48:05+00:00,8443.16,3
2026-08-09T18:59:41+00:00,8443.17,3
2026-08-09T19:11:20+00:00,8443.18,3
2026-08-09T19:22:58+00:00,8443.19,3
2026-08-09T19:34:37+00:00,8443.2,3
2026-08-09T19:46:15+00:00,8443.21,3
2026-08-09T19:57:54+00:00,8443.22,3
2026-08-09T20:09:32+00:00,8443.24,3
2026-08-09T20:21:08+00:00,8443.26,3
2026-08-09T20:32:46+00:00,8443.28,3
2026-08-09T20:44:24+00:00,8443.29,3
2026-08-09T20:56:02+00:00,8443.31,3
2026-08-09T21:07:40+00:00,8443.33,3
2026-08-09T21:19:19+00:00,8443.34,3
2026-08-09T21:30:56+00:00,8443.35,3
2026-08-09T21:42:33+00:00,8443.37,3
2026-08-09T21:54:28+00:00,8443.38,3
2026-08-09T22:05:38+00:00,8440.24,4
2026-08-09T22:16:48+00:00,8440.26,4
2026-08-09T22:27:56+00:00,8440.28,4
2026-08-09T22:39:05+00:00,8440.3,4
2026-08-09T22:50:14+00:00,8440.32,4
2026-08-09T23:01:23+00:00,8440.33,4
2026-08-09T23:12:32+00:00,8440.34,4
2026-08-09T23:23:42+00:00,8440.35,4
2026-08-09T23:34:51+00:00,8440.36,4
2026-08-09T23:46:01+00:00,8440.37,4
2026-08-09T23:57:10+00:00,8440.38,4
2026-08-10T00:08:19+00:00,8434.03,2
2026-08-10T00:19:30+00:00,8434.04,2
2026-08-10T00:30:40+00:00,8434.04,2
2026-08-10T00:41:49+00:00,8434.04,2
2026-08-10T00:52:57+00:00,8434.05,2
2026-08-10T01:04:06+00:00,8434.05,2
2026-08-10T01:15:15+00:00,8434.05,2
2026-08-10T01:26:23+00:00,8434.06,2
2026-08-10T01:37:32+00:00,8434.06,2
2026-08-10T01:48:42+00:00,8434.06,2
2026-08-10T01:59:50+00:00,8434.07,2
2026-08-10T02:44:47+00:00,8427.75,4
2026-08-10T02:56:16+00:00,8427.76,4
2026-08-10T03:07:44+00:00,8427.77,4
2026-08-10T03:19:13+00:00,8427.78,4
2026-08-10T03:30:44+00:00,8427.78,4
2026-08-10T03:42:12+00:00,8427.79,4
2026-08-10T03:53:40+00:00,8427.8,4
2026-08-10T04:05:09+00:00,8424.65,3
2026-08-10T04:16:37+00:00,8424.65,3
2026-08-10T04:28:06+00:00,8424.66,3
2026-08-10T04:39:35+00:00,8424.67,3
2026-08-10T04:51:03+00:00,8424.67,3
2026-08-10T05:02:32+00:00,8424.68,3
2026-08-10T05:14:01+00:00,8424.68,3
2026-08-10T05:25:30+00:00,8424.68,3
2026-08-10T05:37:00+00:00,8424.69,3
2026-08-10T05:48:28+00:00,8424.69,3
2026-08-10T05:59:59+00:00,8424.69,3
2026-08-10T06:11:31+00:00,8418.38,3
2026-08-10T06:23:02+00:00,8418.39,3
2026-08-10T06:34:31+00:00,8418.4,3
2026-08-10T06:46:02+00:00,8418.42,3
2026-08-10T07:43:58+00:00,8415.27,4
2026-08-10T07:55:34+00:00,8415.29,4
2026-08-10T08:07:08+00:00,8415.31,4
2026-08-10T08:18:42+00:00,8415.33,4
2026-08-10T08:30:16+00:00,8415.34,4
2026-08-10T08:41:50+00:00,8415.36,4
2026-08-10T08:53:24+00:00,8415.38,4
2026-08-10T09:04:58+00:00,8412.23,3
2026-08-10T09:16:33+00:00,8412.24,3
2026-08-10T09:28:07+00:00,8412.25,3
2026-08-10T09:39:43+00:00,8412.26,3
2026-08-10T09:51:17+00:00,8412.27,3
2026-08-10T10:02:51+00:00,8412.29,3
2026-08-10T10:14:25+00:00,8412.31,3
2026-08-10T10:26:00+00:00,8412.33,3
2026-08-10T10:37:35+00:00,8412.35,3
2026-08-10T10:49:09+00:00,8412.37,3
2026-08-10T11:00:43+00:00,8412.39,3
2026-08-10T11:12:17+00:00,8412.41,3
2026-08-10T11:23:56+00:00,8412.43,3
2026-08-10T11:35:31+00:00,8412.45,3
2026-08-10T11:47:05+00:00,8412.48,3
2026-08-10T11:58:39+00:00,8412.5,3
2026-08-10T12:10:13+00:00,8412.52,3
2026-08-10T12:21:48+00:00,8412.54,3
2026-08-10T12:45:19+00:00,8412.56,3
2026-08-10T12:56:57+00:00,8412.58,3
2026-08-10T13:08:33+00:00,8412.59,3
2026-08-10T13:20:08+00:00,8412.6,3
2026-08-10T13:31:44+00:00,8412.62,3
2026-08-10T13:43:21+00:00,8412.63,3
2026-08-10T13:54:56+00:00,8412.65,3
2026-08-10T14:06:34+00:00,8412.66,3
2026-08-10T14:18:11+00:00,8412.67,3
2026-08-10T14:29:47+00:00,8412.69,3
2026-08-10T14:41:23+00:00,8412.7,3
2026-08-10T14:53:02+00:00,8412.72,3
2026-08-10T15:04:38+00:00,8409.58,4
2026-08-10T15:16:14+00:00,8409.6,4
2026-08-10T15:27:50+00:00,8409.61,4
2026-08-10T15:39:27+00:00,8409.63,4
2026-08-10T15:51:05+00:00,8409.65,4
2026-08-10T16:02:41+00:00,8400.18,1
2026-08-10T16:14:17+00:00,8400.18,1
2026-08-10T16:25:54+00:00,8400.18,1
2026-08-10T16:37:31+00:00,8400.18,1
2026-08-10T16:49:06+00:00,8400.18,1
2026-08-10T17:00:42+00:00,8397.03,2
2026-08-10T17:12:18+00:00,8397.04,2
2026-08-10T17:23:54+00:00,8397.04,2
2026-08-10T17:36:00+00:00,8397.05,2
2026-08-10T17:47:42+00:00,8397.05,2
2026-08-10T17:59:26+00:00,8397.06,2
2026-08-10T18:11:10+00:00,8390.77,4
2026-08-10T18:22:53+00:00,8390.79,4
2026-08-10T18:34:38+00:00,8390.82,4
2026-08-10T18:46:22+00:00,8390.84,4
2026-08-10T18:58:04+00:00,8390.87,4
2026-08-10T19:09:47+00:00,8390.89,4
2026-08-10T19:21:30+00:00,8390.91,4
2026-08-10T19:33:14+00:00,8390.93,4
2026-08-10T19:44:58+00:00,8390.95,4
2026-08-10T19:56:42+00:00,8390.97,4
2026-08-10T20:08:25+00:00,8390.99,4
2026-08-10T20:20:07+00:00,8391.01,4
2026-08-10T20:31:50+00:00,8391.03,4
2026-08-10T20:43:36+00:00,8391.05,4
2026-08-10T20:55:21+00:00,8391.07,4
2026-08-10T21:07:06+00:00,8391.09,4
2026-08-10T21:18:50+00:00,8391.11,4
2026-08-10T21:30:35+00:00,8391.12,4
2026-08-10T21:42:17+00:00,8391.14,4
2026-08-10T21:53:59+00:00,8391.16,4
2026-08-10T22:05:44+00:00,8391.17,4
2026-08-10T22:29:32+00:00,8391.17,4
2026-08-10T22:41:09+00:00,8391.18,4
2026-08-10T22:52:45+00:00,8391.19,4
2026-08-10T23:04:21+00:00,8384.88,2
2026-08-10T23:15:58+00:00,8384.89,2
2026-08-10T23:27:35+00:00,8384.89,2
2026-08-10T23:39:10+00:00,8384.9,2
2026-08-10T23:50:45+00:00,8384.9,2
2026-08-11T00:02:21+00:00,8384.91,2
2026-08-11T00:13:57+00:00,8384.91,2
2026-08-11T00:25:34+00:00,8384.91,2
2026-08-11T00:37:09+00:00,8384.91,2
2026-08-11T00:48:45+00:00,8384.92,2
2026-08-11T01:00:22+00:00,8381.77,1
2026-08-11T01:12:00+00:00,8381.78,1
2026-08-11T01:23:37+00:00,8381.78,1
2026-08-11T01:35:12+00:00,8381.78,1
2026-08-11T01:46:50+00:00,8381.78,1
2026-08-11T01:58:27+00:00,8381.79,1
2026-08-11T02:10:05+00:00,8381.79,1
2026-08-11T02:21:41+00:00,8381.79,1
2026-08-11T02:33:18+00:00,8381.79,1
2026-08-11T02:44:54+00:00,8381.79,1
2026-08-11T03:20:04+00:00,8381.8,1
2026-08-11T03:31:48+00:00,8381.8,1
2026-08-11T03:43:27+00:00,8381.8,1
2026-08-11T03:55:06+00:00,8381.8,1
2026-08-11T04:06:46+00:00,8378.67,2
2026-08-11T04:18:27+00:00,8378.67,2
2026-08-11T04:30:07+00:00,8378.67,2
2026-08-11T04:41:47+00:00,8378.68,2
2026-08-11T04:53:28+00:00,8378.68,2
2026-08-11T05:05:07+00:00,8375.54,1
2026-08-11T05:16:48+00:00,8375.54,1
2026-08-11T05:28:30+00:00,8375.55,1
2026-08-11T05:40:10+00:00,8375.55,1
2026-08-11T05:51:51+00:00,8375.55,1
2026-08-11T06:03:32+00:00,8375.55,1
2026-08-11T06:15:12+00:00,8375.56,1
2026-08-11T06:26:54+00:00,8375.56,1
2026-08-11T06:38:35+00:00,8375.56,1
2026-08-11T06:50:14+00:00,8375.56,1
2026-08-11T07:01:54+00:00,8372.43,2
2026-08-11T07:13:34+00:00,8372.43,2
2026-08-11T07:25:15+00:00,8372.43,2
2026-08-11T07:36:56+00:00,8372.44,2
2026-08-11T07:48:38+00:00,8372.44,2
2026-08-11T08:12:26+00:00,8372.44,2
2026-08-11T08:24:07+00:00,8372.45,2
2026-08-11T08:35:49+00:00,8372.45,2
2026-08-11T08:47:30+00:00,8372.46,2
2026-08-11T08:59:10+00:00,8372.46,2
2026-08-11T09:10:50+00:00,8372.47,2
2026-08-11T09:22:31+00:00,8372.47,2
2026-08-11T09:34:11+00:00,8372.48,2
2026-08-11T09:45:51+00:00,8372.48,2
2026-08-11T09:57:32+00:00,8372.49,2
2026-08-11T10:09:10+00:00,8372.5,2
2026-08-11T10:20:49+00:00,8372.5,2
2026-08-11T10:32:29+00:00,8372.51,2
2026-08-11T10:44:08+00:00,8372.52,2
2026-08-11T10:55:47+00:00,8372.52,2
2026-08-11T11:07:32+00:00,8372.53,2
2026-08-11T11:19:12+00:00,8372.53,2
2026-08-11T11:30:51+00:00,8372.53,2
2026-08-11T11:42:32+00:00,8372.53,2
2026-08-11T11:54:14+00:00,8372.54,2
2026-08-11T13:04:47+00:00,8372.54,2
2026-08-11T13:16:25+00:00,8369.4,2
2026-08-11T13:28:02+00:00,8369.4,2
2026-08-11T13:39:41+00:00,8369.41,2
2026-08-11T13:51:17+00:00,8369.41,2
2026-08-11T14:02:55+00:00,8366.27,3
2026-08-11T14:14:32+00:00,8366.28,3
2026-08-11T14:26:12+00:00,8366.28,3
2026-08-11T14:37:49+00:00,8366.29,3
2026-08-11T14:49:27+00:00,8366.29,3
2026-08-11T15:01:05+00:00,8363.15,2
2026-08-11T15:12:44+00:00,8363.16,2
2026-08-11T15:24:22+00:00,8363.16,2
2026-08-11T15:35:59+00:00,8363.17,2
2026-08-11T15:47:37+00:00,8363.17,2
2026-08-11T15:59:20+00:00,8363.18,2
2026-08-11T16:10:59+00:00,8356.9,0
2026-08-11T16:22:36+00:00,8356.9,0
2026-08-11T16:34:16+00:00,8356.9,0
2026-08-11T16:45:56+00:00,8356.9,0
2026-08-11T16:57:36+00:00,8356.9,0
2026-08-11T17:09:12+00:00,8356.9,0
2026-08-11T17:20:51+00:00,8356.9,0
2026-08-11T17:32:30+00:00,8356.9,0
2026-08-11T17:56:08+00:00,8356.9,0
2026-08-11T18:07:29+00:00,8350.63,2
2026-08-11T18:18:51+00:00,8350.64,2
2026-08-11T18:30:10+00:00,8350.64,2
2026-08-11T18:41:31+00:00,8350.65,2
2026-08-11T18:52:50+00:00,8350.66,2
2026-08-11T19:04:09+00:00,8350.66,2
2026-08-11T19:15:29+00:00,8350.66,2
2026-08-11T19:26:49+00:00,8350.67,2
2026-08-11T19:38:08+00:00,8350.67,2
2026-08-11T19:49:29+00:00,8350.67,2
2026-08-11T20:00:49+00:00,8344.41,2
2026-08-11T20:12:08+00:00,8344.42,2
2026-08-11T20:23:28+00:00,8344.42,2
2026-08-11T20:34:49+00:00,8344.43,2
2026-08-11T20:46:12+00:00,8344.43,2
2026-08-11T20:57:33+00:00,8344.44,2
2026-08-11T21:08:53+00:00,8338.18,2
2026-08-11T21:20:13+00:00,8338.18,2
2026-08-11T21:31:33+00:00,8338.18,2
2026-08-11T21:42:53+00:00,8338.18,2
2026-08-11T21:54:14+00:00,8338.19,2
2026-08-11T22:05:34+00:00,8338.19,2
2026-08-11T22:16:55+00:00,8338.19,2
2026-08-11T22:28:16+00:00,8338.19,2
2026-08-11T22:39:36+00:00,8338.2,2
2026-08-11T22:51:12+00:00,8338.2,2
2026-08-11T23:02:54+00:00,8338.2,2
2026-08-11T23:14:35+00:00,8338.21,2
2026-08-11T23:26:18+00:00,8338.22,2
2026-08-11T23:38:02+00:00,8338.22,2
2026-08-11T23:49:45+00:00,8338.23,2
2026-08-12T00:01:27+00:00,8335.11,1
2026-08-12T00:13:08+00:00,8335.11,1
2026-08-12T00:24:50+00:00,8335.12,1
2026-08-12T00:36:32+00:00,8335.12,1
2026-08-12T00:48:15+00:00,8335.13,1
2026-08-12T00:59:58+00:00,8335.13,1
2026-08-12T01:11:41+00:00,8335.13,1
2026-08-12T01:23:23+00:00,8335.14,1
2026-08-12T01:35:05+00:00,8335.14,1
2026-08-12T01:46:47+00:00,8335.14,1
2026-08-12T01:58:29+00:00,8335.15,1
2026-08-12T02:10:12+00:00,8335.15,1
2026-08-12T03:44:10+00:00,8328.91,3
2026-08-12T03:55:55+00:00,8328.92,3
2026-08-12T04:07:38+00:00,8325.81,2
2026-08-12T04:19:21+00:00,8325.82,2
2026-08-12T04:31:03+00:00,8325.84,2
2026-08-12T04:42:46+00:00,8325.85,2
2026-08-12T04:54:32+00:00,8325.86,2
2026-08-12T05:06:15+00:00,8322.75,3
2026-08-12T05:18:00+00:00,8322.77,3
2026-08-12T05:29:42+00:00,8322.78,3
2026-08-12T05:41:27+00:00,8322.79,3
2026-08-12T05:53:10+00:00,8322.81,3
2026-08-12T06:04:52+00:00,8322.82,3
2026-08-12T06:16:34+00:00,8322.84,3
2026-08-12T06:28:16+00:00,8322.86,3
2026-08-12T06:39:59+00:00,8322.87,3
2026-08-12T06:51:43+00:00,8322.89,3
2026-08-12T07:03:27+00:00,8322.9,3
2026-08-12T07:15:11+00:00,8322.92,3
2026-08-12T07:26:55+00:00,8322.93,3
2026-08-12T07:38:38+00:00,8322.94,3
2026-08-12T08:37:32+00:00,8319.83,4
2026-08-12T08:49:20+00:00,8319.84,4
2026-08-12T09:01:06+00:00,8319.86,4
2026-08-12T09:12:51+00:00,8319.87,4
2026-08-12T09:24:38+00:00,8319.88,4
2026-08-12T09:36:24+00:00,8319.9,4
2026-08-12T09:48:11+00:00,8319.91,4
2026-08-12T09:59:58+00:00,8319.93,4
2026-08-12T10:11:43+00:00,8316.82,3
2026-08-12T10:23:30+00:00,8316.83,3
2026-08-12T10:35:17+00:00,8316.85,3
2026-08-12T10:47:05+00:00,8316.86,3
2026-08-12T10:58:54+00:00,8316.87,3
2026-08-12T11:10:41+00:00,8310.63,1
2026-08-12T11:22:29+00:00,8310.64,1
2026-08-12T11:34:16+00:00,8310.64,1
2026-08-12T11:46:04+00:00,8310.64,1
2026-08-12T11:57:50+00:00,8310.65,1
2026-08-12T13:32:38+00:00,8307.54,2
2026-08-12T13:44:26+00:00,8307.54,2
2026-08-12T13:56:12+00:00,8307.54,2
2026-08-12T14:07:58+00:00,8298.2,1
2026-08-12T14:19:42+00:00,8298.2,1
2026-08-12T14:31:27+00:00,8298.2,1
2026-08-12T14:43:13+00:00,8298.21,1
2026-08-12T14:54:59+00:00,8298.21,1
2026-08-12T15:06:45+00:00,8295.1,2
2026-08-12T15:18:31+00:00,8295.11,2
2026-08-12T15:30:17+00:00,8295.12,2
2026-08-12T15:42:15+00:00,8295.13,2
2026-08-12T15:54:03+00:00,8295.14,2
2026-08-12T16:05:50+00:00,8295.15,2
2026-08-12T16:17:36+00:00,8295.17,2
2026-08-12T16:29:24+00:00,8295.18,2
2026-08-12T16:41:09+00:00,8295.2,2
2026-08-12T16:52:55+00:00,8295.21,2
2026-08-12T17:04:41+00:00,8292.11,3
2026-08-12T17:16:28+00:00,8292.13,3
2026-08-12T17:28:14+00:00,8292.14,3
2026-08-12T17:40:00+00:00,8292.16,3
2026-08-12T17:51:45+00:00,8292.17,3
2026-08-12T18:03:32+00:00,8292.19,3
2026-08-12T18:27:27+00:00,8292.21,3
2026-08-12T18:38:52+00:00,8292.23,3
2026-08-12T18:50:16+00:00,8292.25,3
2026-08-12T19:01:39+00:00,8292.27,3
2026-08-12T19:13:03+00:00,8292.29,3
2026-08-12T19:24:29+00:00,8292.31,3
2026-08-12T19:35:54+00:00,8292.33,3
2026-08-12T19:47:17+00:00,8292.35,3
2026-08-12T19:58:41+00:00,8292.37,3
2026-08-12T20:10:05+00:00,8292.39,3
2026-08-12T20:21:29+00:00,8292.41,3
2026-08-12T20:32:54+00:00,8292.42,3
2026-08-12T20:44:18+00:00,8292.44,3
2026-08-12T20:55:45+00:00,8292.46,3
2026-08-12T21:07:10+00:00,8292.47,3
2026-08-12T21:18:34+00:00,8292.48,3
2026-08-12T21:30:00+00:00,8292.5,3
2026-08-12T21:41:26+00:00,8292.51,3
2026-08-12T21:52:50+00:00,8292.53,3
2026-08-12T22:04:16+00:00,8292.54,3
2026-08-12T22:15:39+00:00,8292.56,3
2026-08-12T22:27:03+00:00,8292.57,3
2026-08-12T22:38:28+00:00,8292.59,3
2026-08-12T22:49:51+00:00,8292.61,3
2026-08-12T23:24:23+00:00,8292.62,3
2026-08-12T23:36:12+00:00,8292.63,3
2026-08-12T23:48:02+00:00,8292.64,3
2026-08-12T23:59:52+00:00,8292.65,3
2026-08-13T00:11:43+00:00,8292.66,3
2026-08-13T00:23:39+00:00,8292.68,3
2026-08-13T00:35:33+00:00,8292.69,3
2026-08-13T00:47:24+00:00,8292.7,3
2026-08-13T00:59:20+00:00,8292.71,3
2026-08-13T01:11:09+00:00,8292.73,3
2026-08-13T01:23:04+00:00,8292.75,3
2026-08-13T01:34:55+00:00,8292.77,3
2026-08-13T01:46:52+00:00,8292.79,3
2026-08-13T01:58:43+00:00,8292.8,3
2026-08-13T02:10:35+00:00,8292.82,3
2026-08-13T02:22:26+00:00,8292.83,3
2026-08-13T02:34:15+00:00,8292.85,3
2026-08-13T04:21:15+00:00,8289.76,4
2026-08-13T04:33:06+00:00,8289.78,4
2026-08-13T04:44:55+00:00,8289.81,4
2026-08-13T04:56:45+00:00,8289.83,4
2026-08-13T05:08:35+00:00,8289.85,4
2026-08-13T05:20:25+00:00,8289.87,4
2026-08-13T05:32:14+00:00,8289.89,4
2026-08-13T05:44:07+00:00,8289.9,4
2026-08-13T05:56:00+00:00,8289.92,4
2026-08-13T06:07:51+00:00,8289.94,4
2026-08-13T06:19:40+00:00,8289.97,4
2026-08-13T06:31:31+00:00,8289.99,4
2026-08-13T06:43:20+00:00,8290.01,4
2026-08-13T06:55:09+00:00,8290.03,4
2026-08-13T07:06:58+00:00,8290.06,4
2026-08-13T07:18:53+00:00,8290.08,4
2026-08-13T07:30:42+00:00,8290.1,4
2026-08-13T07:42:36+00:00,8290.12,4
2026-08-13T07:54:32+00:00,8290.14,4
2026-08-13T08:06:26+00:00,8290.16,4
2026-08-13T08:18:20+00:00,8290.18,4
2026-08-13T08:30:16+00:00,8290.2,4
2026-08-13T08:42:13+00:00,8290.21,4
2026-08-13T08:54:08+00:00,8290.23,4
2026-08-13T09:06:01+00:00,8290.24,4
2026-08-13T09:18:15+00:00,8290.25,4
2026-08-13T09:30:06+00:00,8290.27,4
2026-08-13T09:41:58+00:00,8290.28,4
2026-08-13T09:53:49+00:00,8290.29,4
2026-08-13T10:05:40+00:00,8290.31,4
2026-08-13T10:17:32+00:00,8290.33,4
2026-08-13T10:29:23+00:00,8290.34,4
2026-08-13T10:41:15+00:00,8290.36,4
2026-08-13T10:53:06+00:00,8290.38,4
2026-08-13T11:04:57+00:00,8287.28,3
2026-08-13T11:16:48+00:00,8287.3,3
2026-08-13T11:28:39+00:00,8287.31,3
2026-08-13T11:40:29+00:00,8287.33,3
2026-08-13T11:52:23+00:00,8287.34,3
2026-08-13T12:04:13+00:00,8287.36,3
2026-08-13T12:16:06+00:00,8287.37,3
2026-08-13T12:27:58+00:00,8287.39,3
2026-08-13T12:39:52+00:00,8287.4,3
2026-08-13T12:51:44+00:00,8287.42,3
2026-08-13T13:03:35+00:00,8284.32,4
2026-08-13T13:15:28+00:00,8284.34,4
2026-08-13T13:27:22+00:00,8284.36,4
2026-08-13T13:39:14+00:00,8284.38,4
2026-08-13T13:51:06+00:00,8284.39,4
2026-08-13T14:02:59+00:00,8284.42,4
2026-08-13T14:15:10+00:00,8284.45,4
2026-08-13T14:27:04+00:00,8284.47,4
2026-08-13T14:38:55+00:00,8284.5,4
2026-08-13T14:51:00+00:00,8284.52,4
2026-08-13T15:02:51+00:00,8284.56,4
2026-08-13T15:14:44+00:00,8284.59,4
2026-08-13T15:26:35+00:00,8284.63,4
2026-08-13T15:38:28+00:00,8284.66,4
2026-08-13T15:50:19+00:00,8284.7,4
2026-08-13T16:02:11+00:00,8284.71,4
2026-08-13T16:14:02+00:00,8284.72,4
2026-08-13T16:25:55+00:00,8284.73,4
2026-08-13T16:37:46+00:00,8284.74,4
2026-08-13T16:49:38+00:00,8284.76,4
2026-08-13T17:01:29+00:00,8275.43,1
2026-08-13T17:13:19+00:00,8275.43,1
2026-08-13T17:25:09+00:00,8275.44,1
2026-08-13T17:37:02+00:00,8275.44,1
2026-08-13T17:48:54+00:00,8275.44,1
2026-08-13T18:00:45+00:00,8269.24,3
2026-08-13T18:12:40+00:00,8269.25,3
2026-08-13T18:24:32+00:00,8269.26,3
2026-08-13T19:12:19+00:00,8266.18,4
2026-08-13T19:24:16+00:00,8266.19,4
2026-08-13T19:36:10+00:00,8266.21,4
2026-08-13T19:48:04+00:00,8266.23,4
2026-08-13T19:59:59+00:00,8266.25,4
2026-08-13T20:11:53+00:00,8266.28,4
2026-08-13T20:23:47+00:00,8266.31,4
2026-08-13T20:35:41+00:00,8266.35,4
2026-08-13T20:47:36+00:00,8266.38,4
2026-08-13T20:59:34+00:00,8266.41,4
2026-08-13T21:11:31+00:00,8266.46,4
2026-08-13T21:23:24+00:00,8266.51,4
2026-08-13T21:35:19+00:00,8266.55,4
2026-08-13T21:47:15+00:00,8266.6,4
2026-08-13T21:59:09+00:00,8266.64,4
2026-08-13T22:11:07+00:00,8266.68,4
2026-08-13T22:23:02+00:00,8266.72,4
2026-08-13T22:35:00+00:00,8266.76,4
2026-08-13T22:46:59+00:00,8266.79,4
2026-08-13T22:58:55+00:00,8266.83,4
2026-08-13T23:10:50+00:00,8266.87,4
2026-08-13T23:22:45+00:00,8266.9,4
2026-08-13T23:34:38+00:00,8266.94,4
2026-08-14T00:10:34+00:00,8266.96,4
2026-08-14T00:22:31+00:00,8266.99,4
2026-08-14T00:34:26+00:00,8267.02,4
2026-08-14T00:46:20+00:00,8267.05,4
2026-08-14T00:58:13+00:00,8267.08,4
2026-08-14T01:10:09+00:00,8267.12,4
2026-08-14T01:22:02+00:00,8267.15,4
2026-08-14T01:33:55+00:00,8267.19,4
2026-08-14T01:45:53+00:00,8267.23,4
2026-08-14T01:57:45+00:00,8267.27,4
2026-08-14T02:09:40+00:00,8267.3,4
2026-08-14T02:21:35+00:00,8267.33,4
2026-08-14T02:33:28+00:00,8267.37,4
2026-08-14T02:45:25+00:00,8267.4,4
2026-08-14T02:57:19+00:00,8267.43,4
2026-08-14T03:09:14+00:00,8267.47,4
2026-08-14T03:21:09+00:00,8267.51,4
2026-08-14T03:33:04+00:00,8267.55,4
2026-08-14T03:44:59+00:00,8267.59,4
2026-08-14T03:56:54+00:00,8267.63,4
2026-08-14T04:08:49+00:00,8267.65,4
2026-08-14T04:20:43+00:00,8267.67,4
2026-08-14T05:08:37+00:00,8267.69,4
2026-08-14T05:20:39+00:00,8267.71,4
2026-08-14T05:32:36+00:00,8267.73,4
2026-08-14T05:44:36+00:00,8267.75,4
2026-08-14T05:56:36+00:00,8267.77,4
2026-08-14T06:08:34+00:00,8267.79,4
2026-08-14T06:20:39+00:00,8267.81,4
2026-08-14T06:32:35+00:00,8267.83,4
2026-08-14T06:44:39+00:00,8267.84,4
2026-08-14T06:56:41+00:00,8267.86,4
2026-08-14T07:08:44+00:00,8267.87,4
2026-08-14T07:20:48+00:00,8267.88,4
2026-08-14T07:32:48+00:00,8267.89,4
2026-08-14T07:44:48+00:00,8267.9,4
2026-08-14T07:56:50+00:00,8267.91,4
2026-08-14T08:08:47+00:00,8264.82,3
2026-08-14T08:20:50+00:00,8264.83,3
2026-08-14T08:32:50+00:00,8264.84,3
2026-08-14T08:44:50+00:00,8264.85,3
2026-08-14T08:56:52+00:00,8264.86,3
2026-08-14T09:08:50+00:00,8258.67,3
2026-08-14T09:20:48+00:00,8258.68,3
2026-08-14T09:32:49+00:00,8258.68,3
2026-08-14T09:44:47+00:00,8258.69,3
2026-08-14T09:56:43+00:00,8258.7,3
2026-08-14T10:08:58+00:00,8255.61,2
2026-08-14T10:20:30+00:00,8255.62,2
2026-08-14T10:32:01+00:00,8255.62,2
2026-08-14T10:43:32+00:00,8255.63,2
2026-08-14T10:55:04+00:00,8255.64,2
2026-08-14T11:06:36+00:00,8255.64,2
2026-08-14T11:18:08+00:00,8255.65,2
2026-08-14T11:29:39+00:00,8255.65,2
2026-08-14T11:41:10+00:00,8255.66,2
2026-08-14T11:52:42+00:00,8255.66,2
2026-08-14T12:04:14+00:00,8255.67,2
2026-08-14T12:15:46+00:00,8255.67,2
2026-08-14T12:27:17+00:00,8255.68,2
2026-08-14T12:38:53+00:00,8255.69,2
2026-08-14T12:50:26+00:00,8255.7,2
2026-08-14T13:01:57+00:00,8255.7,2
2026-08-14T13:13:30+00:00,8255.71,2
2026-08-14T13:25:04+00:00,8255.72,2
2026-08-14T13:36:37+00:00,8255.72,2
2026-08-14T13:48:10+00:00,8255.73,2
2026-08-14T13:59:42+00:00,8255.73,2
2026-08-14T14:11:14+00:00,8252.65,3
2026-08-14T14:22:46+00:00,8252.66,3
2026-08-14T15:09:18+00:00,8249.57,2
2026-08-14T15:21:20+00:00,8249.58,2
2026-08-14T15:33:19+00:00,8249.59,2
2026-08-14T15:45:16+00:00,8249.6,2
2026-08-14T15:57:15+00:00,8249.61,2
2026-08-14T16:09:14+00:00,8246.52,3
2026-08-14T16:21:13+00:00,8246.54,3
2026-08-14T16:33:11+00:00,8246.55,3
2026-08-14T16:45:09+00:00,8246.56,3
2026-08-14T16:57:07+00:00,8246.57,3
2026-08-14T17:09:06+00:00,8243.49,2
2026-08-14T17:21:05+00:00,8243.49,2
2026-08-14T17:33:06+00:00,8243.5,2
2026-08-14T17:45:06+00:00,8243.51,2
2026-08-14T17:57:06+00:00,8243.51,2
2026-08-14T18:09:07+00:00,8240.42,1
2026-08-14T18:21:06+00:00,8240.43,1
2026-08-14T18:33:05+00:00,8240.43,1
2026-08-14T18:45:04+00:00,8240.43,1
2026-08-14T18:57:03+00:00,8240.44,1
2026-08-14T19:09:03+00:00,8240.44,1
2026-08-14T19:21:03+00:00,8240.44,1
2026-08-14T19:33:02+00:00,8240.44,1
2026-08-14T20:09:22+00:00,8240.44,1
2026-08-14T20:21:26+00:00,8240.44,1
2026-08-14T20:33:28+00:00,8240.44,1
2026-08-14T20:45:27+00:00,8240.44,1
2026-08-14T20:57:30+00:00,8240.45,1
2026-08-14T21:09:32+00:00,8237.36,2
2026-08-14T21:21:39+00:00,8237.36,2
2026-08-14T21:33:45+00:00,8237.36,2
2026-08-14T21:45:46+00:00,8237.37,2
2026-08-14T21:57:49+00:00,8237.37,2
2026-08-14T22:09:50+00:00,8237.37,2
2026-08-14T22:21:53+00:00,8237.37,2
2026-08-14T22:33:59+00:00,8237.37,2
2026-08-14T22:46:01+00:00,8237.38,2
2026-08-14T22:58:04+00:00,8237.38,2
2026-08-14T23:10:06+00:00,8237.38,2
2026-08-14T23:22:05+00:00,8237.38,2
2026-08-14T23:34:08+00:00,8237.38,2
2026-08-14T23:46:09+00:00,8237.39,2
2026-08-14T23:58:13+00:00,8237.39,2
2026-08-15T01:10:44+00:00,8234.31,3
2026-08-15T01:22:55+00:00,8234.33,3
2026-08-15T01:35:01+00:00,8234.35,3
2026-08-15T01:47:06+00:00,8234.37,3
2026-08-15T01:59:10+00:00,8234.39,3
2026-08-15T02:11:13+00:00,8234.41,3
2026-08-15T02:23:19+00:00,8234.44,3
2026-08-15T02:35:23+00:00,8234.46,3
2026-08-15T02:47:29+00:00,8234.48,3
2026-08-15T02:59:34+00:00,8234.5,3
2026-08-15T03:11:40+00:00,8234.53,3
2026-08-15T03:23:46+00:00,8234.55,3
2026-08-15T03:35:50+00:00,8234.58,3
2026-08-15T03:47:57+00:00,8234.6,3
2026-08-15T04:00:04+00:00,8234.62,3
2026-08-15T04:12:13+00:00,8234.64,3
2026-08-15T04:24:21+00:00,8234.66,3
2026-08-15T04:36:31+00:00,8234.67,3
2026-08-15T04:48:41+00:00,8234.69,3
2026-08-15T05:00:51+00:00,8234.71,3
2026-08-15T05:13:01+00:00,8234.73,3
2026-08-15T05:25:08+00:00,8234.75,3
2026-08-15T05:37:13+00:00,8234.77,3
2026-08-15T05:49:18+00:00,8234.79,3
2026-08-15T06:01:40+00:00,8228.62,3
2026-08-15T06:13:41+00:00,8228.63,3
2026-08-15T06:25:43+00:00,8228.63,3
2026-08-15T06:37:45+00:00,8228.64,3
2026-08-15T06:49:47+00:00,8228.65,3
2026-08-15T07:01:47+00:00,8225.57,2
2026-08-15T07:13:49+00:00,8225.57,2
2026-08-15T07:25:49+00:00,8225.58,2
2026-08-15T07:37:49+00:00,8225.58,2
2026-08-15T07:49:50+00:00,8225.58,2
2026-08-15T08:01:54+00:00,8219.41,2
2026-08-15T08:13:55+00:00,8219.42,2
2026-08-15T08:25:55+00:00,8219.42,2
2026-08-15T08:37:57+00:00,8219.43,2
2026-08-15T08:50:01+00:00,8219.43,2
2026-08-15T09:02:04+00:00,8219.43,2
2026-08-15T09:14:06+00:00,8219.44,2
2026-08-15T09:26:09+00:00,8219.44,2
2026-08-15T09:38:09+00:00,8219.44,2
2026-08-15T09:50:10+00:00,8219.45,2
2026-08-15T10:02:11+00:00,8216.36,1
2026-08-15T10:14:11+00:00,8216.36,1
2026-08-15T10:26:16+00:00,8216.36,1
2026-08-15T10:38:18+00:00,8216.37,1
2026-08-15T11:02:41+00:00,8213.29,2
2026-08-15T11:14:16+00:00,8213.29,2
2026-08-15T11:25:51+00:00,8213.29,2
2026-08-15T11:37:26+00:00,8213.3,2
2026-08-15T11:49:01+00:00,8213.3,2
2026-08-15T12:00:36+00:00,8213.31,2
2026-08-15T12:12:12+00:00,8213.31,2
2026-08-15T12:23:48+00:00,8213.32,2
2026-08-15T12:35:18+00:00,8213.32,2
2026-08-15T12:46:51+00:00,8213.33,2
2026-08-15T12:58:23+00:00,8213.33,2
2026-08-15T13:09:56+00:00,8213.34,2
2026-08-15T13:21:30+00:00,8213.34,2
2026-08-15T13:33:03+00:00,8213.35,2
2026-08-15T13:44:37+00:00,8213.36,2
2026-08-15T13:56:09+00:00,8213.36,2
2026-08-15T14:07:42+00:00,8207.21,4
2026-08-15T14:19:15+00:00,8207.23,4
2026-08-15T14:30:49+00:00,8207.25,4
2026-08-15T14:42:27+00:00,8207.27,4
2026-08-15T14:54:09+00:00,8207.3,4
2026-08-15T15:05:49+00:00,8204.22,3
2026-08-15T15:17:24+00:00,8204.23,3
2026-08-15T15:29:02+00:00,8204.24,3
2026-08-15T15:40:39+00:00,8204.25,3
2026-08-15T15:52:16+00:00,8204.25,3
2026-08-15T16:04:10+00:00,8204.26,3
2026-08-15T16:16:14+00:00,8204.27,3
2026-08-15T16:28:19+00:00,8204.28,3
2026-08-15T16:40:24+00:00,8204.29,3
2026-08-15T16:52:29+00:00,8204.3,3
2026-08-15T17:04:34+00:00,8204.31,3
2026-08-15T17:16:38+00:00,8204.32,3
2026-08-15T17:28:44+00:00,8204.34,3
2026-08-15T17:40:48+00:00,8204.35,3
2026-08-15T17:52:52+00:00,8204.36,3
2026-08-15T18:05:03+00:00,8204.37,3
2026-08-15T18:17:09+00:00,8204.39,3
2026-08-15T18:29:23+00:00,8204.4,3
2026-08-15T18:41:35+00:00,8204.42,3
2026-08-15T18:53:46+00:00,8204.43,3
2026-08-15T19:05:57+00:00,8201.37,2
2026-08-15T19:18:07+00:00,8201.38,2
2026-08-15T19:30:16+00:00,8201.39,2
2026-08-15T19:42:24+00:00,8201.41,2
2026-08-15T19:54:30+00:00,8201.42,2
2026-08-15T20:06:37+00:00,8201.43,2
2026-08-15T20:18:45+00:00,8201.44,2
2026-08-15T20:55:21+00:00,8201.45,2
2026-08-15T21:07:25+00:00,8195.3,2
2026-08-15T21:19:27+00:00,8195.31,2
2026-08-15T21:31:30+00:00,8195.31,2
2026-08-15T21:43:34+00:00,8195.32,2
2026-08-15T21:55:37+00:00,8195.32,2
2026-08-15T22:07:40+00:00,8189.18,2
2026-08-15T22:19:44+00:00,8189.19,2
2026-08-15T22:31:46+00:00,8189.2,2
2026-08-15T22:43:50+00:00,8189.2,2
2026-08-15T22:55:53+00:00,8189.21,2
2026-08-15T23:07:57+00:00,8189.21,2
2026-08-15T23:20:01+00:00,8189.22,2
2026-08-15T23:32:06+00:00,8189.22,2
2026-08-15T23:44:09+00:00,8189.22,2
2026-08-15T23:56:13+00:00,8189.22,2
2026-08-16T00:08:16+00:00,8183.07,0
2026-08-16T00:20:21+00:00,8183.07,0
2026-08-16T00:32:25+00:00,8183.07,0
2026-08-16T00:44:28+00:00,8183.07,0
2026-08-16T00:56:30+00:00,8183.07,0
2026-08-16T01:08:35+00:00,8183.07,0
2026-08-16T01:20:39+00:00,8183.07,0
2026-08-16T01:32:41+00:00,8183.07,0
2026-08-16T01:57:05+00:00,8183.07,0
2026-08-16T02:09:12+00:00,8183.07,0
2026-08-16T02:21:18+00:00,8183.07,0
2026-08-16T02:33:25+00:00,8183.07,0
2026-08-16T02:45:30+00:00,8183.07,0
2026-08-16T02:57:35+00:00,8183.07,0
2026-08-16T03:09:41+00:00,8176.94,2
2026-08-16T03:21:46+00:00,8176.94,2
2026-08-16T03:33:51+00:00,8176.95,2
2026-08-16T03:45:56+00:00,8176.96,2
2026-08-16T03:58:02+00:00,8176.97,2
2026-08-16T04:10:12+00:00,8176.98,2
2026-08-16T04:22:18+00:00,8176.99,2
2026-08-16T04:34:26+00:00,8177.0,2
2026-08-16T04:46:32+00:00,8177.0,2
2026-08-16T04:58:39+00:00,8177.01,2
2026-08-16T05:10:45+00:00,8173.95,1
2026-08-16T05:22:51+00:00,8173.95,1
2026-08-16T05:34:56+00:00,8173.96,1
2026-08-16T05:47:03+00:00,8173.96,1
2026-08-16T05:59:08+00:00,8173.97,1
2026-08-16T06:11:13+00:00,8173.97,1
2026-08-16T06:23:19+00:00,8173.97,1
2026-08-16T06:35:26+00:00,8173.97,1
2026-08-16T06:47:52+00:00,8173.98,1
2026-08-16T07:00:02+00:00,8173.98,1
2026-08-16T07:12:10+00:00,8173.98,1
2026-08-16T07:24:17+00:00,8173.98,1
2026-08-16T07:36:25+00:00,8173.98,1
2026-08-16T07:48:32+00:00,8173.98,1
2026-08-16T08:00:40+00:00,8170.92,2
2026-08-16T08:12:47+00:00,8170.92,2
2026-08-16T08:24:55+00:00,8170.93,2
2026-08-16T08:37:02+00:00,8170.93,2
2026-08-16T08:49:09+00:00,8170.94,2
2026-08-16T09:01:17+00:00,8167.87,3
2026-08-16T09:13:26+00:00,8167.88,3
2026-08-16T09:25:35+00:00,8167.88,3
2026-08-16T09:37:44+00:00,8167.88,3
2026-08-16T09:49:54+00:00,8167.89,3
2026-08-16T10:02:02+00:00,8164.82,2
2026-08-16T10:14:10+00:00,8164.83,2
2026-08-16T10:26:18+00:00,8164.83,2
2026-08-16T10:38:26+00:00,8164.83,2
2026-08-16T10:50:33+00:00,8164.83,2
2026-08-16T11:02:43+00:00,8158.7,0
2026-08-16T11:14:53+00:00,8158.7,0
2026-08-16T11:27:01+00:00,8158.7,0
2026-08-16T11:39:28+00:00,8158.7,0
2026-08-16T11:51:35+00:00,8158.7,0
2026-08-16T12:03:41+00:00,8155.64,1
2026-08-16T12:15:48+00:00,8155.64,1
2026-08-16T12:27:55+00:00,8155.64,1
2026-08-16T12:40:06+00:00,8155.65,1
2026-08-16T12:52:13+00:00,8155.65,1
2026-08-16T13:04:20+00:00,8155.65,1
2026-08-16T13:16:28+00:00,8155.65,1
2026-08-16T13:28:36+00:00,8155.66,1
2026-08-16T13:40:44+00:00,8155.66,1
2026-08-16T13:52:51+00:00,8155.66,1
2026-08-16T14:04:59+00:00,8155.66,1
2026-08-16T14:17:06+00:00,8155.66,1
2026-08-16T14:29:12+00:00,8155.67,1
2026-08-16T14:41:19+00:00,8155.67,1
2026-08-16T14:53:27+00:00,8155.67,1
2026-08-16T15:05:35+00:00,8155.67,1
2026-08-16T15:17:44+00:00,8155.67,1
2026-08-16T15:29:51+00:00,8155.67,1
2026-08-16T15:41:57+00:00,8155.67,1
2026-08-16T15:54:06+00:00,8155.67,1
2026-08-16T16:30:56+00:00,8149.55,3
2026-08-16T16:43:07+00:00,8149.56,3
2026-08-16T16:55:16+00:00,8149.57,3
2026-08-16T17:07:25+00:00,8146.52,2
2026-08-16T17:19:36+00:00,8146.53,2
2026-08-16T17:31:45+00:00,8146.53,2
2026-08-16T17:43:53+00:00,8146.54,2
2026-08-16T17:56:01+00:00,8146.55,2
2026-08-16T18:08:10+00:00,8143.5,1
2026-08-16T18:20:19+00:00,8143.51,1
2026-08-16T18:32:27+00:00,8143.51,1
2026-08-16T18:44:34+00:00,8143.52,1
2026-08-16T18:56:43+00:00,8143.52,1
2026-08-16T19:08:53+00:00,8140.46,0
2026-08-16T19:21:01+00:00,8140.46,0
2026-08-16T19:33:10+00:00,8140.46,0
2026-08-16T19:45:18+00:00,8140.46,0
2026-08-16T19:57:26+00:00,8140.46,0
2026-08-16T20:09:37+00:00,8137.41,1
2026-08-16T20:21:45+00:00,8137.41,1
2026-08-16T20:33:54+00:00,8137.41,1
2026-08-16T20:46:02+00:00,8137.42,1
2026-08-16T21:22:45+00:00,8137.42,1
2026-08-16T21:34:57+00:00,8137.42,1
2026-08-16T21:47:05+00:00,8137.42,1
2026-08-16T21:59:18+00:00,8137.42,1
2026-08-16T22:11:27+00:00,8134.37,0
2026-08-16T22:23:37+00:00,8134.37,0
2026-08-16T22:35:49+00:00,8134.37,0
2026-08-16T22:48:00+00:00,8134.37,0
2026-08-16T23:00:11+00:00,8134.37,0
2026-08-16T23:12:24+00:00,8134.37,0
2026-08-16T23:24:36+00:00,8134.37,0
2026-08-16T23:36:49+00:00,8134.37,0
2026-08-16T23:48:59+00:00,8134.37,0
2026-08-17T00:01:12+00:00,8131.32,1
2026-08-17T00:13:22+00:00,8131.32,1
2026-08-17T00:25:34+00:00,8131.32,1
2026-08-17T00:37:48+00:00,8131.32,1
2026-08-17T00:50:01+00:00,8131.33,1
2026-08-17T01:02:14+00:00,8131.33,1
2026-08-17T01:14:24+00:00,8131.33,1
2026-08-17T01:26:35+00:00,8131.34,1
2026-08-17T02:15:51+00:00,8125.24,3
2026-08-17T02:28:06+00:00,8125.26,3
2026-08-17T02:40:18+00:00,8125.27,3
2026-08-17T02:52:30+00:00,8125.29,3
2026-08-17T03:04:43+00:00,8125.3,3
2026-08-17T03:16:55+00:00,8125.32,3
2026-08-17T03:29:08+00:00,8125.34,3
2026-08-17T03:41:21+00:00,8125.35,3
2026-08-17T03:53:35+00:00,8125.37,3
2026-08-17T04:05:47+00:00,8122.34,4
2026-08-17T04:18:00+00:00,8122.35,4
2026-08-17T04:30:12+00:00,8122.36,4
2026-08-17T04:42:25+00:00,8122.37,4
2026-08-17T04:54:39+00:00,8122.39,4
2026-08-17T05:06:52+00:00,8122.4,4
2026-08-17T05:19:06+00:00,8122.41,4
2026-08-17T05:31:19+00:00,8122.42,4
2026-08-17T05:43:33+00:00,8122.43,4
2026-08-17T05:55:45+00:00,8122.45,4
2026-08-17T06:07:58+00:00,8119.41,3
2026-08-17T07:09:18+00:00,8116.38,4
2026-08-17T07:21:04+00:00,8116.39,4
2026-08-17T07:32:48+00:00,8116.41,4
2026-08-17T07:44:32+00:00,8116.43,4
2026-08-17T07:56:14+00:00,8116.45,4
2026-08-17T08:08:00+00:00,8113.41,3
2026-08-17T08:19:43+00:00,8113.41,3
2026-08-17T08:31:27+00:00,8113.42,3
2026-08-17T08:43:09+00:00,8113.42,3
2026-08-17T08:54:51+00:00,8113.43,3
2026-08-17T09:06:35+00:00,8110.38,2
2026-08-17T09:18:19+00:00,8110.39,2
2026-08-17T09:30:03+00:00,8110.39,2
2026-08-17T09:41:47+00:00,8110.4,2
2026-08-17T09:53:31+00:00,8110.4,2
2026-08-17T10:05:13+00:00,8110.41,2
2026-08-17T10:16:56+00:00,8110.41,2
2026-08-17T10:28:41+00:00,8110.42,2
2026-08-17T10:40:24+00:00,8110.43,2
2026-08-17T10:52:07+00:00,8110.44,2
2026-08-17T11:03:50+00:00,8107.4,3
2026-08-17T11:15:34+00:00,8107.41,3
2026-08-17T11:27:19+00:00,8107.42,3
2026-08-17T11:39:03+00:00,8107.43,3
2026-08-17T11:50:47+00:00,8107.43,3
2026-08-17T12:02:50+00:00,8101.35,3
2026-08-17T12:15:05+00:00,8101.36,3
2026-08-17T12:27:19+00:00,8101.37,3
2026-08-17T12:39:32+00:00,8101.37,3
2026-08-17T12:51:44+00:00,8101.38,3
2026-08-17T13:03:58+00:00,8098.34,2
2026-08-17T13:16:10+00:00,8098.35,2
2026-08-17T13:28:29+00:00,8098.35,2
2026-08-17T13:40:42+00:00,8098.35,2
2026-08-17T13:52:58+00:00,8098.36,2
2026-08-17T14:05:12+00:00,8095.33,3
2026-08-17T14:17:26+00:00,8095.34,3
2026-08-17T14:29:40+00:00,8095.35,3
2026-08-17T14:41:54+00:00,8095.36,3
2026-08-17T14:54:08+00:00,8095.38,3
2026-08-17T15:06:22+00:00,8095.39,3
2026-08-17T15:18:35+00:00,8095.39,3
2026-08-17T15:30:49+00:00,8095.4,3
2026-08-17T15:43:05+00:00,8095.41,3
2026-08-17T15:55:19+00:00,8095.42,3
2026-08-17T16:07:32+00:00,8095.45,3
2026-08-17T16:19:46+00:00,8095.48,3
2026-08-17T16:32:00+00:00,8095.51,3
2026-08-17T16:44:15+00:00,8095.54,3
2026-08-17T16:56:57+00:00,8095.57,3
2026-08-17T17:08:38+00:00,8095.59,3
2026-08-17T17:20:17+00:00,8095.62,3
2026-08-17T17:31:59+00:00,8095.64,3
2026-08-17T17:43:41+00:00,8095.66,3
2026-08-17T17:55:23+00:00,8095.68,3
2026-08-17T18:07:04+00:00,8092.66,2
2026-08-17T18:18:45+00:00,8092.67,2
2026-08-17T18:30:25+00:00,8092.68,2
2026-08-17T18:42:06+00:00,8092.7,2
2026-08-17T18:53:45+00:00,8092.71,2
2026-08-17T19:05:23+00:00,8086.65,2
2026-08-17T19:17:03+00:00,8086.68,2
2026-08-17T19:28:45+00:00,8086.7,2
2026-08-17T19:40:26+00:00,8086.72,2
2026-08-17T19:52:07+00:00,8086.74,2
2026-08-17T20:03:48+00:00,8086.76,2
2026-08-17T20:15:27+00:00,8086.78,2
2026-08-17T20:27:06+00:00,8086.79,2
2026-08-17T20:38:46+00:00,8086.81,2
2026-08-17T20:50:26+00:00,8086.83,2
2026-08-17T21:02:09+00:00,8083.82,3
2026-08-17T21:13:49+00:00,8083.84,3
2026-08-17T21:25:33+00:00,8083.86,3
2026-08-17T21:37:13+00:00,8083.89,3
2026-08-17T21:49:08+00:00,8083.91,3
2026-08-17T22:01:23+00:00,8083.94,3
2026-08-17T22:13:40+00:00,8083.98,3
2026-08-17T22:25:59+00:00,8084.01,3
2026-08-17T22:38:14+00:00,8084.05,3
2026-08-17T22:50:31+00:00,8084.08,3
2026-08-17T23:02:47+00:00,8084.1,3
2026-08-17T23:15:02+00:00,8084.12,3
2026-08-17T23:27:18+00:00,8084.13,3
2026-08-17T23:39:33+00:00,8084.15,3
2026-08-17T23:51:49+00:00,8084.17,3
2026-08-18T00:04:05+00:00,8084.19,3
2026-08-18T00:16:21+00:00,8084.21,3
2026-08-18T00:28:37+00:00,8084.23,3
2026-08-18T00:40:55+00:00,8084.26,3
2026-08-18T00:53:12+00:00,8084.28,3
2026-08-18T01:05:28+00:00,8084.3,3
2026-08-18T01:17:46+00:00,8084.31,3
2026-08-18T01:30:04+00:00,8084.33,3
2026-08-18T01:42:19+00:00,8084.35,3
2026-08-18T02:44:03+00:00,8081.32,2
2026-08-18T02:55:48+00:00,8081.32,2
2026-08-18T03:07:34+00:00,8078.29,1
2026-08-18T03:19:19+00:00,8078.29,1
2026-08-18T03:31:05+00:00,8078.29,1
2026-08-18T03:42:50+00:00,8078.29,1
2026-08-18T03:54:36+00:00,8078.29,1
2026-08-18T04:06:21+00:00,8075.27,2
2026-08-18T04:18:07+00:00,8075.27,2
2026-08-18T04:29:54+00:00,8075.27,2
2026-08-18T04:41:39+00:00,8075.27,2
2026-08-18T04:53:24+00:00,8075.27,2
2026-08-18T05:05:09+00:00,8075.28,2
2026-08-18T05:16:55+00:00,8075.28,2
2026-08-18T05:28:41+00:00,8075.28,2
2026-08-18T05:40:26+00:00,8075.28,2
2026-08-18T05:52:12+00:00,8075.28,2
2026-08-18T06:03:59+00:00,8072.25,1
2026-08-18T06:15:45+00:00,8072.25,1
2026-08-18T06:27:32+00:00,8072.25,1
2026-08-18T06:39:18+00:00,8072.25,1
2026-08-18T07:38:26+00:00,8066.2,3
2026-08-18T07:50:47+00:00,8066.21,3
2026-08-18T08:03:07+00:00,8063.19,4
2026-08-18T08:15:29+00:00,8063.19,4
2026-08-18T08:27:55+00:00,8063.2,4
2026-08-18T08:40:16+00:00,8063.2,4
2026-08-18T08:52:37+00:00,8063.21,4
2026-08-18T09:05:02+00:00,8060.18,3
2026-08-18T09:17:27+00:00,8060.19,3
2026-08-18T09:29:51+00:00,8060.19,3
2026-08-18T09:42:15+00:00,8060.19,3
2026-08-18T09:54:40+00:00,8060.2,3
2026-08-18T10:07:07+00:00,8057.18,4
2026-08-18T10:19:37+00:00,8057.19,4
2026-08-18T10:32:04+00:00,8057.2,4
2026-08-18T10:44:30+00:00,8057.21,4
2026-08-18T10:56:54+00:00,8057.22,4
2026-08-18T11:09:19+00:00,8057.23,4
2026-08-18T11:21:41+00:00,8057.24,4
2026-08-18T11:34:01+00:00,8057.25,4
2026-08-18T11:46:26+00:00,8057.26,4
2026-08-18T11:58:52+00:00,8057.26,4
2026-08-18T12:36:23+00:00,8057.28,4
2026-08-18T12:48:43+00:00,8057.3,4
2026-08-18T13:01:02+00:00,8051.25,2
2026-08-18T13:13:21+00:00,8051.26,2
2026-08-18T13:25:40+00:00,8051.26,2
2026-08-18T13:37:59+00:00,8051.26,2
2026-08-18T13:50:20+00:00,8051.27,2
2026-08-18T14:02:39+00:00,8048.25,1
2026-08-18T14:14:59+00:00,8048.25,1
2026-08-18T14:27:20+00:00,8048.25,1
2026-08-18T14:39:39+00:00,8048.25,1
2026-08-18T14:51:59+00:00,8048.25,1
2026-08-18T15:04:19+00:00,8045.24,2
2026-08-18T15:16:39+00:00,8045.25,2
2026-08-18T15:28:59+00:00,8045.27,2
2026-08-18T15:41:19+00:00,8045.28,2
2026-08-18T15:53:41+00:00,8045.29,2
2026-08-18T16:06:02+00:00,8045.31,2
2026-08-18T16:18:25+00:00,8045.33,2
2026-08-18T16:30:45+00:00,8045.35,2
2026-08-18T16:43:06+00:00,8045.37,2
2026-08-18T16:55:28+00:00,8045.38,2
2026-08-18T17:07:48+00:00,8045.39,2
2026-08-18T17:32:48+00:00,8045.41,2
2026-08-18T17:45:13+00:00,8045.42,2
2026-08-18T17:57:33+00:00,8045.43,2
2026-08-18T18:09:57+00:00,8042.42,3
2026-08-18T18:22:18+00:00,8042.44,3
2026-08-18T18:34:40+00:00,8042.45,3
2026-08-18T18:47:00+00:00,8042.46,3
2026-08-18T18:59:22+00:00,8042.48,3
2026-08-18T19:11:44+00:00,8042.49,3
2026-08-18T19:24:06+00:00,8042.51,3
2026-08-18T19:36:28+00:00,8042.52,3
2026-08-18T19:48:51+00:00,8042.54,3
2026-08-18T20:01:13+00:00,8042.55,3
2026-08-18T20:13:36+00:00,8042.57,3
2026-08-18T20:25:58+00:00,8042.58,3
2026-08-18T20:38:21+00:00,8042.6,3
2026-08-18T20:50:43+00:00,8042.61,3
2026-08-18T21:03:04+00:00,8039.6,2
2026-08-18T21:15:25+00:00,8039.61,2
2026-08-18T21:27:46+00:00,8039.61,2
2026-08-18T21:40:07+00:00,8039.61,2
2026-08-18T21:52:30+00:00,8039.62,2
2026-08-18T22:29:58+00:00,8033.59,2
2026-08-18T22:42:24+00:00,8033.59,2
2026-08-18T22:54:47+00:00,8033.6,2
2026-08-18T23:07:10+00:00,8024.56,3
2026-08-18T23:19:33+00:00,8024.57,3
2026-08-18T23:31:56+00:00,8024.57,3
2026-08-18T23:44:18+00:00,8024.58,3
2026-08-18T23:56:41+00:00,8024.58,3
2026-08-19T00:09:07+00:00,8021.59,4
2026-08-19T00:21:30+00:00,8021.6,4
2026-08-19T00:34:04+00:00,8021.62,4
2026-08-19T00:46:29+00:00,8021.64,4
2026-08-19T00:58:57+00:00,8021.66,4
2026-08-19T01:11:21+00:00,8018.65,3
2026-08-19T01:23:45+00:00,8018.66,3
2026-08-19T01:36:07+00:00,8018.67,3
2026-08-19T01:48:32+00:00,8018.68,3
2026-08-19T02:00:58+00:00,8015.68,2
2026-08-19T02:13:21+00:00,8015.69,2
2026-08-19T02:25:49+00:00,8015.7,2
2026-08-19T02:38:14+00:00,8015.71,2
2026-08-19T02:50:39+00:00,8015.72,2
2026-08-19T03:28:16+00:00,8012.73,3
2026-08-19T03:40:33+00:00,8012.74,3
2026-08-19T03:52:46+00:00,8012.75,3
2026-08-19T04:04:59+00:00,8009.76,4
2026-08-19T04:17:11+00:00,8009.79,4
2026-08-19T04:29:24+00:00,8009.81,4
2026-08-19T04:41:36+00:00,8009.84,4
2026-08-19T04:53:49+00:00,8009.86,4
2026-08-19T05:06:01+00:00,8009.88,4
2026-08-19T05:18:13+00:00,8009.9,4
2026-08-19T05:30:28+00:00,8009.92,4
2026-08-19T05:42:42+00:00,8009.94,4
2026-08-19T05:54:55+00:00,8009.96,4
2026-08-19T06:07:08+00:00,8009.97,4
2026-08-19T06:19:22+00:00,8009.99,4
2026-08-19T06:31:36+00:00,8010.0,4
2026-08-19T06:43:48+00:00,8010.02,4
2026-08-19T06:56:05+00:00,8010.04,4
2026-08-19T07:08:18+00:00,8010.05,4
2026-08-19T07:20:33+00:00,8010.07,4
2026-08-19T07:32:45+00:00,8010.09,4
2026-08-19T07:45:00+00:00,8010.11,4
2026-08-19T08:21:58+00:00,8010.14,4
2026-08-19T08:34:33+00:00,8010.17,4
2026-08-19T08:47:12+00:00,8010.21,4
2026-08-19T08:59:48+00:00,8010.24,4
2026-08-19T09:12:27+00:00,8010.26,4
2026-08-19T09:25:07+00:00,8010.28,4
2026-08-19T09:37:41+00:00,8010.29,4
2026-08-19T09:50:18+00:00,8010.31,4
2026-08-19T10:02:58+00:00,8007.32,3
2026-08-19T10:15:32+00:00,8007.33,3
2026-08-19T10:28:07+00:00,8007.34,3
2026-08-19T10:40:44+00:00,8007.35,3
2026-08-19T10:53:17+00:00,8007.36,3
2026-08-19T11:05:54+00:00,8001.35,1
2026-08-19T11:18:32+00:00,8001.35,1
2026-08-19T11:31:07+00:00,8001.35,1
2026-08-19T11:43:43+00:00,8001.36,1
2026-08-19T11:56:21+00:00,8001.36,1
2026-08-19T12:08:56+00:00,7992.36,4
2026-08-19T12:21:35+00:00,7992.38,4
2026-08-19T12:34:12+00:00,7992.4,4
2026-08-19T12:46:47+00:00,7992.41,4
2026-08-19T12:59:23+00:00,7992.43,4
2026-08-19T13:12:19+00:00,7992.45,4
2026-08-19T13:25:00+00:00,7992.47,4
2026-08-19T13:37:41+00:00,7992.48,4
2026-08-19T13:50:26+00:00,7992.5,4
2026-08-19T14:03:07+00:00,7989.5,3
2026-08-19T14:15:45+00:00,7989.5,3
2026-08-19T14:28:22+00:00,7989.51,3
2026-08-19T14:40:58+00:00,7989.52,3
2026-08-19T14:53:37+00:00,7989.52,3
2026-08-19T15:06:16+00:00,7986.54,2
2026-08-19T15:18:54+00:00,7986.55,2
2026-08-19T15:31:36+00:00,7986.55,2
2026-08-19T15:44:15+00:00,7986.56,2
2026-08-19T15:56:56+00:00,7986.57,2
2026-08-19T16:09:40+00:00,7980.6,4
2026-08-19T16:22:22+00:00,7980.63,4
2026-08-19T16:35:03+00:00,7980.66,4
2026-08-19T16:47:43+00:00,7980.7,4
2026-08-19T17:00:23+00:00,7974.73,2
2026-08-19T17:13:03+00:00,7974.76,2
2026-08-19T17:25:45+00:00,7974.79,2
2026-08-19T17:38:28+00:00,7974.81,2
2026-08-19T18:04:14+00:00,7974.84,2
2026-08-19T18:16:43+00:00,7974.86,2
2026-08-19T18:29:11+00:00,7974.89,2
2026-08-19T18:41:36+00:00,7974.92,2
2026-08-19T18:54:02+00:00,7974.94,2
2026-08-19T19:06:28+00:00,7974.96,2
2026-08-19T19:18:56+00:00,7974.97,2
2026-08-19T19:31:22+00:00,7974.99,2
2026-08-19T19:43:49+00:00,7975.0,2
2026-08-19T19:56:14+00:00,7975.02,2
2026-08-19T20:08:43+00:00,7975.03,2
2026-08-19T20:21:11+00:00,7975.04,2
2026-08-19T20:33:37+00:00,7975.05,2
2026-08-19T20:46:07+00:00,7975.06,2
2026-08-19T20:58:34+00:00,7975.08,2
2026-08-19T21:11:00+00:00,7969.09,0
2026-08-19T21:23:26+00:00,7969.09,0
2026-08-19T21:35:53+00:00,7969.09,0
2026-08-19T21:48:20+00:00,7969.09,0
2026-08-19T22:00:48+00:00,7960.13,3
2026-08-19T22:13:15+00:00,7960.16,3
2026-08-19T22:25:42+00:00,7960.2,3
2026-08-19T22:38:09+00:00,7960.23,3
2026-08-19T22:50:35+00:00,7960.27,3
2026-08-19T23:03:20+00:00,7957.31,4
2026-08-19T23:15:48+00:00,7957.34,4
2026-08-19T23:28:15+00:00,7957.37,4
2026-08-19T23:40:42+00:00,7957.4,4
2026-08-19T23:53:09+00:00,7957.43,4
2026-08-20T00:05:38+00:00,7957.47,4
2026-08-20T00:18:06+00:00,7957.5,4
2026-08-20T00:30:34+00:00,7957.54,4
2026-08-20T00:43:03+00:00,7957.58,4
2026-08-20T00:55:31+00:00,7957.62,4
2026-08-20T01:07:59+00:00,7957.63,4
2026-08-20T01:20:32+00:00,7957.65,4
2026-08-20T01:33:00+00:00,7957.66,4
2026-08-20T01:45:29+00:00,7957.68,4
2026-08-20T01:57:57+00:00,7957.69,4
2026-08-20T02:10:26+00:00,7951.74,2
2026-08-20T02:22:55+00:00,7951.75,2
2026-08-20T02:35:24+00:00,7951.77,2
2026-08-20T02:47:53+00:00,7951.79,2
2026-08-20T03:00:21+00:00,7945.85,4
2026-08-20T03:12:49+00:00,7945.87,4
2026-08-20T03:25:18+00:00,7945.9,4
2026-08-20T04:03:01+00:00,7945.95,4
2026-08-20T04:15:46+00:00,7946.01,4
2026-08-20T04:28:27+00:00,7946.07,4
2026-08-20T04:41:09+00:00,7946.13,4
2026-08-20T04:53:49+00:00,7946.19,4
2026-08-20T05:06:29+00:00,7946.25,4
2026-08-20T05:19:10+00:00,7946.3,4
2026-08-20T05:31:53+00:00,7946.36,4
2026-08-20T05:44:37+00:00,7946.42,4
2026-08-20T05:57:18+00:00,7946.48,4
2026-08-20T06:10:05+00:00,7946.52,4
2026-08-20T06:22:48+00:00,7946.56,4
2026-08-20T06:35:32+00:00,7946.61,4
2026-08-20T06:48:17+00:00,7946.65,4
2026-08-20T07:00:59+00:00,7946.69,4
2026-08-20T07:13:42+00:00,7946.73,4
2026-08-20T07:26:24+00:00,7946.77,4
2026-08-20T07:39:07+00:00,7946.81,4
2026-08-20T07:51:52+00:00,7946.85,4
2026-08-20T08:04:33+00:00,7946.88,4
2026-08-20T08:55:46+00:00,7946.92,4
2026-08-20T09:08:09+00:00,7946.97,4
2026-08-20T09:20:43+00:00,7947.01,4
2026-08-20T09:33:03+00:00,7947.06,4
2026-08-20T09:45:23+00:00,7947.11,4
2026-08-20T09:57:44+00:00,7947.16,4
2026-08-20T10:10:05+00:00,7944.19,3
2026-08-20T10:22:39+00:00,7944.2,3
2026-08-20T10:34:58+00:00,7944.21,3
2026-08-20T10:47:18+00:00,7944.22,3
2026-08-20T10:59:38+00:00,7944.24,3
2026-08-20T11:12:02+00:00,7941.25,2
2026-08-20T11:24:24+00:00,7941.25,2
2026-08-20T11:36:45+00:00,7941.26,2
2026-08-20T11:49:05+00:00,7941.26,2
2026-08-20T12:01:40+00:00,7935.31,2
2026-08-20T12:14:15+00:00,7935.35,2
2026-08-20T12:26:36+00:00,7935.38,2
2026-08-20T12:38:58+00:00,7935.42,2
2026-08-20T12:51:33+00:00,7935.46,2
2026-08-20T13:04:08+00:00,7932.52,3
2026-08-20T13:16:43+00:00,7932.57,3
2026-08-20T13:54:07+00:00,7932.62,3
2026-08-20T14:06:51+00:00,7929.7,2
2026-08-20T14:19:39+00:00,7929.76,2
2026-08-20T14:32:26+00:00,7929.83,2
2026-08-20T14:45:09+00:00,7929.89,2
2026-08-20T14:57:59+00:00,7929.95,2
2026-08-20T15:10:43+00:00,7929.99,2
2026-08-20T15:23:30+00:00,7930.03,2
2026-08-20T15:36:18+00:00,7930.08,2
2026-08-20T15:49:01+00:00,7930.12,2
2026-08-20T16:01:44+00:00,7930.15,2
2026-08-20T16:14:28+00:00,7930.17,2
2026-08-20T16:27:13+00:00,7930.2,2
2026-08-20T16:40:01+00:00,7930.23,2
2026-08-20T16:52:45+00:00,7930.26,2
2026-08-20T17:05:29+00:00,7930.27,2
2026-08-20T17:18:14+00:00,7930.28,2
2026-08-20T17:30:58+00:00,7930.3,2
2026-08-20T17:43:41+00:00,7930.31,2
2026-08-20T17:56:28+00:00,7930.32,2
2026-08-20T18:47:46+00:00,7930.33,2
2026-08-20T18:59:09+00:00,7930.34,2
2026-08-20T19:10:31+00:00,7927.37,1
2026-08-20T19:21:54+00:00,7927.37,1
2026-08-20T19:33:15+00:00,7927.37,1
2026-08-20T19:44:36+00:00,7927.37,1
2026-08-20T19:55:58+00:00,7927.37,1
2026-08-20T20:07:22+00:00,7921.42,1
2026-08-20T20:18:43+00:00,7921.42,1
2026-08-20T20:30:04+00:00,7921.43,1
2026-08-20T20:41:25+00:00,7921.43,1
2026-08-20T20:52:46+00:00,7921.43,1
2026-08-20T21:04:08+00:00,7915.49,1
2026-08-20T21:15:29+00:00,7915.51,1
2026-08-20T21:26:51+00:00,7915.52,1
2026-08-20T21:38:15+00:00,7915.53,1
2026-08-20T21:49:35+00:00,7915.54,1
2026-08-20T22:00:58+00:00,7915.57,1
2026-08-20T22:12:20+00:00,7915.6,1
2026-08-20T22:23:44+00:00,7915.63,1
2026-08-20T22:35:08+00:00,7915.65,1
2026-08-20T22:46:29+00:00,7915.68,1
2026-08-20T22:57:51+00:00,7915.71,1
2026-08-20T23:09:12+00:00,7915.74,1
2026-08-20T23:20:35+00:00,7915.76,1
2026-08-20T23:43:35+00:00,7915.79,1
2026-08-20T23:56:22+00:00,7915.82,1
2026-08-21T00:09:06+00:00,7915.85,1
2026-08-21T00:21:38+00:00,7915.89,1
2026-08-21T00:34:26+00:00,7915.92,1
2026-08-21T00:47:10+00:00,7915.96,1
2026-08-21T00:59:47+00:00,7915.99,1
2026-08-21T01:12:35+00:00,7910.08,3
2026-08-21T01:25:23+00:00,7910.1,3
2026-08-21T01:38:11+00:00,7910.13,3
2026-08-21T01:51:08+00:00,7910.16,3
2026-08-21T02:03:54+00:00,7910.17,3
2026-08-21T02:16:37+00:00,7910.19,3
2026-08-21T02:29:14+00:00,7910.21,3
2026-08-21T02:41:55+00:00,7910.23,3
2026-08-21T02:54:45+00:00,7910.25,3
2026-08-21T03:07:28+00:00,7910.27,3
2026-08-21T03:20:21+00:00,7910.29,3
2026-08-21T03:33:03+00:00,7910.31,3
2026-08-21T03:45:51+00:00,7910.33,3
2026-08-21T04:37:43+00:00,7910.34,3
2026-08-21T04:50:34+00:00,7910.35,3
2026-08-21T05:03:27+00:00,7910.36,3
2026-08-21T05:16:17+00:00,7910.37,3
2026-08-21T05:29:06+00:00,7910.39,3
2026-08-21T05:41:57+00:00,7910.4,3
2026-08-21T05:54:47+00:00,7910.41,3
2026-08-21T06:07:39+00:00,7907.46,4
2026-08-21T06:20:33+00:00,7907.48,4
2026-08-21T06:33:26+00:00,7907.5,4
2026-08-21T06:46:19+00:00,7907.52,4
2026-08-21T06:59:11+00:00,7907.54,4
2026-08-21T07:12:04+00:00,7904.58,3
2026-08-21T07:24:56+00:00,7904.59,3
2026-08-21T07:37:50+00:00,7904.61,3
2026-08-21T07:50:44+00:00,7904.62,3
2026-08-21T08:03:39+00:00,7901.67,4
2026-08-21T08:16:30+00:00,7901.69,4
2026-08-21T08:29:25+00:00,7901.7,4
2026-08-21T08:42:18+00:00,7901.72,4
2026-08-21T09:34:14+00:00,7901.79,4
2026-08-21T09:47:09+00:00,7901.86,4
2026-08-21T10:00:02+00:00,7901.89,4
2026-08-21T10:12:54+00:00,7901.93,4
2026-08-21T10:25:44+00:00,7901.97,4
2026-08-21T10:38:34+00:00,7902.0,4
2026-08-21T10:51:25+00:00,7902.04,4
2026-08-21T11:04:18+00:00,7899.13,3
2026-08-21T11:17:08+00:00,7899.17,3
2026-08-21T11:30:00+00:00,7899.22,3
2026-08-21T11:42:53+00:00,7899.26,3
2026-08-21T11:55:45+00:00,7899.31,3
2026-08-21T12:08:35+00:00,7896.39,4
2026-08-21T12:21:25+00:00,7896.46,4
2026-08-21T12:34:15+00:00,7896.52,4
2026-08-21T12:47:09+00:00,7896.59,4
2026-08-21T13:00:01+00:00,7896.66,4
2026-08-21T13:12:51+00:00,7896.73,4
2026-08-21T13:25:46+00:00,7896.8,4
2026-08-21T13:38:42+00:00,7896.87,4
2026-08-21T13:51:36+00:00,7896.94,4
2026-08-21T14:30:42+00:00,7894.03,3
2026-08-21T14:43:03+00:00,7894.08,3
2026-08-21T14:55:22+00:00,7894.13,3
2026-08-21T15:07:41+00:00,7894.19,3
2026-08-21T15:19:59+00:00,7894.24,3
2026-08-21T15:32:15+00:00,7894.3,3
2026-08-21T15:44:34+00:00,7894.36,3
2026-08-21T15:56:57+00:00,7894.42,3
2026-08-21T16:09:16+00:00,7894.46,3
2026-08-21T16:21:36+00:00,7894.5,3
2026-08-21T16:33:53+00:00,7894.55,3
2026-08-21T16:46:10+00:00,7894.59,3
2026-08-21T16:58:28+00:00,7894.63,3
2026-08-21T17:10:46+00:00,7894.66,3
2026-08-21T17:23:04+00:00,7894.68,3
2026-08-21T17:35:22+00:00,7894.71,3
2026-08-21T17:47:40+00:00,7894.73,3
2026-08-21T17:59:58+00:00,7894.76,3
2026-08-21T18:12:17+00:00,7891.83,4
2026-08-21T18:24:35+00:00,7891.87,4
2026-08-21T18:36:53+00:00,7891.91,4
2026-08-21T18:49:11+00:00,7891.95,4
2026-08-21T19:26:26+00:00,7892.01,4
2026-08-21T19:39:25+00:00,7892.07,4
2026-08-21T19:52:20+00:00,7892.12,4
2026-08-21T20:05:11+00:00,7892.15,4
2026-08-21T20:18:06+00:00,7892.17,4
2026-08-21T20:31:13+00:00,7892.2,4
2026-08-21T20:44:10+00:00,7892.22,4
2026-08-21T20:57:05+00:00,7892.25,4
2026-08-21T21:09:57+00:00,7892.28,4
2026-08-21T21:22:49+00:00,7892.31,4
2026-08-21T21:35:43+00:00,7892.33,4
2026-08-21T21:48:37+00:00,7892.36,4
2026-08-21T22:01:33+00:00,7892.42,4
2026-08-21T22:14:29+00:00,7892.47,4
2026-08-21T22:27:24+00:00,7892.52,4
2026-08-21T22:40:17+00:00,7892.58,4
2026-08-21T22:53:11+00:00,7892.63,4
2026-08-21T23:06:07+00:00,7892.71,4
2026-08-21T23:19:03+00:00,7892.79,4
2026-08-21T23:31:55+00:00,7892.87,4
2026-08-21T23:44:53+00:00,7892.95,4
2026-08-22T00:23:57+00:00,7893.0,4
2026-08-22T00:36:58+00:00,7893.06,4
2026-08-22T00:49:54+00:00,7893.11,4
2026-08-22T01:02:52+00:00,7890.17,3
2026-08-22T01:15:49+00:00,7890.21,3
2026-08-22T01:28:48+00:00,7890.24,3
2026-08-22T01:41:43+00:00,7890.27,3
2026-08-22T01:54:40+00:00,7890.31,3
2026-08-22T02:07:36+00:00,7890.36,3
2026-08-22T02:20:32+00:00,7890.41,3
2026-08-22T02:33:35+00:00,7890.47,3
2026-08-22T02:46:34+00:00,7890.52,3
2026-08-22T02:59:34+00:00,7890.57,3
2026-08-22T03:12:31+00:00,7890.63,3
2026-08-22T03:25:32+00:00,7890.68,3
2026-08-22T03:38:31+00:00,7890.74,3
2026-08-22T03:51:32+00:00,7890.79,3
2026-08-22T04:04:31+00:00,7887.87,4
2026-08-22T04:17:30+00:00,7887.91,4
2026-08-22T04:30:29+00:00,7887.95,4
2026-08-22T04:43:31+00:00,7887.99,4
2026-08-22T04:56:31+00:00,7888.03,4
2026-08-22T05:22:45+00:00,7888.12,4
2026-08-22T05:35:47+00:00,7888.21,4
2026-08-22T05:48:45+00:00,7888.3,4
2026-08-22T06:01:46+00:00,7882.37,2
2026-08-22T06:14:44+00:00,7882.38,2
2026-08-22T06:27:43+00:00,7882.39,2
2026-08-22T06:40:41+00:00,7882.4,2
2026-08-22T06:53:40+00:00,7882.42,2
2026-08-22T07:06:46+00:00,7882.43,2
2026-08-22T07:19:42+00:00,7882.44,2
2026-08-22T07:32:38+00:00,7882.46,2
2026-08-22T07:45:38+00:00,7882.47,2
2026-08-22T07:58:36+00:00,7882.48,2
2026-08-22T08:11:39+00:00,7879.54,3
2026-08-22T08:24:41+00:00,7879.55,3
2026-08-22T08:37:40+00:00,7879.57,3
2026-08-22T08:50:41+00:00,7879.59,3
2026-08-22T09:03:39+00:00,7876.65,4
2026-08-22T09:16:38+00:00,7876.7,4
2026-08-22T09:29:37+00:00,7876.74,4
2026-08-22T09:42:38+00:00,7876.79,4
2026-08-22T09:55:39+00:00,7876.83,4
2026-08-22T10:22:02+00:00,7873.91,3
2026-08-22T10:35:03+00:00,7873.94,3
2026-08-22T10:48:06+00:00,7873.97,3
2026-08-22T11:01:09+00:00,7874.0,3
2026-08-22T11:14:11+00:00,7874.04,3
2026-08-22T11:27:12+00:00,7874.07,3
2026-08-22T11:40:13+00:00,7874.1,3
2026-08-22T11:53:14+00:00,7874.13,3
2026-08-22T12:06:16+00:00,7871.21,4
2026-08-22T12:19:19+00:00,7871.26,4
2026-08-22T12:32:18+00:00,7871.3,4
2026-08-22T12:45:18+00:00,7871.35,4
2026-08-22T12:58:20+00:00,7871.39,4
2026-08-22T13:11:34+00:00,7868.46,3
2026-08-22T13:24:42+00:00,7868.49,3
2026-08-22T13:37:50+00:00,7868.51,3
2026-08-22T13:50:56+00:00,7868.54,3
2026-08-22T14:03:55+00:00,7868.56,3
2026-08-22T14:17:02+00:00,7868.58,3
2026-08-22T14:30:05+00:00,7868.6,3
2026-08-22T14:43:06+00:00,7868.62,3
2026-08-22T15:22:33+00:00,7865.68,4
2026-08-22T15:35:29+00:00,7865.71,4
2026-08-22T15:48:07+00:00,7865.74,4
2026-08-22T16:01:02+00:00,7862.83,3
2026-08-22T16:13:41+00:00,7862.87,3
2026-08-22T16:26:38+00:00,7862.9,3
2026-08-22T16:39:22+00:00,7862.94,3
2026-08-22T16:52:04+00:00,7862.98,3
2026-08-22T17:04:50+00:00,7860.07,4
2026-08-22T17:17:30+00:00,7860.12,4
2026-08-22T17:30:26+00:00,7860.17,4
2026-08-22T17:43:22+00:00,7860.22,4
2026-08-22T17:56:06+00:00,7860.27,4
2026-08-22T18:08:59+00:00,7860.32,4
2026-08-22T18:21:39+00:00,7860.37,4
2026-08-22T18:34:17+00:00,7860.42,4
2026-08-22T18:46:55+00:00,7860.46,4
2026-08-22T18:59:48+00:00,7860.51,4
2026-08-22T19:12:41+00:00,7860.55,4
2026-08-22T19:25:22+00:00,7860.6,4
2026-08-22T19:38:03+00:00,7860.64,4
2026-08-22T19:50:45+00:00,7860.68,4
2026-08-22T20:17:08+00:00,7860.72,4
2026-08-22T20:30:09+00:00,7860.76,4
2026-08-22T20:43:07+00:00,7860.8,4
2026-08-22T20:56:08+00:00,7860.84,4
2026-08-22T21:09:07+00:00,7860.86,4
2026-08-22T21:22:07+00:00,7860.87,4
2026-08-22T21:35:06+00:00,7860.88,4
2026-08-22T21:48:08+00:00,7860.9,4
2026-08-22T22:01:08+00:00,7857.98,3
2026-08-22T22:14:08+00:00,7858.01,3
2026-08-22T22:27:07+00:00,7858.04,3
2026-08-22T22:40:07+00:00,7858.07,3
2026-08-22T22:53:07+00:00,7858.1,3
2026-08-22T23:06:07+00:00,7855.19,4
2026-08-22T23:19:07+00:00,7855.22,4
2026-08-22T23:32:08+00:00,7855.26,4
2026-08-22T23:45:04+00:00,7855.3,4
2026-08-23T01:16:25+00:00,7855.37,4
2026-08-23T01:29:30+00:00,7855.45,4
2026-08-23T01:42:37+00:00,7855.52,4
2026-08-23T01:55:47+00:00,7855.6,4
2026-08-23T02:08:46+00:00,7852.76,3
2026-08-23T02:21:45+00:00,7852.87,3
2026-08-23T02:34:45+00:00,7852.98,3
2026-08-23T02:47:48+00:00,7853.09,3
2026-08-23T03:00:52+00:00,7850.23,4
2026-08-23T03:13:58+00:00,7850.32,4
2026-08-23T03:27:01+00:00,7850.41,4
2026-08-23T03:40:06+00:00,7850.5,4
2026-08-23T03:53:13+00:00,7850.59,4
2026-08-23T04:06:23+00:00,7850.66,4
2026-08-23T04:19:22+00:00,7850.73,4
2026-08-23T04:32:25+00:00,7850.8,4
2026-08-23T04:45:25+00:00,7850.87,4
2026-08-23T04:58:30+00:00,7850.94,4
2026-08-23T05:11:34+00:00,7851.0,4
2026-08-23T05:24:37+00:00,7851.05,4
2026-08-23T05:37:41+00:00,7851.11,4
2026-08-23T06:17:02+00:00,7851.18,4
2026-08-23T06:30:10+00:00,7851.25,4
2026-08-23T06:43:16+00:00,7851.33,4
2026-08-23T06:56:21+00:00,7851.4,4
2026-08-23T07:09:26+00:00,7851.46,4
2026-08-23T07:22:37+00:00,7851.52,4
2026-08-23T07:35:48+00:00,7851.58,4
2026-08-23T07:48:51+00:00,7851.64,4
2026-08-23T08:01:55+00:00,7851.7,4
2026-08-23T08:14:59+00:00,7851.75,4
2026-08-23T08:28:05+00:00,7851.8,4
2026-08-23T08:41:11+00:00,7851.85,4
2026-08-23T08:54:16+00:00,7851.9,4
2026-08-23T09:07:23+00:00,7851.97,4
2026-08-23T09:20:28+00:00,7852.03,4
2026-08-23T09:33:34+00:00,7852.1,4
2026-08-23T09:46:41+00:00,7852.17,4
2026-08-23T09:59:50+00:00,7852.23,4
2026-08-23T10:12:58+00:00,7852.29,4
2026-08-23T10:26:06+00:00,7852.35,4
2026-08-23T10:39:12+00:00,7852.41,4
2026-08-23T10:52:21+00:00,7852.47,4
2026-08-23T11:18:55+00:00,7852.51,4
2026-08-23T11:32:03+00:00,7852.56,4
2026-08-23T11:45:09+00:00,7852.61,4
2026-08-23T11:58:15+00:00,7852.66,4
2026-08-23T12:11:24+00:00,7852.7,4
2026-08-23T12:24:29+00:00,7852.75,4
2026-08-23T12:37:37+00:00,7852.79,4
2026-08-23T12:50:47+00:00,7852.84,4
2026-08-23T13:03:53+00:00,7852.88,4
2026-08-23T13:17:00+00:00,7852.91,4
2026-08-23T13:30:07+00:00,7852.95,4
2026-08-23T13:43:15+00:00,7852.99,4
2026-08-23T13:56:25+00:00,7853.03,4
2026-08-23T14:09:33+00:00,7853.07,4
2026-08-23T14:22:37+00:00,7853.11,4
2026-08-23T14:35:45+00:00,7853.15,4
2026-08-23T14:48:55+00:00,7853.2,4
2026-08-23T15:02:03+00:00,7850.27,3
2026-08-23T15:15:11+00:00,7850.29,3
2026-08-23T15:28:20+00:00,7850.31,3
2026-08-23T15:41:28+00:00,7850.34,3
2026-08-23T15:54:36+00:00,7850.36,3
2026-08-23T16:21:15+00:00,7850.38,3
2026-08-23T16:34:21+00:00,7850.39,3
2026-08-23T16:47:28+00:00,7850.41,3
2026-08-23T17:00:36+00:00,7847.47,4
2026-08-23T17:13:41+00:00,7847.48,4
2026-08-23T17:26:47+00:00,7847.49,4
2026-08-23T17:39:53+00:00,7847.5,4
2026-08-23T17:53:00+00:00,7847.51,4
2026-08-23T18:06:05+00:00,7841.63,2
2026-08-23T18:19:11+00:00,7841.64,2
2026-08-23T18:32:18+00:00,7841.65,2
2026-08-23T18:45:21+00:00,7841.66,2
2026-08-23T18:58:27+00:00,7841.66,2
2026-08-23T19:11:34+00:00,7838.73,3
2026-08-23T19:24:41+00:00,7838.74,3
2026-08-23T19:37:46+00:00,7838.75,3
2026-08-23T19:50:51+00:00,7838.76,3
2026-08-23T20:03:59+00:00,7838.77,3
2026-08-23T20:17:06+00:00,7838.78,3
2026-08-23T20:30:13+00:00,7838.79,3
2026-08-23T20:43:16+00:00,7838.8,3
2026-08-23T20:56:24+00:00,7838.81,3
2026-08-23T21:23:08+00:00,7835.88,2
2026-08-23T21:36:22+00:00,7835.89,2
2026-08-23T21:49:31+00:00,7835.9,2
2026-08-23T22:02:38+00:00,7832.98,3
2026-08-23T22:15:49+00:00,7832.99,3
2026-08-23T22:28:56+00:00,7833.01,3
2026-08-23T22:42:04+00:00,7833.03,3
2026-08-23T22:55:16+00:00,7833.04,3
2026-08-23T23:08:24+00:00,7830.11,2
2026-08-23T23:21:42+00:00,7830.12,2
2026-08-23T23:34:50+00:00,7830.12,2
2026-08-23T23:47:58+00:00,7830.13,2
2026-08-24T00:01:05+00:00,7827.2,3
2026-08-24T00:14:15+00:00,7827.21,3
2026-08-24T00:27:23+00:00,7827.22,3
2026-08-24T00:40:34+00:00,7827.22,3
2026-08-24T00:53:44+00:00,7827.23,3
2026-08-24T01:06:55+00:00,7824.3,2
2026-08-24T01:20:06+00:00,7824.3,2
2026-08-24T01:33:17+00:00,7824.3,2
2026-08-24T01:46:30+00:00,7824.3,2
2026-08-24T02:26:21+00:00,7818.43,0
2026-08-24T02:39:32+00:00,7818.43,0
2026-08-24T02:52:49+00:00,7818.43,0
2026-08-24T03:06:02+00:00,7806.7,4
2026-08-24T03:19:39+00:00,7806.71,4
2026-08-24T03:32:56+00:00,7806.72,4
2026-08-24T03:46:08+00:00,7806.72,4
2026-08-24T03:59:21+00:00,7806.73,4
2026-08-24T04:12:32+00:00,7800.85,2
2026-08-24T04:25:38+00:00,7800.85,2
2026-08-24T04:38:51+00:00,7800.86,2
2026-08-24T04:52:02+00:00,7800.86,2
2026-08-24T05:05:10+00:00,7800.86,2
2026-08-24T05:18:23+00:00,7800.87,2
2026-08-24T05:31:34+00:00,7800.87,2
2026-08-24T05:44:31+00:00,7800.88,2
2026-08-24T05:57:45+00:00,7800.89,2
2026-08-24T06:10:56+00:00,7795.05,4
2026-08-24T06:24:08+00:00,7795.07,4
2026-08-24T06:37:18+00:00,7795.09,4
2026-08-24T06:50:30+00:00,7795.11,4
2026-08-24T07:17:15+00:00,7792.2,3
2026-08-24T07:30:25+00:00,7792.22,3
2026-08-24T07:43:34+00:00,7792.23,3
2026-08-24T07:56:43+00:00,7792.25,3
2026-08-24T08:09:50+00:00,7789.35,4
2026-08-24T08:23:00+00:00,7789.38,4
2026-08-24T08:36:08+00:00,7789.41,4
2026-08-24T08:49:16+00:00,7789.44,4
2026-08-24T09:02:24+00:00,7786.52,3
2026-08-24T09:15:35+00:00,7786.54,3
2026-08-24T09:28:45+00:00,7786.56,3
2026-08-24T09:41:53+00:00,7786.57,3
2026-08-24T09:55:02+00:00,7786.59,3
2026-08-24T10:08:12+00:00,7780.78,3
2026-08-24T10:21:20+00:00,7780.82,3
2026-08-24T10:34:32+00:00,7780.87,3
2026-08-24T10:47:41+00:00,7780.91,3
2026-08-24T11:00:50+00:00,7778.04,4
2026-08-24T11:14:00+00:00,7778.1,4
2026-08-24T11:27:11+00:00,7778.16,4
2026-08-24T11:40:18+00:00,7778.21,4
2026-08-24T11:53:28+00:00,7778.27,4
2026-08-24T12:20:10+00:00,7778.3,4
2026-08-24T12:33:10+00:00,7778.33,4
2026-08-24T12:46:07+00:00,7778.37,4
2026-08-24T12:59:07+00:00,7778.4,4
2026-08-24T13:12:07+00:00,7778.43,4
2026-08-24T13:25:06+00:00,7778.46,4
2026-08-24T13:38:08+00:00,7778.5,4
2026-08-24T13:51:06+00:00,7778.53,4
2026-08-24T14:04:06+00:00,7775.62,3
2026-08-24T14:17:13+00:00,7775.64,3
2026-08-24T14:30:12+00:00,7775.66,3
2026-08-24T14:43:09+00:00,7775.67,3
2026-08-24T14:56:08+00:00,7775.69,3
2026-08-24T15:09:12+00:00,7775.72,3
2026-08-24T15:22:12+00:00,7775.75,3
2026-08-24T15:35:15+00:00,7775.77,3
2026-08-24T15:48:15+00:00,7775.8,3
2026-08-24T16:01:15+00:00,7772.89,2
2026-08-24T16:14:18+00:00,7772.9,2
2026-08-24T16:27:18+00:00,7772.91,2
2026-08-24T16:40:17+00:00,7772.92,2
2026-08-24T17:19:37+00:00,7772.93,2
2026-08-24T17:32:47+00:00,7772.93,2
2026-08-24T17:45:58+00:00,7772.94,2
2026-08-24T17:59:11+00:00,7772.95,2
2026-08-24T18:12:21+00:00,7767.11,0
2026-08-24T18:25:27+00:00,7767.11,0
2026-08-24T18:38:37+00:00,7767.11,0
2026-08-24T18:51:49+00:00,7767.11,0
2026-08-24T19:05:00+00:00,7761.28,2
2026-08-24T19:18:11+00:00,7761.29,2
2026-08-24T19:31:24+00:00,7761.29,2
2026-08-24T19:44:33+00:00,7761.3,2
2026-08-24T19:57:44+00:00,7761.31,2
2026-08-24T20:10:53+00:00,7761.31,2
2026-08-24T20:24:06+00:00,7761.32,2
2026-08-24T20:37:08+00:00,7761.33,2
2026-08-24T20:50:19+00:00,7761.34,2
2026-08-24T21:03:32+00:00,7761.35,2
2026-08-24T21:16:45+00:00,7761.36,2
2026-08-24T21:29:57+00:00,7761.37,2
2026-08-24T22:23:05+00:00,7761.39,2
2026-08-24T22:36:26+00:00,7761.4,2
2026-08-24T22:49:42+00:00,7761.42,2
2026-08-24T23:03:01+00:00,7761.42,2
2026-08-24T23:16:24+00:00,7761.43,2
2026-08-24T23:29:44+00:00,7761.44,2
2026-08-24T23:43:02+00:00,7761.44,2
2026-08-24T23:56:22+00:00,7761.45,2
2026-08-25T00:09:37+00:00,7761.46,2
2026-08-25T00:22:57+00:00,7761.47,2
2026-08-25T00:36:16+00:00,7761.48,2
2026-08-25T00:49:36+00:00,7761.48,2
2026-08-25T01:02:58+00:00,7761.5,2
2026-08-25T01:16:18+00:00,7761.51,2
2026-08-25T01:29:39+00:00,7761.53,2
2026-08-25T01:42:59+00:00,7761.54,2
2026-08-25T01:56:20+00:00,7761.56,2
2026-08-25T02:09:39+00:00,7758.67,3
2026-08-25T02:22:54+00:00,7758.7,3
2026-08-25T02:36:14+00:00,7758.72,3
2026-08-25T02:49:33+00:00,7758.74,3
2026-08-25T03:16:30+00:00,7758.78,3
2026-08-25T03:29:51+00:00,7758.81,3
2026-08-25T03:43:16+00:00,7758.84,3
2026-08-25T03:56:39+00:00,7758.88,3
2026-08-25T04:09:57+00:00,7758.9,3
2026-08-25T04:23:15+00:00,7758.92,3
2026-08-25T04:36:36+00:00,7758.95,3
2026-08-25T04:50:05+00:00,7758.97,3
2026-08-25T05:03:24+00:00,7758.98,3
2026-08-25T05:16:47+00:00,7758.99,3
2026-08-25T05:30:07+00:00,7759.0,3
2026-08-25T05:43:28+00:00,7759.01,3
2026-08-25T05:56:46+00:00,7759.02,3
2026-08-25T06:10:03+00:00,7759.06,3
2026-08-25T06:23:21+00:00,7759.1,3
2026-08-25T06:36:41+00:00,7759.13,3
2026-08-25T06:50:03+00:00,7759.17,3
2026-08-25T07:03:30+00:00,7759.2,3
2026-08-25T07:16:52+00:00,7759.23,3
2026-08-25T07:30:10+00:00,7759.27,3
2026-08-25T07:43:30+00:00,7759.3,3
2026-08-25T08:10:34+00:00,7753.51,3
2026-08-25T08:24:00+00:00,7753.54,3
2026-08-25T08:37:21+00:00,7753.57,3
2026-08-25T08:50:42+00:00,7753.6,3
2026-08-25T09:04:02+00:00,7753.62,3
2026-08-25T09:17:24+00:00,7753.63,3
2026-08-25T09:30:45+00:00,7753.65,3
2026-08-25T09:44:10+00:00,7753.66,3
2026-08-25T09:57:31+00:00,7753.68,3
2026-08-25T10:10:52+00:00,7747.86,1
2026-08-25T10:24:16+00:00,7747.87,1
2026-08-25T10:37:38+00:00,7747.87,1
2026-08-25T10:51:00+00:00,7747.88,1
2026-08-25T11:04:50+00:00,7747.89,1
2026-08-25T11:18:13+00:00,7747.89,1
2026-08-25T11:31:34+00:00,7747.9,1
2026-08-25T11:44:56+00:00,7747.91,1
2026-08-25T11:58:20+00:00,7747.91,1
2026-08-25T13:05:40+00:00,7747.92,1
2026-08-25T13:19:00+00:00,7747.92,1
2026-08-25T13:32:16+00:00,7747.92,1
2026-08-25T13:45:35+00:00,7747.92,1
2026-08-25T13:58:53+00:00,7747.92,1
2026-08-25T14:12:12+00:00,7747.93,1
2026-08-25T14:25:32+00:00,7747.93,1
2026-08-25T14:38:48+00:00,7747.94,1
2026-08-25T14:52:05+00:00,7747.94,1
2026-08-25T15:05:22+00:00,7747.95,1
2026-08-25T15:18:40+00:00,7747.95,1
2026-08-25T15:31:59+00:00,7747.96,1
2026-08-25T15:45:21+00:00,7747.96,1
2026-08-25T15:58:39+00:00,7747.97,1
2026-08-25T16:12:01+00:00,7747.97,1
2026-08-25T16:25:26+00:00,7747.97,1
2026-08-25T16:38:47+00:00,7747.97,1
2026-08-25T16:52:08+00:00,7747.97,1
2026-08-25T17:05:32+00:00,7745.07,2
2026-08-25T17:18:55+00:00,7745.08,2
2026-08-25T17:32:14+00:00,7745.08,2
2026-08-25T17:59:05+00:00,7745.09,2
2026-08-25T18:10:41+00:00,7739.28,4
2026-08-25T18:22:15+00:00,7739.29,4
2026-08-25T18:33:51+00:00,7739.3,4
2026-08-25T18:45:29+00:00,7739.3,4
2026-08-25T18:57:05+00:00,7739.31,4
2026-08-25T19:08:41+00:00,7736.42,3
2026-08-25T19:20:18+00:00,7736.44,3
2026-08-25T19:31:52+00:00,7736.46,3
2026-08-25T19:43:29+00:00,7736.48,3
2026-08-25T19:55:03+00:00,7736.5,3
2026-08-25T20:06:39+00:00,7733.6,2
2026-08-25T20:18:14+00:00,7733.6,2
2026-08-25T20:29:50+00:00,7733.61,2
2026-08-25T20:41:24+00:00,7733.61,2
2026-08-25T20:52:59+00:00,7733.61,2
2026-08-25T21:04:35+00:00,7730.71,1
2026-08-25T21:16:10+00:00,7730.71,1
2026-08-25T21:27:44+00:00,7730.71,1
2026-08-25T21:39:18+00:00,7730.72,1
2026-08-25T21:50:53+00:00,7730.72,1
2026-08-25T22:02:27+00:00,7727.82,2
2026-08-25T22:14:03+00:00,7727.83,2
2026-08-25T22:25:38+00:00,7727.83,2
2026-08-25T23:00:42+00:00,7727.84,2
2026-08-25T23:14:03+00:00,7727.85,2
2026-08-25T23:27:25+00:00,7727.86,2
2026-08-25T23:40:46+00:00,7727.87,2
2026-08-25T23:54:09+00:00,7727.87,2
2026-08-26T00:07:31+00:00,7724.98,1
2026-08-26T00:20:40+00:00,7724.98,1
2026-08-26T00:34:02+00:00,7724.99,1
2026-08-26T00:47:23+00:00,7724.99,1
2026-08-26T01:00:43+00:00,7722.1,2
2026-08-26T01:14:02+00:00,7722.11,2
2026-08-26T01:27:23+00:00,7722.12,2
2026-08-26T01:40:46+00:00,7722.13,2
2026-08-26T01:54:07+00:00,7722.14,2
2026-08-26T02:07:30+00:00,7719.26,3
2026-08-26T02:20:51+00:00,7719.28,3
2026-08-26T02:34:16+00:00,7719.3,3
2026-08-26T02:47:39+00:00,7719.32,3
2026-08-26T03:01:00+00:00,7716.44,4
2026-08-26T03:54:59+00:00,7716.45,4
2026-08-26T04:07:44+00:00,7716.47,4
2026-08-26T04:20:31+00:00,7716.48,4
2026-08-26T04:33:12+00:00,7716.5,4
2026-08-26T04:45:57+00:00,7716.52,4
2026-08-26T04:58:39+00:00,7716.54,4
2026-08-26T05:11:28+00:00,7713.65,3
2026-08-26T05:24:12+00:00,7713.66,3
2026-08-26T05:36:58+00:00,7713.67,3
2026-08-26T05:49:53+00:00,7713.69,3
2026-08-26T06:02:42+00:00,7710.8,4
2026-08-26T06:15:28+00:00,7710.82,4
2026-08-26T06:28:17+00:00,7710.83,4
2026-08-26T06:41:00+00:00,7710.84,4
2026-08-26T06:53:43+00:00,7710.86,4
2026-08-26T07:06:26+00:00,7707.97,3
2026-08-26T07:19:12+00:00,7707.98,3
2026-08-26T07:32:00+00:00,7707.99,3
2026-08-26T07:44:42+00:00,7708.0,3
2026-08-26T07:57:22+00:00,7708.01,3
2026-08-26T08:48:41+00:00,7705.14,4
2026-08-26T09:02:14+00:00,7705.15,4
2026-08-26T09:15:40+00:00,7705.16,4
2026-08-26T09:29:11+00:00,7705.17,4
2026-08-26T09:42:41+00:00,7705.18,4
2026-08-26T09:56:08+00:00,7705.19,4
2026-08-26T10:09:34+00:00,7702.31,3
2026-08-26T10:23:05+00:00,7702.32,3
2026-08-26T10:36:32+00:00,7702.34,3
2026-08-26T10:50:00+00:00,7702.35,3
2026-08-26T11:03:27+00:00,7699.48,4
2026-08-26T11:16:57+00:00,7699.51,4
2026-08-26T11:30:23+00:00,7699.53,4
2026-08-26T11:43:48+00:00,7699.56,4
2026-08-26T11:57:16+00:00,7699.59,4
2026-08-26T12:10:44+00:00,7699.62,4
2026-08-26T12:24:14+00:00,7699.65,4
2026-08-26T12:37:45+00:00,7699.68,4
2026-08-26T12:51:13+00:00,7699.71,4
2026-08-26T13:04:44+00:00,7699.74,4
2026-08-26T13:45:41+00:00,7699.77,4
2026-08-26T13:59:08+00:00,7699.8,4
2026-08-26T14:12:34+00:00,7696.92,3
2026-08-26T14:26:01+00:00,7696.93,3
2026-08-26T14:39:21+00:00,7696.94,3
2026-08-26T14:52:45+00:00,7696.95,3
2026-08-26T15:06:12+00:00,7696.95,3
2026-08-26T15:19:36+00:00,7696.96,3
2026-08-26T15:32:59+00:00,7696.97,3
2026-08-26T15:46:25+00:00,7696.98,3
2026-08-26T15:59:50+00:00,7696.98,3
2026-08-26T16:13:16+00:00,7696.99,3
2026-08-26T16:26:41+00:00,7697.0,3
2026-08-26T16:40:06+00:00,7697.02,3
2026-08-26T18:41:29+00:00,7694.14,4
2026-08-26T18:55:02+00:00,7694.16,4
2026-08-26T19:08:36+00:00,7694.18,4
2026-08-26T19:22:04+00:00,7694.2,4
2026-08-26T19:35:29+00:00,7694.22,4
2026-08-26T19:48:55+00:00,7694.23,4
2026-08-26T20:02:23+00:00,7694.25,4
2026-08-26T20:15:50+00:00,7694.26,4
2026-08-26T20:29:18+00:00,7694.27,4
2026-08-26T20:42:52+00:00,7694.29,4
2026-08-26T20:56:17+00:00,7694.3,4
2026-08-26T21:09:44+00:00,7694.31,4
2026-08-26T21:23:11+00:00,7694.33,4
2026-08-26T21:36:39+00:00,7694.34,4
2026-08-26T21:50:06+00:00,7694.35,4
2026-08-26T22:03:35+00:00,7694.37,4
2026-08-26T23:38:23+00:00,7694.39,4
2026-08-26T23:51:53+00:00,7694.4,4
2026-08-27T00:05:18+00:00,7694.42,4
2026-08-27T00:18:45+00:00,7694.44,4
2026-08-27T00:32:14+00:00,7694.46,4
2026-08-27T00:45:41+00:00,7694.48,4
2026-08-27T00:59:12+00:00,7694.5,4
2026-08-27T01:12:40+00:00,7691.62,3
2026-08-27T01:26:09+00:00,7691.63,3
2026-08-27T01:39:38+00:00,7691.64,3
2026-08-27T01:53:07+00:00,7691.65,3
2026-08-27T02:06:36+00:00,7691.66,3
2026-08-27T02:20:08+00:00,7691.67,3
2026-08-27T02:33:35+00:00,7691.68,3
2026-08-27T02:47:04+00:00,7691.69,3
2026-08-27T03:00:34+00:00,7691.7,3
2026-08-27T03:14:04+00:00,7691.71,3
2026-08-27T04:35:18+00:00,7691.72,3
2026-08-27T04:48:49+00:00,7691.73,3
2026-08-27T05:02:21+00:00,7691.75,3
2026-08-27T05:15:52+00:00,7691.76,3
2026-08-27T05:29:24+00:00,7691.77,3
2026-08-27T05:42:54+00:00,7691.79,3
2026-08-27T05:56:26+00:00,7691.8,3
2026-08-27T06:09:55+00:00,7688.93,4
2026-08-27T06:23:30+00:00,7688.95,4
2026-08-27T06:37:05+00:00,7688.97,4
2026-08-27T06:50:31+00:00,7688.99,4
2026-08-27T07:04:02+00:00,7689.01,4
2026-08-27T07:17:36+00:00,7689.03,4
2026-08-27T07:31:07+00:00,7689.06,4
2026-08-27T07:44:42+00:00,7689.09,4
2026-08-27T07:58:19+00:00,7689.12,4
2026-08-27T08:11:54+00:00,7689.15,4
2026-08-27T08:25:27+00:00,7689.18,4
2026-08-27T08:39:02+00:00,7689.21,4
2026-08-27T08:52:36+00:00,7689.24,4
2026-08-27T09:06:08+00:00,7686.39,3
2026-08-27T09:19:43+00:00,7686.42,3
2026-08-27T14:30:43+00:00,7683.55,4
2026-08-27T14:44:12+00:00,7683.56,4
2026-08-27T14:57:44+00:00,7683.57,4
2026-08-27T15:11:17+00:00,7683.6,4
2026-08-27T15:24:48+00:00,7683.63,4
2026-08-27T15:38:25+00:00,7683.65,4
2026-08-27T15:51:57+00:00,7683.68,4
2026-08-27T16:05:35+00:00,7677.9,2
2026-08-27T16:19:08+00:00,7677.9,2
2026-08-27T16:32:39+00:00,7677.9,2
2026-08-27T16:46:11+00:00,7677.9,2
2026-08-27T16:59:45+00:00,7677.91,2
2026-08-27T17:13:24+00:00,7677.91,2
2026-08-27T17:27:00+00:00,7677.92,2
2026-08-27T17:40:35+00:00,7677.92,2
2026-08-27T17:54:10+00:00,7677.93,2
2026-08-27T18:07:46+00:00,7675.06,3
2026-08-27T18:21:26+00:00,7675.06,3
2026-08-27T18:34:58+00:00,7675.07,3
2026-08-27T18:48:30+00:00,7675.08,3
2026-08-27T19:02:13+00:00,7672.2,2
2026-08-27T19:15:45+00:00,7672.2,2
2026-08-28T00:01:27+00:00,7666.44,0
2026-08-28T00:15:01+00:00,7666.44,0
2026-08-28T00:28:32+00:00,7666.44,0
2026-08-28T00:42:07+00:00,7666.44,0
2026-08-28T00:55:40+00:00,7666.44,0
2026-08-28T01:09:13+00:00,7663.57,1
2026-08-28T01:22:46+00:00,7663.57,1
2026-08-28T01:36:19+00:00,7663.58,1
2026-08-28T01:49:49+00:00,7663.58,1
2026-08-28T02:03:20+00:00,7660.72,2
2026-08-28T02:16:53+00:00,7660.73,2
2026-08-28T02:30:26+00:00,7660.75,2
2026-08-28T02:44:01+00:00,7660.76,2
2026-08-28T02:57:35+00:00,7660.77,2
2026-08-28T03:11:08+00:00,7655.01,0
2026-08-28T03:24:40+00:00,7655.01,0
2026-08-28T03:38:15+00:00,7655.01,0
2026-08-28T03:51:49+00:00,7655.01,0
2026-08-28T04:05:24+00:00,7655.01,0
2026-08-28T04:18:58+00:00,7655.01,0
2026-08-28T04:32:31+00:00,7655.01,0
2026-08-28T04:46:06+00:00,7655.01,0
2026-08-28T11:26:05+00:00,7649.27,2
2026-08-28T11:39:40+00:00,7649.28,2
2026-08-28T11:53:17+00:00,7649.29,2
2026-08-28T12:06:53+00:00,7649.29,2
2026-08-28T12:20:34+00:00,7649.3,2
2026-08-28T12:34:10+00:00,7649.31,2
2026-08-28T12:47:44+00:00,7649.32,2
2026-08-28T13:01:25+00:00,7649.32,2
2026-08-28T13:15:07+00:00,7649.32,2
2026-08-28T13:28:46+00:00,7649.33,2
2026-08-28T13:42:25+00:00,7649.33,2
2026-08-28T13:56:06+00:00,7649.34,2
2026-08-28T14:09:49+00:00,7649.34,2
2026-08-28T14:23:38+00:00,7649.34,2
2026-08-28T14:37:21+00:00,7649.34,2
2026-08-28T14:51:06+00:00,7649.34,2
2026-08-28T15:04:45+00:00,7646.48,1
2026-08-28T15:18:27+00:00,7646.48,1
2026-08-28T15:32:07+00:00,7646.48,1
2026-08-28T15:46:09+00:00,7646.48,1
2026-08-28T15:59:58+00:00,7646.48,1
2026-08-28T16:13:45+00:00,7640.75,3
2026-08-28T21:28:43+00:00,7637.89,4
2026-08-28T21:42:19+00:00,7637.9,4
2026-08-28T21:55:51+00:00,7637.91,4
2026-08-28T22:09:25+00:00,7637.92,4
2026-08-28T22:23:21+00:00,7637.93,4
2026-08-28T22:37:15+00:00,7637.94,4
2026-08-28T22:51:08+00:00,7637.95,4
2026-08-28T23:04:41+00:00,7637.97,4
2026-08-28T23:18:37+00:00,7637.98,4
2026-08-28T23:32:11+00:00,7638.0,4
2026-08-28T23:46:09+00:00,7638.01,4
2026-08-28T23:59:47+00:00,7638.03,4
2026-08-29T00:13:26+00:00,7638.04,4
2026-08-29T00:27:24+00:00,7638.06,4
2026-08-29T00:41:21+00:00,7638.08,4
2026-08-29T00:55:18+00:00,7638.1,4
2026-08-29T01:08:52+00:00,7638.11,4
2026-08-29T01:22:51+00:00,7638.11,4
2026-08-29T01:36:46+00:00,7638.12,4
2026-08-29T01:50:43+00:00,7638.13,4
2026-08-29T02:04:17+00:00,7635.27,3
2026-08-29T02:18:13+00:00,7635.28,3
2026-08-29T03:19:28+00:00,7629.56,1
2026-08-29T03:33:09+00:00,7629.56,1
2026-08-29T03:46:51+00:00,7629.57,1
2026-08-29T04:00:31+00:00,7629.57,1
2026-08-29T04:14:12+00:00,7629.57,1
2026-08-29T04:27:52+00:00,7629.58,1
2026-08-29T04:41:34+00:00,7629.58,1
2026-08-29T04:55:18+00:00,7629.58,1
2026-08-29T05:08:57+00:00,7626.73,2
2026-08-29T05:22:40+00:00,7626.74,2
2026-08-29T05:36:20+00:00,7626.74,2
2026-08-29T05:49:59+00:00,7626.75,2
2026-08-29T06:03:39+00:00,7621.04,4
2026-08-29T06:17:19+00:00,7621.05,4
2026-08-29T06:31:02+00:00,7621.06,4
2026-08-29T06:44:42+00:00,7621.07,4
2026-08-29T06:58:25+00:00,7621.08,4
2026-08-29T07:12:06+00:00,7621.09,4
2026-08-29T07:25:48+00:00,7621.1,4
2026-08-29T07:39:34+00:00,7621.11,4
2026-08-29T07:53:18+00:00,7621.12,4
2026-08-29T08:06:59+00:00,7618.26,3
2026-08-29T10:20:52+00:00,7612.55,3
2026-08-29T10:34:35+00:00,7612.56,3
2026-08-29T10:48:17+00:00,7612.57,3
2026-08-29T11:02:05+00:00,7612.58,3
2026-08-29T11:15:52+00:00,7612.59,3
2026-08-29T11:29:38+00:00,7612.6,3
2026-08-29T11:43:23+00:00,7612.61,3
2026-08-29T11:57:08+00:00,7612.62,3
2026-08-29T12:10:58+00:00,7612.63,3
2026-08-29T12:24:47+00:00,7612.64,3
2026-08-29T12:38:36+00:00,7612.65,3
2026-08-29T12:52:24+00:00,7612.65,3
2026-08-29T13:06:11+00:00,7612.67,3
2026-08-29T13:19:59+00:00,7612.68,3
2026-08-29T13:33:49+00:00,7612.69,3
2026-08-29T13:47:40+00:00,7612.7,3
2026-08-29T14:01:28+00:00,7612.72,3
2026-08-29T14:15:18+00:00,7612.73,3
2026-08-29T14:29:02+00:00,7612.74,3
2026-08-29T14:42:42+00:00,7612.76,3
2026-08-29T14:56:22+00:00,7612.77,3
2026-08-29T15:24:06+00:00,7612.79,3
2026-08-29T15:38:03+00:00,7612.8,3
2026-08-29T15:52:05+00:00,7612.82,3
2026-08-29T16:06:19+00:00,7612.83,3
2026-08-29T16:20:17+00:00,7612.84,3
2026-08-29T16:34:04+00:00,7612.85,3
2026-08-29T16:47:50+00:00,7612.86,3
2026-08-29T17:01:33+00:00,7610.01,2
2026-08-29T17:15:15+00:00,7610.02,2
2026-08-29T17:29:01+00:00,7610.03,2
2026-08-29T17:42:47+00:00,7610.03,2
2026-08-29T17:56:29+00:00,7610.04,2
2026-08-29T18:10:09+00:00,7610.05,2
2026-08-29T18:23:49+00:00,7610.06,2
2026-08-29T20:14:52+00:00,7607.21,3
2026-08-29T20:27:51+00:00,7607.22,3
2026-08-29T20:40:47+00:00,7607.23,3
2026-08-29T20:53:45+00:00,7607.24,3
2026-08-29T21:06:38+00:00,7607.24,3
2026-08-29T21:19:34+00:00,7607.25,3
2026-08-29T21:32:30+00:00,7607.26,3
2026-08-29T21:45:28+00:00,7607.27,3
2026-08-29T21:58:25+00:00,7607.28,3
2026-08-29T22:11:22+00:00,7607.28,3
2026-08-29T22:24:19+00:00,7607.28,3
2026-08-29T22:37:14+00:00,7607.29,3
2026-08-29T22:50:08+00:00,7607.29,3
2026-08-29T23:03:05+00:00,7604.44,2
2026-08-29T23:16:03+00:00,7604.45,2
2026-08-30T01:12:45+00:00,7604.45,2
2026-08-30T01:26:31+00:00,7604.46,2
2026-08-30T06:15:16+00:00,7601.61,3
2026-08-30T06:28:59+00:00,7601.62,3
2026-08-30T06:42:42+00:00,7601.63,3
2026-08-30T06:56:23+00:00,7601.64,3
2026-08-30T07:10:10+00:00,7601.66,3
2026-08-30T07:23:54+00:00,7601.68,3
2026-08-30T11:17:31+00:00,7598.84,4
2026-08-30T11:31:15+00:00,7598.86,4
2026-08-30T11:44:57+00:00,7598.88,4
2026-08-30T11:58:38+00:00,7598.9,4
2026-08-30T12:12:20+00:00,7598.93,4
2026-08-30T12:26:03+00:00,7598.96,4
2026-08-30T12:39:46+00:00,7598.99,4
2026-08-30T12:53:29+00:00,7599.01,4
2026-08-30T13:07:13+00:00,7599.04,4
2026-08-30T16:19:43+00:00,7599.06,4
2026-08-30T16:33:57+00:00,7599.09,4
2026-08-30T16:48:06+00:00,7599.11,4
2026-08-30T17:01:53+00:00,7599.13,4
2026-08-30T17:16:04+00:00,7599.14,4
2026-08-30T17:29:52+00:00,7599.16,4
2026-08-30T17:43:41+00:00,7599.18,4
2026-08-30T17:57:51+00:00,7599.19,4
2026-08-30T18:11:38+00:00,7596.35,3
2026-08-30T18:25:25+00:00,7596.35,3
2026-08-30T18:39:12+00:00,7596.36,3
2026-08-30T18:53:01+00:00,7596.37,3
2026-08-30T19:07:12+00:00,7593.53,4
2026-08-30T19:21:23+00:00,7593.55,4
2026-08-30T19:35:11+00:00,7593.57,4
2026-08-30T19:48:58+00:00,7593.58,4
2026-08-30T21:13:13+00:00,7590.74,3
2026-08-30T21:26:57+00:00,7590.75,3
2026-08-30T21:40:38+00:00,7590.75,3
2026-08-30T21:54:20+00:00,7590.76,3
2026-08-30T22:08:00+00:00,7582.23,2
2026-08-30T22:21:44+00:00,7582.24,2
