{
  "cash": 13074.63592044862,
  "units": {
    "ETHUSDT": 0.8883044232771364,
    "SOLUSDT": -21.983788549771326,
    "BTCUSDT": -0.02584975833626462,
    "XRPUSDT": -1504.6418206633123,
    "AAPL": 0.0,
    "GOLD": 0.0,
    "NIFTY": 0.07097195209140301,
    "RELIANCE": 1.3211386829655003,
    "EURUSD": -1494.9361556325655,
    "SENSEX": 0.0,
    "NASDAQ": 0.0,
    "SPY": 0.0
  },
  "start_equity": 10000.0,
  "bh_units": {
    "ETHUSDT": 1.3908205841446453,
    "SOLUSDT": 32.04306588054345,
    "BTCUSDT": 0.03895415874598772,
    "XRPUSDT": 2254.059561269847
  }
}