{
  "cash": 795.5123117699306,
  "units": {
    "ETHUSDT": 0.0,
    "SOLUSDT": 15.752388613558756,
    "BTCUSDT": 0.0,
    "XRPUSDT": 1099.727552174611,
    "AAPL": 0.0,
    "GOLD": 0.2977872429483963,
    "NIFTY": 0.04942339085000348,
    "RELIANCE": 0.8994938274900003,
    "EURUSD": 1045.2069573471263,
    "SENSEX": 0.0,
    "NASDAQ": 0.0,
    "SPY": 0.0
  },
  "start_equity": 10000.0,
  "bh_units": {
    "ETHUSDT": 1.3908205841446453,
    "SOLUSDT": 32.04306588054345,
    "BTCUSDT": 0.03895415874598772,
    "XRPUSDT": 2254.059561269847
  }
}