{
  "cash": 6478.219551083959,
  "units": {
    "ETHUSDT": 0.0,
    "SOLUSDT": -15.084011311217862,
    "BTCUSDT": -0.017818759602702395,
    "XRPUSDT": 0.0,
    "AAPL": 3.4313115810581114,
    "GOLD": 0.0,
    "NIFTY": 0.0,
    "RELIANCE": 0.0,
    "EURUSD": 0.0,
    "SENSEX": 0.0,
    "NASDAQ": 0.044182104905145896,
    "SPY": 1.5231281184696062
  },
  "start_equity": 10000.0,
  "bh_units": {
    "ETHUSDT": 1.3908205841446453,
    "SOLUSDT": 32.04306588054345,
    "BTCUSDT": 0.03895415874598772,
    "XRPUSDT": 2254.059561269847
  }
}