{
  "cash": 11865.293187032814,
  "units": {
    "ETHUSDT": -0.6576521135789303,
    "SOLUSDT": 0.0,
    "BTCUSDT": -0.019024637642898135,
    "XRPUSDT": -1121.5544235977902,
    "AAPL": 0.0,
    "GOLD": 0.0,
    "NIFTY": 0.0,
    "RELIANCE": 0.0,
    "EURUSD": 0.0,
    "SENSEX": 0.0,
    "NASDAQ": 0.0,
    "SPY": 0.0
  },
  "start_equity": 10000.0,
  "bh_units": {
    "ETHUSDT": 1.3908205841446453,
    "SOLUSDT": 32.04306588054345,
    "BTCUSDT": 0.03895415874598772,
    "XRPUSDT": 2254.059561269847
  }
}