{
  "cash": 16211.276822982496,
  "units": {
    "ETHUSDT": -0.631429130275306,
    "SOLUSDT": -15.292971022211045,
    "BTCUSDT": 0.0,
    "XRPUSDT": -1069.5898804858164,
    "AAPL": 0.0,
    "GOLD": -0.2941378799765388,
    "NIFTY": -0.04928350171694795,
    "RELIANCE": -0.9162084947983593,
    "EURUSD": -1038.765317003725,
    "SENSEX": 0.0,
    "NASDAQ": 0.0,
    "SPY": 0.0
  },
  "start_equity": 10000.0,
  "bh_units": {
    "ETHUSDT": 1.3908205841446453,
    "SOLUSDT": 32.04306588054345,
    "BTCUSDT": 0.03895415874598772,
    "XRPUSDT": 2254.059561269847
  }
}