{
  "cash": 5339.0735966135135,
  "units": {
    "ETHUSDT": 0.6148360061145952,
    "SOLUSDT": 15.219214983115902,
    "BTCUSDT": 0.017953134210550434,
    "XRPUSDT": -1054.2667648586134,
    "AAPL": 0.0,
    "GOLD": 0.28685770946066497,
    "NIFTY": 0.0,
    "RELIANCE": 0.0,
    "EURUSD": -999.5918715762444,
    "SENSEX": 0.0,
    "NASDAQ": 0.0,
    "SPY": 0.0
  },
  "start_equity": 10000.0,
  "bh_units": {
    "ETHUSDT": 1.3908205841446453,
    "SOLUSDT": 32.04306588054345,
    "BTCUSDT": 0.03895415874598772,
    "XRPUSDT": 2254.059561269847
  }
}