{
  "cash": 11298.810784880046,
  "units": {
    "ETHUSDT": 0.0,
    "SOLUSDT": -15.356728796243745,
    "BTCUSDT": -0.01824172916044488,
    "XRPUSDT": -1056.5589227451069,
    "AAPL": 0.0,
    "GOLD": 0.2895401458439183,
    "NIFTY": 0.0,
    "RELIANCE": -0.8986311679768909,
    "EURUSD": -1019.8539109887718,
    "SENSEX": 0.015121392202704568,
    "NASDAQ": 0.0,
    "SPY": 0.0
  },
  "start_equity": 10000.0,
  "bh_units": {
    "ETHUSDT": 1.3908205841446453,
    "SOLUSDT": 32.04306588054345,
    "BTCUSDT": 0.03895415874598772,
    "XRPUSDT": 2254.059561269847
  }
}