{
  "cash": 5639.342710354214,
  "units": {
    "ETHUSDT": 0.8113866874833374,
    "SOLUSDT": -19.848201438011515,
    "BTCUSDT": 0.023647622769148585,
    "XRPUSDT": 1377.0619024591238,
    "AAPL": -4.697827844023732,
    "GOLD": 0.3832974379638914,
    "NIFTY": 0.0,
    "RELIANCE": 0.0,
    "EURUSD": 1347.1960209041702,
    "SENSEX": 0.0,
    "NASDAQ": 0.0,
    "SPY": 0.0
  },
  "start_equity": 10000.0,
  "bh_units": {
    "ETHUSDT": 1.3908205841446453,
    "SOLUSDT": 32.04306588054345,
    "BTCUSDT": 0.03895415874598772,
    "XRPUSDT": 2254.059561269847
  }
}