{
  "cash": 11535.140179504158,
  "units": {
    "ETHUSDT": -0.6364875054024084,
    "SOLUSDT": -15.555449330416002,
    "BTCUSDT": 0.018472758229049528,
    "XRPUSDT": -1087.145591099536,
    "AAPL": 0.0,
    "GOLD": 0.0,
    "NIFTY": 0.0,
    "RELIANCE": 0.0,
    "EURUSD": -1044.5637397194885,
    "SENSEX": 0.0,
    "NASDAQ": 0.0,
    "SPY": 0.0
  },
  "start_equity": 10000.0,
  "bh_units": {
    "ETHUSDT": 1.3908205841446453,
    "SOLUSDT": 32.04306588054345,
    "BTCUSDT": 0.03895415874598772,
    "XRPUSDT": 2254.059561269847
  }
}