{
  "cash": 3197.4394845979054,
  "units": {
    "ETHUSDT": 0.6348707437699973,
    "SOLUSDT": 15.434391412609852,
    "BTCUSDT": -0.018462554354383032,
    "XRPUSDT": 1079.02616765046,
    "AAPL": 0.0,
    "GOLD": 0.2954527026799399,
    "NIFTY": 0.0,
    "RELIANCE": 0.0,
    "EURUSD": 1049.8951995293287,
    "SENSEX": 0.0,
    "NASDAQ": 0.0,
    "SPY": 0.0
  },
  "start_equity": 10000.0,
  "bh_units": {
    "ETHUSDT": 1.3908205841446453,
    "SOLUSDT": 32.04306588054345,
    "BTCUSDT": 0.03895415874598772,
    "XRPUSDT": 2254.059561269847
  }
}