{
  "cash": 18314.289512221647,
  "units": {
    "ETHUSDT": -0.8931779591492142,
    "SOLUSDT": 22.02187134370206,
    "BTCUSDT": -0.025895385233360723,
    "XRPUSDT": -1497.9152820564163,
    "AAPL": 0.0,
    "GOLD": -0.4206176347725368,
    "NIFTY": 0.0,
    "RELIANCE": 0.0,
    "EURUSD": -1505.7838364188804,
    "SENSEX": 0.0,
    "NASDAQ": 0.0,
    "SPY": 0.0
  },
  "start_equity": 10000.0,
  "bh_units": {
    "ETHUSDT": 1.3908205841446453,
    "SOLUSDT": 32.04306588054345,
    "BTCUSDT": 0.03895415874598772,
    "XRPUSDT": 2254.059561269847
  }
}