{
  "cash": 8652.021177662344,
  "units": {
    "ETHUSDT": 0.6115152785215526,
    "SOLUSDT": -15.003862574542758,
    "BTCUSDT": 0.017688244692689058,
    "XRPUSDT": -1034.0147071474883,
    "AAPL": -3.418693611707143,
    "GOLD": -0.2808139727240567,
    "NIFTY": 0.0,
    "RELIANCE": 0.0,
    "EURUSD": -987.0099298315785,
    "SENSEX": 0.0,
    "NASDAQ": 0.04392969706854118,
    "SPY": 1.5116356389534644
  },
  "start_equity": 10000.0,
  "bh_units": {
    "ETHUSDT": 1.3908205841446453,
    "SOLUSDT": 32.04306588054345,
    "BTCUSDT": 0.03895415874598772,
    "XRPUSDT": 2254.059561269847
  }
}