{
  "cash": 5657.8097648067105,
  "units": {
    "ETHUSDT": -0.6485448354270961,
    "SOLUSDT": 15.84164390272405,
    "BTCUSDT": -0.018766164556344004,
    "XRPUSDT": 1105.2242537595241,
    "AAPL": 0.0,
    "GOLD": 0.3022533214464301,
    "NIFTY": 0.0,
    "RELIANCE": 0.0,
    "EURUSD": 1059.894601673513,
    "SENSEX": 0.0,
    "NASDAQ": 0.0,
    "SPY": 0.0
  },
  "start_equity": 10000.0,
  "bh_units": {
    "ETHUSDT": 1.3908205841446453,
    "SOLUSDT": 32.04306588054345,
    "BTCUSDT": 0.03895415874598772,
    "XRPUSDT": 2254.059561269847
  }
}