{
  "cash": -396.7151940294424,
  "units": {
    "ETHUSDT": 0.616381521311103,
    "SOLUSDT": 15.24261623908661,
    "BTCUSDT": -0.01823315369514477,
    "XRPUSDT": 1063.3429007154737,
    "AAPL": 3.619006858176771,
    "GOLD": 0.29170980900733756,
    "NIFTY": 0.0,
    "RELIANCE": 0.0,
    "EURUSD": 1032.6928965956613,
    "SENSEX": 0.0,
    "NASDAQ": 0.0452148892021573,
    "SPY": 1.5727616851369284
  },
  "start_equity": 10000.0,
  "bh_units": {
    "ETHUSDT": 1.3908205841446453,
    "SOLUSDT": 32.04306588054345,
    "BTCUSDT": 0.03895415874598772,
    "XRPUSDT": 2254.059561269847
  }
}