{
  "cash": 12770.04725307969,
  "units": {
    "ETHUSDT": 0.8306855449266017,
    "SOLUSDT": -19.676232983646667,
    "BTCUSDT": -0.023678382313685867,
    "XRPUSDT": -1382.812905299543,
    "AAPL": 0.0
  },
  "start_equity": 10000.0,
  "bh_units": {
    "ETHUSDT": 1.3908205841446453,
    "SOLUSDT": 32.04306588054345,
    "BTCUSDT": 0.03895415874598772,
    "XRPUSDT": 2254.059561269847
  }
}