{
  "cash": 8650.502065300583,
  "units": {
    "ETHUSDT": 0.6143160207955439,
    "SOLUSDT": -15.046279074864328,
    "BTCUSDT": 0.0,
    "XRPUSDT": -1035.6795138341013,
    "AAPL": 3.395371219631689,
    "GOLD": 0.0,
    "NIFTY": 0.0,
    "RELIANCE": 0.0,
    "EURUSD": 986.6434071208789,
    "SENSEX": 0.0,
    "NASDAQ": -0.04418875599559786,
    "SPY": -1.5176781999671531
  },
  "start_equity": 10000.0,
  "bh_units": {
    "ETHUSDT": 1.3908205841446453,
    "SOLUSDT": 32.04306588054345,
    "BTCUSDT": 0.03895415874598772,
    "XRPUSDT": 2254.059561269847
  }
}