{
  "cash": -482.66933143804954,
  "units": {
    "ETHUSDT": 0.7701624096061116,
    "SOLUSDT": 18.615982421749276,
    "BTCUSDT": 0.022277817952975267,
    "XRPUSDT": 1303.2918695386484,
    "AAPL": 0.0,
    "GOLD": 0.0,
    "NIFTY": 0.0,
    "RELIANCE": 0.0,
    "EURUSD": 1262.3902035735014,
    "SENSEX": 0.0,
    "NASDAQ": 0.055306995638583344,
    "SPY": 1.9209993570452633
  },
  "start_equity": 10000.0,
  "bh_units": {
    "ETHUSDT": 1.3908205841446453,
    "SOLUSDT": 32.04306588054345,
    "BTCUSDT": 0.03895415874598772,
    "XRPUSDT": 2254.059561269847
  }
}