{
  "cash": 14860.945214352849,
  "units": {
    "ETHUSDT": 0.8091246117321255,
    "SOLUSDT": 19.787626605062865,
    "BTCUSDT": 0.023566086067462445,
    "XRPUSDT": -1379.4297339949082,
    "AAPL": -4.707733204364447,
    "GOLD": -0.38339698449288934,
    "NIFTY": 0.0,
    "RELIANCE": 0.0,
    "EURUSD": -1346.6747720183803,
    "SENSEX": 0.0,
    "NASDAQ": -0.06027498225712177,
    "SPY": -2.07184921938496
  },
  "start_equity": 10000.0,
  "bh_units": {
    "ETHUSDT": 1.3908205841446453,
    "SOLUSDT": 32.04306588054345,
    "BTCUSDT": 0.03895415874598772,
    "XRPUSDT": 2254.059561269847
  }
}