{
  "cash": 6689.553956981657,
  "units": {
    "ETHUSDT": 0.0,
    "SOLUSDT": 18.613218046919965,
    "BTCUSDT": -0.022250071293196304,
    "XRPUSDT": 1300.4013913572176,
    "AAPL": 4.552240404412263,
    "GOLD": -0.35274183046654806,
    "NIFTY": 0.0,
    "RELIANCE": 0.0,
    "EURUSD": -1255.6510126523638,
    "SENSEX": 0.0,
    "NASDAQ": 0.054847542643659236,
    "SPY": 1.9068152298036856
  },
  "start_equity": 10000.0,
  "bh_units": {
    "ETHUSDT": 1.3908205841446453,
    "SOLUSDT": 32.04306588054345,
    "BTCUSDT": 0.03895415874598772,
    "XRPUSDT": 2254.059561269847
  }
}