{
  "cash": 14966.830057966441,
  "units": {
    "ETHUSDT": -0.8995949730682503,
    "SOLUSDT": 22.17283899469029,
    "BTCUSDT": -0.026081556538297218,
    "XRPUSDT": 1493.4258271546282,
    "AAPL": 0.0,
    "GOLD": 0.42223911527466307,
    "NIFTY": 0.0,
    "RELIANCE": 0.0,
    "EURUSD": -1514.550933347739,
    "SENSEX": 0.0,
    "NASDAQ": -0.06681612797618212,
    "SPY": -2.3085099038876478
  },
  "start_equity": 10000.0,
  "bh_units": {
    "ETHUSDT": 1.3908205841446453,
    "SOLUSDT": 32.04306588054345,
    "BTCUSDT": 0.03895415874598772,
    "XRPUSDT": 2254.059561269847
  }
}