{
  "cash": 9919.252020389791,
  "units": {
    "ETHUSDT": 0.8360800543483489,
    "SOLUSDT": -19.551748550832087,
    "BTCUSDT": -0.023697768048901374,
    "XRPUSDT": 1381.4475323507002
  },
  "start_equity": 10000.0,
  "bh_units": {
    "ETHUSDT": 1.3908205841446453,
    "SOLUSDT": 32.04306588054345,
    "BTCUSDT": 0.03895415874598772,
    "XRPUSDT": 2254.059561269847
  }
}