{
  "cash": 6948.123312840196,
  "units": {
    "ETHUSDT": -0.8400382158664728,
    "SOLUSDT": 19.767442031356033,
    "BTCUSDT": 0.023920116538168116,
    "XRPUSDT": 1392.0395428085458,
    "AAPL": 0.0
  },
  "start_equity": 10000.0,
  "bh_units": {
    "ETHUSDT": 1.3908205841446453,
    "SOLUSDT": 32.04306588054345,
    "BTCUSDT": 0.03895415874598772,
    "XRPUSDT": 2254.059561269847
  }
}