{
  "cash": 15621.345466037536,
  "units": {
    "ETHUSDT": -0.626727509409901,
    "SOLUSDT": -15.364552112156181,
    "BTCUSDT": 0.0,
    "XRPUSDT": -1057.6001356745462,
    "AAPL": 0.0,
    "GOLD": 0.0,
    "NIFTY": -0.04720166807723602,
    "RELIANCE": -0.8667750740451413,
    "EURUSD": -999.1927308735721,
    "SENSEX": -0.01466318258914024,
    "NASDAQ": 0.0,
    "SPY": 0.0
  },
  "start_equity": 10000.0,
  "bh_units": {
    "ETHUSDT": 1.3908205841446453,
    "SOLUSDT": 32.04306588054345,
    "BTCUSDT": 0.03895415874598772,
    "XRPUSDT": 2254.059561269847
  }
}