{
  "cash": 21084.420880203226,
  "units": {
    "ETHUSDT": -0.8123821282928569,
    "SOLUSDT": -19.84917198062259,
    "BTCUSDT": 0.023579119999599503,
    "XRPUSDT": -1385.771251294533,
    "AAPL": -4.75286839398002,
    "GOLD": -0.3842492810135716,
    "NIFTY": 0.0,
    "RELIANCE": 0.0,
    "EURUSD": -1351.7400894110688,
    "SENSEX": 0.0,
    "NASDAQ": -0.06001981933610237,
    "SPY": -2.0682263006927624
  },
  "start_equity": 10000.0,
  "bh_units": {
    "ETHUSDT": 1.3908205841446453,
    "SOLUSDT": 32.04306588054345,
    "BTCUSDT": 0.03895415874598772,
    "XRPUSDT": 2254.059561269847
  }
}