{
  "cash": 10149.433238385865,
  "units": {
    "ETHUSDT": -0.7857113423195081,
    "SOLUSDT": 19.472020417877353,
    "BTCUSDT": 0.0,
    "XRPUSDT": -1343.9407020906606,
    "AAPL": 0.0,
    "GOLD": 0.37409771505780975,
    "NIFTY": 0.06299378115715412,
    "RELIANCE": -1.168022574452735,
    "EURUSD": 0.0,
    "SENSEX": 0.0,
    "NASDAQ": 0.0,
    "SPY": 0.0
  },
  "start_equity": 10000.0,
  "bh_units": {
    "ETHUSDT": 1.3908205841446453,
    "SOLUSDT": 32.04306588054345,
    "BTCUSDT": 0.03895415874598772,
    "XRPUSDT": 2254.059561269847
  }
}