{
  "cash": 11579.399132862225,
  "units": {
    "ETHUSDT": -0.6444320864268263,
    "SOLUSDT": -15.75108957593931,
    "BTCUSDT": -0.018719941900173228,
    "XRPUSDT": -1101.0748703938605,
    "AAPL": 0.0,
    "GOLD": 0.2973268373337432,
    "NIFTY": 0.04939274418140333,
    "RELIANCE": -0.9030308045610136,
    "EURUSD": -1046.7234902570644,
    "SENSEX": 0.015398008483320784,
    "NASDAQ": 0.0,
    "SPY": 0.0
  },
  "start_equity": 10000.0,
  "bh_units": {
    "ETHUSDT": 1.3908205841446453,
    "SOLUSDT": 32.04306588054345,
    "BTCUSDT": 0.03895415874598772,
    "XRPUSDT": 2254.059561269847
  }
}