{
  "cash": 6882.136030023328,
  "units": {
    "ETHUSDT": 0.8389181564847724,
    "SOLUSDT": 19.85330476397736,
    "BTCUSDT": 0.023794114976218472,
    "XRPUSDT": -1394.996605360811,
    "AAPL": 0.0
  },
  "start_equity": 10000.0,
  "bh_units": {
    "ETHUSDT": 1.3908205841446453,
    "SOLUSDT": 32.04306588054345,
    "BTCUSDT": 0.03895415874598772,
    "XRPUSDT": 2254.059561269847
  }
}