{
  "cash": 15653.250250718746,
  "units": {
    "ETHUSDT": -0.82115871343937,
    "SOLUSDT": -19.49120383566872,
    "BTCUSDT": -0.023386338434860526,
    "XRPUSDT": -1372.0399195821667,
    "AAPL": 0.0
  },
  "start_equity": 10000.0,
  "bh_units": {
    "ETHUSDT": 1.3908205841446453,
    "SOLUSDT": 32.04306588054345,
    "BTCUSDT": 0.03895415874598772,
    "XRPUSDT": 2254.059561269847
  }
}