{
  "cash": 5579.910605633107,
  "units": {
    "ETHUSDT": -0.784886714767754,
    "SOLUSDT": 19.40850815530514,
    "BTCUSDT": 0.022976050453127183,
    "XRPUSDT": 0.0,
    "AAPL": 0.0,
    "GOLD": 0.0,
    "NIFTY": 0.06294087367537735,
    "RELIANCE": -1.167696605262797,
    "EURUSD": 1332.1162987840921,
    "SENSEX": 0.019647750772482604,
    "NASDAQ": 0.0,
    "SPY": 0.0
  },
  "start_equity": 10000.0,
  "bh_units": {
    "ETHUSDT": 1.3908205841446453,
    "SOLUSDT": 32.04306588054345,
    "BTCUSDT": 0.03895415874598772,
    "XRPUSDT": 2254.059561269847
  }
}