{
  "cash": 6570.009089619361,
  "units": {
    "ETHUSDT": 0.6184400501291126,
    "SOLUSDT": 15.240826195969552,
    "BTCUSDT": -0.018110644884904343,
    "XRPUSDT": 1050.7963317215726,
    "AAPL": 0.0,
    "GOLD": -0.2911757874751405,
    "NIFTY": 0.0,
    "RELIANCE": 0.0,
    "EURUSD": 0.0,
    "SENSEX": 0.0,
    "NASDAQ": 0.0,
    "SPY": 0.0
  },
  "start_equity": 10000.0,
  "bh_units": {
    "ETHUSDT": 1.3908205841446453,
    "SOLUSDT": 32.04306588054345,
    "BTCUSDT": 0.03895415874598772,
    "XRPUSDT": 2254.059561269847
  }
}