{
  "cash": 4090.6240224077915,
  "units": {
    "ETHUSDT": -0.8071533289975478,
    "SOLUSDT": 19.729492274236794,
    "BTCUSDT": 0.023552088972468195,
    "XRPUSDT": 1380.310239793243,
    "AAPL": 0.0,
    "GOLD": 0.3825211030461246,
    "NIFTY": 0.0,
    "RELIANCE": 0.0,
    "EURUSD": 1343.865407732847,
    "SENSEX": 0.0,
    "NASDAQ": 0.0,
    "SPY": 0.0
  },
  "start_equity": 10000.0,
  "bh_units": {
    "ETHUSDT": 1.3908205841446453,
    "SOLUSDT": 32.04306588054345,
    "BTCUSDT": 0.03895415874598772,
    "XRPUSDT": 2254.059561269847
  }
}