{
  "cash": 11490.776655700896,
  "units": {
    "ETHUSDT": 0.8966532298552081,
    "SOLUSDT": 0.0,
    "BTCUSDT": -0.025982311845630324,
    "XRPUSDT": 1485.871015314506,
    "AAPL": 0.0,
    "GOLD": 0.0,
    "NIFTY": 0.0,
    "RELIANCE": 0.0,
    "EURUSD": 0.0,
    "SENSEX": 0.0,
    "NASDAQ": -0.06675792314357352,
    "SPY": 0.0
  },
  "start_equity": 10000.0,
  "bh_units": {
    "ETHUSDT": 1.3908205841446453,
    "SOLUSDT": 32.04306588054345,
    "BTCUSDT": 0.03895415874598772,
    "XRPUSDT": 2254.059561269847
  }
}