{
  "cash": 6689.178558663047,
  "units": {
    "ETHUSDT": -0.7668093344549771,
    "SOLUSDT": 18.614689854978845,
    "BTCUSDT": -0.022237958347636467,
    "XRPUSDT": 1299.1268610901427,
    "AAPL": 4.55172840380491,
    "GOLD": 0.0,
    "NIFTY": 0.0,
    "RELIANCE": 0.0,
    "EURUSD": -1254.6630022144664,
    "SENSEX": 0.0,
    "NASDAQ": 0.05480298713719084,
    "SPY": 1.9048739953902487
  },
  "start_equity": 10000.0,
  "bh_units": {
    "ETHUSDT": 1.3908205841446453,
    "SOLUSDT": 32.04306588054345,
    "BTCUSDT": 0.03895415874598772,
    "XRPUSDT": 2254.059561269847
  }
}