{
  "cash": 10152.311901971965,
  "units": {
    "ETHUSDT": -0.6222689741377545,
    "SOLUSDT": 0.0,
    "BTCUSDT": 0.018302314602436143,
    "XRPUSDT": 1063.1115401081088,
    "AAPL": 0.0,
    "GOLD": 0.2903942447294982,
    "NIFTY": -0.048654238636274154,
    "RELIANCE": -0.8998473988433884,
    "EURUSD": -1021.4696056978748,
    "SENSEX": -0.015169373494719926,
    "NASDAQ": 0.0,
    "SPY": 0.0
  },
  "start_equity": 10000.0,
  "bh_units": {
    "ETHUSDT": 1.3908205841446453,
    "SOLUSDT": 32.04306588054345,
    "BTCUSDT": 0.03895415874598772,
    "XRPUSDT": 2254.059561269847
  }
}