{
  "cash": 9048.372927317685,
  "units": {
    "ETHUSDT": -0.6151000111383395,
    "SOLUSDT": 15.268101427686888,
    "BTCUSDT": -0.018234828544992792,
    "XRPUSDT": -1059.2990409893864,
    "AAPL": 0.0,
    "GOLD": 0.0,
    "NIFTY": 0.0,
    "RELIANCE": 0.0,
    "EURUSD": 1028.7405624668584,
    "SENSEX": 0.0,
    "NASDAQ": 0.0,
    "SPY": 0.0
  },
  "start_equity": 10000.0,
  "bh_units": {
    "ETHUSDT": 1.3908205841446453,
    "SOLUSDT": 32.04306588054345,
    "BTCUSDT": 0.03895415874598772,
    "XRPUSDT": 2254.059561269847
  }
}