{
  "cash": 13303.966415257853,
  "units": {
    "ETHUSDT": -0.7968246908098087,
    "SOLUSDT": -19.636255427400577,
    "BTCUSDT": 0.023397229959218103,
    "XRPUSDT": -1362.771814748493,
    "AAPL": 0.0,
    "GOLD": 0.0,
    "NIFTY": 0.06335844494441462,
    "RELIANCE": -1.1646782864078427,
    "EURUSD": 1344.5108156543856,
    "SENSEX": -0.019773748487200104,
    "NASDAQ": 0.0,
    "SPY": 0.0
  },
  "start_equity": 10000.0,
  "bh_units": {
    "ETHUSDT": 1.3908205841446453,
    "SOLUSDT": 32.04306588054345,
    "BTCUSDT": 0.03895415874598772,
    "XRPUSDT": 2254.059561269847
  }
}