{
  "cash": 761.9821813001165,
  "units": {
    "ETHUSDT": 0.6129548298531333,
    "SOLUSDT": 15.12543795917979,
    "BTCUSDT": 0.017896176613834976,
    "XRPUSDT": 1046.0601346541837,
    "AAPL": 0.0,
    "GOLD": 0.28669650731352886,
    "NIFTY": 0.0,
    "RELIANCE": 0.0,
    "EURUSD": 999.9066603343174,
    "SENSEX": 0.0,
    "NASDAQ": 0.0,
    "SPY": 0.0
  },
  "start_equity": 10000.0,
  "bh_units": {
    "ETHUSDT": 1.3908205841446453,
    "SOLUSDT": 32.04306588054345,
    "BTCUSDT": 0.03895415874598772,
    "XRPUSDT": 2254.059561269847
  }
}