{
  "cash": 12440.053164238698,
  "units": {
    "ETHUSDT": -0.7683637387429244,
    "SOLUSDT": 18.621837635578228,
    "BTCUSDT": -0.022256521164535727,
    "XRPUSDT": 0.0,
    "AAPL": 4.556869039268226,
    "GOLD": 0.3529258512500058,
    "NIFTY": 0.0,
    "RELIANCE": 0.0,
    "EURUSD": -1256.9373736170023,
    "SENSEX": 0.0,
    "NASDAQ": -0.054947738210936556,
    "SPY": -1.9096844722311728
  },
  "start_equity": 10000.0,
  "bh_units": {
    "ETHUSDT": 1.3908205841446453,
    "SOLUSDT": 32.04306588054345,
    "BTCUSDT": 0.03895415874598772,
    "XRPUSDT": 2254.059561269847
  }
}