{
  "cash": 2557.5219679956144,
  "units": {
    "ETHUSDT": 0.8069899180512943,
    "SOLUSDT": 19.75515473777821,
    "BTCUSDT": 0.023540764099767915,
    "XRPUSDT": 1379.6044679453605,
    "AAPL": 0.0,
    "GOLD": 0.0,
    "NIFTY": 0.0,
    "RELIANCE": 0.0,
    "EURUSD": 1344.4648533987622,
    "SENSEX": 0.0,
    "NASDAQ": 0.0,
    "SPY": 0.0
  },
  "start_equity": 10000.0,
  "bh_units": {
    "ETHUSDT": 1.3908205841446453,
    "SOLUSDT": 32.04306588054345,
    "BTCUSDT": 0.03895415874598772,
    "XRPUSDT": 2254.059561269847
  }
}