{
  "cash": 11255.080115747074,
  "units": {
    "ETHUSDT": -0.8244255430299253,
    "SOLUSDT": 19.561020179525492,
    "BTCUSDT": -0.023482485795437852,
    "XRPUSDT": 1374.8146358687684,
    "AAPL": 0.0,
    "GOLD": -0.36471593075459313,
    "NIFTY": -0.060999539382231766,
    "RELIANCE": -1.130403145047654,
    "EURUSD": 1287.7671618187617,
    "SENSEX": 0.019023096192818972
  },
  "start_equity": 10000.0,
  "bh_units": {
    "ETHUSDT": 1.3908205841446453,
    "SOLUSDT": 32.04306588054345,
    "BTCUSDT": 0.03895415874598772,
    "XRPUSDT": 2254.059561269847
  }
}