{
  "cash": 12515.074295483417,
  "units": {
    "ETHUSDT": 0.0,
    "SOLUSDT": 18.682162880554674,
    "BTCUSDT": 0.022304562299862173,
    "XRPUSDT": 1307.983217551899,
    "AAPL": -4.613763967562424,
    "GOLD": -0.35424893064486984,
    "NIFTY": 0.0,
    "RELIANCE": 0.0,
    "EURUSD": -1263.3463307382349,
    "SENSEX": 0.0,
    "NASDAQ": -0.05539339336782971,
    "SPY": -1.92440492873003
  },
  "start_equity": 10000.0,
  "bh_units": {
    "ETHUSDT": 1.3908205841446453,
    "SOLUSDT": 32.04306588054345,
    "BTCUSDT": 0.03895415874598772,
    "XRPUSDT": 2254.059561269847
  }
}