{
  "cash": 9788.556464425215,
  "units": {
    "ETHUSDT": 0.0,
    "SOLUSDT": 19.519858480475254,
    "BTCUSDT": 0.0,
    "XRPUSDT": 1373.1004328931924,
    "AAPL": 0.0,
    "GOLD": 0.0,
    "NIFTY": -0.061027066379103045,
    "RELIANCE": -1.1358271485273834,
    "EURUSD": 1287.2906846408457,
    "SENSEX": -0.01903943299001568
  },
  "start_equity": 10000.0,
  "bh_units": {
    "ETHUSDT": 1.3908205841446453,
    "SOLUSDT": 32.04306588054345,
    "BTCUSDT": 0.03895415874598772,
    "XRPUSDT": 2254.059561269847
  }
}