{
  "cash": 12897.081327993905,
  "units": {
    "ETHUSDT": -0.8330775828229564,
    "SOLUSDT": 19.432312434012104,
    "BTCUSDT": -0.02363944156878599,
    "XRPUSDT": -1377.2062914807846
  },
  "start_equity": 10000.0,
  "bh_units": {
    "ETHUSDT": 1.3908205841446453,
    "SOLUSDT": 32.04306588054345,
    "BTCUSDT": 0.03895415874598772,
    "XRPUSDT": 2254.059561269847
  }
}