{
  "cash": 9792.91844427048,
  "units": {
    "ETHUSDT": 0.8241512616100869,
    "SOLUSDT": -19.50330879114181,
    "BTCUSDT": 0.02353869159817737,
    "XRPUSDT": -1375.4884431923165,
    "AAPL": 0.0
  },
  "start_equity": 10000.0,
  "bh_units": {
    "ETHUSDT": 1.3908205841446453,
    "SOLUSDT": 32.04306588054345,
    "BTCUSDT": 0.03895415874598772,
    "XRPUSDT": 2254.059561269847
  }
}