{
  "cash": 14414.76965372877,
  "units": {
    "ETHUSDT": -0.8194666653499475,
    "SOLUSDT": -19.233632025503667,
    "BTCUSDT": 0.0,
    "XRPUSDT": -1355.769257498363
  },
  "start_equity": 10000.0,
  "bh_units": {
    "ETHUSDT": 1.3908205841446453,
    "SOLUSDT": 32.04306588054345,
    "BTCUSDT": 0.03895415874598772,
    "XRPUSDT": 2254.059561269847
  }
}