{
  "cash": 10640.576299712722,
  "units": {
    "ETHUSDT": -0.6572234206048866,
    "SOLUSDT": 16.14198096281868,
    "BTCUSDT": -0.01903856643145994,
    "XRPUSDT": -1121.4664791391772,
    "AAPL": 0.0,
    "GOLD": 0.0,
    "NIFTY": 0.0,
    "RELIANCE": 0.0,
    "EURUSD": 0.0,
    "SENSEX": 0.0,
    "NASDAQ": 0.0,
    "SPY": 0.0
  },
  "start_equity": 10000.0,
  "bh_units": {
    "ETHUSDT": 1.3908205841446453,
    "SOLUSDT": 32.04306588054345,
    "BTCUSDT": 0.03895415874598772,
    "XRPUSDT": 2254.059561269847
  }
}