{
  "cash": 4337.76684088032,
  "units": {
    "ETHUSDT": 0.6152211387123191,
    "SOLUSDT": -15.152683361428014,
    "BTCUSDT": 0.018206884091839893,
    "XRPUSDT": 1054.957568145877,
    "AAPL": 3.6821849613368185,
    "GOLD": -0.29151537171756936,
    "NIFTY": 0.0,
    "RELIANCE": 0.0,
    "EURUSD": 1035.8419399762377,
    "SENSEX": 0.0,
    "NASDAQ": 0.0,
    "SPY": 0.0
  },
  "start_equity": 10000.0,
  "bh_units": {
    "ETHUSDT": 1.3908205841446453,
    "SOLUSDT": 32.04306588054345,
    "BTCUSDT": 0.03895415874598772,
    "XRPUSDT": 2254.059561269847
  }
}