{
  "cash": 11841.80376015904,
  "units": {
    "ETHUSDT": -0.6594240340685346,
    "SOLUSDT": -16.189744555207128,
    "BTCUSDT": -0.019046906365032472,
    "XRPUSDT": -1122.2362413364513,
    "AAPL": 0.0,
    "GOLD": 0.0,
    "NIFTY": 0.0,
    "RELIANCE": 0.0,
    "EURUSD": 1071.4342928918345,
    "SENSEX": 0.0,
    "NASDAQ": 0.0,
    "SPY": 0.0
  },
  "start_equity": 10000.0,
  "bh_units": {
    "ETHUSDT": 1.3908205841446453,
    "SOLUSDT": 32.04306588054345,
    "BTCUSDT": 0.03895415874598772,
    "XRPUSDT": 2254.059561269847
  }
}