{
  "cash": 13436.687051607272,
  "units": {
    "ETHUSDT": -0.6135551821205019,
    "SOLUSDT": 15.109088126414877,
    "BTCUSDT": -0.017874569927937893,
    "XRPUSDT": 1037.9821811760837,
    "AAPL": -3.487029330537711,
    "GOLD": -0.288720993652012,
    "NIFTY": 0.0,
    "RELIANCE": 0.0,
    "EURUSD": -1006.6122949454693,
    "SENSEX": 0.0,
    "NASDAQ": -0.044275774841448616,
    "SPY": -1.5314608851258606
  },
  "start_equity": 10000.0,
  "bh_units": {
    "ETHUSDT": 1.3908205841446453,
    "SOLUSDT": 32.04306588054345,
    "BTCUSDT": 0.03895415874598772,
    "XRPUSDT": 2254.059561269847
  }
}