{
  "cash": 6742.904489529054,
  "units": {
    "ETHUSDT": 0.6322430022944884,
    "SOLUSDT": 0.0,
    "BTCUSDT": 0.018314057244704657,
    "XRPUSDT": 1072.3522011118446,
    "AAPL": 0.0,
    "GOLD": 0.0,
    "NIFTY": 0.049213617879707565,
    "RELIANCE": -0.9132722278636687,
    "EURUSD": -1040.603451940815,
    "SENSEX": -0.01535242076724672,
    "NASDAQ": 0.0,
    "SPY": 0.0
  },
  "start_equity": 10000.0,
  "bh_units": {
    "ETHUSDT": 1.3908205841446453,
    "SOLUSDT": 32.04306588054345,
    "BTCUSDT": 0.03895415874598772,
    "XRPUSDT": 2254.059561269847
  }
}