{
  "cash": 19941.106061713395,
  "units": {
    "ETHUSDT": -0.7833337499614762,
    "SOLUSDT": -19.017404251507735,
    "BTCUSDT": -0.02293143403461459,
    "XRPUSDT": -1332.4439724518618,
    "AAPL": -4.6458470773887335,
    "GOLD": 0.0,
    "NIFTY": 0.0,
    "RELIANCE": 0.0,
    "EURUSD": 0.0,
    "SENSEX": 0.0,
    "NASDAQ": -0.056203326498579446,
    "SPY": -1.945517742963116
  },
  "start_equity": 10000.0,
  "bh_units": {
    "ETHUSDT": 1.3908205841446453,
    "SOLUSDT": 32.04306588054345,
    "BTCUSDT": 0.03895415874598772,
    "XRPUSDT": 2254.059561269847
  }
}