{
  "cash": 16572.52905532229,
  "units": {
    "ETHUSDT": -0.8873245232825416,
    "SOLUSDT": -21.897537373420885,
    "BTCUSDT": -0.025830114589536678,
    "XRPUSDT": -1499.7657307268487,
    "AAPL": 0.0,
    "GOLD": 0.4154335085139696,
    "NIFTY": 0.0,
    "RELIANCE": 0.0,
    "EURUSD": 0.0,
    "SENSEX": 0.0,
    "NASDAQ": 0.0,
    "SPY": 0.0
  },
  "start_equity": 10000.0,
  "bh_units": {
    "ETHUSDT": 1.3908205841446453,
    "SOLUSDT": 32.04306588054345,
    "BTCUSDT": 0.03895415874598772,
    "XRPUSDT": 2254.059561269847
  }
}