{
  "cash": 10485.452532412995,
  "units": {
    "ETHUSDT": -0.6424538599589227,
    "SOLUSDT": -15.688969845184634,
    "BTCUSDT": -0.018647063379783606,
    "XRPUSDT": -1093.655863096246,
    "AAPL": 0.0,
    "GOLD": 0.30147340271606093,
    "NIFTY": 0.0,
    "RELIANCE": 0.0,
    "EURUSD": 1057.8189844908543,
    "SENSEX": 0.0,
    "NASDAQ": 0.0,
    "SPY": 0.0
  },
  "start_equity": 10000.0,
  "bh_units": {
    "ETHUSDT": 1.3908205841446453,
    "SOLUSDT": 32.04306588054345,
    "BTCUSDT": 0.03895415874598772,
    "XRPUSDT": 2254.059561269847
  }
}