{
  "cash": 10256.095169948041,
  "units": {
    "ETHUSDT": 0.0,
    "SOLUSDT": 15.15882540121742,
    "BTCUSDT": -0.01808847216014696,
    "XRPUSDT": -1051.5850945564405,
    "AAPL": 3.6240082281906187,
    "GOLD": -0.29202365777480355,
    "NIFTY": 0.0,
    "RELIANCE": 0.0,
    "EURUSD": -1034.797243685134,
    "SENSEX": 0.0,
    "NASDAQ": 0.0,
    "SPY": 0.0
  },
  "start_equity": 10000.0,
  "bh_units": {
    "ETHUSDT": 1.3908205841446453,
    "SOLUSDT": 32.04306588054345,
    "BTCUSDT": 0.03895415874598772,
    "XRPUSDT": 2254.059561269847
  }
}