{
  "cash": 8733.428983232045,
  "units": {
    "ETHUSDT": -0.81458498835043,
    "SOLUSDT": -19.937947367475285,
    "BTCUSDT": 0.0,
    "XRPUSDT": 1381.4876695521004,
    "AAPL": 4.684866256771375,
    "GOLD": 0.3840563254741377,
    "NIFTY": 0.0,
    "RELIANCE": 0.0,
    "EURUSD": 1349.7960690422808,
    "SENSEX": 0.0,
    "NASDAQ": 0.0,
    "SPY": -2.0764415132211185
  },
  "start_equity": 10000.0,
  "bh_units": {
    "ETHUSDT": 1.3908205841446453,
    "SOLUSDT": 32.04306588054345,
    "BTCUSDT": 0.03895415874598772,
    "XRPUSDT": 2254.059561269847
  }
}