{
  "cash": 1023.2562683854045,
  "units": {
    "ETHUSDT": 0.8069868482860423,
    "SOLUSDT": 19.731186340661427,
    "BTCUSDT": 0.023538353966385296,
    "XRPUSDT": 1379.9607877943777,
    "AAPL": 0.0,
    "GOLD": 0.3827176126268676,
    "NIFTY": 0.0,
    "RELIANCE": 0.0,
    "EURUSD": 1344.2713132247789,
    "SENSEX": 0.0,
    "NASDAQ": 0.0,
    "SPY": 0.0
  },
  "start_equity": 10000.0,
  "bh_units": {
    "ETHUSDT": 1.3908205841446453,
    "SOLUSDT": 32.04306588054345,
    "BTCUSDT": 0.03895415874598772,
    "XRPUSDT": 2254.059561269847
  }
}