{
  "cash": 21111.07726537473,
  "units": {
    "ETHUSDT": -0.8150235892233775,
    "SOLUSDT": -19.900981817251573,
    "BTCUSDT": 0.02363393832091596,
    "XRPUSDT": -1388.9191478416674,
    "AAPL": -4.7654302287677535,
    "GOLD": -0.3849275376663512,
    "NIFTY": 0.0,
    "RELIANCE": 0.0,
    "EURUSD": -1353.3504544025473,
    "SENSEX": 0.0,
    "NASDAQ": -0.06021970061782682,
    "SPY": -2.0735532225288167
  },
  "start_equity": 10000.0,
  "bh_units": {
    "ETHUSDT": 1.3908205841446453,
    "SOLUSDT": 32.04306588054345,
    "BTCUSDT": 0.03895415874598772,
    "XRPUSDT": 2254.059561269847
  }
}