{
  "cash": 6364.80523978281,
  "units": {
    "ETHUSDT": 0.9019027512291924,
    "SOLUSDT": 22.321629627993822,
    "BTCUSDT": 0.026069643209095997,
    "XRPUSDT": 1514.465213586081,
    "AAPL": 0.0,
    "GOLD": 0.4265726333700872,
    "NIFTY": 0.0,
    "RELIANCE": 0.0,
    "EURUSD": -1523.0677158511912,
    "SENSEX": 0.0,
    "NASDAQ": 0.0,
    "SPY": -2.3293592479663223
  },
  "start_equity": 10000.0,
  "bh_units": {
    "ETHUSDT": 1.3908205841446453,
    "SOLUSDT": 32.04306588054345,
    "BTCUSDT": 0.03895415874598772,
    "XRPUSDT": 2254.059561269847
  }
}