{
  "cash": 3050.3388599575246,
  "units": {
    "ETHUSDT": 0.613059886551529,
    "SOLUSDT": 15.149528075774146,
    "BTCUSDT": 0.01791114597473955,
    "XRPUSDT": 0.0,
    "AAPL": 0.0,
    "GOLD": 0.0,
    "NIFTY": 0.0,
    "RELIANCE": 0.0,
    "EURUSD": 999.2073015567366,
    "SENSEX": 0.0,
    "NASDAQ": 0.0,
    "SPY": 0.0
  },
  "start_equity": 10000.0,
  "bh_units": {
    "ETHUSDT": 1.3908205841446453,
    "SOLUSDT": 32.04306588054345,
    "BTCUSDT": 0.03895415874598772,
    "XRPUSDT": 2254.059561269847
  }
}