{
  "cash": 15812.425925702897,
  "units": {
    "ETHUSDT": -0.8377595710662283,
    "SOLUSDT": -19.784005885515693,
    "BTCUSDT": -0.023871041706279947,
    "XRPUSDT": -1392.3578549439183,
    "AAPL": 0.0
  },
  "start_equity": 10000.0,
  "bh_units": {
    "ETHUSDT": 1.3908205841446453,
    "SOLUSDT": 32.04306588054345,
    "BTCUSDT": 0.03895415874598772,
    "XRPUSDT": 2254.059561269847
  }
}