{
  "cash": 6797.941437102436,
  "units": {
    "ETHUSDT": 0.0,
    "SOLUSDT": -15.446046591715355,
    "BTCUSDT": -0.018469727371649227,
    "XRPUSDT": 1080.1275604447524,
    "AAPL": 0.0,
    "GOLD": 0.29556568524312077,
    "NIFTY": 0.0,
    "RELIANCE": 0.0,
    "EURUSD": 1050.0121635113755,
    "SENSEX": 0.0,
    "NASDAQ": 0.0,
    "SPY": 0.0
  },
  "start_equity": 10000.0,
  "bh_units": {
    "ETHUSDT": 1.3908205841446453,
    "SOLUSDT": 32.04306588054345,
    "BTCUSDT": 0.03895415874598772,
    "XRPUSDT": 2254.059561269847
  }
}