{
  "cash": 5339.19040874589,
  "units": {
    "ETHUSDT": 0.6148498948402091,
    "SOLUSDT": 15.196077624102285,
    "BTCUSDT": 0.017946302615112642,
    "XRPUSDT": -1052.8321379577262,
    "AAPL": 0.0,
    "GOLD": 0.28694639955825174,
    "NIFTY": 0.0,
    "RELIANCE": 0.0,
    "EURUSD": -999.4869261104753,
    "SENSEX": 0.0,
    "NASDAQ": 0.0,
    "SPY": 0.0
  },
  "start_equity": 10000.0,
  "bh_units": {
    "ETHUSDT": 1.3908205841446453,
    "SOLUSDT": 32.04306588054345,
    "BTCUSDT": 0.03895415874598772,
    "XRPUSDT": 2254.059561269847
  }
}