{
  "cash": 3093.3968881181813,
  "units": {
    "ETHUSDT": 0.6151121012332701,
    "SOLUSDT": 15.174854921317314,
    "BTCUSDT": 0.018028620950205135,
    "XRPUSDT": 1045.688910514604,
    "AAPL": 3.545368821046376,
    "GOLD": 0.0,
    "NIFTY": 0.0,
    "RELIANCE": 0.0,
    "EURUSD": 1013.4668357870793,
    "SENSEX": 0.0,
    "NASDAQ": -0.04454595423550225,
    "SPY": -1.5440468095865956
  },
  "start_equity": 10000.0,
  "bh_units": {
    "ETHUSDT": 1.3908205841446453,
    "SOLUSDT": 32.04306588054345,
    "BTCUSDT": 0.03895415874598772,
    "XRPUSDT": 2254.059561269847
  }
}