{
  "cash": 4160.52748080337,
  "units": {
    "ETHUSDT": 0.6198970693325209,
    "SOLUSDT": 0.0,
    "BTCUSDT": 0.0,
    "XRPUSDT": 0.0,
    "AAPL": 0.0,
    "GOLD": 0.2838232277359734,
    "NIFTY": 0.046671354329913574,
    "RELIANCE": 0.8568010036444212,
    "EURUSD": -992.6371354929598,
    "SENSEX": 0.0,
    "NASDAQ": 0.0,
    "SPY": 0.0
  },
  "start_equity": 10000.0,
  "bh_units": {
    "ETHUSDT": 1.3908205841446453,
    "SOLUSDT": 32.04306588054345,
    "BTCUSDT": 0.03895415874598772,
    "XRPUSDT": 2254.059561269847
  }
}