{
  "cash": 10950.906843385848,
  "units": {
    "ETHUSDT": -0.6171867431213486,
    "SOLUSDT": -15.17099229174959,
    "BTCUSDT": -0.017973660733685407,
    "XRPUSDT": 1044.0385045318376,
    "AAPL": 0.0,
    "GOLD": 0.0,
    "NIFTY": 0.0,
    "RELIANCE": 0.0,
    "EURUSD": -990.7911712705375,
    "SENSEX": 0.0,
    "NASDAQ": 0.0,
    "SPY": 0.0
  },
  "start_equity": 10000.0,
  "bh_units": {
    "ETHUSDT": 1.3908205841446453,
    "SOLUSDT": 32.04306588054345,
    "BTCUSDT": 0.03895415874598772,
    "XRPUSDT": 2254.059561269847
  }
}