{
  "cash": 14737.546370181622,
  "units": {
    "ETHUSDT": -0.6173985569019976,
    "SOLUSDT": -15.305865592003626,
    "BTCUSDT": -0.018148417583283265,
    "XRPUSDT": -1051.8753679445763,
    "AAPL": 0.0,
    "GOLD": -0.28829775070992214,
    "NIFTY": 0.0,
    "RELIANCE": 0.0,
    "EURUSD": -1015.2285586322014,
    "SENSEX": 0.0,
    "NASDAQ": 0.0,
    "SPY": 0.0
  },
  "start_equity": 10000.0,
  "bh_units": {
    "ETHUSDT": 1.3908205841446453,
    "SOLUSDT": 32.04306588054345,
    "BTCUSDT": 0.03895415874598772,
    "XRPUSDT": 2254.059561269847
  }
}