{
  "cash": 4091.213291476071,
  "units": {
    "ETHUSDT": 0.7982438505153424,
    "SOLUSDT": 19.628896935488537,
    "BTCUSDT": 0.023443261614618575,
    "XRPUSDT": 1355.2052091247308,
    "AAPL": 0.0,
    "GOLD": 0.3786410054240511,
    "NIFTY": -0.06346984865932968,
    "RELIANCE": 0.0,
    "EURUSD": 1343.8258045581376,
    "SENSEX": -0.019801370698298053,
    "NASDAQ": 0.0,
    "SPY": 0.0
  },
  "start_equity": 10000.0,
  "bh_units": {
    "ETHUSDT": 1.3908205841446453,
    "SOLUSDT": 32.04306588054345,
    "BTCUSDT": 0.03895415874598772,
    "XRPUSDT": 2254.059561269847
  }
}