{
  "cash": 20056.802905109984,
  "units": {
    "ETHUSDT": -0.8948008813970652,
    "SOLUSDT": 0.0,
    "BTCUSDT": -0.025912102320668512,
    "XRPUSDT": -1492.1371936169885,
    "AAPL": 0.0,
    "GOLD": 0.42043410853915947,
    "NIFTY": 0.0,
    "RELIANCE": 0.0,
    "EURUSD": -1507.7598857353562,
    "SENSEX": 0.0,
    "NASDAQ": -0.06654935162661353,
    "SPY": -2.2977461162238084
  },
  "start_equity": 10000.0,
  "bh_units": {
    "ETHUSDT": 1.3908205841446453,
    "SOLUSDT": 32.04306588054345,
    "BTCUSDT": 0.03895415874598772,
    "XRPUSDT": 2254.059561269847
  }
}