{
  "cash": 10339.496662711315,
  "units": {
    "ETHUSDT": -0.637202662467494,
    "SOLUSDT": -15.542864474881194,
    "BTCUSDT": 0.01845270483942579,
    "XRPUSDT": -1085.6092598115138,
    "AAPL": 0.0,
    "GOLD": -0.29747350063238664,
    "NIFTY": 0.0,
    "RELIANCE": 0.0,
    "EURUSD": 1044.0333412692528,
    "SENSEX": 0.0,
    "NASDAQ": 0.0,
    "SPY": 0.0
  },
  "start_equity": 10000.0,
  "bh_units": {
    "ETHUSDT": 1.3908205841446453,
    "SOLUSDT": 32.04306588054345,
    "BTCUSDT": 0.03895415874598772,
    "XRPUSDT": 2254.059561269847
  }
}