{
  "cash": 7055.891034115234,
  "units": {
    "ETHUSDT": 0.6671312716339816,
    "SOLUSDT": 16.39588191747189,
    "BTCUSDT": -0.0192566105066261,
    "XRPUSDT": 0.0,
    "AAPL": 0.0,
    "GOLD": 0.0,
    "NIFTY": 0.0,
    "RELIANCE": 0.0,
    "EURUSD": 0.0,
    "SENSEX": 0.0,
    "NASDAQ": 0.0,
    "SPY": 0.0
  },
  "start_equity": 10000.0,
  "bh_units": {
    "ETHUSDT": 1.3908205841446453,
    "SOLUSDT": 32.04306588054345,
    "BTCUSDT": 0.03895415874598772,
    "XRPUSDT": 2254.059561269847
  }
}