{
  "cash": -4044.8153915887588,
  "units": {
    "ETHUSDT": 0.9013082665197479,
    "SOLUSDT": 22.275587111249436,
    "BTCUSDT": 0.026064717834174314,
    "XRPUSDT": 1513.7237718065553,
    "AAPL": 5.2885660778492625,
    "GOLD": 0.42479077362218953,
    "NIFTY": 0.0,
    "RELIANCE": 0.0,
    "EURUSD": 1518.8698755782275,
    "SENSEX": 0.0,
    "NASDAQ": 0.067121355254168,
    "SPY": 2.3189520005851687
  },
  "start_equity": 10000.0,
  "bh_units": {
    "ETHUSDT": 1.3908205841446453,
    "SOLUSDT": 32.04306588054345,
    "BTCUSDT": 0.03895415874598772,
    "XRPUSDT": 2254.059561269847
  }
}