{
  "cash": 5812.434164378182,
  "units": {
    "ETHUSDT": 0.6708244159405078,
    "SOLUSDT": -16.478272552920316,
    "BTCUSDT": 0.01924917633912655,
    "XRPUSDT": 1139.7332416058848,
    "AAPL": 0.0,
    "GOLD": 0.0,
    "NIFTY": 0.0,
    "RELIANCE": 0.0,
    "EURUSD": 0.0,
    "SENSEX": 0.0,
    "NASDAQ": 0.0,
    "SPY": 0.0
  },
  "start_equity": 10000.0,
  "bh_units": {
    "ETHUSDT": 1.3908205841446453,
    "SOLUSDT": 32.04306588054345,
    "BTCUSDT": 0.03895415874598772,
    "XRPUSDT": 2254.059561269847
  }
}