{
  "cash": 12968.83305845489,
  "units": {
    "ETHUSDT": 0.0,
    "SOLUSDT": -21.87073887827617,
    "BTCUSDT": 0.0,
    "XRPUSDT": 1491.7388675460863,
    "AAPL": 0.0,
    "GOLD": 0.41068346164411024,
    "NIFTY": 0.0,
    "RELIANCE": -1.3108211844544329,
    "EURUSD": 0.0,
    "SENSEX": -0.022059598350310062,
    "NASDAQ": 0.0,
    "SPY": 0.0
  },
  "start_equity": 10000.0,
  "bh_units": {
    "ETHUSDT": 1.3908205841446453,
    "SOLUSDT": 32.04306588054345,
    "BTCUSDT": 0.03895415874598772,
    "XRPUSDT": 2254.059561269847
  }
}