{
  "cash": 9629.1105733773,
  "units": {
    "ETHUSDT": 0.7710617644915805,
    "SOLUSDT": 18.678358104150192,
    "BTCUSDT": 0.02230019320728903,
    "XRPUSDT": 1306.252116624447,
    "AAPL": 0.0,
    "GOLD": -0.354917256099203,
    "NIFTY": 0.0,
    "RELIANCE": 0.0,
    "EURUSD": -1263.85320715221,
    "SENSEX": 0.0,
    "NASDAQ": -0.05546311364226576,
    "SPY": -1.9257399779708937
  },
  "start_equity": 10000.0,
  "bh_units": {
    "ETHUSDT": 1.3908205841446453,
    "SOLUSDT": 32.04306588054345,
    "BTCUSDT": 0.03895415874598772,
    "XRPUSDT": 2254.059561269847
  }
}