{
  "cash": 13040.083585714836,
  "units": {
    "ETHUSDT": -0.889942197841301,
    "SOLUSDT": 0.0,
    "BTCUSDT": -0.025871608756515466,
    "XRPUSDT": -1506.1384529653578,
    "AAPL": 0.0,
    "GOLD": 0.41259543689208167,
    "NIFTY": 0.0,
    "RELIANCE": 1.3181570629113832,
    "EURUSD": -1490.9846673036204,
    "SENSEX": 0.022152844367651883,
    "NASDAQ": 0.0,
    "SPY": 0.0
  },
  "start_equity": 10000.0,
  "bh_units": {
    "ETHUSDT": 1.3908205841446453,
    "SOLUSDT": 32.04306588054345,
    "BTCUSDT": 0.03895415874598772,
    "XRPUSDT": 2254.059561269847
  }
}