{
  "cash": 13046.49442756151,
  "units": {
    "ETHUSDT": -0.6567734740305231,
    "SOLUSDT": -16.106258107546,
    "BTCUSDT": -0.01898530424511119,
    "XRPUSDT": -1116.9335385157374,
    "AAPL": 0.0,
    "GOLD": 0.0,
    "NIFTY": 0.0,
    "RELIANCE": 0.0,
    "EURUSD": 0.0,
    "SENSEX": 0.0,
    "NASDAQ": 0.0,
    "SPY": 0.0
  },
  "start_equity": 10000.0,
  "bh_units": {
    "ETHUSDT": 1.3908205841446453,
    "SOLUSDT": 32.04306588054345,
    "BTCUSDT": 0.03895415874598772,
    "XRPUSDT": 2254.059561269847
  }
}