{
  "cash": 16023.97363281444,
  "units": {
    "ETHUSDT": -0.61579185435934,
    "SOLUSDT": -15.391563007162235,
    "BTCUSDT": -0.018313044026514114,
    "XRPUSDT": -1062.969049911265,
    "AAPL": 0.0,
    "GOLD": -0.2908275094589427,
    "NIFTY": -0.048627445096345014,
    "RELIANCE": 0.0,
    "EURUSD": 0.0,
    "SENSEX": -0.015151033880556743,
    "NASDAQ": 0.0,
    "SPY": 0.0
  },
  "start_equity": 10000.0,
  "bh_units": {
    "ETHUSDT": 1.3908205841446453,
    "SOLUSDT": 32.04306588054345,
    "BTCUSDT": 0.03895415874598772,
    "XRPUSDT": 2254.059561269847
  }
}