{
  "cash": 7616.463271361061,
  "units": {
    "ETHUSDT": -0.6142102513601458,
    "SOLUSDT": 0.0,
    "BTCUSDT": 0.017898555516937247,
    "XRPUSDT": -1046.803546869707,
    "AAPL": 0.0,
    "GOLD": 0.28596758907055353,
    "NIFTY": 0.0,
    "RELIANCE": 0.0,
    "EURUSD": 0.0,
    "SENSEX": 0.0,
    "NASDAQ": 0.0,
    "SPY": 0.0
  },
  "start_equity": 10000.0,
  "bh_units": {
    "ETHUSDT": 1.3908205841446453,
    "SOLUSDT": 32.04306588054345,
    "BTCUSDT": 0.03895415874598772,
    "XRPUSDT": 2254.059561269847
  }
}