{
  "cash": 17392.58736720149,
  "units": {
    "ETHUSDT": -0.6304618984219253,
    "SOLUSDT": -15.29994621250989,
    "BTCUSDT": -0.018333160667403172,
    "XRPUSDT": -1069.2442799852508,
    "AAPL": 0.0,
    "GOLD": -0.29403422367639637,
    "NIFTY": -0.0492617923073451,
    "RELIANCE": -0.9158227128980165,
    "EURUSD": -1037.9858476425748,
    "SENSEX": 0.0,
    "NASDAQ": 0.0,
    "SPY": 0.0
  },
  "start_equity": 10000.0,
  "bh_units": {
    "ETHUSDT": 1.3908205841446453,
    "SOLUSDT": 32.04306588054345,
    "BTCUSDT": 0.03895415874598772,
    "XRPUSDT": 2254.059561269847
  }
}