{
  "cash": 5580.56611398087,
  "units": {
    "ETHUSDT": -0.7848842144385302,
    "SOLUSDT": 19.423356137125968,
    "BTCUSDT": 0.022976698622078934,
    "XRPUSDT": -1341.814253249059,
    "AAPL": 0.0,
    "GOLD": 0.3739186855572949,
    "NIFTY": 0.06293972380992813,
    "RELIANCE": -1.1675461142468406,
    "EURUSD": 1332.4554892704164,
    "SENSEX": 0.019664665336950257,
    "NASDAQ": 0.0,
    "SPY": 0.0
  },
  "start_equity": 10000.0,
  "bh_units": {
    "ETHUSDT": 1.3908205841446453,
    "SOLUSDT": 32.04306588054345,
    "BTCUSDT": 0.03895415874598772,
    "XRPUSDT": 2254.059561269847
  }
}