{
  "cash": 8258.001982786649,
  "units": {
    "ETHUSDT": 0.8115468905583169,
    "SOLUSDT": -19.342908831637505,
    "BTCUSDT": 0.0,
    "XRPUSDT": -1361.5886828575149,
    "AAPL": 0.0,
    "GOLD": 0.3611008626447877,
    "NIFTY": 0.0,
    "RELIANCE": 0.0,
    "EURUSD": 1277.432285567645,
    "SENSEX": 0.0
  },
  "start_equity": 10000.0,
  "bh_units": {
    "ETHUSDT": 1.3908205841446453,
    "SOLUSDT": 32.04306588054345,
    "BTCUSDT": 0.03895415874598772,
    "XRPUSDT": 2254.059561269847
  }
}