{
  "cash": -2063.904915528974,
  "units": {
    "ETHUSDT": 0.814992261345232,
    "SOLUSDT": 19.898975146477074,
    "BTCUSDT": 0.023618528976860783,
    "XRPUSDT": 1392.3105298871258,
    "AAPL": 4.741582445615878,
    "GOLD": 0.0,
    "NIFTY": 0.0,
    "RELIANCE": 0.0,
    "EURUSD": 1355.4172279170089,
    "SENSEX": 0.0,
    "NASDAQ": 0.060152831453780246,
    "SPY": 2.073354291022454
  },
  "start_equity": 10000.0,
  "bh_units": {
    "ETHUSDT": 1.3908205841446453,
    "SOLUSDT": 32.04306588054345,
    "BTCUSDT": 0.03895415874598772,
    "XRPUSDT": 2254.059561269847
  }
}