{
  "cash": 10057.857660622898,
  "units": {
    "ETHUSDT": 0.617564603318705,
    "SOLUSDT": 15.262876893961629,
    "BTCUSDT": -0.018106762547651877,
    "XRPUSDT": -1049.2813892456625,
    "AAPL": 0.0,
    "GOLD": -0.28833080567843644,
    "NIFTY": 0.0,
    "RELIANCE": 0.0,
    "EURUSD": -1012.6421420616373,
    "SENSEX": 0.0,
    "NASDAQ": 0.0,
    "SPY": 0.0
  },
  "start_equity": 10000.0,
  "bh_units": {
    "ETHUSDT": 1.3908205841446453,
    "SOLUSDT": 32.04306588054345,
    "BTCUSDT": 0.03895415874598772,
    "XRPUSDT": 2254.059561269847
  }
}