{
  "cash": 5356.258734981029,
  "units": {
    "ETHUSDT": -0.7816592876271004,
    "SOLUSDT": 19.00116236836797,
    "BTCUSDT": 0.02291907530674573,
    "XRPUSDT": 1330.8671814970332,
    "AAPL": -4.660136437446376,
    "GOLD": 0.0,
    "NIFTY": 0.0,
    "RELIANCE": 0.0,
    "EURUSD": 0.0,
    "SENSEX": 0.0,
    "NASDAQ": 0.05616429869285566,
    "SPY": 1.9454700549336705
  },
  "start_equity": 10000.0,
  "bh_units": {
    "ETHUSDT": 1.3908205841446453,
    "SOLUSDT": 32.04306588054345,
    "BTCUSDT": 0.03895415874598772,
    "XRPUSDT": 2254.059561269847
  }
}