{
  "cash": 2890.1699415131084,
  "units": {
    "ETHUSDT": 0.9011652516913677,
    "SOLUSDT": 22.270202333357993,
    "BTCUSDT": 0.02607314982817866,
    "XRPUSDT": 0.0,
    "AAPL": 5.282617215081205,
    "GOLD": 0.4252541146566216,
    "NIFTY": 0.0,
    "RELIANCE": 0.0,
    "EURUSD": 0.0,
    "SENSEX": 0.0,
    "NASDAQ": 0.0,
    "SPY": 0.0
  },
  "start_equity": 10000.0,
  "bh_units": {
    "ETHUSDT": 1.3908205841446453,
    "SOLUSDT": 32.04306588054345,
    "BTCUSDT": 0.03895415874598772,
    "XRPUSDT": 2254.059561269847
  }
}