{
  "cash": 6730.838225208583,
  "units": {
    "ETHUSDT": 0.0,
    "SOLUSDT": 15.337013155624671,
    "BTCUSDT": -0.01836259855997476,
    "XRPUSDT": 1073.3983022982977,
    "AAPL": 0.0,
    "GOLD": 0.29465872291152506,
    "NIFTY": 0.0,
    "RELIANCE": -0.915751976439287,
    "EURUSD": 0.0,
    "SENSEX": 0.0,
    "NASDAQ": 0.0,
    "SPY": 0.0
  },
  "start_equity": 10000.0,
  "bh_units": {
    "ETHUSDT": 1.3908205841446453,
    "SOLUSDT": 32.04306588054345,
    "BTCUSDT": 0.03895415874598772,
    "XRPUSDT": 2254.059561269847
  }
}