{
  "cash": 15835.305824585736,
  "units": {
    "ETHUSDT": -0.8414443008307894,
    "SOLUSDT": -19.844408233601946,
    "BTCUSDT": -0.023942974323523672,
    "XRPUSDT": -1399.2612162152784,
    "AAPL": 0.0
  },
  "start_equity": 10000.0,
  "bh_units": {
    "ETHUSDT": 1.3908205841446453,
    "SOLUSDT": 32.04306588054345,
    "BTCUSDT": 0.03895415874598772,
    "XRPUSDT": 2254.059561269847
  }
}