ts,equity,buyhold,cash,active_positions
2026-07-11T11:15:19+00:00,10000.0,10000.0,10000.0,0
2026-07-11T11:18:30+00:00,10000.0,9994.03,10000.0,0
2026-07-11T12:11:03+00:00,10000.0,9998.69,10000.0,0
2026-07-11T13:58:37+00:00,10000.0,10007.61,10000.0,0
2026-07-11T15:08:01+00:00,10000.0,10051.28,10000.0,0
2026-07-11T16:10:39+00:00,10000.0,10021.37,10000.0,0
2026-07-11T17:26:28+00:00,10000.0,10037.46,10000.0,0
2026-07-11T18:29:09+00:00,9998.5,10062.01,9998.5,2
2026-07-11T19:47:21+00:00,9998.6,10047.11,8498.7,3
2026-07-11T20:34:55+00:00,9998.63,10059.35,8498.83,3
2026-07-11T21:32:06+00:00,9997.05,10061.35,5497.7,3
2026-07-11T22:29:52+00:00,9977.71,10018.56,5487.74,3
2026-07-11T23:33:17+00:00,9934.73,9913.78,3973.44,4
2026-07-12T01:12:32+00:00,9921.61,9892.15,3968.64,4
2026-07-12T04:43:59+00:00,9944.91,9935.8,9944.91,4
2026-07-12T07:20:35+00:00,9948.72,9899.59,6963.66,4
2026-07-12T09:28:35+00:00,9945.24,9897.53,9945.24,4
2026-07-12T10:57:48+00:00,9950.08,9911.25,5471.53,3
2026-07-12T12:05:12+00:00,9954.1,9925.95,8460.76,3
2026-07-12T13:54:30+00:00,9962.4,9950.27,11456.98,3
2026-07-12T15:04:03+00:00,9950.83,9989.92,14429.37,3
2026-07-12T16:10:03+00:00,9945.68,10001.59,14421.24,3
2026-07-12T17:20:17+00:00,9949.06,9989.58,12934.01,4
2026-07-12T18:29:30+00:00,9951.85,9978.1,12937.41,4
2026-07-12T19:44:49+00:00,9946.17,9983.92,14422.96,3
2026-07-12T20:31:46+00:00,9941.22,9994.68,14414.77,3
2026-07-12T21:31:38+00:00,9959.61,9957.04,12947.72,2
2026-07-12T22:30:03+00:00,9979.28,9891.94,8481.83,3
2026-07-12T23:32:35+00:00,9981.91,9902.3,5489.38,3
2026-07-13T01:13:03+00:00,9994.11,9949.39,6995.2,4
2026-07-13T04:50:55+00:00,9932.94,9778.15,3972.27,4
2026-07-13T05:28:17+00:00,9927.99,9771.22,5460.06,3
2026-07-13T05:38:20+00:00,9939.61,9800.05,6957.5,4
2026-07-13T05:48:23+00:00,9937.58,9786.85,5465.34,3
2026-07-13T05:58:25+00:00,9937.85,9788.79,5465.82,3
2026-07-13T06:08:28+00:00,9940.62,9794.93,5467.34,3
2026-07-13T06:18:31+00:00,9933.13,9782.67,6952.97,2
2026-07-13T06:28:34+00:00,9935.0,9788.47,6954.5,2
2026-07-13T06:38:36+00:00,9933.69,9786.59,6953.58,2
2026-07-13T06:48:39+00:00,9935.7,9795.62,8445.23,3
2026-07-13T06:58:41+00:00,9935.9,9786.35,9935.9,2
2026-07-13T07:08:44+00:00,9932.13,9788.25,12913.11,4
2026-07-13T07:18:47+00:00,9932.13,9788.25,12911.76,4
2026-07-13T07:28:50+00:00,9920.83,9826.09,12897.08,4
2026-07-13T07:38:52+00:00,9919.6,9827.5,12895.49,4
2026-07-13T07:48:55+00:00,9918.67,9818.76,12894.27,4
2026-07-13T07:58:58+00:00,9919.85,9818.1,12895.8,4
2026-07-13T08:09:00+00:00,9920.25,9812.38,15873.29,4
2026-07-13T08:19:03+00:00,9918.69,9814.93,15869.9,4
2026-07-13T08:29:06+00:00,9916.08,9819.25,15865.74,4
2026-07-13T08:39:08+00:00,9920.35,9810.97,14384.85,3
2026-07-13T08:49:11+00:00,9905.76,9837.9,12877.72,2
2026-07-13T08:59:14+00:00,9904.89,9835.43,9904.89,4
2026-07-13T09:09:16+00:00,9905.14,9830.87,12877.13,4
2026-07-13T09:19:19+00:00,9907.5,9824.35,12879.75,4
2026-07-13T09:29:22+00:00,9907.03,9823.41,12879.13,4
2026-07-13T09:39:25+00:00,9907.43,9830.23,12879.66,4
2026-07-13T09:49:27+00:00,9907.25,9822.94,12879.43,4
2026-07-13T09:59:30+00:00,9907.39,9820.62,12879.61,4
2026-07-13T10:09:33+00:00,9913.71,9804.38,12887.82,4
2026-07-13T10:29:53+00:00,9915.42,9802.18,11402.84,3
2026-07-13T10:39:56+00:00,9913.35,9808.15,12887.58,2
2026-07-13T10:49:58+00:00,9919.47,9790.61,12895.32,2
2026-07-13T11:00:00+00:00,9917.63,9789.4,12892.92,2
2026-07-13T11:10:03+00:00,9907.4,9819.45,12880.52,4
2026-07-13T11:20:05+00:00,9912.74,9802.23,12886.57,4
2026-07-13T11:30:07+00:00,9913.26,9806.53,12887.24,4
2026-07-13T11:40:10+00:00,9914.38,9807.29,12888.69,4
2026-07-13T11:50:12+00:00,9915.62,9808.44,12890.31,4
2026-07-13T12:00:15+00:00,9913.17,9794.23,9913.17,4
2026-07-13T12:10:17+00:00,9918.74,9782.9,9918.74,4
2026-07-13T12:20:20+00:00,9919.25,9787.09,9919.25,4
2026-07-13T12:30:22+00:00,9918.26,9770.83,9918.26,4
2026-07-13T12:40:25+00:00,9913.92,9737.89,9913.92,4
2026-07-13T12:50:28+00:00,9913.61,9746.41,9913.61,4
2026-07-13T13:00:30+00:00,9914.78,9748.2,6939.9,4
2026-07-13T13:10:33+00:00,9911.7,9738.0,6938.19,4
2026-07-13T13:20:36+00:00,9903.05,9707.16,6932.13,4
2026-07-13T13:30:38+00:00,9911.58,9728.18,6938.1,4
2026-07-13T13:40:41+00:00,9912.9,9732.88,5451.76,5
2026-07-13T13:50:44+00:00,9917.17,9705.41,5454.44,5
2026-07-13T14:00:47+00:00,9904.59,9722.13,9904.59,4
2026-07-13T14:10:50+00:00,9910.08,9715.73,9910.08,4
2026-07-13T14:20:53+00:00,9913.22,9732.35,9913.22,4
2026-07-13T14:30:55+00:00,9912.3,9751.64,9912.3,4
2026-07-13T14:40:58+00:00,9910.01,9755.46,8423.39,3
2026-07-13T14:51:00+00:00,9911.63,9767.08,6937.92,4
2026-07-13T15:01:03+00:00,9913.09,9793.08,15863.62,4
2026-07-13T15:21:24+00:00,9913.63,9792.17,15861.82,4
2026-07-13T15:31:27+00:00,9914.85,9790.17,15863.76,4
2026-07-13T15:41:30+00:00,9933.51,9759.47,15893.62,4
2026-07-13T15:51:34+00:00,9935.08,9756.91,15896.13,4
2026-07-13T16:01:37+00:00,9937.8,9745.16,6955.12,2
2026-07-13T16:11:40+00:00,9941.08,9756.47,6958.76,2
2026-07-13T16:21:43+00:00,9928.99,9721.07,6950.29,2
2026-07-13T16:31:46+00:00,9923.71,9705.81,6946.6,2
2026-07-13T16:41:49+00:00,9923.46,9710.05,5457.56,3
2026-07-13T16:51:53+00:00,9918.66,9702.36,3967.02,4
2026-07-13T17:01:56+00:00,9926.36,9717.35,6948.0,4
2026-07-13T17:12:00+00:00,9925.89,9714.11,6948.12,4
2026-07-13T17:22:03+00:00,9921.5,9706.55,8433.16,3
2026-07-13T17:32:06+00:00,9919.03,9692.12,8431.17,3
2026-07-13T17:42:09+00:00,9913.04,9671.26,8426.09,3
2026-07-13T17:52:12+00:00,9911.21,9642.15,9911.21,4
2026-07-13T18:02:17+00:00,9909.65,9632.3,12882.99,4
2026-07-13T18:12:20+00:00,9914.47,9620.61,12888.81,4
2026-07-13T18:22:23+00:00,9915.6,9628.41,12890.28,4
2026-07-13T18:32:26+00:00,9912.52,9638.59,12886.28,4
2026-07-13T18:42:30+00:00,9909.54,9640.98,11396.09,3
2026-07-13T18:52:33+00:00,9902.78,9666.42,9902.78,4
2026-07-13T19:02:35+00:00,9899.41,9653.95,15840.83,4
2026-07-13T19:12:39+00:00,9897.07,9657.75,15835.31,4
2026-07-13T19:22:42+00:00,9900.39,9652.31,15840.63,4
2026-07-13T19:32:45+00:00,9891.17,9667.33,15825.88,4
2026-07-13T19:42:48+00:00,9882.76,9680.99,15812.43,4
2026-07-13T19:52:51+00:00,9874.08,9695.13,15798.53,4
2026-07-13T20:03:09+00:00,9869.34,9696.84,8388.39,1
2026-07-13T20:13:13+00:00,9867.33,9689.11,8387.23,1
2026-07-13T20:23:16+00:00,9863.07,9667.93,8383.61,1
2026-07-13T20:33:19+00:00,9863.99,9671.77,8384.39,1
2026-07-13T20:43:22+00:00,9861.88,9670.67,5423.37,3
2026-07-13T20:53:25+00:00,9854.11,9654.38,3941.2,4
2026-07-13T21:03:28+00:00,9853.0,9652.53,3941.2,4
2026-07-13T21:13:31+00:00,9843.09,9636.38,3937.23,4
2026-07-13T21:23:34+00:00,9847.64,9643.8,3939.05,4
2026-07-13T21:33:37+00:00,9834.49,9623.53,5408.64,3
2026-07-13T21:43:40+00:00,9823.34,9605.05,5402.83,3
2026-07-13T21:53:42+00:00,9831.94,9623.47,6882.14,4
2026-07-13T22:03:45+00:00,9836.43,9654.43,5409.04,3
2026-07-13T22:13:48+00:00,9835.71,9657.72,5409.64,3
2026-07-13T22:23:51+00:00,9836.08,9655.81,5409.85,3
2026-07-13T22:33:54+00:00,9826.36,9637.52,8352.18,3
2026-07-13T22:43:57+00:00,9825.66,9642.25,8351.81,3
2026-07-13T22:54:00+00:00,9826.11,9630.42,9826.11,4
2026-07-13T23:04:02+00:00,9824.14,9620.81,9824.14,2
2026-07-13T23:14:05+00:00,9826.69,9639.42,9826.69,2
2026-07-13T23:24:08+00:00,9826.91,9666.06,8352.77,3
2026-07-13T23:34:11+00:00,9827.59,9664.56,8353.45,3
2026-07-13T23:44:14+00:00,9826.52,9659.9,11300.72,3
2026-07-13T23:54:16+00:00,9822.94,9693.05,12770.05,4
2026-07-14T00:04:19+00:00,9820.97,9692.22,15714.44,4
2026-07-14T00:14:22+00:00,9806.61,9715.83,15690.59,4
2026-07-14T00:24:25+00:00,9813.98,9703.65,15702.37,4
2026-07-14T00:34:27+00:00,9805.27,9718.03,15688.44,4
2026-07-14T00:44:30+00:00,9818.98,9695.42,15710.37,4
2026-07-14T00:54:50+00:00,9801.72,9723.75,15682.76,4
2026-07-14T01:04:53+00:00,9792.92,9733.41,9792.92,4
2026-07-14T01:14:55+00:00,9795.88,9730.12,9795.88,4
2026-07-14T01:24:58+00:00,9799.09,9755.2,9799.09,4
2026-07-14T01:35:00+00:00,9800.17,9726.78,9800.17,4
2026-07-14T01:45:03+00:00,9799.98,9721.5,9799.98,4
2026-07-14T01:55:06+00:00,9799.68,9724.79,9799.68,4
2026-07-14T02:05:08+00:00,9798.91,9724.33,3917.8,4
2026-07-14T02:15:11+00:00,9794.08,9716.28,3917.63,4
2026-07-14T02:25:13+00:00,9782.97,9697.91,3913.19,4
2026-07-14T02:35:16+00:00,9779.24,9691.78,3911.69,4
2026-07-14T02:45:19+00:00,9799.61,9725.42,3919.84,4
2026-07-14T02:55:21+00:00,9793.78,9715.76,3917.51,4
2026-07-14T03:05:24+00:00,9791.6,9712.17,3916.64,4
2026-07-14T03:15:27+00:00,9771.32,9678.71,3908.53,4
2026-07-14T03:25:30+00:00,9770.26,9677.0,3908.1,4
2026-07-14T03:35:32+00:00,9783.06,9699.31,5380.35,3
2026-07-14T03:45:35+00:00,9783.77,9703.67,5381.07,3
2026-07-14T03:55:37+00:00,9787.84,9715.2,6851.27,4
2026-07-14T04:05:40+00:00,9788.77,9733.44,9788.77,2
2026-07-14T04:15:43+00:00,9790.34,9713.98,9790.34,2
2026-07-14T04:25:46+00:00,9791.75,9728.45,9791.75,2
2026-07-14T04:35:49+00:00,9791.58,9734.17,9791.58,2
2026-07-14T04:45:51+00:00,9793.14,9735.23,12731.52,4
2026-07-14T04:55:54+00:00,9790.48,9737.03,12727.63,4
2026-07-14T05:05:56+00:00,9789.74,9742.62,15664.47,4
2026-07-14T05:15:59+00:00,9783.28,9753.31,15653.25,4
2026-07-14T05:26:02+00:00,9775.01,9767.03,15640.02,4
2026-07-14T05:36:04+00:00,9778.53,9761.15,15645.65,4
2026-07-14T05:56:28+00:00,9784.55,9751.05,15655.28,4
2026-07-14T06:06:32+00:00,9792.23,9738.28,15667.58,4
2026-07-14T06:16:35+00:00,9792.79,9737.37,15668.46,4
2026-07-14T06:26:41+00:00,9790.91,9740.5,15665.46,4
2026-07-14T06:36:44+00:00,9787.55,9746.07,15660.08,4
2026-07-14T06:46:48+00:00,9794.9,9733.83,15671.85,4
2026-07-14T06:56:51+00:00,9799.44,9725.09,14209.53,3
2026-07-14T07:06:55+00:00,9800.22,9723.88,12740.51,4
2026-07-14T07:16:59+00:00,9800.42,9723.25,12740.54,4
2026-07-14T07:27:03+00:00,9794.44,9738.14,11263.71,3
2026-07-14T07:37:07+00:00,9794.75,9725.47,6855.66,6
2026-07-14T07:47:10+00:00,9790.18,9707.11,12728.56,4
2026-07-14T07:57:14+00:00,9783.31,9715.38,14187.46,7
2026-07-14T08:07:17+00:00,9782.43,9713.79,11250.24,9
2026-07-14T08:17:21+00:00,9787.03,9723.69,11255.08,9
2026-07-14T08:27:24+00:00,9786.56,9735.54,12723.19,8
2026-07-14T08:37:28+00:00,9786.1,9741.35,9786.1,6
2026-07-14T08:47:32+00:00,9788.56,9744.25,9788.56,6
2026-07-14T08:57:35+00:00,9781.29,9733.67,11249.04,5
2026-07-14T09:07:39+00:00,9778.18,9735.93,9778.18,6
2026-07-14T09:17:42+00:00,9777.2,9745.61,12711.24,6
2026-07-14T09:27:46+00:00,9773.22,9736.99,9773.22,4
2026-07-14T09:37:50+00:00,9759.04,9714.51,11223.88,7
2026-07-14T09:47:53+00:00,9748.61,9725.18,11211.34,7
2026-07-14T09:57:57+00:00,9741.97,9727.54,9741.97,4
2026-07-14T10:08:01+00:00,9729.71,9744.84,967.71,8
2026-07-14T10:18:05+00:00,9723.8,9742.1,3887.77,6
2026-07-14T10:28:08+00:00,9716.49,9734.52,6800.67,8
2026-07-14T10:48:32+00:00,9732.21,9766.2,6811.67,6
2026-07-14T10:58:35+00:00,9734.56,9773.31,3892.94,6
2026-07-14T11:08:38+00:00,9721.9,9757.81,8263.07,3
2026-07-14T11:18:42+00:00,9717.45,9766.31,14091.61,5
2026-07-14T11:28:46+00:00,9711.11,9784.24,8254.0,5
2026-07-14T11:38:50+00:00,9712.93,9768.84,8255.99,5
2026-07-14T11:48:54+00:00,9715.3,9769.89,8258.0,5
2026-07-14T11:58:58+00:00,9712.97,9772.39,11170.14,5
2026-07-14T12:09:02+00:00,9717.92,9759.13,8260.01,5
2026-07-14T12:19:06+00:00,9711.78,9774.11,11168.98,5
2026-07-14T12:29:10+00:00,9709.26,9772.59,11165.87,5
2026-07-14T12:39:14+00:00,9688.07,9891.12,2418.72,5
2026-07-14T12:49:18+00:00,9719.28,9943.52,971.26,6
2026-07-14T12:59:23+00:00,9742.92,9987.84,974.28,6
2026-07-14T13:09:26+00:00,9728.48,9967.54,2431.57,5
2026-07-14T13:19:30+00:00,9732.38,9980.42,6812.01,4
2026-07-14T13:29:34+00:00,9751.96,10065.32,5363.24,5
2026-07-14T13:39:38+00:00,9747.6,10053.16,3896.84,6
2026-07-14T13:49:43+00:00,9739.26,10021.01,5356.26,7
2026-07-14T13:59:47+00:00,9736.38,10023.98,6815.24,6
2026-07-14T14:09:51+00:00,9724.01,9999.4,19941.11,7
2026-07-14T14:19:55+00:00,9714.47,10016.99,18458.16,6
2026-07-14T14:30:00+00:00,9713.13,10012.04,19912.68,7
2026-07-14T14:40:04+00:00,9686.42,10038.42,11140.04,7
2026-07-14T14:50:08+00:00,9675.48,10029.66,14030.1,7
2026-07-14T15:00:12+00:00,9652.35,10075.25,6755.55,6
2026-07-14T15:10:16+00:00,9655.51,10073.22,8206.86,7
2026-07-14T15:20:21+00:00,9651.51,10073.53,5306.37,7
2026-07-14T15:40:50+00:00,9631.13,10108.71,9631.13,2
2026-07-14T15:50:55+00:00,9623.85,10117.71,13956.85,7
2026-07-14T16:00:59+00:00,9626.81,10091.49,12515.07,8
2026-07-14T16:11:03+00:00,9629.11,10100.09,9629.11,8
2026-07-14T16:21:07+00:00,9622.36,10091.59,12509.51,8
2026-07-14T16:31:11+00:00,9618.89,10105.48,2400.93,7
2026-07-14T16:41:15+00:00,9623.02,10113.22,-482.67,7
2026-07-14T16:51:20+00:00,9612.52,10097.15,-1923.37,8
2026-07-14T17:01:24+00:00,9606.99,10079.89,-481.11,7
2026-07-14T17:11:28+00:00,9574.9,10023.39,6701.35,4
2026-07-14T17:21:32+00:00,9575.78,10043.34,6703.04,4
2026-07-14T17:31:36+00:00,9573.74,10060.81,2391.82,7
2026-07-14T17:41:40+00:00,9566.56,10055.3,3824.47,4
2026-07-14T17:51:44+00:00,9571.44,10065.12,2392.32,5
2026-07-14T18:01:49+00:00,9567.45,10072.77,12440.05,8
2026-07-14T18:11:53+00:00,9558.97,10069.38,6689.55,8
2026-07-14T18:21:57+00:00,9556.59,10067.35,6689.18,8
2026-07-14T18:32:01+00:00,9553.66,10066.76,12421.05,6
2026-07-14T18:42:06+00:00,9543.12,10078.4,16704.22,7
2026-07-14T18:52:10+00:00,9545.79,10087.47,16705.14,7
2026-07-14T19:02:14+00:00,9541.55,10107.09,15268.62,6
2026-07-14T19:12:18+00:00,9540.12,10108.31,10971.45,7
2026-07-14T19:22:23+00:00,9535.25,10139.5,-482.78,7
2026-07-14T19:32:27+00:00,9520.36,10112.13,10949.27,7
2026-07-14T19:42:31+00:00,9507.04,10109.41,12360.65,6
2026-07-14T19:52:35+00:00,9500.71,10116.84,16627.85,5
2026-07-14T20:02:39+00:00,9506.23,10092.82,16638.05,7
2026-07-14T20:12:43+00:00,9498.73,10094.54,15200.11,8
2026-07-14T20:33:08+00:00,8072.79,10085.51,16551.51,9
2026-07-14T20:43:12+00:00,8069.89,10081.21,10492.13,4
2026-07-14T20:53:16+00:00,8065.87,10085.66,12906.84,6
2026-07-14T21:03:19+00:00,8062.45,10086.44,4432.44,5
2026-07-14T21:13:22+00:00,8065.98,10100.1,3226.03,4
2026-07-14T21:23:26+00:00,8067.0,10102.67,3226.8,4
2026-07-14T21:33:30+00:00,8065.54,10104.18,4435.23,5
2026-07-14T21:43:33+00:00,8067.2,10108.89,5646.86,4
2026-07-14T21:53:37+00:00,8060.37,10092.76,9269.7,3
2026-07-14T22:03:41+00:00,8058.44,10083.23,14104.09,5
2026-07-14T22:13:45+00:00,8061.86,10076.05,14108.25,5
2026-07-14T22:23:49+00:00,8036.31,10123.92,11653.74,5
2026-07-14T22:33:53+00:00,8028.66,10158.09,6824.0,3
2026-07-14T22:43:57+00:00,8023.06,10155.12,799.59,6
2026-07-14T22:54:00+00:00,8010.83,10141.72,10415.53,2
2026-07-14T23:04:04+00:00,8012.95,10123.67,12821.44,4
2026-07-14T23:14:07+00:00,7998.71,10151.1,12798.66,4
2026-07-14T23:24:11+00:00,8001.25,10137.55,11602.63,5
2026-07-14T23:34:14+00:00,7999.22,10133.87,6798.98,3
2026-07-14T23:44:18+00:00,7997.79,10149.87,6797.94,5
2026-07-14T23:54:21+00:00,7996.3,10156.4,3197.44,6
2026-07-15T00:04:25+00:00,7997.17,10158.62,3198.87,6
2026-07-15T00:14:28+00:00,7994.06,10142.41,3197.62,6
2026-07-15T00:24:32+00:00,7985.44,10129.55,7985.44,6
2026-07-15T00:34:36+00:00,7979.85,10116.4,7979.85,4
2026-07-15T00:44:39+00:00,7981.84,10109.23,7981.84,4
2026-07-15T00:54:43+00:00,7978.42,10121.71,5584.54,6
2026-07-15T01:04:46+00:00,7975.24,10108.0,5581.95,4
2026-07-15T01:25:11+00:00,7976.77,10112.78,5583.74,4
2026-07-15T01:35:15+00:00,7977.66,10114.5,5584.36,4
2026-07-15T01:45:19+00:00,7974.76,10090.24,7974.76,6
2026-07-15T01:55:23+00:00,7974.17,10080.43,12760.11,4
2026-07-15T02:05:27+00:00,7972.15,10081.35,11560.43,3
2026-07-15T02:15:30+00:00,7969.48,10082.25,7969.48,4
2026-07-15T02:25:34+00:00,7965.04,10060.3,10355.26,4
2026-07-15T02:35:38+00:00,7968.58,10048.64,12750.45,4
2026-07-15T02:45:42+00:00,7961.89,10061.24,11545.01,5
2026-07-15T02:55:46+00:00,7958.79,10055.39,5570.26,6
2026-07-15T03:05:50+00:00,7956.75,10064.48,3181.98,6
2026-07-15T03:15:54+00:00,7956.39,10075.95,5568.75,4
2026-07-15T03:25:58+00:00,7955.8,10073.3,6762.34,5
2026-07-15T03:36:02+00:00,7964.0,10096.71,5574.62,6
2026-07-15T03:46:06+00:00,7958.49,10089.76,4376.36,7
2026-07-15T03:56:10+00:00,7978.33,10113.08,-401.44,9
2026-07-15T04:06:14+00:00,7973.37,10111.12,5580.1,8
2026-07-15T04:16:18+00:00,7977.13,10112.5,6780.47,9
2026-07-15T04:26:22+00:00,7970.96,10107.5,9166.96,7
2026-07-15T04:36:26+00:00,7969.68,10108.29,9165.31,7
2026-07-15T04:46:30+00:00,7958.95,10118.28,7958.95,6
2026-07-15T04:56:34+00:00,7958.86,10115.11,6764.59,5
2026-07-15T05:06:38+00:00,7953.52,10105.38,12728.14,6
2026-07-15T05:16:41+00:00,7959.59,10089.82,13929.73,7
2026-07-15T05:26:45+00:00,7959.17,10088.42,17512.33,8
2026-07-15T05:36:49+00:00,7950.31,10103.64,11529.3,5
2026-07-15T05:46:53+00:00,7948.18,10102.19,9140.76,5
2026-07-15T05:56:58+00:00,7941.65,10131.66,1982.73,5
2026-07-15T06:07:21+00:00,7954.87,10164.94,-400.26,9
2026-07-15T06:17:25+00:00,7944.03,10159.86,1983.32,7
2026-07-15T06:27:29+00:00,7944.13,10162.61,792.8,6
2026-07-15T06:37:33+00:00,7946.52,10179.51,7946.52,8
2026-07-15T06:47:37+00:00,7933.35,10158.94,6742.9,7
2026-07-15T06:57:40+00:00,7922.46,10130.81,10300.09,4
2026-07-15T07:07:44+00:00,7920.36,10113.31,12674.72,8
2026-07-15T07:17:48+00:00,7916.03,10119.92,15041.52,8
2026-07-15T07:27:52+00:00,7943.35,10074.22,16284.52,7
2026-07-15T07:37:56+00:00,7933.57,10083.96,16265.08,7
2026-07-15T07:48:00+00:00,7936.07,10082.02,16270.2,7
2026-07-15T07:58:03+00:00,7930.6,10079.14,6740.29,9
2026-07-15T08:08:07+00:00,7925.48,10081.14,7925.48,4
2026-07-15T08:18:11+00:00,7924.5,10091.74,6735.55,3
2026-07-15T08:28:16+00:00,7923.27,10088.17,5546.11,4
2026-07-15T08:38:22+00:00,7920.03,10099.41,9108.3,5
2026-07-15T08:48:27+00:00,7918.84,10105.62,6730.84,5
2026-07-15T08:58:33+00:00,7920.64,10114.93,4355.82,5
2026-07-15T09:08:38+00:00,7919.31,10125.95,7919.31,6
2026-07-15T09:18:43+00:00,7915.32,10141.66,6727.75,3
2026-07-15T09:28:48+00:00,7914.01,10136.49,5539.27,2
2026-07-15T09:38:53+00:00,7905.21,10123.05,16211.28,7
2026-07-15T09:48:59+00:00,7905.4,10119.56,17392.59,8
2026-07-15T09:59:04+00:00,7909.97,10106.82,17403.35,8
2026-07-15T10:09:10+00:00,7895.46,10130.62,11449.76,5
2026-07-15T10:19:16+00:00,7895.98,10121.36,10265.31,6
2026-07-15T10:29:21+00:00,7905.38,10091.79,11463.07,7
2026-07-15T10:39:26+00:00,7898.16,10100.49,12638.13,4
2026-07-15T10:49:31+00:00,7895.23,10104.22,12633.07,6
2026-07-15T11:09:57+00:00,7882.14,10112.92,3148.59,6
2026-07-15T11:20:03+00:00,7873.85,10101.86,3148.12,6
2026-07-15T11:30:08+00:00,7871.09,10099.74,5509.41,6
2026-07-15T11:40:13+00:00,7873.52,10109.99,5511.11,4
2026-07-15T11:50:18+00:00,7870.49,10107.72,4327.97,5
2026-07-15T12:00:24+00:00,7874.52,10116.35,5511.99,4
2026-07-15T12:10:30+00:00,7871.0,10100.91,9051.92,5
2026-07-15T12:20:35+00:00,7868.13,10109.07,7868.13,4
2026-07-15T12:30:41+00:00,7865.07,10150.56,783.31,6
2026-07-15T12:40:46+00:00,7864.15,10142.24,786.41,6
2026-07-15T12:50:52+00:00,7891.44,10193.68,789.14,6
2026-07-15T13:00:58+00:00,7915.75,10246.45,3165.58,6
2026-07-15T13:11:03+00:00,7918.26,10285.76,1979.11,5
2026-07-15T13:21:08+00:00,7927.87,10313.55,1981.96,5
2026-07-15T13:31:14+00:00,7921.66,10306.97,789.49,6
2026-07-15T13:41:19+00:00,7918.67,10296.05,4354.46,9
2026-07-15T13:51:25+00:00,7900.8,10207.59,10271.93,8
2026-07-15T14:01:31+00:00,7891.22,10247.61,4337.77,7
2026-07-15T14:11:36+00:00,7910.79,10275.55,1976.8,7
2026-07-15T14:21:43+00:00,7904.42,10253.75,-2769.76,9
2026-07-15T14:31:48+00:00,7895.49,10255.26,4340.92,7
2026-07-15T14:41:54+00:00,7897.08,10259.61,5527.42,6
2026-07-15T14:52:00+00:00,7896.92,10263.1,6712.12,9
2026-07-15T15:02:05+00:00,7895.01,10253.7,7895.01,6
2026-07-15T15:12:11+00:00,7891.79,10270.29,4339.68,3
2026-07-15T15:22:18+00:00,7887.19,10261.32,9070.63,3
2026-07-15T15:32:23+00:00,7887.2,10255.35,6703.76,5
2026-07-15T15:42:29+00:00,7888.89,10274.39,10256.1,6
2026-07-15T16:02:56+00:00,7886.23,10251.81,12620.1,8
2026-07-15T16:13:08+00:00,7895.72,10219.38,11449.6,7
2026-07-15T16:23:14+00:00,7902.64,10203.4,15017.69,8
2026-07-15T16:33:20+00:00,7906.27,10201.21,12650.74,8
2026-07-15T16:43:26+00:00,7918.49,10159.83,13857.82,7
2026-07-15T16:53:32+00:00,7902.98,10188.21,7902.98,8
2026-07-15T17:03:37+00:00,7892.56,10205.32,3154.17,6
2026-07-15T17:13:43+00:00,7896.7,10207.75,788.6,8
2026-07-15T17:23:49+00:00,7895.35,10203.64,788.47,8
2026-07-15T17:33:56+00:00,7896.17,10201.8,3157.75,8
2026-07-15T17:44:02+00:00,7896.94,10206.96,-396.72,9
2026-07-15T17:54:07+00:00,7909.05,10218.98,-395.46,9
2026-07-15T18:04:13+00:00,7909.31,10223.55,3161.23,8
2026-07-15T18:14:19+00:00,7905.23,10249.27,788.38,6
2026-07-15T18:24:24+00:00,7904.41,10240.43,3161.05,6
2026-07-15T18:34:30+00:00,7901.78,10241.47,5530.89,6
2026-07-15T18:44:36+00:00,7900.8,10215.34,12643.41,6
2026-07-15T18:54:43+00:00,7908.42,10195.54,16214.14,7
2026-07-15T19:04:48+00:00,7901.23,10203.9,16198.77,9
2026-07-15T19:14:54+00:00,7902.24,10195.84,16200.83,7
2026-07-15T19:24:59+00:00,7912.93,10173.24,12661.76,6
2026-07-15T19:35:05+00:00,7908.67,10177.96,18589.39,9
2026-07-15T19:45:11+00:00,7900.55,10189.66,12642.67,8
2026-07-15T19:55:17+00:00,7894.29,10181.0,10263.29,8
2026-07-15T20:05:23+00:00,7890.64,10172.85,784.8,6
2026-07-15T20:15:29+00:00,7890.31,10174.19,787.96,8
2026-07-15T20:25:35+00:00,7894.83,10190.36,4341.36,7
2026-07-15T20:35:41+00:00,7895.17,10194.7,3157.0,4
2026-07-15T20:56:13+00:00,7892.18,10188.28,1972.6,5
2026-07-15T21:06:19+00:00,7891.86,10189.97,5523.77,4
2026-07-15T21:16:26+00:00,7891.95,10189.46,5524.01,4
2026-07-15T21:26:33+00:00,7893.89,10193.55,5525.72,4
2026-07-15T21:36:40+00:00,7890.5,10178.08,7890.5,4
2026-07-15T21:46:47+00:00,7889.92,10180.59,9073.5,3
2026-07-15T21:56:54+00:00,7890.6,10187.05,9074.2,3
2026-07-15T22:07:00+00:00,7886.79,10193.02,3152.94,4
2026-07-15T22:17:12+00:00,7884.64,10190.79,3153.15,6
2026-07-15T22:27:18+00:00,7886.87,10198.05,787.62,6
2026-07-15T22:37:25+00:00,7892.18,10210.34,789.22,6
2026-07-15T22:47:31+00:00,7886.69,10202.38,3153.97,6
2026-07-15T22:57:37+00:00,7879.67,10193.8,9062.06,5
2026-07-15T23:07:44+00:00,7873.95,10201.74,11418.83,5
2026-07-15T23:17:51+00:00,7876.39,10193.85,9058.02,5
2026-07-15T23:27:58+00:00,7875.01,10187.04,7875.01,4
2026-07-15T23:38:04+00:00,7873.65,10187.86,10236.1,6
2026-07-15T23:48:10+00:00,7876.63,10163.38,12603.32,6
2026-07-15T23:58:16+00:00,7872.34,10170.2,11415.16,5
2026-07-16T00:08:23+00:00,7868.0,10179.51,9048.37,5
2026-07-16T00:18:29+00:00,7867.5,10173.59,10227.93,6
2026-07-16T00:28:35+00:00,7871.81,10147.92,11414.39,5
2026-07-16T00:38:42+00:00,7870.47,10140.52,13775.09,5
2026-07-16T00:48:48+00:00,7874.14,10131.22,12598.98,6
2026-07-16T00:58:55+00:00,7867.2,10142.62,10227.71,4
2026-07-16T01:09:02+00:00,7858.08,10152.02,6678.75,5
2026-07-16T01:19:08+00:00,7853.76,10113.53,9032.0,5
2026-07-16T01:29:15+00:00,7850.74,10136.3,9028.53,5
2026-07-16T01:49:45+00:00,7852.0,10171.26,7852.0,6
2026-07-16T01:59:50+00:00,7852.25,10171.63,5496.22,6
2026-07-16T02:09:55+00:00,7848.24,10160.74,5493.77,6
2026-07-16T02:20:01+00:00,7847.87,10161.0,10202.94,2
2026-07-16T02:30:06+00:00,7846.53,10168.04,7846.53,2
2026-07-16T02:40:12+00:00,7844.72,10162.47,6667.92,3
2026-07-16T02:50:17+00:00,7849.58,10172.51,5494.53,4
2026-07-16T03:00:23+00:00,7847.39,10176.19,11380.04,5
2026-07-16T03:10:28+00:00,7847.76,10175.91,10202.26,6
2026-07-16T03:20:34+00:00,7847.85,10168.27,7847.85,6
2026-07-16T03:30:39+00:00,7845.53,10172.9,9022.45,5
2026-07-16T03:40:45+00:00,7843.79,10169.96,9020.71,5
2026-07-16T03:50:50+00:00,7850.02,10145.67,10205.56,6
2026-07-16T04:00:56+00:00,7844.8,10153.98,7844.8,8
2026-07-16T04:11:01+00:00,7842.14,10145.6,12548.85,8
2026-07-16T04:21:06+00:00,7840.91,10143.43,10193.89,6
2026-07-16T04:31:12+00:00,7837.33,10153.58,10189.24,6
2026-07-16T04:41:18+00:00,7833.54,10147.59,5482.42,6
2026-07-16T04:51:23+00:00,7831.28,10143.7,6656.32,7
2026-07-16T05:01:29+00:00,7828.23,10149.91,7828.23,4
2026-07-16T05:11:35+00:00,7827.66,10155.87,9002.08,7
2026-07-16T05:21:40+00:00,7820.7,10183.81,4299.8,7
2026-07-16T05:31:46+00:00,7822.71,10192.31,3128.73,6
2026-07-16T05:41:51+00:00,7820.55,10199.33,779.94,8
2026-07-16T05:51:57+00:00,7814.98,10197.65,3124.58,6
2026-07-16T06:02:02+00:00,7809.35,10198.87,11325.93,9
2026-07-16T06:12:07+00:00,7805.24,10198.65,11319.18,7
2026-07-16T06:22:14+00:00,7805.77,10193.97,10148.03,8
2026-07-16T06:42:40+00:00,7814.49,10166.42,14849.65,6
2026-07-16T06:52:46+00:00,7806.56,10181.87,16005.3,7
2026-07-16T07:02:51+00:00,7803.01,10177.28,12486.57,6
2026-07-16T07:12:57+00:00,7798.55,10176.14,5457.93,6
2026-07-16T07:23:02+00:00,7792.46,10160.5,7792.46,6
2026-07-16T07:33:08+00:00,7793.67,10136.34,14811.13,6
2026-07-16T07:43:13+00:00,7808.6,10087.66,14838.46,8
2026-07-16T07:53:19+00:00,7816.27,10069.81,16023.97,7
2026-07-16T08:03:25+00:00,7801.42,10095.92,7801.42,6
2026-07-16T08:13:30+00:00,7805.0,10043.07,10146.85,8
2026-07-16T08:23:36+00:00,7809.47,10027.53,10152.31,8
2026-07-16T08:33:42+00:00,7809.21,10069.03,6637.56,7
2026-07-16T08:43:48+00:00,7805.55,10069.33,776.86,8
2026-07-16T08:53:53+00:00,7790.72,10043.6,-2729.13,9
2026-07-16T09:03:59+00:00,7790.11,10058.13,11298.81,7
2026-07-16T09:14:06+00:00,7787.89,10052.7,11292.97,5
2026-07-16T09:24:11+00:00,7790.9,10043.57,12465.79,6
2026-07-16T09:34:17+00:00,7790.87,10043.16,15973.12,7
2026-07-16T09:44:23+00:00,7787.0,10046.58,14796.88,8
2026-07-16T09:54:28+00:00,7792.08,10035.72,15975.61,9
2026-07-16T10:04:34+00:00,7783.13,10037.74,10118.95,6
2026-07-16T10:14:40+00:00,7774.28,10052.67,8940.86,5
2026-07-16T10:24:46+00:00,7772.31,10056.18,6606.12,7
2026-07-16T10:34:51+00:00,7769.36,10072.33,4271.57,5
2026-07-16T10:44:57+00:00,7760.68,10059.86,5431.6,4
2026-07-16T10:55:03+00:00,7760.38,10058.96,5431.92,6
2026-07-16T11:05:09+00:00,7754.4,10050.55,14737.55,6
2026-07-16T11:15:14+00:00,7752.44,10055.51,13567.21,5
2026-07-16T11:25:42+00:00,7750.19,10059.46,11238.3,5
2026-07-16T11:35:48+00:00,7755.58,10048.08,10082.43,6
2026-07-16T11:45:54+00:00,7747.91,10062.59,8910.18,5
2026-07-16T11:56:00+00:00,7748.17,10053.78,11235.89,5
2026-07-16T12:06:06+00:00,7747.81,10050.31,5422.59,6
2026-07-16T12:16:12+00:00,7745.29,10040.18,8907.34,5
2026-07-16T12:26:18+00:00,7737.41,10041.53,11219.77,5
2026-07-16T12:36:24+00:00,7736.68,10040.34,10057.86,6
2026-07-16T12:46:30+00:00,7737.19,9997.78,12380.21,4
2026-07-16T12:56:36+00:00,7738.67,10011.53,12381.87,4
2026-07-16T13:06:42+00:00,7740.72,10009.03,14708.41,6
2026-07-16T13:16:48+00:00,7730.14,10032.08,6570.01,5
2026-07-16T13:26:54+00:00,7735.41,10061.17,5414.61,4
2026-07-16T13:37:00+00:00,7738.72,10090.73,3093.4,8
2026-07-16T13:47:06+00:00,7730.86,10056.29,5410.9,6
2026-07-16T13:57:12+00:00,7732.04,10059.83,7732.04,6
2026-07-16T14:07:18+00:00,7717.19,10084.65,7717.19,6
2026-07-16T14:17:25+00:00,7719.6,10107.73,4244.48,7
2026-07-16T14:27:31+00:00,7718.87,10098.57,4245.38,7
2026-07-16T14:37:37+00:00,7723.39,10110.63,3088.31,8
2026-07-16T14:47:44+00:00,7721.19,10105.65,5404.48,8
2026-07-16T14:57:50+00:00,7714.6,10070.55,12345.45,6
2026-07-16T15:07:57+00:00,7719.11,10051.08,13510.61,7
2026-07-16T15:18:03+00:00,7714.36,10057.39,13500.99,7
2026-07-16T15:28:10+00:00,7696.59,10119.34,6541.58,7
2026-07-16T15:38:16+00:00,7687.07,10110.28,-1542.27,8
2026-07-16T15:48:22+00:00,7685.32,10096.37,767.49,8
2026-07-16T15:58:29+00:00,7682.62,10101.61,3072.35,8
2026-07-16T16:08:36+00:00,7675.55,10086.31,8827.31,7
2026-07-16T16:29:05+00:00,7676.73,10078.39,12283.8,8
2026-07-16T16:39:13+00:00,7677.86,10064.69,13436.69,9
2026-07-16T16:49:20+00:00,7671.29,10056.75,14577.0,6
2026-07-16T16:59:28+00:00,7659.51,10066.56,4210.4,7
2026-07-16T17:09:36+00:00,7654.79,10043.3,1911.11,9
2026-07-16T17:19:43+00:00,7647.49,10018.68,4205.6,7
2026-07-16T17:29:51+00:00,7647.94,10013.34,6500.41,3
2026-07-16T17:39:59+00:00,7645.16,10028.06,7645.16,6
2026-07-16T17:50:07+00:00,7638.92,10010.97,8785.01,7
2026-07-16T18:00:14+00:00,7641.38,9975.45,5348.11,8
2026-07-16T18:10:22+00:00,7649.91,9992.92,6502.34,7
2026-07-16T18:20:30+00:00,7654.05,10002.64,4209.21,7
2026-07-16T18:30:37+00:00,7649.38,9994.72,4206.13,7
2026-07-16T18:40:45+00:00,7633.66,9962.16,6488.27,5
2026-07-16T18:50:53+00:00,7637.88,9995.43,6491.85,9
2026-07-16T19:01:00+00:00,7639.09,10005.64,7639.09,6
2026-07-16T19:11:09+00:00,7643.93,9993.77,7643.93,8
2026-07-16T19:21:16+00:00,7645.57,10000.33,9939.93,6
2026-07-16T19:31:24+00:00,7643.68,10006.2,12230.58,6
2026-07-16T19:41:32+00:00,7643.69,10011.53,14524.05,8
2026-07-16T19:51:39+00:00,7647.58,10011.64,12236.82,8
2026-07-16T20:01:48+00:00,7628.74,10008.41,6483.82,7
2026-07-16T20:11:55+00:00,7627.25,9999.39,7627.25,8
2026-07-16T20:22:04+00:00,7621.74,10006.96,6478.22,5
2026-07-16T20:32:11+00:00,7620.17,10000.99,9907.08,4
2026-07-16T20:42:19+00:00,7621.12,9996.67,11050.89,3
2026-07-16T20:52:27+00:00,7619.16,9997.07,9905.42,4
2026-07-16T21:02:34+00:00,7616.33,9996.19,8759.21,5
2026-07-16T21:23:05+00:00,7617.14,10011.68,7617.14,6
2026-07-16T21:33:12+00:00,7616.68,10010.07,8759.27,5
2026-07-16T21:43:18+00:00,7614.63,10014.16,6472.27,3
2026-07-16T21:53:25+00:00,7612.51,10019.15,5328.24,4
2026-07-16T22:03:31+00:00,7611.71,10023.11,9895.91,4
2026-07-16T22:13:37+00:00,7613.09,10016.63,9897.35,6
2026-07-16T22:23:44+00:00,7621.59,9992.9,12195.23,4
2026-07-16T22:33:50+00:00,7618.78,9999.07,12190.05,4
2026-07-16T22:43:56+00:00,7628.0,9976.29,14494.24,6
2026-07-16T22:54:03+00:00,7634.43,9962.43,14505.43,6
2026-07-16T23:04:09+00:00,7638.8,9948.82,11077.03,3
2026-07-16T23:14:15+00:00,7636.82,9948.38,8782.51,3
2026-07-16T23:24:21+00:00,7643.51,9916.49,8790.21,5
2026-07-16T23:34:28+00:00,7637.68,9925.66,6491.85,5
2026-07-16T23:44:34+00:00,7634.92,9936.27,4198.18,3
2026-07-16T23:54:40+00:00,7633.11,9938.75,761.76,6
2026-07-17T00:04:47+00:00,7629.0,9932.2,3050.91,6
2026-07-17T00:14:53+00:00,7627.74,9927.48,5339.07,6
2026-07-17T00:24:59+00:00,7627.42,9933.45,5339.19,6
2026-07-17T00:35:05+00:00,7620.79,9913.05,6477.58,5
2026-07-17T00:45:11+00:00,7621.01,9929.71,7621.01,4
2026-07-17T00:55:17+00:00,7621.43,9954.64,1903.21,5
2026-07-17T01:05:23+00:00,7626.71,9967.05,3050.34,4
2026-07-17T01:15:30+00:00,7630.14,9980.6,761.98,6
2026-07-17T01:25:36+00:00,7616.46,9955.52,7616.46,4
2026-07-17T01:35:42+00:00,7615.76,9939.29,12186.59,6
2026-07-17T01:45:48+00:00,7625.72,9918.65,12201.16,6
2026-07-17T01:55:55+00:00,7636.91,9892.11,14511.18,6
2026-07-17T02:16:25+00:00,7628.91,9914.46,14494.93,6
2026-07-17T02:26:32+00:00,7632.79,9905.66,14502.3,6
2026-07-17T02:36:39+00:00,7637.67,9894.8,13366.36,5
2026-07-17T02:46:47+00:00,7644.44,9882.52,14524.95,6
2026-07-17T02:56:54+00:00,7643.27,9886.04,14522.21,6
2026-07-17T03:07:01+00:00,7620.26,9924.37,6476.62,3
2026-07-17T03:17:09+00:00,7616.56,9931.39,3045.59,4
2026-07-17T03:27:16+00:00,7621.86,9943.98,761.16,6
2026-07-17T03:37:23+00:00,7619.7,9939.93,5333.11,4
2026-07-17T03:47:31+00:00,7612.28,9917.79,5327.91,8
2026-07-17T03:57:38+00:00,7612.59,9919.97,6470.28,5
2026-07-17T04:07:46+00:00,7618.93,9906.55,9905.13,8
2026-07-17T04:17:54+00:00,7632.32,9897.88,7632.32,8
2026-07-17T04:28:01+00:00,7638.21,9882.1,12222.52,8
2026-07-17T04:38:08+00:00,7636.38,9884.2,12218.21,8
2026-07-17T04:48:15+00:00,7619.35,9917.56,8762.69,5
2026-07-17T04:58:23+00:00,7622.07,9907.91,7622.07,4
2026-07-17T05:08:30+00:00,7620.53,9894.09,5333.69,6
2026-07-17T05:18:37+00:00,7620.58,9897.04,9907.44,6
2026-07-17T05:28:44+00:00,7625.3,9869.07,9913.24,6
2026-07-17T05:38:52+00:00,7626.42,9859.29,11059.09,5
2026-07-17T05:49:00+00:00,7644.23,9807.51,12231.81,8
2026-07-17T05:59:08+00:00,7651.56,9794.42,12242.5,8
2026-07-17T06:09:15+00:00,7638.45,9810.67,5345.53,8
2026-07-17T06:19:23+00:00,7638.73,9809.02,3054.12,6
2026-07-17T06:29:30+00:00,7645.34,9839.94,1910.04,9
2026-07-17T06:39:37+00:00,7648.85,9845.25,1912.21,9
2026-07-17T06:49:44+00:00,7640.64,9830.0,1909.3,7
2026-07-17T07:00:21+00:00,7634.55,9829.97,6488.51,7
2026-07-17T07:10:28+00:00,7635.24,9827.3,6489.96,7
2026-07-17T07:20:35+00:00,7635.15,9814.35,8780.76,7
2026-07-17T07:30:42+00:00,7635.77,9827.71,9926.67,8
2026-07-17T07:40:49+00:00,7635.99,9820.71,8781.65,7
2026-07-17T07:50:55+00:00,7631.6,9826.0,6486.35,7
2026-07-17T08:01:02+00:00,7625.96,9816.21,13348.01,7
2026-07-17T08:11:10+00:00,7619.46,9816.61,8762.89,5
2026-07-17T08:21:17+00:00,7618.41,9802.3,15621.35,7
2026-07-17T08:31:24+00:00,7617.99,9802.98,15618.09,9
2026-07-17T08:41:30+00:00,7617.93,9791.74,15617.96,7
2026-07-17T08:51:38+00:00,7598.03,9822.31,6457.64,7
2026-07-17T09:01:45+00:00,7588.39,9829.0,3032.96,6
2026-07-17T09:11:51+00:00,7583.17,9823.24,757.29,8
2026-07-17T09:21:58+00:00,7580.47,9827.77,7580.47,6
2026-07-17T09:32:05+00:00,7577.2,9840.91,7577.2,8
2026-07-17T09:42:12+00:00,7567.85,9842.08,4160.53,5
2026-07-17T09:52:19+00:00,7568.11,9840.24,3026.22,6
2026-07-17T10:02:26+00:00,7562.2,9851.74,8697.3,7
2026-07-17T10:12:33+00:00,7557.26,9840.21,9824.94,6
2026-07-17T10:22:39+00:00,7553.2,9847.49,10952.91,5
2026-07-17T10:32:46+00:00,7552.0,9847.64,10950.91,5
2026-07-17T10:42:53+00:00,7547.85,9859.87,6415.34,3
2026-07-17T10:53:00+00:00,7547.85,9859.16,7547.85,4
2026-07-17T11:03:07+00:00,7543.42,9855.46,12072.19,6
2026-07-17T11:13:15+00:00,7546.69,9845.19,12074.71,6
2026-07-17T11:23:22+00:00,7546.59,9844.31,10942.81,5
2026-07-17T11:33:29+00:00,7542.17,9850.39,6410.51,5
2026-07-17T11:43:36+00:00,7540.11,9862.96,5277.57,4
2026-07-17T12:04:08+00:00,7537.12,9857.84,4144.65,5
2026-07-17T12:14:17+00:00,7533.82,9842.74,7533.82,4
2026-07-17T12:24:25+00:00,7531.25,9846.91,10921.08,5
2026-07-17T12:34:33+00:00,7533.46,9834.28,13184.4,5
2026-07-17T12:44:41+00:00,7538.6,9817.27,13193.39,5
2026-07-17T12:54:49+00:00,7543.12,9817.08,13200.46,5
2026-07-17T13:04:58+00:00,7548.5,9794.67,10946.34,3
2026-07-17T13:15:06+00:00,7548.46,9743.73,9813.51,4
2026-07-17T13:25:14+00:00,7546.96,9746.05,9811.38,2
2026-07-17T13:35:22+00:00,7550.53,9732.79,12082.22,6
2026-07-17T13:45:31+00:00,7551.61,9713.43,9818.12,6
2026-07-17T13:55:38+00:00,7520.97,9765.57,4134.24,9
2026-07-17T14:05:46+00:00,7545.93,9824.93,1883.92,9
2026-07-17T14:15:55+00:00,7556.86,9847.46,755.17,8
2026-07-17T14:26:03+00:00,7550.07,9832.82,1887.09,9
2026-07-17T14:36:12+00:00,7542.46,9831.66,1883.91,7
2026-07-17T14:46:20+00:00,7538.85,9807.39,5276.69,4
2026-07-17T14:56:28+00:00,7531.83,9812.71,4141.74,5
2026-07-17T15:06:36+00:00,7517.49,9768.01,12031.71,6
2026-07-17T15:16:45+00:00,7518.17,9763.48,7518.17,6
2026-07-17T15:26:53+00:00,7510.6,9782.36,7510.6,6
2026-07-17T15:37:01+00:00,7501.14,9814.16,2998.42,4
2026-07-17T15:47:10+00:00,7501.12,9810.33,2999.77,4
2026-07-17T15:57:18+00:00,7509.7,9842.13,3003.2,6
2026-07-17T16:07:27+00:00,7509.69,9843.13,4129.06,7
2026-07-17T16:17:35+00:00,7513.26,9857.08,1876.62,7
2026-07-17T16:27:43+00:00,7509.89,9862.67,4129.42,5
2026-07-17T16:37:52+00:00,7503.44,9860.15,-378.72,7
2026-07-17T16:58:23+00:00,7506.71,9873.74,3000.99,6
2026-07-17T17:08:31+00:00,7522.98,9926.76,8652.02,9
2026-07-17T17:18:38+00:00,7522.44,9928.6,6393.9,7
2026-07-17T17:28:46+00:00,7522.49,9935.42,6393.94,7
2026-07-17T17:38:53+00:00,7511.21,9930.66,12021.65,6
2026-07-17T17:49:04+00:00,7512.31,9939.93,12020.37,8
2026-07-17T17:59:12+00:00,7519.25,9925.14,14288.61,8
2026-07-17T18:09:19+00:00,7521.0,9920.05,10906.72,9
2026-07-17T18:19:27+00:00,7521.88,9905.56,8650.5,7
2026-07-17T18:29:34+00:00,7519.79,9903.94,7519.79,8
2026-07-17T18:39:44+00:00,7524.8,9908.33,6396.0,9
2026-07-17T18:49:52+00:00,7524.33,9946.34,-382.16,7
2026-07-17T18:59:59+00:00,7521.56,9943.34,751.64,8
2026-07-17T19:10:07+00:00,7505.86,9918.58,4127.46,7
2026-07-17T19:20:15+00:00,7491.19,9900.61,16488.03,8
2026-07-17T19:30:23+00:00,7483.14,9917.4,15341.03,9
2026-07-17T19:40:30+00:00,7484.57,9917.26,13098.84,9
2026-07-17T19:50:38+00:00,7469.51,9929.66,741.39,6
2026-07-17T20:00:46+00:00,7454.86,9909.88,4097.91,7
2026-07-17T20:10:53+00:00,7454.17,9903.45,2980.66,8
2026-07-17T20:21:01+00:00,7451.39,9907.7,7451.39,8
2026-07-17T20:31:08+00:00,7445.6,9907.44,7445.6,4
2026-07-17T20:41:16+00:00,7442.9,9896.05,9676.1,6
2026-07-17T20:51:24+00:00,7438.67,9907.76,6322.61,3
2026-07-17T21:01:31+00:00,7437.86,9921.11,5205.67,6
2026-07-17T21:11:40+00:00,7436.64,9919.53,4089.9,5
2026-07-17T21:21:47+00:00,7436.19,9920.37,5205.17,6
2026-07-17T21:31:55+00:00,7436.63,9916.92,7436.63,4
2026-07-17T21:52:28+00:00,8550.28,9909.47,9833.02,3
2026-07-17T22:02:37+00:00,8547.46,9911.74,8547.46,4
2026-07-17T22:12:46+00:00,8546.53,9907.24,8546.53,4
2026-07-17T22:22:54+00:00,8549.05,9900.18,8549.05,4
2026-07-17T22:33:03+00:00,8548.46,9895.47,9830.83,3
2026-07-17T22:43:11+00:00,8547.95,9895.89,9830.34,3
2026-07-17T22:53:19+00:00,8546.95,9901.99,8546.95,4
2026-07-17T23:03:27+00:00,8546.46,9893.52,5982.14,4
2026-07-17T23:13:36+00:00,8544.52,9884.24,7262.74,3
2026-07-17T23:23:45+00:00,8545.03,9900.12,5981.33,4
2026-07-17T23:33:54+00:00,8545.33,9913.2,3417.36,4
2026-07-17T23:44:02+00:00,8542.54,9907.84,3417.02,4
2026-07-17T23:54:10+00:00,8542.15,9908.31,4697.9,3
2026-07-18T00:04:19+00:00,8537.56,9903.18,11099.79,4
2026-07-18T00:14:27+00:00,8532.23,9913.16,8532.23,4
2026-07-18T00:24:36+00:00,8531.23,9913.08,8531.23,2
2026-07-18T00:34:44+00:00,8532.42,9909.54,8532.42,2
2026-07-18T00:44:52+00:00,8531.32,9907.67,11091.1,4
2026-07-18T00:55:01+00:00,8531.46,9904.44,11090.9,4
2026-07-18T01:05:10+00:00,8527.08,9902.05,13644.09,4
2026-07-18T01:15:18+00:00,8526.8,9902.62,13642.87,4
2026-07-18T01:25:27+00:00,8522.64,9909.4,12358.11,3
2026-07-18T01:35:35+00:00,8524.15,9901.63,12360.6,3
2026-07-18T01:45:44+00:00,8519.44,9908.17,12353.76,3
2026-07-18T01:55:52+00:00,8516.61,9914.39,11071.78,2
2026-07-18T02:06:01+00:00,8515.84,9909.3,9793.5,3
2026-07-18T02:16:10+00:00,8515.08,9920.92,8515.08,4
2026-07-18T02:26:19+00:00,8516.04,9927.23,7238.54,3
2026-07-18T02:46:53+00:00,8514.02,9918.17,8514.02,4
2026-07-18T02:57:01+00:00,8513.03,9915.9,9790.08,3
2026-07-18T03:07:08+00:00,8510.83,9919.3,13618.48,4
2026-07-18T03:17:16+00:00,8508.89,9920.61,11061.95,2
2026-07-18T03:27:23+00:00,8510.54,9915.32,11063.7,2
2026-07-18T03:37:32+00:00,8510.74,9913.73,12340.86,3
2026-07-18T03:47:39+00:00,8509.45,9914.55,11062.47,2
2026-07-18T03:57:47+00:00,8505.94,9924.35,7229.77,3
2026-07-18T04:07:55+00:00,8503.01,9922.58,8503.01,4
2026-07-18T04:18:03+00:00,8503.53,9917.44,8503.53,4
2026-07-18T04:28:11+00:00,8501.74,9914.06,11052.64,4
2026-07-18T04:38:18+00:00,8501.98,9909.28,13603.93,4
2026-07-18T04:48:26+00:00,8502.08,9909.54,12328.3,5
2026-07-18T04:58:34+00:00,8500.57,9911.89,9775.84,5
2026-07-18T05:08:42+00:00,8500.14,9908.56,11050.75,4
2026-07-18T05:18:50+00:00,8502.13,9902.13,11052.77,4
2026-07-18T05:28:58+00:00,8499.5,9910.17,11049.35,4
2026-07-18T05:39:06+00:00,8496.59,9913.91,8496.59,2
2026-07-18T05:49:14+00:00,8495.88,9913.03,5946.73,4
2026-07-18T05:59:22+00:00,8489.32,9903.1,12310.94,3
2026-07-18T06:09:30+00:00,8487.35,9906.74,11033.74,4
2026-07-18T06:19:38+00:00,8485.55,9911.86,11031.22,4
2026-07-18T06:29:46+00:00,8485.13,9911.04,9758.0,3
2026-07-18T06:39:54+00:00,8484.45,9907.53,11029.98,4
2026-07-18T06:50:02+00:00,8481.94,9911.09,11026.9,2
2026-07-18T07:00:10+00:00,8481.61,9910.46,13571.34,4
2026-07-18T07:10:18+00:00,8483.84,9906.14,13574.14,4
2026-07-18T07:20:26+00:00,8483.39,9907.04,13573.42,4
2026-07-18T07:40:57+00:00,8480.63,9912.39,13569.0,4
2026-07-18T07:51:04+00:00,8478.42,9912.91,9750.47,3
2026-07-18T08:01:12+00:00,8476.2,9901.55,11019.63,2
2026-07-18T08:11:19+00:00,8473.55,9911.66,8473.55,4
2026-07-18T08:21:26+00:00,8473.49,9910.07,8473.49,4
2026-07-18T08:31:34+00:00,8470.64,9923.49,5929.06,2
2026-07-18T08:41:41+00:00,8468.41,9916.05,7198.06,3
2026-07-18T08:51:49+00:00,8467.01,9916.63,5926.72,2
2026-07-18T09:01:56+00:00,8463.36,9914.18,11003.13,2
2026-07-18T09:12:04+00:00,8464.06,9909.14,11003.28,2
2026-07-18T09:22:11+00:00,8465.66,9891.93,13545.82,4
2026-07-18T09:32:18+00:00,8467.33,9888.77,13547.73,4
2026-07-18T09:42:26+00:00,8466.28,9890.82,13546.04,4
2026-07-18T09:52:33+00:00,8460.54,9895.72,7190.99,3
2026-07-18T10:02:41+00:00,8460.44,9898.85,3383.04,4
2026-07-18T10:12:49+00:00,8461.54,9900.97,3384.61,4
2026-07-18T10:22:56+00:00,8461.39,9900.68,3384.56,4
2026-07-18T10:33:03+00:00,8465.22,9908.13,3386.09,4
2026-07-18T10:43:11+00:00,8461.38,9900.65,3384.55,4
2026-07-18T10:53:18+00:00,8462.27,9902.4,3384.91,4
2026-07-18T11:03:27+00:00,8459.77,9903.64,9729.21,3
2026-07-18T11:13:34+00:00,8457.82,9905.3,7188.96,3
2026-07-18T11:23:42+00:00,8456.4,9907.81,8456.4,2
2026-07-18T11:33:49+00:00,8454.76,9908.78,8454.76,2
2026-07-18T11:43:57+00:00,8454.58,9906.14,9722.86,3
2026-07-18T11:54:05+00:00,8450.33,9909.84,12254.11,3
2026-07-18T12:04:12+00:00,8441.86,9922.74,5908.35,4
2026-07-18T12:14:19+00:00,8440.94,9919.38,5908.66,4
2026-07-18T12:34:51+00:00,8437.48,9906.51,10969.48,4
2026-07-18T12:45:01+00:00,8434.67,9916.23,10965.07,4
2026-07-18T12:55:10+00:00,8430.77,9922.65,8430.77,2
2026-07-18T13:05:19+00:00,8429.6,9910.47,3370.32,4
2026-07-18T13:15:28+00:00,8418.19,9889.42,4629.72,3
2026-07-18T13:25:37+00:00,8412.18,9879.42,9674.39,1
2026-07-18T13:35:47+00:00,8410.03,9887.15,8410.03,0
2026-07-18T13:45:56+00:00,8407.5,9893.32,3361.49,4
2026-07-18T13:56:05+00:00,8408.01,9894.36,3363.2,4
2026-07-18T14:06:14+00:00,8404.64,9890.28,5882.87,4
2026-07-18T14:16:24+00:00,8407.42,9903.6,5885.19,4
2026-07-18T14:26:33+00:00,8407.1,9908.87,5884.97,4
2026-07-18T14:36:43+00:00,8408.15,9915.53,4624.2,3
2026-07-18T14:46:52+00:00,8406.03,9912.22,5884.03,2
2026-07-18T14:57:02+00:00,8405.33,9912.23,8405.33,4
2026-07-18T15:07:12+00:00,8402.72,9915.77,13445.86,4
2026-07-18T15:17:21+00:00,8403.72,9913.77,13445.95,4
2026-07-18T15:27:30+00:00,8407.41,9906.56,13451.86,4
2026-07-18T15:37:39+00:00,8407.01,9907.31,13451.22,4
2026-07-18T15:47:49+00:00,8408.1,9905.09,13452.97,4
2026-07-18T15:57:58+00:00,8404.11,9910.48,10925.72,2
2026-07-18T16:08:07+00:00,8404.85,9902.59,10926.68,4
2026-07-18T16:18:17+00:00,8398.41,9915.12,7138.36,3
2026-07-18T16:28:26+00:00,8396.15,9910.97,10915.56,4
2026-07-18T16:38:35+00:00,8389.36,9920.11,4612.73,3
2026-07-18T16:48:44+00:00,8386.97,9919.74,7128.73,1
2026-07-18T16:58:54+00:00,8388.06,9929.25,4612.87,3
2026-07-18T17:09:03+00:00,8385.42,9924.91,4611.42,3
2026-07-18T17:29:40+00:00,8384.16,9921.88,5868.72,4
2026-07-18T17:39:49+00:00,8391.38,9950.2,4614.97,3
2026-07-18T17:49:58+00:00,8392.26,9957.51,3356.53,4
2026-07-18T18:00:07+00:00,8393.81,9963.08,5875.29,2
2026-07-18T18:10:17+00:00,8390.97,9956.79,8390.97,4
2026-07-18T18:20:26+00:00,8388.81,9958.21,9647.22,3
2026-07-18T18:30:35+00:00,8383.48,9974.04,5867.87,2
2026-07-18T18:40:44+00:00,8377.26,9957.66,8377.26,2
2026-07-18T18:50:53+00:00,8376.16,9960.28,9632.68,3
2026-07-18T19:01:02+00:00,8371.9,9963.13,7115.55,3
2026-07-18T19:11:12+00:00,8371.84,9959.63,5860.1,4
2026-07-18T19:21:21+00:00,8372.56,9971.54,4604.63,3
2026-07-18T19:31:31+00:00,8368.77,9962.57,5857.95,4
2026-07-18T19:41:40+00:00,8369.33,9966.88,4602.85,3
2026-07-18T19:51:49+00:00,8368.96,9970.26,7113.43,3
2026-07-18T20:01:59+00:00,8366.96,9971.96,3345.65,4
2026-07-18T20:12:08+00:00,8371.57,9981.11,3348.63,4
2026-07-18T20:22:17+00:00,8380.46,9998.8,3352.18,4
2026-07-18T20:32:26+00:00,8370.12,9978.29,3348.05,4
2026-07-18T20:42:35+00:00,8367.56,9975.66,5856.92,2
2026-07-18T20:52:44+00:00,8362.31,9970.29,13381.95,4
2026-07-18T21:02:53+00:00,8352.94,9982.54,7099.53,3
2026-07-18T21:13:03+00:00,8351.91,9985.63,7099.12,3
2026-07-18T21:23:12+00:00,8354.06,9993.71,5847.66,2
2026-07-18T21:33:21+00:00,8349.55,9983.9,8349.55,4
2026-07-18T21:43:30+00:00,8347.04,9981.22,10851.53,2
2026-07-18T21:53:39+00:00,8343.23,9991.43,12097.96,3
2026-07-18T22:03:48+00:00,8339.55,9997.13,9590.86,3
2026-07-18T22:24:25+00:00,8340.65,9993.58,9591.75,3
2026-07-18T22:34:35+00:00,8342.39,9984.4,12097.02,3
2026-07-18T22:44:45+00:00,8339.3,9989.78,10841.27,4
2026-07-18T22:54:54+00:00,8340.0,9990.29,10842.0,4
2026-07-18T23:05:04+00:00,8335.35,9994.09,4583.03,3
2026-07-18T23:15:13+00:00,8327.07,9982.3,12075.95,3
2026-07-18T23:25:23+00:00,8321.4,9992.43,8321.4,4
2026-07-18T23:35:32+00:00,8320.39,9990.64,9568.54,3
2026-07-18T23:45:42+00:00,8317.58,9991.7,4573.55,3
2026-07-18T23:55:51+00:00,8315.56,9991.67,8315.56,2
2026-07-19T00:06:00+00:00,8314.48,9992.77,5819.76,4
2026-07-19T00:16:10+00:00,8315.31,9995.23,5820.72,4
2026-07-19T00:26:19+00:00,8316.62,10000.26,5821.63,4
2026-07-19T00:36:29+00:00,8311.73,9984.19,9558.77,3
2026-07-19T00:46:38+00:00,8312.39,9985.82,9559.25,3
2026-07-19T00:56:47+00:00,8310.88,9992.89,8310.88,4
2026-07-19T01:06:57+00:00,8309.27,9992.07,5815.74,2
2026-07-19T01:17:06+00:00,8309.07,9992.04,5816.35,2
2026-07-19T01:27:16+00:00,8309.61,9993.93,7063.08,3
2026-07-19T01:37:26+00:00,8307.74,9988.84,8307.74,4
2026-07-19T01:47:35+00:00,8306.64,9989.33,9552.73,3
2026-07-19T01:57:45+00:00,8304.28,9991.36,5812.43,4
2026-07-19T02:07:55+00:00,8307.92,10031.32,8307.92,2
2026-07-19T02:18:04+00:00,8305.89,10028.21,7059.91,1
2026-07-19T02:28:14+00:00,8305.39,10026.44,7059.58,1
2026-07-19T02:38:23+00:00,8306.73,10058.97,8306.73,2
2026-07-19T02:48:33+00:00,8306.06,10036.09,12044.63,3
2026-07-19T02:58:42+00:00,8304.37,10037.25,9550.21,3
2026-07-19T03:19:19+00:00,8308.19,10006.87,12047.44,3
2026-07-19T03:29:29+00:00,8308.84,10004.24,10801.68,4
2026-07-19T03:39:39+00:00,8307.72,10004.45,12046.48,3
2026-07-19T03:49:48+00:00,8305.38,10009.2,10797.18,4
2026-07-19T03:59:58+00:00,8304.18,10013.11,10795.43,4
2026-07-19T04:10:07+00:00,8302.33,10003.09,4564.32,3
2026-07-19T04:20:17+00:00,8301.73,10003.83,5811.02,2
2026-07-19T04:30:26+00:00,8302.99,10012.51,4566.36,3
2026-07-19T04:40:36+00:00,8307.7,10025.2,3322.7,4
2026-07-19T04:50:45+00:00,8307.08,10023.98,3322.83,4
2026-07-19T05:00:55+00:00,8304.25,10020.74,5812.6,4
2026-07-19T05:11:04+00:00,8303.91,10022.94,7058.23,3
2026-07-19T05:21:13+00:00,8302.89,10024.41,5811.83,4
2026-07-19T05:31:23+00:00,8301.16,10017.38,7055.89,3
2026-07-19T05:41:33+00:00,8297.4,10014.76,9542.39,3
2026-07-19T05:51:42+00:00,8294.4,10026.37,5805.52,4
2026-07-19T06:01:52+00:00,8289.25,10017.7,10776.78,4
2026-07-19T06:12:02+00:00,8285.69,10021.2,9528.63,3
2026-07-19T06:22:11+00:00,8285.88,10027.68,10771.83,4
2026-07-19T06:32:20+00:00,8286.09,10020.19,9529.1,3
2026-07-19T06:42:30+00:00,8284.25,10023.42,10769.71,4
2026-07-19T06:52:40+00:00,8281.7,10023.18,10766.58,2
2026-07-19T07:02:49+00:00,8279.12,10025.27,8279.12,4
2026-07-19T07:12:58+00:00,8278.71,10017.04,10762.7,4
2026-07-19T07:23:08+00:00,8273.75,10025.76,8273.75,4
2026-07-19T07:33:17+00:00,8271.92,10024.9,9512.8,3
2026-07-19T07:43:27+00:00,8267.93,10034.45,3305.31,4
2026-07-19T07:53:36+00:00,8259.66,10024.05,9499.08,3
2026-07-19T08:14:13+00:00,8255.58,10036.08,4539.45,3
2026-07-19T08:24:22+00:00,8247.9,10020.0,8247.9,2
2026-07-19T08:34:31+00:00,8245.86,10028.94,4534.38,3
2026-07-19T08:44:40+00:00,8245.61,10030.49,7008.58,3
2026-07-19T08:54:49+00:00,8244.33,10035.71,4533.83,3
2026-07-19T09:04:58+00:00,8243.47,10040.69,8243.47,4
2026-07-19T09:15:07+00:00,8242.58,10026.1,9479.06,3
2026-07-19T09:25:16+00:00,8243.49,10012.4,10716.72,4
2026-07-19T09:35:25+00:00,8241.47,10018.17,11950.41,3
2026-07-19T09:45:34+00:00,8244.95,10005.24,10718.63,2
2026-07-19T09:55:43+00:00,8244.56,10005.29,10717.92,2
2026-07-19T10:05:52+00:00,8241.88,10010.25,9478.44,3
2026-07-19T10:16:01+00:00,8240.94,10009.6,7004.61,3
2026-07-19T10:26:10+00:00,8241.8,10009.49,7005.53,3
2026-07-19T10:36:20+00:00,8240.89,10018.7,5768.43,2
2026-07-19T10:46:29+00:00,8244.68,10043.34,3297.13,4
2026-07-19T10:56:38+00:00,8240.43,10034.76,3296.17,4
2026-07-19T11:06:47+00:00,8240.65,10040.23,8240.65,4
2026-07-19T11:16:56+00:00,8239.71,10039.99,8239.71,4
2026-07-19T11:27:05+00:00,8238.71,10031.82,8238.71,4
2026-07-19T11:37:13+00:00,8238.76,10034.86,8238.76,4
2026-07-19T11:47:23+00:00,8239.59,10030.85,9475.63,3
2026-07-19T11:57:32+00:00,8243.45,10017.01,9479.97,3
2026-07-19T12:07:41+00:00,8242.81,10005.48,13189.6,4
2026-07-19T12:17:50+00:00,8246.83,9997.42,13194.93,4
2026-07-19T12:27:59+00:00,8244.99,10001.07,13191.98,4
2026-07-19T12:38:08+00:00,8233.86,10019.87,9469.22,3
2026-07-19T12:48:17+00:00,8231.4,10004.17,9466.3,3
2026-07-19T13:08:51+00:00,8226.36,9999.59,8226.36,4
2026-07-19T13:18:59+00:00,8225.16,9994.96,11927.32,3
2026-07-19T13:29:08+00:00,8219.09,10004.39,6985.85,3
2026-07-19T13:39:16+00:00,8218.28,10000.35,6985.35,3
2026-07-19T13:49:24+00:00,8219.5,10009.77,4520.17,3
2026-07-19T13:59:33+00:00,8219.91,10013.21,4520.95,3
2026-07-19T14:09:40+00:00,8218.09,10019.95,10684.45,2
2026-07-19T14:19:49+00:00,8218.56,10015.83,13150.43,4
2026-07-19T14:29:57+00:00,8218.69,10015.51,13149.91,4
2026-07-19T14:40:06+00:00,8211.95,10027.88,11907.61,3
2026-07-19T14:50:15+00:00,8199.63,10057.19,4508.14,3
2026-07-19T15:00:24+00:00,8190.93,10042.84,8190.93,4
2026-07-19T15:10:32+00:00,8193.38,10031.16,9422.47,3
2026-07-19T15:20:41+00:00,8190.15,10031.48,13105.35,4
2026-07-19T15:30:49+00:00,8195.34,10020.81,13112.54,4
2026-07-19T15:40:58+00:00,8185.09,10036.73,8185.09,2
2026-07-19T15:51:06+00:00,8184.73,10031.27,9412.53,3
2026-07-19T16:01:15+00:00,8182.82,10025.55,10638.58,4
2026-07-19T16:11:23+00:00,8185.06,10015.16,10640.58,4
2026-07-19T16:21:32+00:00,8183.55,10020.22,10638.61,4
2026-07-19T16:31:40+00:00,8182.56,10016.99,10637.33,4
2026-07-19T16:41:48+00:00,8182.77,10008.76,11865.29,3
2026-07-19T16:51:56+00:00,8182.15,10009.35,11864.12,3
2026-07-19T17:02:04+00:00,8197.19,9967.8,11885.93,3
2026-07-19T17:12:13+00:00,8179.16,10015.66,9406.22,3
2026-07-19T17:22:21+00:00,8180.32,10018.79,9407.37,3
2026-07-19T17:32:29+00:00,8175.34,10029.05,3268.3,4
2026-07-19T17:42:38+00:00,8169.53,10017.03,5718.3,4
2026-07-19T18:03:15+00:00,8163.96,9994.32,3264.11,4
2026-07-19T18:13:25+00:00,8160.2,9989.12,6935.9,3
2026-07-19T18:23:35+00:00,8157.66,9975.73,8157.66,2
2026-07-19T18:33:45+00:00,8154.7,9972.23,5707.93,2
2026-07-19T18:43:55+00:00,8154.76,9978.63,4484.84,3
2026-07-19T18:54:05+00:00,8151.22,9971.02,3260.12,4
2026-07-19T19:04:15+00:00,8149.36,9969.51,5704.18,4
2026-07-19T19:14:26+00:00,8154.61,9986.19,5708.23,4
2026-07-19T19:24:35+00:00,8152.62,9985.2,4483.66,3
2026-07-19T19:34:45+00:00,8151.53,9981.94,5705.89,4
2026-07-19T19:44:55+00:00,8149.35,9981.33,5704.54,4
2026-07-19T19:55:05+00:00,8149.69,9981.1,5704.78,4
2026-07-19T20:05:15+00:00,8151.29,10003.18,5705.17,4
2026-07-19T20:15:25+00:00,8152.64,10005.37,5706.85,4
2026-07-19T20:25:35+00:00,8152.62,10005.72,5706.83,4
2026-07-19T20:35:46+00:00,8152.46,10011.18,6929.32,3
2026-07-19T20:45:56+00:00,8152.45,10015.75,5706.53,2
2026-07-19T20:56:06+00:00,8149.34,10011.55,9372.2,3
2026-07-19T21:06:17+00:00,8147.09,10015.64,13036.45,4
2026-07-19T21:16:27+00:00,8148.89,10011.98,13038.22,4
2026-07-19T21:26:37+00:00,8154.06,10001.39,13046.49,4
2026-07-19T21:36:47+00:00,8158.07,9993.24,13052.92,4
2026-07-19T21:46:57+00:00,8162.08,9985.03,13059.33,4
2026-07-19T21:57:07+00:00,8166.57,9974.68,11841.8,5
2026-07-19T22:07:18+00:00,8162.47,9976.04,8162.47,4
2026-07-19T22:17:28+00:00,8155.82,10038.18,2036.65,5
2026-07-19T22:27:39+00:00,8155.19,10041.64,5708.08,6
2026-07-19T22:37:49+00:00,8147.08,10025.17,4480.62,5
2026-07-19T22:58:28+00:00,8146.96,10029.08,6924.73,5
2026-07-19T23:08:39+00:00,8135.96,10013.46,13020.84,4
2026-07-19T23:18:50+00:00,8129.47,10024.23,13007.89,4
2026-07-19T23:29:01+00:00,8128.79,10024.25,13006.8,4
2026-07-19T23:39:11+00:00,8121.88,10033.71,9340.44,3
2026-07-19T23:49:22+00:00,8118.72,10033.09,10554.88,2
2026-07-19T23:59:33+00:00,8114.74,10043.62,8114.74,0
2026-07-20T00:09:44+00:00,8111.7,10063.04,4460.06,5
2026-07-20T00:19:54+00:00,8122.45,10105.65,4466.8,5
2026-07-20T00:30:05+00:00,8106.91,10076.84,3241.66,6
2026-07-20T00:40:16+00:00,8112.09,10089.81,4461.37,5
2026-07-20T00:50:27+00:00,8100.08,10052.74,10531.01,4
2026-07-20T01:00:39+00:00,8101.52,10039.08,11748.03,5
2026-07-20T01:10:49+00:00,8065.59,10111.78,10485.45,6
2026-07-20T01:21:01+00:00,8090.13,10064.88,11730.98,5
2026-07-20T01:31:12+00:00,8075.45,10082.06,10498.63,2
2026-07-20T01:41:24+00:00,8075.01,10075.96,14132.64,5
2026-07-20T01:51:35+00:00,8092.29,10041.5,14161.51,5
2026-07-20T02:01:46+00:00,8082.57,10055.74,8082.57,4
2026-07-20T02:11:58+00:00,8083.39,10076.12,6870.79,5
2026-07-20T02:22:10+00:00,8082.85,10042.64,5657.81,6
2026-07-20T02:32:21+00:00,8080.74,10053.51,5656.52,6
2026-07-20T02:42:33+00:00,8084.98,10075.95,5659.48,6
2026-07-20T02:52:44+00:00,8086.87,10089.55,3234.02,4
2026-07-20T03:02:56+00:00,8085.71,10083.25,807.48,6
2026-07-20T03:13:07+00:00,8081.55,10078.59,4444.04,5
2026-07-20T03:23:18+00:00,8072.98,10061.11,8072.98,6
2026-07-20T03:33:29+00:00,8073.33,10060.88,6862.24,5
2026-07-20T03:54:06+00:00,8071.63,10077.01,2015.18,7
2026-07-20T04:04:16+00:00,8070.82,10062.88,5649.03,8
2026-07-20T04:14:26+00:00,8066.5,10040.62,5646.55,8
2026-07-20T04:24:36+00:00,8058.57,10038.57,10477.23,4
2026-07-20T04:34:45+00:00,8052.55,10058.42,8052.55,8
2026-07-20T04:44:55+00:00,8049.07,10062.43,4426.17,7
2026-07-20T04:55:04+00:00,8039.84,10029.99,5626.98,8
2026-07-20T05:05:14+00:00,8037.44,10006.14,9243.51,7
2026-07-20T05:12:31+00:00,8039.84,9956.35,14071.54,7
2026-07-20T05:25:32+00:00,8029.84,9967.42,10439.34,6
2026-07-20T05:35:42+00:00,8028.13,9970.71,10436.94,4
2026-07-20T05:45:52+00:00,8029.4,9968.97,6824.72,7
2026-07-20T05:56:02+00:00,8024.84,9951.84,9228.74,5
2026-07-20T06:06:13+00:00,8017.76,9950.6,9220.97,5
2026-07-20T06:16:23+00:00,8016.74,9966.56,9219.61,7
2026-07-20T06:26:33+00:00,8017.2,9960.37,9219.78,7
2026-07-20T06:36:43+00:00,8008.32,9930.93,10411.36,8
2026-07-20T06:46:54+00:00,8004.78,9926.95,12809.81,4
2026-07-20T06:57:04+00:00,7999.03,9932.27,13999.66,7
2026-07-20T07:07:14+00:00,7997.58,9935.36,10397.76,8
2026-07-20T07:17:24+00:00,7994.16,9928.32,12792.09,8
2026-07-20T07:27:34+00:00,7980.92,9961.8,11573.69,7
2026-07-20T07:37:44+00:00,7978.5,9961.0,5584.05,6
2026-07-20T07:47:54+00:00,7976.71,9973.93,795.51,6
2026-07-20T07:58:04+00:00,7983.24,9986.66,797.24,6
2026-07-20T08:08:14+00:00,7978.28,9978.9,9175.65,9
2026-07-20T08:18:24+00:00,7971.52,9992.29,9167.42,7
2026-07-20T08:28:33+00:00,7972.18,9989.8,11560.2,9
2026-07-20T08:49:11+00:00,7985.79,9966.98,11579.4,9
2026-07-20T08:59:21+00:00,7986.49,9963.83,11580.95,7
2026-07-20T09:09:31+00:00,7984.57,9965.19,13975.7,9
2026-07-20T09:19:41+00:00,7977.26,9979.77,12765.42,8
2026-07-20T09:29:52+00:00,7974.86,9995.17,10367.67,8
2026-07-20T09:40:02+00:00,7974.08,10002.31,4384.4,7
2026-07-20T09:50:11+00:00,7972.96,10002.79,6776.84,5
2026-07-20T10:00:21+00:00,7965.93,9993.86,9161.54,5
2026-07-20T10:10:31+00:00,7962.66,9997.24,7962.66,4
2026-07-20T10:20:41+00:00,7961.92,10000.25,9156.3,5
2026-07-20T10:30:51+00:00,7958.08,10014.27,4375.33,3
2026-07-20T10:41:01+00:00,7953.08,10006.46,6759.58,5
2026-07-20T10:51:11+00:00,7950.33,10014.36,3179.06,4
2026-07-20T11:01:21+00:00,7946.75,10010.37,5562.01,4
2026-07-20T11:11:32+00:00,7949.3,10030.95,5564.15,6
2026-07-20T11:21:42+00:00,7942.54,10020.29,6751.07,5
2026-07-20T11:31:52+00:00,7944.52,10048.89,3176.02,6
2026-07-20T11:42:02+00:00,7967.47,10105.59,795.66,6
2026-07-20T11:52:12+00:00,7971.82,10115.9,1992.5,5
2026-07-20T12:02:23+00:00,7964.81,10108.52,6769.73,5
2026-07-20T12:12:34+00:00,7949.77,10074.77,12721.42,6
2026-07-20T12:22:44+00:00,7949.94,10072.29,13912.84,5
2026-07-20T12:32:54+00:00,7955.32,10062.33,13921.82,5
2026-07-20T12:43:04+00:00,7954.9,10057.12,11535.14,5
2026-07-20T12:53:14+00:00,7953.05,10060.83,10339.5,6
2026-07-20T13:03:24+00:00,7947.76,10056.02,7947.76,4
2026-07-20T13:13:35+00:00,7943.94,10057.03,9135.62,3
2026-07-20T13:23:46+00:00,7945.22,10052.72,11521.11,5
2026-07-20T13:44:21+00:00,10320.95,10065.99,7223.34,8
2026-07-20T13:54:32+00:00,10300.77,10012.77,16484.02,8
2026-07-20T14:04:42+00:00,10304.77,10003.46,13396.67,8
2026-07-20T14:14:52+00:00,10303.86,9983.8,22674.05,8
2026-07-20T14:25:03+00:00,10304.0,9993.03,21124.01,7
2026-07-20T14:35:13+00:00,10289.35,10010.07,14920.96,7
2026-07-20T14:45:23+00:00,10281.68,10003.6,7196.01,4
2026-07-20T14:55:34+00:00,10276.17,9994.64,11817.95,5
2026-07-20T15:05:44+00:00,10265.64,10040.06,10265.64,8
2026-07-20T15:15:54+00:00,10277.81,10104.12,5650.36,5
2026-07-20T15:26:04+00:00,10273.41,10101.0,-516.91,9
2026-07-20T15:36:15+00:00,10263.83,10090.98,2564.8,7
2026-07-20T15:46:25+00:00,10287.45,10155.85,-3604.79,9
2026-07-20T15:56:36+00:00,10314.85,10189.37,-2063.9,8
2026-07-20T16:06:47+00:00,10297.87,10169.1,2572.73,7
2026-07-20T16:16:58+00:00,10303.11,10195.1,2574.61,7
2026-07-20T16:27:09+00:00,10292.41,10173.1,14926.77,5
2026-07-20T16:37:19+00:00,10292.57,10177.06,18014.32,7
2026-07-20T16:47:29+00:00,10284.29,10190.68,21084.42,9
2026-07-20T16:57:41+00:00,10298.08,10176.15,21111.08,9
2026-07-20T17:07:52+00:00,10288.73,10191.82,11832.74,7
2026-07-20T17:18:02+00:00,10285.67,10178.17,11828.99,7
2026-07-20T17:28:13+00:00,10283.92,10175.66,7198.05,8
2026-07-20T17:38:23+00:00,10279.39,10172.48,8736.9,3
2026-07-20T17:48:35+00:00,10278.77,10169.7,8736.72,5
2026-07-20T17:58:45+00:00,10272.61,10202.97,2563.52,7
2026-07-20T18:08:55+00:00,10283.53,10220.48,1026.26,8
2026-07-20T18:19:05+00:00,10295.31,10236.92,1029.53,8
2026-07-20T18:39:43+00:00,10270.28,10207.72,10270.28,6
2026-07-20T18:49:54+00:00,10266.3,10184.2,11806.6,7
2026-07-20T19:00:05+00:00,10263.25,10173.74,16424.44,6
2026-07-20T19:10:16+00:00,10267.64,10173.13,11808.13,7
2026-07-20T19:20:28+00:00,10269.88,10164.08,7188.22,8
2026-07-20T19:30:40+00:00,10275.03,10158.35,8733.43,7
2026-07-20T19:40:51+00:00,10262.25,10169.57,4102.58,6
2026-07-20T19:51:02+00:00,10255.24,10174.47,5639.34,7
2026-07-20T20:01:14+00:00,10246.97,10172.08,13323.14,6
2026-07-20T20:11:25+00:00,10245.2,10169.86,14856.58,7
2026-07-20T20:21:36+00:00,10248.45,10186.38,14860.95,9
2026-07-20T20:31:47+00:00,10249.64,10192.15,7173.6,4
2026-07-20T20:41:59+00:00,10246.69,10197.63,7172.22,4
2026-07-20T20:52:11+00:00,10241.32,10191.3,8704.55,5
2026-07-20T21:02:22+00:00,10236.78,10194.9,10236.78,4
2026-07-20T21:12:33+00:00,10234.99,10206.89,8699.63,3
2026-07-20T21:22:45+00:00,10235.81,10208.88,8700.21,5
2026-07-20T21:32:57+00:00,10229.87,10210.03,8694.93,3
2026-07-20T21:43:09+00:00,10228.76,10209.06,13298.08,4
2026-07-20T21:53:21+00:00,10226.55,10193.26,14829.53,5
2026-07-20T22:03:32+00:00,10227.92,10170.75,17900.01,5
2026-07-20T22:13:44+00:00,10223.57,10174.9,14824.87,5
2026-07-20T22:23:55+00:00,10225.01,10168.45,17894.91,5
2026-07-20T22:34:07+00:00,10226.75,10163.04,14829.48,5
2026-07-20T22:44:22+00:00,10232.33,10146.78,19443.51,6
2026-07-20T22:54:33+00:00,10229.11,10150.19,16367.5,4
2026-07-20T23:04:45+00:00,10222.7,10157.26,7154.51,4
2026-07-20T23:14:56+00:00,10220.63,10162.19,4087.33,6
2026-07-20T23:35:34+00:00,10232.4,10183.14,2557.52,5
2026-07-20T23:45:45+00:00,10230.05,10180.4,1022.31,6
2026-07-20T23:55:57+00:00,10232.59,10185.22,1023.26,6
2026-07-21T00:06:07+00:00,10228.86,10180.59,4090.62,6
2026-07-21T00:16:18+00:00,10225.87,10175.64,7157.65,4
2026-07-21T00:26:28+00:00,10224.81,10202.93,5621.92,5
2026-07-21T00:36:39+00:00,10228.6,10209.5,4090.98,6
2026-07-21T00:46:50+00:00,10247.22,10238.19,4098.89,6
2026-07-21T00:57:01+00:00,10243.66,10233.02,1022.98,6
2026-07-21T01:07:12+00:00,10244.78,10237.52,5633.59,5
2026-07-21T01:17:23+00:00,10240.83,10227.18,11777.42,5
2026-07-21T01:27:34+00:00,10245.08,10218.56,13318.83,6
2026-07-21T01:37:44+00:00,10238.99,10224.87,13311.14,4
2026-07-21T01:47:55+00:00,10237.22,10208.67,14845.69,5
2026-07-21T01:58:06+00:00,10244.54,10192.42,13318.59,4
2026-07-21T02:08:17+00:00,10236.6,10211.0,11772.66,5
2026-07-21T02:18:29+00:00,10234.51,10184.13,16377.53,4
2026-07-21T02:28:40+00:00,10228.29,10190.3,10228.29,4
2026-07-21T02:38:51+00:00,10230.12,10215.79,10230.12,6
2026-07-21T02:49:02+00:00,10231.6,10209.76,7161.66,4
2026-07-21T02:59:13+00:00,10236.53,10232.91,5629.75,5
2026-07-21T03:09:24+00:00,10257.11,10269.1,8718.31,5
2026-07-21T03:19:35+00:00,10249.75,10253.43,7174.6,4
2026-07-21T03:29:46+00:00,10249.72,10261.77,8711.92,3
2026-07-21T03:39:57+00:00,10246.21,10268.0,10246.21,6
2026-07-21T03:50:08+00:00,10243.16,10265.09,7169.29,8
2026-07-21T04:00:19+00:00,10235.36,10272.84,11771.47,9
2026-07-21T04:10:30+00:00,10233.64,10279.78,13303.97,8
2026-07-21T04:31:08+00:00,10238.52,10251.93,13311.47,8
2026-07-21T04:41:18+00:00,10231.03,10255.18,14836.04,7
2026-07-21T04:51:27+00:00,10227.97,10259.39,19435.22,8
2026-07-21T05:01:37+00:00,10220.16,10265.79,7152.27,8
2026-07-21T05:11:48+00:00,10230.35,10282.57,4091.21,8
2026-07-21T05:21:57+00:00,10228.08,10277.28,4091.23,8
2026-07-21T05:32:07+00:00,10234.48,10289.89,2558.04,9
2026-07-21T05:42:17+00:00,10233.91,10288.54,4092.18,6
2026-07-21T05:52:26+00:00,10242.36,10310.55,1021.47,8
2026-07-21T06:02:36+00:00,10243.56,10318.6,7169.57,8
2026-07-21T06:12:46+00:00,10235.96,10303.73,8700.45,7
2026-07-21T06:22:56+00:00,10237.1,10310.94,16382.59,8
2026-07-21T06:33:06+00:00,10225.44,10331.8,8691.04,5
2026-07-21T06:43:17+00:00,10218.66,10338.99,2551.21,9
2026-07-21T06:53:27+00:00,10206.69,10325.08,5611.61,7
2026-07-21T07:03:36+00:00,10203.97,10334.84,4079.29,6
2026-07-21T07:13:47+00:00,10200.42,10330.95,5609.89,5
2026-07-21T07:23:58+00:00,10192.09,10324.89,5603.58,9
2026-07-21T07:34:09+00:00,10193.77,10332.18,11723.3,7
2026-07-21T07:44:19+00:00,10191.09,10327.23,13249.11,6
2026-07-21T07:54:29+00:00,10193.35,10347.35,8663.77,7
2026-07-21T08:04:39+00:00,10190.63,10348.02,5604.15,7
2026-07-21T08:14:49+00:00,10182.6,10346.92,1014.82,8
2026-07-21T08:24:58+00:00,10186.19,10359.78,2544.82,7
2026-07-21T08:35:08+00:00,10172.46,10342.39,14752.82,7
2026-07-21T08:45:18+00:00,10166.03,10349.15,14742.8,5
2026-07-21T08:55:28+00:00,10161.32,10337.27,19308.57,6
2026-07-21T09:05:37+00:00,10156.05,10326.67,13204.69,6
2026-07-21T09:26:19+00:00,10149.43,10335.36,10149.43,6
2026-07-21T09:36:31+00:00,10148.36,10349.03,5580.57,9
2026-07-21T09:46:42+00:00,10146.54,10349.73,5579.91,7
2026-07-21T09:56:54+00:00,10144.73,10354.33,4057.43,6
2026-07-21T10:07:05+00:00,10137.94,10353.62,7095.19,6
2026-07-21T10:17:17+00:00,10137.89,10353.28,5574.81,5
2026-07-21T10:27:28+00:00,10137.34,10347.46,5575.54,5
2026-07-21T10:37:39+00:00,10134.61,10345.85,7094.0,4
2026-07-21T10:47:51+00:00,10130.3,10337.43,11650.41,5
2026-07-21T10:58:02+00:00,10129.11,10314.42,17728.23,5
2026-07-21T11:08:14+00:00,10130.84,10310.58,19249.27,6
2026-07-21T11:18:25+00:00,10129.7,10313.16,16208.43,4
2026-07-21T11:28:36+00:00,10127.42,10310.43,11646.87,5
2026-07-21T11:38:48+00:00,10122.54,10332.3,4046.73,6
2026-07-21T11:49:00+00:00,10126.44,10343.24,2529.9,5
2026-07-21T11:59:11+00:00,10119.46,10340.05,10119.46,4
2026-07-21T12:09:23+00:00,10116.6,10341.61,16188.39,6
2026-07-21T12:19:35+00:00,10115.12,10361.69,14667.26,5
2026-07-21T12:29:47+00:00,10110.06,10357.35,11627.02,5
2026-07-21T12:39:59+00:00,10103.13,10378.85,7071.51,4
2026-07-21T12:50:11+00:00,10093.93,10370.87,10093.93,4
2026-07-21T13:00:23+00:00,10087.71,10375.49,14628.88,3
2026-07-21T13:10:35+00:00,10083.82,10384.29,16134.57,4
2026-07-21T13:20:47+00:00,10087.81,10370.43,14628.35,5
2026-07-21T13:30:59+00:00,10085.75,10364.41,17653.48,9
2026-07-21T13:41:11+00:00,10094.4,10339.59,17665.22,9
2026-07-21T13:51:24+00:00,10082.94,10374.99,16133.17,8
2026-07-21T14:01:36+00:00,10072.0,10376.81,10072.0,6
2026-07-21T14:22:27+00:00,11592.53,10368.69,2895.27,7
2026-07-21T14:32:39+00:00,11601.22,10376.68,6379.1,9
2026-07-21T14:42:51+00:00,11602.16,10366.32,9861.58,7
2026-07-21T14:53:02+00:00,11600.43,10388.76,4637.56,6
2026-07-21T15:03:14+00:00,11577.35,10355.94,6364.81,7
2026-07-21T15:13:27+00:00,11579.07,10370.65,1153.99,6
2026-07-21T15:23:38+00:00,11581.71,10377.24,-4057.12,9
2026-07-21T15:33:51+00:00,11556.56,10340.58,-4044.82,9
2026-07-21T15:44:03+00:00,11571.09,10358.38,2890.17,5
2026-07-21T15:54:15+00:00,11577.81,10383.25,2893.15,7
2026-07-21T16:04:27+00:00,11583.63,10399.09,1156.01,6
2026-07-21T16:14:39+00:00,11574.83,10380.1,-579.66,7
2026-07-21T16:24:51+00:00,11557.84,10363.82,6355.25,3
2026-07-21T16:35:02+00:00,11553.83,10363.05,11553.83,2
2026-07-21T16:45:14+00:00,11551.09,10357.5,11551.09,6
2026-07-21T16:55:27+00:00,11550.63,10371.25,4617.13,8
2026-07-21T17:05:40+00:00,11532.59,10358.47,18456.3,6
2026-07-21T17:15:52+00:00,11531.31,10356.79,20181.74,7
2026-07-21T17:26:04+00:00,11524.86,10362.05,20171.11,7
2026-07-21T17:36:16+00:00,11520.79,10361.68,16706.7,5
2026-07-21T17:46:27+00:00,11514.15,10373.62,18425.23,8
2026-07-21T17:56:39+00:00,11526.93,10339.24,18444.14,6
2026-07-21T18:06:51+00:00,11512.5,10355.25,14967.8,8
2026-07-21T18:17:04+00:00,11515.97,10355.91,13243.75,7
2026-07-21T18:27:16+00:00,11511.73,10348.0,16693.56,9
2026-07-21T18:37:28+00:00,11512.75,10352.02,14966.83,8
2026-07-21T18:47:40+00:00,11502.92,10348.36,8050.49,6
2026-07-21T18:57:52+00:00,11498.22,10347.86,6322.86,7
2026-07-21T19:18:30+00:00,11492.87,10358.4,9767.9,9
2026-07-21T19:28:42+00:00,11490.78,10370.24,11490.78,4
2026-07-21T19:38:55+00:00,11481.5,10373.61,2865.85,7
2026-07-21T19:49:07+00:00,11475.1,10370.6,8031.8,4
2026-07-21T19:59:19+00:00,11467.17,10359.07,13187.63,5
2026-07-21T20:09:31+00:00,11458.7,10354.41,20056.59,5
2026-07-21T20:19:43+00:00,11459.56,10348.84,20056.8,7
2026-07-21T20:29:54+00:00,11460.65,10343.44,18338.59,4
2026-07-21T20:40:06+00:00,11455.93,10351.87,11455.93,4
2026-07-21T20:50:18+00:00,11450.09,10346.65,9732.19,5
2026-07-21T21:00:31+00:00,11445.85,10329.05,18315.93,6
2026-07-21T21:10:43+00:00,11446.38,10335.74,16597.64,5
2026-07-21T21:20:55+00:00,11446.11,10338.85,18314.29,6
2026-07-21T21:31:07+00:00,11440.99,10339.29,9724.2,5
2026-07-21T21:41:19+00:00,11444.73,10343.63,9728.02,5
2026-07-21T21:51:31+00:00,11438.84,10344.77,9722.76,3
2026-07-21T22:01:43+00:00,11436.24,10324.76,13151.93,3
2026-07-21T22:11:55+00:00,11435.63,10330.26,13151.23,5
2026-07-21T22:22:07+00:00,11435.01,10321.35,13150.52,5
2026-07-21T22:32:19+00:00,11432.76,10328.01,11432.76,4
2026-07-21T22:42:32+00:00,11432.91,10325.77,11432.91,4
2026-07-21T22:52:45+00:00,11437.52,10316.85,9721.76,5
2026-07-21T23:02:57+00:00,11433.46,10304.87,14864.27,6
2026-07-21T23:13:09+00:00,11433.75,10306.97,14863.88,6
2026-07-21T23:23:21+00:00,11432.39,10308.12,14862.62,4
2026-07-21T23:33:32+00:00,11426.31,10324.28,6282.54,5
2026-07-21T23:43:44+00:00,11422.59,10331.61,2854.36,5
2026-07-21T23:53:56+00:00,11428.71,10349.04,4569.94,6
2026-07-22T00:14:41+00:00,11453.18,10388.5,2862.65,5
2026-07-22T00:24:56+00:00,11449.8,10384.11,1144.21,6
2026-07-22T00:35:09+00:00,11454.55,10388.01,1145.45,6
2026-07-22T00:45:22+00:00,11451.8,10391.07,4579.69,4
2026-07-22T00:55:37+00:00,11444.76,10381.92,6293.46,5
2026-07-22T01:05:52+00:00,11433.1,10376.83,18297.6,4
2026-07-22T01:16:06+00:00,11428.77,10362.71,14858.43,6
2026-07-22T01:26:19+00:00,11435.71,10352.68,16582.17,5
2026-07-22T01:36:33+00:00,11429.31,10359.15,18287.42,6
2026-07-22T01:46:47+00:00,11426.22,10363.68,16568.4,5
2026-07-22T01:57:00+00:00,11428.8,10359.1,16572.53,5
2026-07-22T02:07:13+00:00,11424.16,10358.73,9710.02,5
2026-07-22T02:17:26+00:00,11417.04,10375.21,6277.83,5
2026-07-22T02:27:39+00:00,11409.76,10364.27,7986.58,4
2026-07-22T02:37:52+00:00,11401.28,10339.22,13112.12,5
2026-07-22T02:48:05+00:00,11394.96,10352.4,13104.21,5
2026-07-22T02:58:18+00:00,11403.47,10335.44,13114.25,3
2026-07-22T03:08:32+00:00,11401.97,10333.03,11401.97,4
2026-07-22T03:18:46+00:00,11398.23,10323.62,11398.23,4
2026-07-22T03:28:59+00:00,11395.62,10339.73,6266.43,5
2026-07-22T03:39:12+00:00,11388.07,10329.21,9679.34,5
2026-07-22T03:49:25+00:00,11390.01,10347.78,13099.28,7
2026-07-22T03:59:39+00:00,11373.96,10318.67,21614.36,6
2026-07-22T04:09:52+00:00,11377.83,10337.87,16499.78,9
2026-07-22T04:20:05+00:00,11388.44,10342.37,18222.03,8
2026-07-22T04:30:18+00:00,11383.99,10349.34,16507.18,7
2026-07-22T04:40:33+00:00,11381.43,10346.61,13089.16,9
2026-07-22T04:50:46+00:00,11384.17,10344.2,14800.19,6
2026-07-22T05:11:27+00:00,11380.76,10334.4,19918.25,9
2026-07-22T05:21:40+00:00,11387.71,10293.75,18221.88,6
2026-07-22T05:31:52+00:00,11381.71,10282.38,19921.2,5
2026-07-22T05:42:04+00:00,11375.37,10275.56,14789.77,8
2026-07-22T05:52:17+00:00,11368.91,10282.6,13074.64,7
2026-07-22T06:02:30+00:00,11366.26,10263.22,7954.59,8
2026-07-22T06:12:42+00:00,11365.97,10265.73,7956.18,8
2026-07-22T06:22:55+00:00,11359.47,10242.97,11359.47,6
2026-07-22T06:33:08+00:00,11353.73,10250.45,16464.83,7
2026-07-22T06:43:20+00:00,11352.64,10260.71,13056.05,5
2026-07-22T06:53:33+00:00,11348.72,10253.54,14754.11,8
2026-07-22T07:03:45+00:00,11351.7,10258.85,18164.77,6
2026-07-22T07:13:58+00:00,11348.96,10257.39,14754.16,6
2026-07-22T07:24:10+00:00,11347.87,10252.92,13050.69,9
2026-07-22T07:34:25+00:00,11339.06,10243.8,7936.07,8
2026-07-22T07:44:37+00:00,11338.87,10236.37,13040.08,7
2026-07-22T07:54:49+00:00,11327.03,10239.75,19824.85,7
2026-07-22T08:05:02+00:00,11302.58,10258.37,12999.5,7
2026-07-22T08:15:15+00:00,11306.3,10268.47,9610.1,7
2026-07-22T08:25:27+00:00,11297.91,10280.74,1124.44,6
2026-07-22T08:35:40+00:00,11291.18,10282.34,2819.62,7
2026-07-22T08:45:52+00:00,11282.15,10271.41,7896.74,6
2026-07-22T08:56:05+00:00,11276.69,10273.67,12968.83,5
2026-07-22T09:06:18+00:00,11271.5,10277.03,9580.02,7
2026-07-22T09:16:31+00:00,11266.15,10278.55,14646.76,6
2026-07-22T09:26:44+00:00,11257.75,10286.37,9568.45,5
2026-07-22T09:36:56+00:00,11259.86,10264.53,11259.86,6
2026-07-22T09:47:09+00:00,11255.35,10269.98,12944.03,5
2026-07-22T10:07:48+00:00,11246.24,10278.85,14621.37,8
2026-07-22T10:18:01+00:00,11240.99,10277.65,12927.77,5
2026-07-22T10:28:13+00:00,11243.25,10295.78,7869.01,8
2026-07-22T10:38:26+00:00,11237.17,10294.92,4491.83,4
2026-07-22T10:48:39+00:00,11236.72,10308.15,2807.28,5
2026-07-22T10:58:51+00:00,11233.71,10305.84,6177.78,3
2026-07-22T11:09:04+00:00,11229.32,10303.16,12914.22,5
2026-07-22T11:19:17+00:00,11223.93,10296.8,14592.37,4
2026-07-22T11:29:30+00:00,11221.26,10305.16,11221.26,4
2026-07-22T11:39:42+00:00,11218.37,10304.67,9535.23,5
2026-07-22T11:49:55+00:00,11213.77,10302.75,9531.2,3
2026-07-22T12:00:08+00:00,11209.46,10297.96,19620.33,5
2026-07-22T12:10:22+00:00,11218.16,10278.36,14584.37,6
2026-07-22T12:20:35+00:00,11221.21,10274.84,14587.58,6
2026-07-22T12:30:48+00:00,11227.31,10268.66,14595.51,6
2026-07-22T12:41:01+00:00,11227.63,10270.39,14595.92,6
2026-07-22T12:51:14+00:00,11232.84,10257.11,16288.0,5
2026-07-22T13:01:27+00:00,11230.81,10248.13,11230.81,0
2026-07-22T13:11:48+00:00,11230.81,10260.89,11230.81,0
2026-07-22T13:22:09+00:00,11230.81,10258.47,11230.81,0
2026-07-22T13:32:30+00:00,11230.81,10268.67,11230.81,0
2026-07-22T13:42:52+00:00,11230.81,10316.09,11230.81,0
2026-07-22T13:53:13+00:00,11230.81,10318.04,11230.81,0
2026-07-22T14:03:34+00:00,11230.81,10335.44,11230.81,0
2026-07-22T14:13:55+00:00,11230.81,10350.12,11230.81,0
2026-07-22T14:24:17+00:00,11230.81,10295.14,11230.81,0
2026-07-22T14:34:38+00:00,11230.81,10298.3,11230.81,0
2026-07-22T14:44:59+00:00,11230.81,10290.65,11230.81,0
2026-07-22T15:06:02+00:00,11230.81,10344.45,11230.81,0
2026-07-22T15:16:27+00:00,11230.81,10363.75,11230.81,0
2026-07-22T15:26:49+00:00,11230.81,10403.79,11230.81,0
2026-07-22T15:37:12+00:00,11230.81,10381.99,11230.81,0
2026-07-22T15:47:35+00:00,11230.81,10381.65,11230.81,0
2026-07-22T15:57:57+00:00,11230.81,10374.75,11230.81,0
2026-07-22T16:08:20+00:00,11230.81,10385.13,11230.81,0
2026-07-22T16:18:43+00:00,11230.81,10363.25,11230.81,0
2026-07-22T16:29:06+00:00,11230.81,10356.68,11230.81,0
2026-07-22T16:39:28+00:00,11230.81,10434.6,11230.81,0
2026-07-22T16:49:51+00:00,11230.81,10396.49,11230.81,0
2026-07-22T17:00:15+00:00,11230.81,10404.21,11230.81,0
2026-07-22T17:10:38+00:00,11230.81,10399.11,11230.81,0
2026-07-22T17:21:01+00:00,11230.81,10374.7,11230.81,0
2026-07-22T17:31:24+00:00,11230.81,10365.65,11230.81,0
2026-07-22T17:41:47+00:00,11230.81,10376.41,11230.81,0
2026-07-22T17:52:09+00:00,11230.81,10380.94,11230.81,0
2026-07-22T18:02:32+00:00,11230.81,10353.76,11230.81,0
2026-07-22T18:12:55+00:00,11230.81,10338.93,11230.81,0
2026-07-22T18:23:18+00:00,11230.81,10325.27,11230.81,0
2026-07-22T18:33:40+00:00,11230.81,10298.92,11230.81,0
2026-07-22T18:44:03+00:00,11230.81,10289.36,11230.81,0
2026-07-22T18:54:26+00:00,11230.81,10311.77,11230.81,0
2026-07-22T19:04:55+00:00,11230.81,10309.72,11230.81,0
2026-07-22T19:15:18+00:00,11230.81,10278.49,11230.81,0
2026-07-22T19:25:40+00:00,11230.81,10293.86,11230.81,0
2026-07-22T19:36:03+00:00,11230.81,10302.82,11230.81,0
2026-07-22T19:57:07+00:00,11230.81,10293.55,11230.81,0
2026-07-22T20:07:29+00:00,11230.81,10287.38,11230.81,0
2026-07-22T20:17:50+00:00,11230.81,10301.47,11230.81,0
2026-07-22T20:28:11+00:00,11230.81,10300.32,11230.81,0
2026-07-22T20:38:33+00:00,11230.81,10302.2,11230.81,0
2026-07-22T20:48:55+00:00,11230.81,10299.77,11230.81,0
2026-07-22T20:59:16+00:00,11230.81,10301.39,11230.81,0
2026-07-22T21:09:38+00:00,11230.81,10307.8,11230.81,0
2026-07-22T21:19:59+00:00,11230.81,10300.79,11230.81,0
2026-07-22T21:30:21+00:00,11230.81,10303.39,11230.81,0
2026-07-22T21:40:42+00:00,11230.81,10336.39,11230.81,0
2026-07-22T21:51:04+00:00,11230.81,10338.1,11230.81,0
2026-07-22T22:01:25+00:00,11230.81,10333.63,11230.81,0
2026-07-22T22:11:47+00:00,11230.81,10333.7,11230.81,0
2026-07-22T22:22:09+00:00,11230.81,10320.5,11230.81,0
2026-07-22T22:32:31+00:00,11230.81,10332.5,11230.81,0
2026-07-22T22:42:52+00:00,11230.81,10314.18,11230.81,0
2026-07-22T22:53:14+00:00,11230.81,10333.04,11230.81,0
2026-07-22T23:03:36+00:00,11230.81,10327.14,11230.81,0
2026-07-22T23:13:57+00:00,11230.81,10297.69,11230.81,0
2026-07-22T23:24:19+00:00,11230.81,10303.81,11230.81,0
2026-07-22T23:34:41+00:00,11230.81,10307.85,11230.81,0
2026-07-22T23:45:03+00:00,11230.81,10312.08,11230.81,0
2026-07-22T23:55:24+00:00,11230.81,10327.48,11230.81,0
2026-07-23T00:05:46+00:00,11230.81,10344.46,11230.81,0
2026-07-23T00:16:08+00:00,11230.81,10345.19,11230.81,0
2026-07-23T00:26:30+00:00,11230.81,10371.13,11230.81,0
2026-07-23T00:47:26+00:00,11230.81,10355.49,11230.81,0
2026-07-23T00:57:46+00:00,11230.81,10335.81,11230.81,0
2026-07-23T01:08:06+00:00,11230.81,10349.02,11230.81,0
2026-07-23T01:18:25+00:00,11230.81,10320.02,11230.81,0
2026-07-23T01:28:45+00:00,11230.81,10327.6,11230.81,0
2026-07-23T01:39:04+00:00,11230.81,10298.78,11230.81,0
2026-07-23T01:49:24+00:00,11230.81,10308.61,11230.81,0
2026-07-23T01:59:43+00:00,11230.81,10307.29,11230.81,0
2026-07-23T02:10:04+00:00,11230.81,10298.51,11230.81,0
2026-07-23T02:20:25+00:00,11230.81,10290.16,11230.81,0
2026-07-23T02:30:45+00:00,11230.81,10278.27,11230.81,0
2026-07-23T02:41:05+00:00,11230.81,10278.86,11230.81,0
2026-07-23T02:51:25+00:00,11230.81,10289.13,11230.81,0
2026-07-23T03:01:45+00:00,11230.81,10293.05,11230.81,0
2026-07-23T03:12:06+00:00,11230.81,10267.35,11230.81,0
2026-07-23T03:22:26+00:00,11230.81,10274.43,11230.81,0
2026-07-23T03:32:46+00:00,11230.81,10274.26,11230.81,0
2026-07-23T03:43:06+00:00,11230.81,10272.62,11230.81,0
2026-07-23T03:53:26+00:00,11230.81,10267.91,11230.81,0
2026-07-23T04:03:46+00:00,11230.81,10264.79,11230.81,0
2026-07-23T04:14:06+00:00,11230.81,10271.41,11230.81,0
2026-07-23T04:24:26+00:00,11230.81,10284.7,11230.81,0
2026-07-23T04:34:50+00:00,11230.81,10281.22,11230.81,0
2026-07-23T04:45:11+00:00,11230.81,10271.36,11230.81,0
2026-07-23T04:55:31+00:00,11230.81,10261.75,11230.81,0
2026-07-23T05:05:52+00:00,11230.81,10264.55,11230.81,0
2026-07-23T05:16:13+00:00,11230.81,10261.58,11230.81,0
2026-07-23T05:26:34+00:00,11230.81,10274.46,11230.81,0
2026-07-23T05:47:35+00:00,11230.81,10285.15,11230.81,0
2026-07-23T05:57:59+00:00,11230.81,10271.8,11230.81,0
2026-07-23T06:08:22+00:00,11230.81,10265.51,11230.81,0
2026-07-23T06:18:45+00:00,11230.81,10272.73,11230.81,0
2026-07-23T06:29:08+00:00,11230.81,10275.92,11230.81,0
2026-07-23T06:39:32+00:00,11230.81,10278.02,11230.81,0
2026-07-23T06:49:55+00:00,11230.81,10285.66,11230.81,0
2026-07-23T07:00:19+00:00,11230.81,10278.97,11230.81,0
2026-07-23T07:10:42+00:00,11230.81,10262.48,11230.81,0
2026-07-23T07:21:05+00:00,11230.81,10234.15,11230.81,0
2026-07-23T07:31:29+00:00,11230.81,10236.5,11230.81,0
2026-07-23T07:41:52+00:00,11230.81,10232.6,11230.81,0
2026-07-23T07:52:16+00:00,11230.81,10227.85,11230.81,0
2026-07-23T08:02:41+00:00,11230.81,10232.76,11230.81,0
2026-07-23T08:13:05+00:00,11230.81,10256.11,11230.81,0
2026-07-23T08:23:29+00:00,11230.81,10253.6,11230.81,0
2026-07-23T08:33:53+00:00,11230.81,10266.7,11230.81,0
2026-07-23T08:44:17+00:00,11230.81,10274.02,11230.81,0
2026-07-23T08:54:41+00:00,11230.81,10269.85,11230.81,0
2026-07-23T09:05:06+00:00,11230.81,10287.62,11230.81,0
2026-07-23T09:15:30+00:00,11230.81,10282.47,11230.81,0
2026-07-23T09:25:55+00:00,11230.81,10283.59,11230.81,0
2026-07-23T09:36:19+00:00,11230.81,10281.73,11230.81,0
2026-07-23T09:46:43+00:00,11230.81,10285.75,11230.81,0
2026-07-23T09:57:08+00:00,11230.81,10273.68,11230.81,0
2026-07-23T10:07:32+00:00,11230.81,10269.98,11230.81,0
2026-07-23T10:17:57+00:00,11230.81,10276.48,11230.81,0
2026-07-23T10:39:05+00:00,11230.81,10296.06,11230.81,0
2026-07-23T10:49:31+00:00,11230.81,10293.49,11230.81,0
2026-07-23T10:59:57+00:00,11230.81,10288.28,11230.81,0
2026-07-23T11:10:23+00:00,11230.81,10282.75,11230.81,0
2026-07-23T11:20:49+00:00,11230.81,10288.14,11230.81,0
2026-07-23T11:31:15+00:00,11230.81,10276.97,11230.81,0
2026-07-23T11:41:41+00:00,11230.81,10269.45,11230.81,0
2026-07-23T11:52:08+00:00,11230.81,10270.62,11230.81,0
2026-07-23T12:02:34+00:00,11230.81,10267.56,11230.81,0
2026-07-23T12:12:59+00:00,11230.81,10262.61,11230.81,0
2026-07-23T12:23:25+00:00,11230.81,10258.57,11230.81,0
2026-07-23T12:33:51+00:00,11230.81,10220.68,11230.81,0
2026-07-23T12:44:18+00:00,11230.81,10176.55,11230.81,0
2026-07-23T12:51:04+00:00,11230.81,10179.65,11230.81,0
2026-07-23T13:01:32+00:00,11230.81,10175.9,11230.81,0
2026-07-23T13:12:00+00:00,11230.81,10147.56,11230.81,0
2026-07-23T13:22:30+00:00,11230.81,10147.72,11230.81,0
2026-07-23T13:32:59+00:00,11230.81,10162.76,11230.81,0
2026-07-23T13:43:27+00:00,11230.81,10164.32,11230.81,0
2026-07-23T13:53:55+00:00,11230.81,10158.09,11230.81,0
2026-07-23T14:04:23+00:00,11230.81,10137.09,11230.81,0
2026-07-23T14:14:51+00:00,11230.81,10145.65,11230.81,0
2026-07-23T14:25:19+00:00,11230.81,10146.93,11230.81,0
2026-07-23T14:35:47+00:00,11230.81,10139.64,11230.81,0
2026-07-23T14:46:16+00:00,11230.81,10138.15,11230.81,0
2026-07-23T14:56:44+00:00,11230.81,10104.73,11230.81,0
2026-07-23T15:07:12+00:00,11230.81,10080.03,11230.81,0
2026-07-23T15:17:40+00:00,11230.81,10073.03,11230.81,0
2026-07-23T15:28:09+00:00,11230.81,10102.63,11230.81,0
2026-07-23T15:38:37+00:00,11230.81,10100.62,11230.81,0
2026-07-23T15:49:06+00:00,11230.81,10108.87,11230.81,0
2026-07-23T15:59:34+00:00,11230.81,10118.06,11230.81,0
2026-07-23T16:10:02+00:00,11230.81,10089.76,11230.81,0
2026-07-23T16:20:30+00:00,11230.81,10074.5,11230.81,0
2026-07-23T16:30:59+00:00,11230.81,10085.79,11230.81,0
2026-07-23T16:41:27+00:00,11230.81,10081.51,11230.81,0
2026-07-23T16:51:56+00:00,11230.81,10081.2,11230.81,0
2026-07-23T17:02:24+00:00,11230.81,10076.42,11230.81,0
2026-07-23T17:12:52+00:00,11230.81,10074.89,11230.81,0
2026-07-23T17:23:21+00:00,11230.81,10082.33,11230.81,0
2026-07-23T17:33:50+00:00,11230.81,10093.02,11230.81,0
2026-07-23T17:55:00+00:00,11230.81,10066.68,11230.81,0
2026-07-23T18:05:26+00:00,11230.81,10033.26,11230.81,0
2026-07-23T18:15:52+00:00,11230.81,10050.52,11230.81,0
2026-07-23T18:26:18+00:00,11230.81,10048.08,11230.81,0
2026-07-23T18:36:44+00:00,11230.81,10056.26,11230.81,0
2026-07-23T18:47:11+00:00,11230.81,10055.97,11230.81,0
2026-07-23T18:57:38+00:00,11230.81,10057.34,11230.81,0
2026-07-23T19:08:05+00:00,11230.81,10055.95,11230.81,0
2026-07-23T19:18:32+00:00,11230.81,10044.11,11230.81,0
2026-07-23T19:28:59+00:00,11230.81,10056.35,11230.81,0
2026-07-23T19:39:26+00:00,11230.81,10049.6,11230.81,0
2026-07-23T19:49:53+00:00,11230.81,10024.27,11230.81,0
2026-07-23T20:00:20+00:00,11230.81,10048.93,11230.81,0
2026-07-23T20:10:47+00:00,11230.81,10086.58,11230.81,0
2026-07-23T20:21:14+00:00,11230.81,10099.09,11230.81,0
2026-07-23T20:31:42+00:00,11230.81,10102.71,11230.81,0
2026-07-23T20:42:09+00:00,11230.81,10095.87,11230.81,0
2026-07-23T20:52:36+00:00,11230.81,10099.0,11230.81,0
2026-07-23T21:03:03+00:00,11230.81,10114.56,11230.81,0
2026-07-23T21:13:30+00:00,11230.81,10081.33,11230.81,0
2026-07-23T21:23:57+00:00,11230.81,10090.17,11230.81,0
2026-07-23T21:34:25+00:00,11230.81,10087.94,11230.81,0
2026-07-23T21:44:52+00:00,11230.81,10088.22,11230.81,0
2026-07-23T21:55:19+00:00,11230.81,10085.18,11230.81,0
2026-07-23T22:05:46+00:00,11230.81,10088.11,11230.81,0
2026-07-23T22:16:13+00:00,11230.81,10079.19,11230.81,0
2026-07-23T22:26:40+00:00,11230.81,10094.44,11230.81,0
2026-07-23T22:47:52+00:00,11230.81,10100.88,11230.81,0
2026-07-23T22:58:20+00:00,11230.81,10100.95,11230.81,0
2026-07-23T23:08:49+00:00,11230.81,10098.18,11230.81,0
2026-07-23T23:19:18+00:00,11230.81,10096.11,11230.81,0
2026-07-23T23:29:46+00:00,11230.81,10095.44,11230.81,0
2026-07-23T23:40:14+00:00,11230.81,10090.64,11230.81,0
2026-07-23T23:50:45+00:00,11230.81,10079.38,11230.81,0
2026-07-24T00:01:13+00:00,11230.81,10069.11,11230.81,0
2026-07-24T00:11:41+00:00,11230.81,10047.43,11230.81,0
2026-07-24T00:22:10+00:00,11230.81,10056.73,11230.81,0
2026-07-24T00:32:38+00:00,11230.81,10042.9,11230.81,0
2026-07-24T00:43:06+00:00,11230.81,10035.25,11230.81,0
2026-07-24T00:53:34+00:00,11230.81,10047.63,11230.81,0
2026-07-24T01:04:02+00:00,11230.81,10053.66,11230.81,0
2026-07-24T01:14:32+00:00,11230.81,10067.93,11230.81,0
2026-07-24T01:25:00+00:00,11230.81,10066.92,11230.81,0
2026-07-24T01:35:28+00:00,11230.81,10074.41,11230.81,0
2026-07-24T01:45:57+00:00,11230.81,10070.91,11230.81,0
2026-07-24T01:56:25+00:00,11230.81,10063.24,11230.81,0
2026-07-24T02:06:54+00:00,11230.81,10060.43,11230.81,0
2026-07-24T02:17:22+00:00,11230.81,10068.04,11230.81,0
2026-07-24T02:27:51+00:00,11230.81,10071.28,11230.81,0
2026-07-24T02:38:19+00:00,11230.81,10037.54,11230.81,0
2026-07-24T02:48:47+00:00,11230.81,10026.07,11230.81,0
2026-07-24T02:59:16+00:00,11230.81,10043.88,11230.81,0
2026-07-24T03:09:44+00:00,11230.81,10076.99,11230.81,0
2026-07-24T03:20:12+00:00,11230.81,10082.26,11230.81,0
2026-07-24T03:41:25+00:00,11230.81,10086.57,11230.81,0
2026-07-24T03:51:51+00:00,11230.81,10094.85,11230.81,0
2026-07-24T04:02:17+00:00,11230.81,10090.52,11230.81,0
2026-07-24T04:12:44+00:00,11230.81,10084.12,11230.81,0
2026-07-24T04:23:12+00:00,11230.81,10079.89,11230.81,0
2026-07-24T04:33:40+00:00,11230.81,10088.27,11230.81,0
2026-07-24T04:44:07+00:00,11230.81,10072.62,11230.81,0
2026-07-24T04:54:33+00:00,11230.81,10071.35,11230.81,0
2026-07-24T05:00:53+00:00,11230.81,10064.62,11230.81,0
2026-07-24T05:11:22+00:00,11230.81,10079.62,11230.81,0
2026-07-24T05:21:50+00:00,11230.81,10088.33,11230.81,0
2026-07-24T05:32:19+00:00,11230.81,10082.29,11230.81,0
2026-07-24T05:42:48+00:00,11230.81,10074.27,11230.81,0
2026-07-24T05:53:16+00:00,11230.81,10081.14,11230.81,0
2026-07-24T06:03:45+00:00,11230.81,10082.72,11230.81,0
2026-07-24T06:14:14+00:00,11230.81,10091.46,11230.81,0
2026-07-24T06:24:42+00:00,11230.81,10105.95,11230.81,0
2026-07-24T06:35:12+00:00,11230.81,10105.15,11230.81,0
2026-07-24T06:45:41+00:00,11230.81,10106.22,11230.81,0
2026-07-24T06:56:10+00:00,11230.81,10103.97,11230.81,0
2026-07-24T07:06:39+00:00,11230.81,10130.95,11230.81,0
2026-07-24T07:17:08+00:00,11230.81,10177.78,11230.81,0
2026-07-24T07:27:36+00:00,11230.81,10151.69,11230.81,0
2026-07-24T07:38:05+00:00,11230.81,10128.28,11230.81,0
2026-07-24T07:48:34+00:00,11230.81,10117.08,11230.81,0
2026-07-24T07:59:03+00:00,11230.81,10130.59,11230.81,0
2026-07-24T08:09:32+00:00,11230.81,10133.21,11230.81,0
2026-07-24T08:20:01+00:00,11230.81,10120.24,11230.81,0
2026-07-24T08:30:31+00:00,11230.81,10111.34,11230.81,0
2026-07-24T08:41:00+00:00,11230.81,10119.3,11230.81,0
2026-07-24T08:51:29+00:00,11230.81,10110.01,11230.81,0
2026-07-24T09:01:57+00:00,11230.81,10099.63,11230.81,0
2026-07-24T09:12:25+00:00,11230.81,10075.3,11230.81,0
2026-07-24T09:22:54+00:00,11230.81,10056.71,11230.81,0
2026-07-24T09:33:22+00:00,11230.81,10064.98,11230.81,0
2026-07-24T09:43:51+00:00,11230.81,10077.62,11230.81,0
2026-07-24T10:05:09+00:00,11230.81,10077.08,11230.81,0
2026-07-24T10:15:41+00:00,11230.81,10056.41,11230.81,0
2026-07-24T10:26:13+00:00,11230.81,10061.65,11230.81,0
2026-07-24T10:36:45+00:00,11230.81,10063.74,11230.81,0
2026-07-24T10:47:19+00:00,11230.81,10066.7,11230.81,0
2026-07-24T10:57:51+00:00,11230.81,10056.55,11230.81,0
2026-07-24T11:08:23+00:00,11230.81,10057.14,11230.81,0
2026-07-24T11:18:56+00:00,11230.81,10057.94,11230.81,0
2026-07-24T11:29:28+00:00,11230.81,10047.31,11230.81,0
2026-07-24T11:39:59+00:00,11230.81,10040.91,11230.81,0
2026-07-24T11:50:30+00:00,11230.81,10029.09,11230.81,0
2026-07-24T12:01:02+00:00,11230.81,10041.07,11230.81,0
2026-07-24T12:11:33+00:00,11230.81,10049.85,11230.81,0
2026-07-24T12:22:04+00:00,11230.81,10044.36,11230.81,0
2026-07-24T12:32:36+00:00,11230.81,10046.32,11230.81,0
2026-07-24T12:43:08+00:00,11230.81,10024.99,11230.81,0
2026-07-24T12:53:40+00:00,11230.81,10009.95,11230.81,0
2026-07-24T13:04:12+00:00,11230.81,9990.74,11230.81,0
2026-07-24T13:14:45+00:00,11230.81,9948.7,11230.81,0
2026-07-24T13:25:19+00:00,11230.81,9963.11,11230.81,0
2026-07-24T13:35:51+00:00,11230.81,9949.96,11230.81,0
2026-07-24T13:46:24+00:00,11230.81,9951.67,11230.81,0
2026-07-24T13:56:57+00:00,11230.81,9893.06,11230.81,0
2026-07-24T14:07:30+00:00,11230.81,9904.84,11230.81,0
2026-07-24T14:18:09+00:00,11230.81,9884.95,11230.81,0
2026-07-24T14:28:40+00:00,11230.81,9879.89,11230.81,0
2026-07-24T14:39:12+00:00,11230.81,9882.72,11230.81,0
2026-07-24T15:00:33+00:00,11230.81,9905.46,11230.81,0
2026-07-24T15:11:03+00:00,11230.81,9903.64,11230.81,0
2026-07-24T15:21:33+00:00,11230.81,9914.5,11230.81,0
2026-07-24T15:32:03+00:00,11230.81,9924.53,11230.81,0
2026-07-24T15:42:34+00:00,11230.81,9925.67,11230.81,0
2026-07-24T15:53:05+00:00,11230.81,9908.83,11230.81,0
2026-07-24T16:03:36+00:00,11230.81,9905.5,11230.81,0
2026-07-24T16:14:06+00:00,11230.81,9911.39,11230.81,0
2026-07-24T16:24:39+00:00,11230.81,9915.49,11230.81,0
2026-07-24T16:35:11+00:00,11230.81,9897.23,11230.81,0
2026-07-24T16:45:41+00:00,11230.81,9885.14,11230.81,0
2026-07-24T16:56:12+00:00,11230.81,9881.75,11230.81,0
2026-07-24T17:06:43+00:00,11230.81,9883.55,11230.81,0
2026-07-24T17:17:14+00:00,11230.81,9887.3,11230.81,0
2026-07-24T17:27:45+00:00,11230.81,9914.65,11230.81,0
2026-07-24T17:38:16+00:00,11230.81,9911.26,11230.81,0
2026-07-24T17:48:46+00:00,11230.81,9908.91,11230.81,0
2026-07-24T17:59:17+00:00,11230.81,9914.51,11230.81,0
2026-07-24T18:09:49+00:00,11230.81,9911.07,11230.81,0
2026-07-24T18:20:19+00:00,11230.81,9903.96,11230.81,0
2026-07-24T18:30:50+00:00,11230.81,9902.69,11230.81,0
2026-07-24T18:41:21+00:00,11230.81,9894.1,11230.81,0
2026-07-24T18:51:51+00:00,11230.81,9908.65,11230.81,0
2026-07-24T19:02:21+00:00,11230.81,9906.89,11230.81,0
2026-07-24T19:12:52+00:00,11230.81,9890.68,11230.81,0
2026-07-24T19:23:21+00:00,11230.81,9898.82,11230.81,0
2026-07-24T19:33:52+00:00,11230.81,9909.47,11230.81,0
2026-07-24T19:55:07+00:00,11230.81,9910.79,11230.81,0
2026-07-24T20:05:37+00:00,11230.81,9910.6,11230.81,0
2026-07-24T20:16:07+00:00,11230.81,9915.02,11230.81,0
2026-07-24T20:26:37+00:00,11230.81,9922.37,11230.81,0
2026-07-24T20:37:07+00:00,11230.81,9908.85,11230.81,0
2026-07-24T20:47:38+00:00,11230.81,9899.29,11230.81,0
2026-07-24T20:58:08+00:00,11230.81,9906.03,11230.81,0
2026-07-24T21:08:38+00:00,11230.81,9898.06,11230.81,0
2026-07-24T21:19:08+00:00,11230.81,9894.2,11230.81,0
2026-07-24T21:29:38+00:00,11230.81,9897.07,11230.81,0
2026-07-24T21:40:09+00:00,11230.81,9899.77,11230.81,0
2026-07-24T21:50:39+00:00,11230.81,9902.03,11230.81,0
2026-07-24T22:01:10+00:00,11230.81,9887.88,11230.81,0
2026-07-24T22:11:41+00:00,11230.81,9901.4,11230.81,0
2026-07-24T22:22:11+00:00,11230.81,9901.87,11230.81,0
2026-07-24T22:32:41+00:00,11230.81,9908.4,11230.81,0
2026-07-24T22:43:11+00:00,11230.81,9916.75,11230.81,0
2026-07-24T22:53:42+00:00,11230.81,9913.33,11230.81,0
2026-07-24T23:04:12+00:00,11230.81,9915.76,11230.81,0
2026-07-24T23:14:43+00:00,11230.81,9909.22,11230.81,0
2026-07-24T23:25:13+00:00,11230.81,9909.89,11230.81,0
2026-07-24T23:35:43+00:00,11230.81,9907.92,11230.81,0
2026-07-24T23:46:14+00:00,11230.81,9909.27,11230.81,0
2026-07-24T23:56:49+00:00,11230.81,9910.12,11230.81,0
2026-07-25T00:07:20+00:00,11230.81,9916.23,11230.81,0
2026-07-25T00:17:50+00:00,11230.81,9913.43,11230.81,0
2026-07-25T00:28:21+00:00,11230.81,9921.59,11230.81,0
2026-07-25T00:49:37+00:00,11230.81,9911.23,11230.81,0
2026-07-25T01:00:07+00:00,11230.81,9916.72,11230.81,0
2026-07-25T01:10:38+00:00,11230.81,9915.38,11230.81,0
2026-07-25T01:21:08+00:00,11230.81,9905.72,11230.81,0
2026-07-25T01:31:39+00:00,11230.81,9907.75,11230.81,0
2026-07-25T01:42:10+00:00,11230.81,9916.61,11230.81,0
2026-07-25T01:52:41+00:00,11230.81,9919.64,11230.81,0
2026-07-25T02:03:12+00:00,11230.81,9914.63,11230.81,0
2026-07-25T02:13:43+00:00,11230.81,9913.46,11230.81,0
2026-07-25T02:24:14+00:00,11230.81,9911.09,11230.81,0
2026-07-25T02:34:45+00:00,11230.81,9912.4,11230.81,0
2026-07-25T02:45:17+00:00,11230.81,9914.48,11230.81,0
2026-07-25T02:55:52+00:00,11230.81,9910.5,11230.81,0
2026-07-25T03:06:23+00:00,11230.81,9910.54,11230.81,0
2026-07-25T03:16:54+00:00,11230.81,9917.3,11230.81,0
2026-07-25T03:27:26+00:00,11230.81,9919.82,11230.81,0
2026-07-25T03:37:57+00:00,11230.81,9917.59,11230.81,0
2026-07-25T03:48:28+00:00,11230.81,9912.38,11230.81,0
2026-07-25T03:58:59+00:00,11230.81,9910.67,11230.81,0
2026-07-25T04:09:31+00:00,11230.81,9914.74,11230.81,0
2026-07-25T04:20:02+00:00,11230.81,9921.01,11230.81,0
2026-07-25T04:30:32+00:00,11230.81,9919.71,11230.81,0
2026-07-25T04:41:03+00:00,11230.81,9923.11,11230.81,0
2026-07-25T04:51:34+00:00,11230.81,9931.82,11230.81,0
2026-07-25T05:02:05+00:00,11230.81,9928.62,11230.81,0
2026-07-25T05:12:36+00:00,11230.81,9923.86,11230.81,0
2026-07-25T05:23:07+00:00,11230.81,9921.62,11230.81,0
2026-07-25T05:44:28+00:00,11230.81,9904.02,11230.81,0
2026-07-25T05:54:59+00:00,11230.81,9898.25,11230.81,0
2026-07-25T06:05:30+00:00,11230.81,9903.44,11230.81,0
2026-07-25T06:16:01+00:00,11230.81,9906.44,11230.81,0
2026-07-25T06:26:32+00:00,11230.81,9891.66,11230.81,0
2026-07-25T06:37:03+00:00,11230.81,9885.64,11230.81,0
2026-07-25T06:47:34+00:00,11230.81,9882.28,11230.81,0
2026-07-25T06:58:05+00:00,11230.81,9891.89,11230.81,0
2026-07-25T07:08:36+00:00,11230.81,9897.1,11230.81,0
2026-07-25T07:19:07+00:00,11230.81,9884.98,11230.81,0
2026-07-25T07:29:38+00:00,11230.81,9891.63,11230.81,0
2026-07-25T07:40:09+00:00,11230.81,9891.0,11230.81,0
2026-07-25T07:50:41+00:00,11230.81,9888.18,11230.81,0
2026-07-25T08:01:13+00:00,11230.81,9881.35,11230.81,0
2026-07-25T08:11:45+00:00,11230.81,9875.16,11230.81,0
2026-07-25T08:22:18+00:00,11230.81,9883.5,11230.81,0
2026-07-25T08:32:50+00:00,11230.81,9883.92,11230.81,0
2026-07-25T08:43:23+00:00,11230.81,9882.7,11230.81,0
2026-07-25T08:53:55+00:00,11230.81,9868.28,11230.81,0
2026-07-25T09:04:28+00:00,11230.81,9868.32,11230.81,0
2026-07-25T09:15:01+00:00,11230.81,9877.0,11230.81,0
2026-07-25T09:25:33+00:00,11230.81,9885.11,11230.81,0
2026-07-25T09:36:06+00:00,11230.81,9887.26,11230.81,0
2026-07-25T09:46:38+00:00,11230.81,9890.18,11230.81,0
2026-07-25T09:57:10+00:00,11230.81,9894.42,11230.81,0
2026-07-25T10:07:43+00:00,11230.81,9894.81,11230.81,0
2026-07-25T10:18:16+00:00,11230.81,9901.76,11230.81,0
2026-07-25T10:39:36+00:00,11230.81,9896.62,11230.81,0
2026-07-25T10:50:08+00:00,11230.81,9895.46,11230.81,0
2026-07-25T11:00:40+00:00,11230.81,9899.56,11230.81,0
2026-07-25T11:11:16+00:00,11230.81,9902.03,11230.81,0
2026-07-25T11:21:50+00:00,11230.81,9903.02,11230.81,0
2026-07-25T11:32:23+00:00,11230.81,9905.08,11230.81,0
2026-07-25T11:42:57+00:00,11230.81,9895.76,11230.81,0
2026-07-25T11:53:30+00:00,11230.81,9899.35,11230.81,0
2026-07-25T12:04:03+00:00,11230.81,9897.08,11230.81,0
2026-07-25T12:14:36+00:00,11230.81,9893.17,11230.81,0
2026-07-25T12:25:08+00:00,11230.81,9897.17,11230.81,0
2026-07-25T12:35:41+00:00,11230.81,9896.23,11230.81,0
2026-07-25T12:46:17+00:00,11230.81,9899.09,11230.81,0
2026-07-25T12:56:51+00:00,11230.81,9904.34,11230.81,0
2026-07-25T13:07:25+00:00,11230.81,9911.0,11230.81,0
2026-07-25T13:17:58+00:00,11230.81,9908.86,11230.81,0
2026-07-25T13:28:32+00:00,11230.81,9914.93,11230.81,0
2026-07-25T13:39:05+00:00,11230.81,9913.99,11230.81,0
2026-07-25T13:49:37+00:00,11230.81,9938.08,11230.81,0
2026-07-25T14:00:12+00:00,11230.81,9918.72,11230.81,0
2026-07-25T14:10:45+00:00,11230.81,9913.36,11230.81,0
2026-07-25T14:21:18+00:00,11230.81,9912.86,11230.81,0
2026-07-25T14:31:51+00:00,11230.81,9916.9,11230.81,0
2026-07-25T14:42:24+00:00,11230.81,9923.65,11230.81,0
2026-07-25T14:52:58+00:00,11230.81,9924.38,11230.81,0
2026-07-25T15:03:32+00:00,11230.81,9927.37,11230.81,0
2026-07-25T15:14:06+00:00,11230.81,9945.08,11230.81,0
2026-07-25T15:35:28+00:00,11230.81,9945.62,11230.81,0
2026-07-25T15:46:06+00:00,11230.81,9952.25,11230.81,0
2026-07-25T15:56:31+00:00,11230.81,9945.35,11230.81,0
2026-07-25T16:06:57+00:00,11230.81,9949.84,11230.81,0
2026-07-25T16:17:22+00:00,11230.81,9948.93,11230.81,0
2026-07-25T16:27:48+00:00,11230.81,9936.54,11230.81,0
2026-07-25T16:38:15+00:00,11230.81,9952.97,11230.81,0
2026-07-25T16:48:40+00:00,11230.81,9966.75,11230.81,0
2026-07-25T16:59:05+00:00,11230.81,9957.25,11230.81,0
2026-07-25T17:09:31+00:00,11230.81,9959.0,11230.81,0
2026-07-25T17:19:56+00:00,11230.81,9962.35,11230.81,0
2026-07-25T17:30:26+00:00,11230.81,9971.94,11230.81,0
2026-07-25T17:40:51+00:00,11230.81,9983.82,11230.81,0
2026-07-25T17:51:17+00:00,11230.81,9981.59,11230.81,0
2026-07-25T18:01:43+00:00,11230.81,9984.22,11230.81,0
2026-07-25T18:12:08+00:00,11230.81,9979.91,11230.81,0
2026-07-25T18:22:38+00:00,11230.81,9980.15,11230.81,0
2026-07-25T18:33:05+00:00,11230.81,9984.21,11230.81,0
2026-07-25T18:43:31+00:00,11230.81,9983.27,11230.81,0
2026-07-25T18:53:55+00:00,11230.81,9985.44,11230.81,0
2026-07-25T19:04:20+00:00,11230.81,9991.11,11230.81,0
2026-07-25T19:14:46+00:00,11230.81,9990.19,11230.81,0
2026-07-25T19:25:10+00:00,11230.81,9983.13,11230.81,0
2026-07-25T19:35:36+00:00,11230.81,9978.49,11230.81,0
2026-07-25T19:46:02+00:00,11230.81,9975.44,11230.81,0
2026-07-25T19:56:29+00:00,11230.81,9985.09,11230.81,0
2026-07-25T20:06:54+00:00,11230.81,9972.91,11230.81,0
2026-07-25T20:28:11+00:00,11230.81,9971.01,11230.81,0
2026-07-25T20:38:45+00:00,11230.81,9963.86,11230.81,0
2026-07-25T20:49:19+00:00,11230.81,9962.26,11230.81,0
2026-07-25T20:59:53+00:00,11230.81,9962.77,11230.81,0
2026-07-25T21:10:28+00:00,11230.81,9958.0,11230.81,0
2026-07-25T21:21:02+00:00,11230.81,9952.3,11230.81,0
2026-07-25T21:31:37+00:00,11230.81,9961.19,11230.81,0
2026-07-25T21:42:11+00:00,11230.81,9971.21,11230.81,0
2026-07-25T21:52:46+00:00,11230.81,9971.32,11230.81,0
2026-07-25T22:03:20+00:00,11230.81,9969.41,11230.81,0
2026-07-25T22:13:54+00:00,11230.81,9968.53,11230.81,0
2026-07-25T22:24:27+00:00,11230.81,9971.25,11230.81,0
2026-07-25T22:35:01+00:00,11230.81,9968.72,11230.81,0
2026-07-25T22:45:36+00:00,11230.81,9972.12,11230.81,0
2026-07-25T22:56:10+00:00,11230.81,9981.07,11230.81,0
2026-07-25T23:06:44+00:00,11230.81,9979.46,11230.81,0
2026-07-25T23:17:19+00:00,11230.81,9974.6,11230.81,0
2026-07-25T23:27:54+00:00,11230.81,9967.54,11230.81,0
2026-07-25T23:38:28+00:00,11230.81,9975.2,11230.81,0
2026-07-25T23:49:02+00:00,11230.81,9971.45,11230.81,0
2026-07-25T23:59:36+00:00,11230.81,9969.41,11230.81,0
2026-07-26T00:10:10+00:00,11230.81,9979.53,11230.81,0
2026-07-26T00:20:44+00:00,11230.81,9985.29,11230.81,0
2026-07-26T00:31:18+00:00,11230.81,9994.31,11230.81,0
2026-07-26T00:41:53+00:00,11230.81,9981.28,11230.81,0
2026-07-26T00:52:28+00:00,11230.81,9986.8,11230.81,0
2026-07-26T01:03:03+00:00,11230.81,9993.27,11230.81,0
2026-07-26T01:24:34+00:00,11230.81,9992.02,11230.81,0
2026-07-26T01:35:08+00:00,11230.81,9993.05,11230.81,0
2026-07-26T01:45:43+00:00,11230.81,9991.22,11230.81,0
2026-07-26T01:56:17+00:00,11230.81,9997.02,11230.81,0
2026-07-26T02:06:52+00:00,11230.81,9987.07,11230.81,0
2026-07-26T02:17:27+00:00,11230.81,9992.55,11230.81,0
2026-07-26T02:28:02+00:00,11230.81,9992.22,11230.81,0
2026-07-26T02:38:37+00:00,11230.81,9989.56,11230.81,0
2026-07-26T02:49:12+00:00,11230.81,9995.98,11230.81,0
2026-07-26T02:59:46+00:00,11230.81,10003.19,11230.81,0
2026-07-26T03:10:21+00:00,11230.81,9996.41,11230.81,0
2026-07-26T03:20:56+00:00,11230.81,10006.78,11230.81,0
2026-07-26T03:31:31+00:00,11230.81,10004.55,11230.81,0
2026-07-26T03:42:05+00:00,11230.81,10011.31,11230.81,0
2026-07-26T03:52:40+00:00,11230.81,10009.22,11230.81,0
2026-07-26T04:03:16+00:00,11230.81,10009.37,11230.81,0
2026-07-26T04:13:51+00:00,11230.81,10007.1,11230.81,0
2026-07-26T04:24:26+00:00,11230.81,10013.47,11230.81,0
2026-07-26T04:35:01+00:00,11230.81,10019.58,11230.81,0
2026-07-26T04:45:36+00:00,11230.81,10036.25,11230.81,0
2026-07-26T04:56:10+00:00,11230.81,10016.99,11230.81,0
2026-07-26T05:06:46+00:00,11230.81,10014.82,11230.81,0
2026-07-26T05:17:21+00:00,11230.81,10018.73,11230.81,0
2026-07-26T05:27:56+00:00,11230.81,10011.93,11230.81,0
2026-07-26T05:38:32+00:00,11230.81,10010.53,11230.81,0
2026-07-26T05:49:07+00:00,11230.81,10012.03,11230.81,0
2026-07-26T05:59:42+00:00,11230.81,10005.27,11230.81,0
2026-07-26T06:21:23+00:00,11230.81,9975.95,11230.81,0
2026-07-26T06:31:58+00:00,11230.81,9977.51,11230.81,0
2026-07-26T06:42:34+00:00,11230.81,9993.54,11230.81,0
2026-07-26T06:53:09+00:00,11230.81,10004.95,11230.81,0
2026-07-26T07:03:44+00:00,11230.81,10011.86,11230.81,0
2026-07-26T07:14:19+00:00,11230.81,10007.61,11230.81,0
2026-07-26T07:24:55+00:00,11230.81,9997.13,11230.81,0
2026-07-26T07:35:30+00:00,11230.81,9997.6,11230.81,0
2026-07-26T07:46:05+00:00,11230.81,9991.03,11230.81,0
2026-07-26T07:56:40+00:00,11230.81,9990.18,11230.81,0
2026-07-26T08:07:15+00:00,11230.81,9991.52,11230.81,0
2026-07-26T08:17:53+00:00,11230.81,9995.51,11230.81,0
2026-07-26T08:28:28+00:00,11230.81,9991.71,11230.81,0
2026-07-26T08:39:03+00:00,11230.81,9992.63,11230.81,0
2026-07-26T08:49:42+00:00,11230.81,10000.09,11230.81,0
2026-07-26T09:00:17+00:00,11230.81,10003.17,11230.81,0
2026-07-26T09:10:51+00:00,11230.81,10006.16,11230.81,0
2026-07-26T09:21:27+00:00,11230.81,10014.28,11230.81,0
2026-07-26T09:32:02+00:00,11230.81,10008.56,11230.81,0
2026-07-26T09:42:37+00:00,11230.81,10015.62,11230.81,0
2026-07-26T09:53:12+00:00,11230.81,10012.66,11230.81,0
2026-07-26T10:03:47+00:00,11230.81,10008.6,11230.81,0
2026-07-26T10:14:21+00:00,11230.81,10016.41,11230.81,0
2026-07-26T10:24:57+00:00,11230.81,10020.85,11230.81,0
2026-07-26T10:35:32+00:00,11230.81,10020.32,11230.81,0
2026-07-26T10:46:07+00:00,11230.81,10026.29,11230.81,0
2026-07-26T10:56:43+00:00,11230.81,10017.07,11230.81,0
2026-07-26T11:18:10+00:00,11230.81,10017.85,11230.81,0
2026-07-26T11:28:46+00:00,11230.81,10016.52,11230.81,0
2026-07-26T11:39:22+00:00,11230.81,10014.57,11230.81,0
2026-07-26T11:49:58+00:00,11230.81,10010.92,11230.81,0
2026-07-26T12:00:34+00:00,11230.81,10011.8,11230.81,0
2026-07-26T12:11:08+00:00,11230.81,10021.13,11230.81,0
2026-07-26T12:21:44+00:00,11230.81,10013.21,11230.81,0
2026-07-26T12:32:19+00:00,11230.81,10018.68,11230.81,0
2026-07-26T12:42:54+00:00,11230.81,10007.72,11230.81,0
2026-07-26T12:53:30+00:00,11230.81,10006.54,11230.81,0
2026-07-26T13:04:06+00:00,11230.81,9996.89,11230.81,0
2026-07-26T13:14:42+00:00,11230.81,9989.17,11230.81,0
2026-07-26T13:25:18+00:00,11230.81,10005.41,11230.81,0
2026-07-26T13:35:53+00:00,11230.81,9997.84,11230.81,0
2026-07-26T13:46:30+00:00,11230.81,10013.06,11230.81,0
2026-07-26T13:57:05+00:00,11230.81,10004.31,11230.81,0
2026-07-26T14:07:41+00:00,11230.81,10039.78,11230.81,0
2026-07-26T14:18:17+00:00,11230.81,10029.96,11230.81,0
2026-07-26T14:28:53+00:00,11230.81,10020.13,11230.81,0
2026-07-26T14:39:29+00:00,11230.81,10020.43,11230.81,0
2026-07-26T14:50:05+00:00,11230.81,10032.0,11230.81,0
2026-07-26T15:00:41+00:00,11230.81,10034.45,11230.81,0
2026-07-26T15:11:17+00:00,11230.81,10038.83,11230.81,0
2026-07-26T15:21:53+00:00,11230.81,10064.77,11230.81,0
2026-07-26T15:32:29+00:00,11230.81,10062.5,11230.81,0
2026-07-26T15:43:06+00:00,11230.81,10082.39,11230.81,0
2026-07-26T15:53:42+00:00,11230.81,10074.79,11230.81,0
2026-07-26T16:15:10+00:00,11230.81,10072.84,11230.81,0
2026-07-26T16:25:48+00:00,11230.81,10085.86,11230.81,0
2026-07-26T16:36:23+00:00,11230.81,10106.53,11230.81,0
2026-07-26T16:46:59+00:00,11230.81,10099.46,11230.81,0
2026-07-26T16:57:36+00:00,11230.81,10089.69,11230.81,0
2026-07-26T17:08:13+00:00,11230.81,10077.92,11230.81,0
2026-07-26T17:18:49+00:00,11230.81,10084.59,11230.81,0
2026-07-26T17:29:25+00:00,11230.81,10072.55,11230.81,0
2026-07-26T17:40:02+00:00,11230.81,10066.18,11230.81,0
2026-07-26T17:50:39+00:00,11230.81,10073.3,11230.81,0
2026-07-26T18:01:16+00:00,11230.81,10070.93,11230.81,0
2026-07-26T18:11:54+00:00,11230.81,10070.67,11230.81,0
2026-07-26T18:22:31+00:00,11230.81,10073.6,11230.81,0
2026-07-26T18:33:09+00:00,11230.81,10070.54,11230.81,0
2026-07-26T18:43:45+00:00,11230.81,10072.84,11230.81,0
2026-07-26T18:54:22+00:00,11230.81,10082.84,11230.81,0
2026-07-26T19:04:58+00:00,11230.81,10078.18,11230.81,0
2026-07-26T19:15:34+00:00,11230.81,10067.51,11230.81,0
2026-07-26T19:26:10+00:00,11230.81,10073.72,11230.81,0
2026-07-26T19:36:47+00:00,11230.81,10076.3,11230.81,0
2026-07-26T19:47:24+00:00,11230.81,10071.01,11230.81,0
2026-07-26T19:58:01+00:00,11230.81,10073.41,11230.81,0
2026-07-26T20:08:38+00:00,11230.81,10075.31,11230.81,0
2026-07-26T20:19:16+00:00,11230.81,10068.55,11230.81,0
2026-07-26T20:29:52+00:00,11230.81,10070.7,11230.81,0
2026-07-26T20:40:29+00:00,11230.81,10068.73,11230.81,0
2026-07-26T20:51:06+00:00,11230.81,10066.53,11230.81,0
2026-07-26T21:12:38+00:00,11230.81,10075.58,11230.81,0
2026-07-26T21:23:14+00:00,11230.81,10087.31,11230.81,0
2026-07-26T21:33:52+00:00,11230.81,10106.98,11230.81,0
2026-07-26T21:44:29+00:00,11230.81,10099.37,11230.81,0
2026-07-26T21:55:05+00:00,11230.81,10119.92,11230.81,0
2026-07-26T22:05:43+00:00,11230.81,10165.13,11230.81,0
2026-07-26T22:16:20+00:00,11230.81,10171.93,11230.81,0
2026-07-26T22:26:57+00:00,11230.81,10170.63,11230.81,0
2026-07-26T22:37:34+00:00,11230.81,10210.48,11230.81,0
2026-07-26T22:48:11+00:00,11230.81,10211.55,11230.81,0
2026-07-26T22:58:48+00:00,11230.81,10218.59,11230.81,0
2026-07-26T23:09:25+00:00,11230.81,10257.2,11230.81,0
2026-07-26T23:20:02+00:00,11230.81,10223.45,11230.81,0
2026-07-26T23:30:40+00:00,11230.81,10205.89,11230.81,0
2026-07-26T23:41:17+00:00,11230.81,10218.4,11230.81,0
2026-07-26T23:51:54+00:00,11230.81,10231.99,11230.81,0
2026-07-27T00:02:32+00:00,11230.81,10222.47,11230.81,0
2026-07-27T00:13:09+00:00,11230.81,10201.91,11230.81,0
2026-07-27T00:23:46+00:00,11230.81,10183.78,11230.81,0
2026-07-27T00:34:24+00:00,11230.81,10187.17,11230.81,0
2026-07-27T00:45:02+00:00,11230.81,10179.58,11230.81,0
2026-07-27T00:55:40+00:00,11230.81,10170.75,11230.81,0
2026-07-27T01:06:17+00:00,11230.81,10188.7,11230.81,0
2026-07-27T01:16:59+00:00,11230.81,10161.48,11230.81,0
2026-07-27T01:27:36+00:00,11230.81,10161.19,11230.81,0
2026-07-27T01:38:14+00:00,11230.81,10154.82,11230.81,0
2026-07-27T01:48:51+00:00,11230.81,10177.73,11230.81,0
2026-07-27T02:10:28+00:00,11230.81,10188.98,11230.81,0
2026-07-27T02:21:06+00:00,11230.81,10188.85,11230.81,0
2026-07-27T02:31:44+00:00,11230.81,10176.96,11230.81,0
2026-07-27T02:42:21+00:00,11230.81,10195.76,11230.81,0
2026-07-27T02:53:01+00:00,11230.81,10172.43,11230.81,0
2026-07-27T03:03:39+00:00,11230.81,10180.24,11230.81,0
2026-07-27T03:14:17+00:00,11230.81,10179.7,11230.81,0
2026-07-27T03:24:56+00:00,11230.81,10185.02,11230.81,0
2026-07-27T03:35:34+00:00,11230.81,10183.08,11230.81,0
2026-07-27T03:46:12+00:00,11230.81,10193.93,11230.81,0
2026-07-27T03:56:50+00:00,11230.81,10184.02,11230.81,0
2026-07-27T04:07:28+00:00,11230.81,10209.78,11230.81,0
2026-07-27T04:18:06+00:00,11230.81,10202.53,11230.81,0
2026-07-27T04:28:45+00:00,11230.81,10193.25,11230.81,0
2026-07-27T04:39:27+00:00,11230.81,10201.37,11230.81,0
2026-07-27T04:50:06+00:00,11230.81,10201.6,11230.81,0
2026-07-27T05:00:44+00:00,11230.81,10189.46,11230.81,0
2026-07-27T05:11:23+00:00,11230.81,10205.03,11230.81,0
2026-07-27T05:22:00+00:00,11230.81,10218.01,11230.81,0
2026-07-27T05:32:40+00:00,11230.81,10215.44,11230.81,0
2026-07-27T05:43:18+00:00,11230.81,10211.16,11230.81,0
2026-07-27T05:53:57+00:00,11230.81,10209.77,11230.81,0
2026-07-27T06:04:35+00:00,11230.81,10246.33,11230.81,0
2026-07-27T06:15:14+00:00,11230.81,10260.99,11230.81,0
2026-07-27T06:25:53+00:00,11230.81,10243.03,11230.81,0
2026-07-27T06:36:31+00:00,11230.81,10249.92,11230.81,0
2026-07-27T06:47:10+00:00,11230.81,10251.74,11230.81,0
2026-07-27T07:08:41+00:00,11230.81,10233.67,11230.81,0
2026-07-27T07:19:15+00:00,11230.81,10243.01,11230.81,0
2026-07-27T07:29:49+00:00,11230.81,10236.74,11230.81,0
2026-07-27T07:40:24+00:00,11230.81,10205.41,11230.81,0
2026-07-27T07:51:01+00:00,11230.81,10227.21,11230.81,0
2026-07-27T08:01:34+00:00,11230.81,10216.3,11230.81,0
2026-07-27T08:12:07+00:00,11230.81,10200.07,11230.81,0
2026-07-27T08:22:41+00:00,11230.81,10209.07,11230.81,0
2026-07-27T08:33:15+00:00,11230.81,10213.79,11230.81,0
2026-07-27T08:43:48+00:00,11230.81,10206.57,11230.81,0
2026-07-27T08:54:21+00:00,11230.81,10201.82,11230.81,0
2026-07-27T09:04:55+00:00,11230.81,10188.28,11230.81,0
2026-07-27T09:15:29+00:00,11230.81,10186.11,11230.81,0
2026-07-27T09:26:02+00:00,11230.81,10201.96,11230.81,0
2026-07-27T09:36:35+00:00,11230.81,10217.56,11230.81,0
2026-07-27T09:47:09+00:00,11230.81,10218.37,11230.81,0
2026-07-27T09:57:42+00:00,11230.81,10218.53,11230.81,0
2026-07-27T10:08:16+00:00,11230.81,10215.9,11230.81,0
2026-07-27T10:18:50+00:00,11230.81,10216.23,11230.81,0
2026-07-27T10:29:24+00:00,11230.81,10225.11,11230.81,0
2026-07-27T10:39:58+00:00,11230.81,10234.69,11230.81,0
2026-07-27T10:50:32+00:00,11230.81,10228.59,11230.81,0
2026-07-27T11:01:06+00:00,11230.81,10220.03,11230.81,0
2026-07-27T11:11:39+00:00,11230.81,10217.23,11230.81,0
2026-07-27T11:22:12+00:00,11230.81,10218.47,11230.81,0
2026-07-27T11:32:47+00:00,11230.81,10204.16,11230.81,0
2026-07-27T11:43:21+00:00,11230.81,10204.04,11230.81,0
2026-07-27T12:04:50+00:00,11230.81,10217.94,11230.81,0
2026-07-27T12:15:25+00:00,11230.81,10192.62,11230.81,0
2026-07-27T12:26:02+00:00,11230.81,10169.92,11230.81,0
2026-07-27T12:36:38+00:00,11230.81,10158.6,11230.81,0
2026-07-27T12:47:13+00:00,11230.81,10203.71,11230.81,0
2026-07-27T12:57:48+00:00,11230.81,10203.13,11230.81,0
2026-07-27T13:08:23+00:00,11230.81,10196.85,11230.81,0
2026-07-27T13:19:00+00:00,11230.81,10185.97,11230.81,0
2026-07-27T13:29:37+00:00,11230.81,10175.79,11230.81,0
2026-07-27T13:40:13+00:00,11230.81,10250.92,11230.81,0
2026-07-27T13:50:48+00:00,11230.81,10264.61,11230.81,0
2026-07-27T14:01:27+00:00,11230.81,10213.08,11230.81,0
2026-07-27T14:12:04+00:00,11230.81,10210.45,11230.81,0
2026-07-27T14:22:42+00:00,11230.81,10157.75,11230.81,0
2026-07-27T14:33:19+00:00,11230.81,10098.07,11230.81,0
2026-07-27T14:44:00+00:00,11230.81,10048.89,11230.81,0
2026-07-27T14:54:37+00:00,11230.81,10056.96,11230.81,0
2026-07-27T15:05:13+00:00,11230.81,10076.33,11230.81,0
2026-07-27T15:15:51+00:00,11230.81,10081.39,11230.81,0
2026-07-27T15:26:27+00:00,11230.81,10062.06,11230.81,0
2026-07-27T15:37:05+00:00,11230.81,10049.06,11230.81,0
2026-07-27T15:47:42+00:00,11230.81,10059.81,11230.81,0
2026-07-27T15:58:17+00:00,11230.81,10055.48,11230.81,0
2026-07-27T16:08:53+00:00,11230.81,10061.89,11230.81,0
2026-07-27T16:19:28+00:00,11230.81,10050.44,11230.81,0
2026-07-27T16:30:05+00:00,11230.81,10095.55,11230.81,0
2026-07-27T16:40:46+00:00,11230.81,10119.91,11230.81,0
2026-07-27T17:02:18+00:00,11230.81,10109.64,11230.81,0
2026-07-27T17:12:57+00:00,11230.81,10110.45,11230.81,0
2026-07-27T17:23:35+00:00,11230.81,10139.64,11230.81,0
2026-07-27T17:34:11+00:00,11230.81,10134.67,11230.81,0
2026-07-27T17:44:50+00:00,11230.81,10126.01,11230.81,0
2026-07-27T17:55:26+00:00,11230.81,10120.6,11230.81,0
2026-07-27T18:06:04+00:00,11230.81,10122.93,11230.81,0
2026-07-27T18:16:43+00:00,11230.81,10093.41,11230.81,0
2026-07-27T18:27:20+00:00,11230.81,10099.65,11230.81,0
2026-07-27T18:37:59+00:00,11230.81,10079.71,11230.81,0
2026-07-27T18:48:37+00:00,11230.81,10068.58,11230.81,0
2026-07-27T18:59:14+00:00,11230.81,10093.93,11230.81,0
2026-07-27T19:09:52+00:00,11230.81,10112.82,11230.81,0
2026-07-27T19:20:30+00:00,11230.81,10129.32,11230.81,0
2026-07-27T19:31:09+00:00,11230.81,10124.38,11230.81,0
2026-07-27T19:41:47+00:00,11230.81,10132.0,11230.81,0
2026-07-27T19:52:25+00:00,11230.81,10120.26,11230.81,0
2026-07-27T20:03:04+00:00,11230.81,10134.92,11230.81,0
2026-07-27T20:13:44+00:00,11230.81,10117.79,11230.81,0
2026-07-27T20:24:22+00:00,11230.81,10116.26,11230.81,0
2026-07-27T20:34:59+00:00,11230.81,10124.7,11230.81,0
2026-07-27T20:45:38+00:00,11230.81,10112.43,11230.81,0
2026-07-27T20:56:15+00:00,11230.81,10120.21,11230.81,0
2026-07-27T21:06:54+00:00,11230.81,10118.36,11230.81,0
2026-07-27T21:17:32+00:00,11230.81,10110.82,11230.81,0
2026-07-27T21:28:11+00:00,11230.81,10106.2,11230.81,0
2026-07-27T21:38:49+00:00,11230.81,10094.5,11230.81,0
2026-07-27T21:49:42+00:00,11230.81,10086.55,11230.81,0
2026-07-27T22:00:13+00:00,11230.81,10087.61,11230.81,0
2026-07-27T22:10:43+00:00,11230.81,10067.76,11230.81,0
2026-07-27T22:21:14+00:00,11230.81,10061.19,11230.81,0
2026-07-27T22:31:44+00:00,11230.81,10035.8,11230.81,0
2026-07-27T22:42:15+00:00,11230.81,9977.61,11230.81,0
2026-07-27T22:52:46+00:00,11230.81,9927.98,11230.81,0
2026-07-27T23:03:17+00:00,11230.81,9862.69,11230.81,0
2026-07-27T23:13:48+00:00,11230.81,9885.22,11230.81,0
2026-07-27T23:24:18+00:00,11230.81,9892.91,11230.81,0
2026-07-27T23:34:49+00:00,11230.81,9894.92,11230.81,0
2026-07-27T23:45:20+00:00,11230.81,9868.85,11230.81,0
2026-07-27T23:55:51+00:00,11230.81,9882.58,11230.81,0
2026-07-28T00:06:22+00:00,11230.81,9876.17,11230.81,0
2026-07-28T00:16:53+00:00,11230.81,9870.64,11230.81,0
2026-07-28T00:27:25+00:00,11230.81,9838.1,11230.81,0
2026-07-28T00:37:56+00:00,11230.81,9861.43,11230.81,0
2026-07-28T00:48:27+00:00,11230.81,9841.34,11230.81,0
2026-07-28T00:58:58+00:00,11230.81,9830.14,11230.81,0
2026-07-28T01:09:29+00:00,11230.81,9781.64,11230.81,0
2026-07-28T01:20:00+00:00,11230.81,9779.4,11230.81,0
2026-07-28T01:30:31+00:00,11230.81,9811.28,11230.81,0
2026-07-28T01:41:04+00:00,11230.81,9791.94,11230.81,0
2026-07-28T01:51:35+00:00,11230.81,9798.08,11230.81,0
2026-07-28T02:02:07+00:00,11230.81,9787.88,11230.81,0
2026-07-28T02:12:39+00:00,11230.81,9802.3,11230.81,0
2026-07-28T02:23:10+00:00,11230.81,9811.52,11230.81,0
2026-07-28T02:33:42+00:00,11230.81,9799.71,11230.81,0
2026-07-28T02:55:06+00:00,11230.81,9794.55,11230.81,0
2026-07-28T03:05:45+00:00,11230.81,9794.4,11230.81,0
2026-07-28T03:16:23+00:00,11230.81,9799.54,11230.81,0
2026-07-28T03:27:03+00:00,11230.81,9802.04,11230.81,0
2026-07-28T03:37:42+00:00,11230.81,9802.92,11230.81,0
2026-07-28T03:48:21+00:00,11230.81,9812.45,11230.81,0
2026-07-28T03:59:00+00:00,11230.81,9803.73,11230.81,0
2026-07-28T04:09:39+00:00,11230.81,9805.08,11230.81,0
2026-07-28T04:20:19+00:00,11230.81,9806.46,11230.81,0
2026-07-28T04:30:59+00:00,11230.81,9790.53,11230.81,0
2026-07-28T04:41:40+00:00,11230.81,9786.93,11230.81,0
2026-07-28T04:52:20+00:00,11230.81,9802.16,11230.81,0
2026-07-28T05:03:01+00:00,11230.81,9813.81,11230.81,0
2026-07-28T05:13:40+00:00,11230.81,9816.97,11230.81,0
2026-07-28T05:24:20+00:00,11230.81,9829.01,11230.81,0
2026-07-28T05:34:59+00:00,11230.81,9820.81,11230.81,0
2026-07-28T05:45:39+00:00,11230.81,9835.82,11230.81,0
2026-07-28T05:56:20+00:00,11230.81,9822.11,11230.81,0
2026-07-28T06:07:00+00:00,11230.81,9803.5,11230.81,0
2026-07-28T06:17:40+00:00,11230.81,9807.11,11230.81,0
2026-07-28T06:28:21+00:00,11230.81,9814.35,11230.81,0
2026-07-28T06:39:02+00:00,11230.81,9829.16,11230.81,0
2026-07-28T06:49:42+00:00,11230.81,9831.04,11230.81,0
2026-07-28T07:00:23+00:00,11230.81,9839.78,11230.81,0
2026-07-28T07:11:04+00:00,11230.81,9831.22,11230.81,0
2026-07-28T07:21:45+00:00,11230.81,9825.94,11230.81,0
2026-07-28T07:32:30+00:00,11230.81,9826.25,11230.81,0
2026-07-28T07:54:21+00:00,11230.81,9810.44,11230.81,0
2026-07-28T08:05:05+00:00,11230.81,9817.8,11230.81,0
2026-07-28T08:15:49+00:00,11230.81,9805.55,11230.81,0
2026-07-28T08:26:35+00:00,11230.81,9806.22,11230.81,0
2026-07-28T08:37:18+00:00,11230.81,9807.34,11230.81,0
2026-07-28T08:48:02+00:00,11230.81,9820.38,11230.81,0
2026-07-28T08:58:46+00:00,11230.81,9814.47,11230.81,0
2026-07-28T09:09:30+00:00,11230.81,9811.91,11230.81,0
2026-07-28T09:20:13+00:00,11230.81,9817.61,11230.81,0
2026-07-28T09:30:57+00:00,11230.81,9819.61,11230.81,0
2026-07-28T09:41:39+00:00,11230.81,9823.39,11230.81,0
2026-07-28T09:52:23+00:00,11230.81,9822.09,11230.81,0
2026-07-28T10:03:07+00:00,11230.81,9804.36,11230.81,0
2026-07-28T10:13:52+00:00,11230.81,9787.14,11230.81,0
2026-07-28T10:24:37+00:00,11230.81,9795.15,11230.81,0
2026-07-28T10:35:19+00:00,11230.81,9796.57,11230.81,0
2026-07-28T10:46:02+00:00,11230.81,9807.49,11230.81,0
2026-07-28T10:56:45+00:00,11230.81,9804.16,11230.81,0
2026-07-28T11:07:28+00:00,11230.81,9780.88,11230.81,0
2026-07-28T11:18:11+00:00,11230.81,9777.44,11230.81,0
2026-07-28T11:28:54+00:00,11230.81,9775.59,11230.81,0
2026-07-28T11:39:42+00:00,11230.81,9790.24,11230.81,0
2026-07-28T11:50:25+00:00,11230.81,9781.92,11230.81,0
2026-07-28T12:01:08+00:00,11230.81,9781.5,11230.81,0
2026-07-28T12:11:52+00:00,11230.81,9789.64,11230.81,0
2026-07-28T12:22:35+00:00,11230.81,9790.74,11230.81,0
2026-07-28T12:33:19+00:00,11230.81,9792.75,11230.81,0
2026-07-28T12:54:59+00:00,11230.81,9821.38,11230.81,0
2026-07-28T13:05:38+00:00,11230.81,9821.18,11230.81,0
2026-07-28T13:16:17+00:00,11230.81,9818.01,11230.81,0
2026-07-28T13:26:57+00:00,11230.81,9797.68,11230.81,0
2026-07-28T13:37:36+00:00,11230.81,9763.82,11230.81,0
2026-07-28T13:48:16+00:00,11230.81,9710.47,11230.81,0
2026-07-28T13:59:01+00:00,11230.81,9747.47,11230.81,0
2026-07-28T14:09:41+00:00,11230.81,9763.77,11230.81,0
2026-07-28T14:20:23+00:00,11230.81,9732.09,11230.81,0
2026-07-28T14:31:05+00:00,11230.81,9771.86,11230.81,0
2026-07-28T14:41:48+00:00,11230.81,9796.28,11230.81,0
2026-07-28T14:52:32+00:00,11230.81,9816.31,11230.81,0
2026-07-28T15:03:13+00:00,11230.81,9810.1,11230.81,0
2026-07-28T15:13:53+00:00,11230.81,9828.65,11230.81,0
2026-07-28T15:24:33+00:00,11230.81,9917.36,11230.81,0
2026-07-28T15:35:18+00:00,11230.81,9914.86,11230.81,0
2026-07-28T15:46:01+00:00,11230.81,9935.92,11230.81,0
2026-07-28T15:56:41+00:00,11230.81,9917.29,11230.81,0
2026-07-28T16:07:21+00:00,11230.81,9922.74,11230.81,0
2026-07-28T16:18:03+00:00,11230.81,9922.07,11230.81,0
2026-07-28T16:28:46+00:00,11230.81,9919.54,11230.81,0
2026-07-28T16:39:27+00:00,11230.81,9919.57,11230.81,0
2026-07-28T16:50:06+00:00,11230.81,9931.6,11230.81,0
2026-07-28T17:00:48+00:00,11230.81,9942.54,11230.81,0
2026-07-28T17:11:37+00:00,11230.81,9903.86,11230.81,0
2026-07-28T17:22:26+00:00,11230.81,9895.27,11230.81,0
2026-07-28T17:33:15+00:00,11230.81,9860.52,11230.81,0
2026-07-28T17:55:08+00:00,11230.81,9853.12,11230.81,0
2026-07-28T18:05:53+00:00,11230.81,9887.54,11230.81,0
2026-07-28T18:16:38+00:00,11230.81,9880.51,11230.81,0
2026-07-28T18:27:22+00:00,11230.81,9877.48,11230.81,0
2026-07-28T18:38:07+00:00,11230.81,9886.4,11230.81,0
2026-07-28T18:48:51+00:00,11230.81,9889.9,11230.81,0
2026-07-28T18:59:37+00:00,11230.81,9883.33,11230.81,0
2026-07-28T19:10:21+00:00,11230.81,9890.28,11230.81,0
2026-07-28T19:21:06+00:00,11230.81,9884.93,11230.81,0
2026-07-28T19:31:51+00:00,11230.81,9911.94,11230.81,0
2026-07-28T19:42:36+00:00,11230.81,9911.56,11230.81,0
2026-07-28T19:53:21+00:00,11230.81,9920.62,11230.81,0
2026-07-28T20:04:10+00:00,11230.81,9918.08,11230.81,0
2026-07-28T20:14:54+00:00,11230.81,9925.62,11230.81,0
2026-07-28T20:25:39+00:00,11230.81,9921.95,11230.81,0
2026-07-28T20:36:23+00:00,11230.81,9920.05,11230.81,0
2026-07-28T20:47:08+00:00,11230.81,9914.35,11230.81,0
2026-07-28T20:57:54+00:00,11230.81,9916.53,11230.81,0
2026-07-28T21:08:38+00:00,11230.81,9920.32,11230.81,0
2026-07-28T21:19:23+00:00,11230.81,9923.99,11230.81,0
2026-07-28T21:30:08+00:00,11230.81,9928.52,11230.81,0
2026-07-28T21:40:53+00:00,11230.81,9937.87,11230.81,0
2026-07-28T21:51:38+00:00,11230.81,9946.78,11230.81,0
2026-07-28T22:02:24+00:00,11230.81,9936.5,11230.81,0
2026-07-28T22:13:09+00:00,11230.81,9948.03,11230.81,0
2026-07-28T22:23:54+00:00,11230.81,9935.71,11230.81,0
2026-07-28T22:45:48+00:00,11230.81,9908.66,11230.81,0
2026-07-28T22:56:33+00:00,11230.81,9892.01,11230.81,0
2026-07-28T23:07:18+00:00,11230.81,9864.1,11230.81,0
2026-07-28T23:18:04+00:00,11230.81,9862.74,11230.81,0
2026-07-28T23:28:49+00:00,11230.81,9862.92,11230.81,0
2026-07-28T23:39:36+00:00,11230.81,9903.75,11230.81,0
2026-07-28T23:50:21+00:00,11230.81,9924.48,11230.81,0
2026-07-29T00:01:07+00:00,11230.81,9938.5,11230.81,0
2026-07-29T00:11:53+00:00,11230.81,9945.44,11230.81,0
2026-07-29T00:22:39+00:00,11230.81,9951.35,11230.81,0
2026-07-29T00:33:25+00:00,11230.81,9925.36,11230.81,0
2026-07-29T00:44:10+00:00,11230.81,9953.8,11230.81,0
2026-07-29T00:54:57+00:00,11230.81,9963.67,11230.81,0
2026-07-29T01:05:43+00:00,11230.81,9944.13,11230.81,0
2026-07-29T01:16:29+00:00,11230.81,9908.63,11230.81,0
2026-07-29T01:27:15+00:00,11230.81,9938.11,11230.81,0
2026-07-29T01:38:01+00:00,11230.81,9924.77,11230.81,0
2026-07-29T01:48:48+00:00,11230.81,9903.2,11230.81,0
2026-07-29T01:59:35+00:00,11230.81,9883.67,11230.81,0
2026-07-29T02:10:20+00:00,11230.81,9894.96,11230.81,0
2026-07-29T02:21:06+00:00,11230.81,9887.63,11230.81,0
2026-07-29T02:31:52+00:00,11230.81,9943.46,11230.81,0
2026-07-29T02:42:38+00:00,11230.81,9948.83,11230.81,0
2026-07-29T02:53:24+00:00,11230.81,9928.41,11230.81,0
2026-07-29T03:04:09+00:00,11230.81,9920.39,11230.81,0
2026-07-29T03:14:54+00:00,11230.81,9921.89,11230.81,0
2026-07-29T03:36:46+00:00,11230.81,9885.62,11230.81,0
2026-07-29T03:47:31+00:00,11230.81,9870.09,11230.81,0
2026-07-29T03:58:15+00:00,11230.81,9859.26,11230.81,0
2026-07-29T04:08:59+00:00,11230.81,9854.21,11230.81,0
2026-07-29T04:19:43+00:00,11230.81,9842.92,11230.81,0
2026-07-29T04:30:28+00:00,11230.81,9875.23,11230.81,0
2026-07-29T04:41:12+00:00,11230.81,9908.54,11230.81,0
2026-07-29T04:51:57+00:00,11230.81,9907.97,11230.81,0
2026-07-29T05:02:42+00:00,11230.81,9928.99,11230.81,0
2026-07-29T05:13:27+00:00,11230.81,9943.25,11230.81,0
2026-07-29T05:24:11+00:00,11230.81,9932.4,11230.81,0
2026-07-29T05:34:56+00:00,11230.81,9950.65,11230.81,0
2026-07-29T05:45:41+00:00,11230.81,9955.45,11230.81,0
2026-07-29T05:56:25+00:00,11230.81,9959.23,11230.81,0
2026-07-29T06:07:11+00:00,11230.81,9946.32,11230.81,0
2026-07-29T06:17:57+00:00,11230.81,9956.07,11230.81,0
2026-07-29T06:28:42+00:00,11230.81,9984.23,11230.81,0
2026-07-29T06:39:26+00:00,11230.81,9989.24,11230.81,0
2026-07-29T06:50:10+00:00,11230.81,9989.55,11230.81,0
2026-07-29T07:00:55+00:00,11230.81,9992.29,11230.81,0
2026-07-29T07:11:41+00:00,11230.81,9996.72,11230.81,0
2026-07-29T07:22:28+00:00,11230.81,9988.5,11230.81,0
2026-07-29T07:33:12+00:00,11230.81,9994.01,11230.81,0
2026-07-29T07:43:57+00:00,11230.81,9992.32,11230.81,0
2026-07-29T07:54:42+00:00,11230.81,9987.93,11230.81,0
2026-07-29T08:05:27+00:00,11230.81,10004.94,11230.81,0
2026-07-29T08:27:20+00:00,11230.81,9964.75,11230.81,0
2026-07-29T08:38:06+00:00,11230.81,9978.82,11230.81,0
2026-07-29T08:48:52+00:00,11230.81,9997.38,11230.81,0
2026-07-29T08:59:36+00:00,11230.81,9982.79,11230.81,0
2026-07-29T09:10:22+00:00,11230.81,9992.18,11230.81,0
2026-07-29T09:21:09+00:00,11230.81,10000.95,11230.81,0
2026-07-29T09:31:54+00:00,11230.81,10010.87,11230.81,0
2026-07-29T09:42:42+00:00,11230.81,10020.47,11230.81,0
2026-07-29T09:53:26+00:00,11230.81,10011.61,11230.81,0
2026-07-29T10:04:11+00:00,11230.81,10008.05,11230.81,0
2026-07-29T10:14:56+00:00,11230.81,10006.52,11230.81,0
2026-07-29T10:25:41+00:00,11230.81,10001.04,11230.81,0
2026-07-29T10:36:28+00:00,11230.81,9998.14,11230.81,0
2026-07-29T10:47:12+00:00,11230.81,10000.45,11230.81,0
2026-07-29T10:57:59+00:00,11230.81,9978.52,11230.81,0
2026-07-29T11:08:44+00:00,11230.81,9987.97,11230.81,0
2026-07-29T11:19:29+00:00,11230.81,9983.95,11230.81,0
2026-07-29T11:30:16+00:00,11230.81,9980.91,11230.81,0
2026-07-29T11:41:02+00:00,11230.81,9977.52,11230.81,0
2026-07-29T11:51:48+00:00,11230.81,9982.17,11230.81,0
2026-07-29T12:02:33+00:00,11230.81,9970.07,11230.81,0
2026-07-29T12:13:18+00:00,11230.81,9968.44,11230.81,0
2026-07-29T12:24:04+00:00,11230.81,9935.86,11230.81,0
2026-07-29T12:34:50+00:00,11230.81,9934.72,11230.81,0
2026-07-29T12:45:36+00:00,11230.81,9935.36,11230.81,0
2026-07-29T12:56:22+00:00,11230.81,9931.88,11230.81,0
2026-07-29T13:18:14+00:00,11230.81,9915.23,11230.81,0
2026-07-29T13:29:05+00:00,11230.81,9923.28,11230.81,0
2026-07-29T13:39:57+00:00,11230.81,9925.29,11230.81,0
2026-07-29T13:50:47+00:00,11230.81,9942.81,11230.81,0
2026-07-29T14:01:37+00:00,11230.81,9947.46,11230.81,0
2026-07-29T14:12:29+00:00,11230.81,9924.55,11230.81,0
2026-07-29T14:23:19+00:00,11230.81,9919.5,11230.81,0
2026-07-29T14:34:10+00:00,11230.81,9909.62,11230.81,0
2026-07-29T14:45:01+00:00,11230.81,9882.8,11230.81,0
2026-07-29T14:55:50+00:00,11230.81,9905.65,11230.81,0
2026-07-29T15:06:43+00:00,11230.81,9890.82,11230.81,0
2026-07-29T15:17:34+00:00,11230.81,9891.76,11230.81,0
2026-07-29T15:28:25+00:00,11230.81,9882.43,11230.81,0
2026-07-29T15:39:17+00:00,11230.81,9873.46,11230.81,0
2026-07-29T15:50:08+00:00,11230.81,9871.14,11230.81,0
2026-07-29T16:00:57+00:00,11230.81,9863.47,11230.81,0
2026-07-29T16:11:46+00:00,11230.81,9863.15,11230.81,0
2026-07-29T16:22:35+00:00,11230.81,9881.21,11230.81,0
2026-07-29T16:33:26+00:00,11230.81,9872.12,11230.81,0
2026-07-29T16:44:17+00:00,11230.81,9836.7,11230.81,0
2026-07-29T16:55:09+00:00,11230.81,9860.51,11230.81,0
2026-07-29T17:06:01+00:00,11230.81,9873.4,11230.81,0
2026-07-29T17:16:53+00:00,11230.81,9884.95,11230.81,0
2026-07-29T17:27:44+00:00,11230.81,9882.04,11230.81,0
2026-07-29T17:38:35+00:00,11230.81,9878.14,11230.81,0
2026-07-29T17:49:31+00:00,11230.81,9900.12,11230.81,0
2026-07-29T18:00:38+00:00,11230.81,9989.86,11230.81,0
2026-07-29T18:11:26+00:00,11230.81,9999.31,11230.81,0
2026-07-29T18:22:13+00:00,11230.81,9966.5,11230.81,0
2026-07-29T18:33:00+00:00,11230.81,9907.4,11230.81,0
2026-07-29T18:43:46+00:00,11230.81,9991.25,11230.81,0
2026-07-29T18:54:37+00:00,11230.81,10026.34,11230.81,0
2026-07-29T19:05:24+00:00,11230.81,9988.53,11230.81,0
2026-07-29T19:16:11+00:00,11230.81,9979.08,11230.81,0
2026-07-29T19:26:59+00:00,11230.81,9915.07,11230.81,0
2026-07-29T19:37:46+00:00,11230.81,9912.18,11230.81,0
2026-07-29T19:48:33+00:00,11230.81,9862.99,11230.81,0
2026-07-29T19:59:22+00:00,11230.81,9834.64,11230.81,0
2026-07-29T20:10:09+00:00,11230.81,9798.82,11230.81,0
2026-07-29T20:20:57+00:00,11230.81,9846.93,11230.81,0
2026-07-29T20:31:44+00:00,11230.81,9816.11,11230.81,0
2026-07-29T20:42:31+00:00,11230.81,9847.34,11230.81,0
2026-07-29T20:53:19+00:00,11230.81,9832.51,11230.81,0
2026-07-29T21:04:07+00:00,11230.81,9802.73,11230.81,0
2026-07-29T21:14:54+00:00,11230.81,9824.46,11230.81,0
2026-07-29T21:25:41+00:00,11230.81,9832.95,11230.81,0
2026-07-29T21:36:28+00:00,11230.81,9856.99,11230.81,0
2026-07-29T21:47:15+00:00,11230.81,9863.22,11230.81,0
2026-07-29T21:58:03+00:00,11230.81,9878.79,11230.81,0
2026-07-29T22:08:50+00:00,11230.81,9917.27,11230.81,0
2026-07-29T22:19:37+00:00,11230.81,9934.33,11230.81,0
2026-07-29T22:30:25+00:00,11230.81,9922.68,11230.81,0
2026-07-29T22:41:13+00:00,11230.81,9908.49,11230.81,0
2026-07-29T23:03:06+00:00,11230.81,9902.75,11230.81,0
2026-07-29T23:13:56+00:00,11230.81,9891.04,11230.81,0
2026-07-29T23:24:47+00:00,11230.81,9916.85,11230.81,0
2026-07-29T23:35:38+00:00,11230.81,9910.83,11230.81,0
2026-07-29T23:46:29+00:00,11230.81,9930.36,11230.81,0
2026-07-29T23:57:20+00:00,11230.81,9920.93,11230.81,0
2026-07-30T00:08:11+00:00,11230.81,9930.29,11230.81,0
2026-07-30T00:19:02+00:00,11230.81,9937.96,11230.81,0
2026-07-30T00:29:53+00:00,11230.81,9927.94,11230.81,0
2026-07-30T00:40:44+00:00,11230.81,9885.3,11230.81,0
2026-07-30T00:51:35+00:00,11230.81,9868.43,11230.81,0
2026-07-30T01:02:25+00:00,11230.81,9883.03,11230.81,0
2026-07-30T01:13:17+00:00,11230.81,9890.73,11230.81,0
2026-07-30T01:24:08+00:00,11230.81,9899.44,11230.81,0
2026-07-30T01:34:59+00:00,11230.81,9937.09,11230.81,0
2026-07-30T01:45:50+00:00,11230.81,9952.51,11230.81,0
2026-07-30T01:56:41+00:00,11230.81,9969.46,11230.81,0
2026-07-30T02:07:33+00:00,11230.81,9968.96,11230.81,0
2026-07-30T02:18:24+00:00,11230.81,9970.71,11230.81,0
2026-07-30T02:29:14+00:00,11230.81,9962.63,11230.81,0
2026-07-30T02:40:06+00:00,11230.81,9950.64,11230.81,0
2026-07-30T02:50:57+00:00,11230.81,9949.42,11230.81,0
2026-07-30T03:01:48+00:00,11230.81,9937.25,11230.81,0
2026-07-30T03:12:40+00:00,11230.81,9927.25,11230.81,0
2026-07-30T03:23:32+00:00,11230.81,9940.9,11230.81,0
2026-07-30T03:34:23+00:00,11230.81,9938.94,11230.81,0
2026-07-30T03:56:23+00:00,11230.81,9935.82,11230.81,0
2026-07-30T04:07:14+00:00,11230.81,9924.94,11230.81,0
2026-07-30T04:18:06+00:00,11230.81,9914.54,11230.81,0
2026-07-30T04:28:57+00:00,11230.81,9917.37,11230.81,0
2026-07-30T04:39:49+00:00,11230.81,9915.75,11230.81,0
2026-07-30T04:50:40+00:00,11230.81,9919.81,11230.81,0
2026-07-30T05:01:31+00:00,11230.81,9905.16,11230.81,0
2026-07-30T05:12:22+00:00,11230.81,9901.78,11230.81,0
2026-07-30T05:23:14+00:00,11230.81,9897.23,11230.81,0
2026-07-30T05:34:09+00:00,11230.81,9933.99,11230.81,0
2026-07-30T05:45:01+00:00,11230.81,9929.8,11230.81,0
2026-07-30T05:55:52+00:00,11230.81,9912.45,11230.81,0
2026-07-30T06:06:44+00:00,11230.81,9922.39,11230.81,0
2026-07-30T06:17:36+00:00,11230.81,9907.61,11230.81,0
2026-07-30T06:28:27+00:00,11230.81,9918.96,11230.81,0
2026-07-30T06:39:19+00:00,11230.81,9912.04,11230.81,0
2026-07-30T06:50:10+00:00,11230.81,9905.09,11230.81,0
2026-07-30T07:01:03+00:00,11230.81,9912.73,11230.81,0
2026-07-30T07:11:55+00:00,11230.81,9923.67,11230.81,0
2026-07-30T07:22:48+00:00,11230.81,9931.05,11230.81,0
2026-07-30T07:33:41+00:00,11230.81,9909.1,11230.81,0
2026-07-30T07:44:33+00:00,11230.81,9921.62,11230.81,0
2026-07-30T07:55:24+00:00,11230.81,9910.42,11230.81,0
2026-07-30T08:06:16+00:00,11230.81,9906.43,11230.81,0
2026-07-30T08:17:08+00:00,11230.81,9913.04,11230.81,0
2026-07-30T08:28:01+00:00,11230.81,9950.21,11230.81,0
2026-07-30T08:50:03+00:00,11230.81,9952.98,11230.81,0
2026-07-30T09:00:52+00:00,11230.81,9951.84,11230.81,0
2026-07-30T09:11:43+00:00,11230.81,9957.8,11230.81,0
2026-07-30T09:22:34+00:00,11230.81,9976.65,11230.81,0
2026-07-30T09:33:26+00:00,11230.81,9986.46,11230.81,0
2026-07-30T09:44:16+00:00,11230.81,9981.03,11230.81,0
2026-07-30T09:55:07+00:00,11230.81,9981.08,11230.81,0
2026-07-30T10:05:59+00:00,11230.81,9991.27,11230.81,0
2026-07-30T10:16:50+00:00,11230.81,9986.61,11230.81,0
2026-07-30T10:27:41+00:00,11230.81,9987.11,11230.81,0
2026-07-30T10:38:33+00:00,11230.81,9980.7,11230.81,0
2026-07-30T10:49:25+00:00,11230.81,9972.88,11230.81,0
2026-07-30T11:00:15+00:00,11230.81,9973.27,11230.81,0
2026-07-30T11:11:06+00:00,11230.81,9982.78,11230.81,0
2026-07-30T11:21:57+00:00,11230.81,9979.34,11230.81,0
2026-07-30T11:32:48+00:00,11230.81,9982.29,11230.81,0
2026-07-30T11:43:39+00:00,11230.81,9991.75,11230.81,0
2026-07-30T11:54:31+00:00,11230.81,10015.19,11230.81,0
2026-07-30T12:05:21+00:00,11230.81,10016.37,11230.81,0
2026-07-30T12:16:14+00:00,11230.81,10022.78,11230.81,0
2026-07-30T12:27:05+00:00,11230.81,10016.16,11230.81,0
2026-07-30T12:37:57+00:00,11230.81,10012.71,11230.81,0
2026-07-30T12:48:49+00:00,11230.81,10013.98,11230.81,0
2026-07-30T12:59:40+00:00,11230.81,10023.79,11230.81,0
2026-07-30T13:10:33+00:00,11230.81,10013.38,11230.81,0
2026-07-30T13:21:25+00:00,11230.81,10007.07,11230.81,0
2026-07-30T13:43:35+00:00,11230.81,10015.82,11230.81,0
2026-07-30T13:54:27+00:00,11230.81,10052.96,11230.81,0
2026-07-30T14:05:19+00:00,11230.81,10029.3,11230.81,0
2026-07-30T14:16:11+00:00,11230.81,10006.97,11230.81,0
2026-07-30T14:27:04+00:00,11230.81,10029.78,11230.81,0
2026-07-30T14:37:56+00:00,11230.81,10042.25,11230.81,0
2026-07-30T14:48:49+00:00,11230.81,10025.35,11230.81,0
2026-07-30T14:59:42+00:00,11230.81,10017.39,11230.81,0
2026-07-30T15:10:35+00:00,11230.81,10035.38,11230.81,0
2026-07-30T15:21:29+00:00,11230.81,10055.08,11230.81,0
2026-07-30T15:32:21+00:00,11230.81,10021.53,11230.81,0
2026-07-30T15:43:13+00:00,11230.81,10031.44,11230.81,0
2026-07-30T15:54:06+00:00,11230.81,10027.0,11230.81,0
2026-07-30T16:04:59+00:00,11230.81,10046.82,11230.81,0
2026-07-30T16:15:52+00:00,11230.81,10048.88,11230.81,0
2026-07-30T16:26:48+00:00,11230.81,10038.37,11230.81,0
2026-07-30T16:37:42+00:00,11230.81,10040.72,11230.81,0
2026-07-30T16:48:36+00:00,11230.81,10026.41,11230.81,0
2026-07-30T16:59:29+00:00,11230.81,10034.01,11230.81,0
2026-07-30T17:10:22+00:00,11230.81,10032.63,11230.81,0
2026-07-30T17:21:16+00:00,11230.81,10042.0,11230.81,0
2026-07-30T17:32:13+00:00,11230.81,10038.71,11230.81,0
2026-07-30T17:43:07+00:00,11230.81,10046.9,11230.81,0
2026-07-30T17:54:02+00:00,11230.81,10044.39,11230.81,0
2026-07-30T18:04:55+00:00,11230.81,10048.78,11230.81,0
2026-07-30T18:15:48+00:00,11230.81,10035.58,11230.81,0
2026-07-30T18:37:47+00:00,11230.81,10021.93,11230.81,0
2026-07-30T18:48:34+00:00,11230.81,10017.3,11230.81,0
2026-07-30T18:59:20+00:00,11230.81,10010.18,11230.81,0
2026-07-30T19:10:06+00:00,11230.81,10031.13,11230.81,0
2026-07-30T19:20:55+00:00,11230.81,10034.95,11230.81,0
2026-07-30T19:31:43+00:00,11230.81,10039.95,11230.81,0
2026-07-30T19:42:31+00:00,11230.81,10035.19,11230.81,0
2026-07-30T19:53:18+00:00,11230.81,10039.97,11230.81,0
2026-07-30T20:04:06+00:00,11230.81,10055.34,11230.81,0
2026-07-30T20:14:58+00:00,11230.81,10034.28,11230.81,0
2026-07-30T20:25:45+00:00,11230.81,10038.17,11230.81,0
2026-07-30T20:36:32+00:00,11230.81,10021.54,11230.81,0
2026-07-30T20:47:19+00:00,11230.81,10027.74,11230.81,0
2026-07-30T20:58:07+00:00,11230.81,10020.87,11230.81,0
2026-07-30T21:08:53+00:00,11230.81,10024.54,11230.81,0
2026-07-30T21:19:40+00:00,11230.81,10024.07,11230.81,0
2026-07-30T21:30:28+00:00,11230.81,10018.52,11230.81,0
2026-07-30T21:41:16+00:00,11230.81,10026.89,11230.81,0
2026-07-30T21:52:04+00:00,11230.81,10013.28,11230.81,0
2026-07-30T22:02:51+00:00,11230.81,10023.21,11230.81,0
2026-07-30T22:13:38+00:00,11230.81,10039.44,11230.81,0
2026-07-30T22:24:25+00:00,11230.81,10047.29,11230.81,0
2026-07-30T22:35:10+00:00,11230.81,10057.96,11230.81,0
2026-07-30T22:45:57+00:00,11230.81,10054.51,11230.81,0
2026-07-30T22:56:45+00:00,11230.81,10042.98,11230.81,0
2026-07-30T23:07:33+00:00,11230.81,10048.0,11230.81,0
2026-07-30T23:18:42+00:00,11230.81,10050.68,11230.81,0
2026-07-30T23:29:35+00:00,11230.81,10039.96,11230.81,0
2026-07-30T23:40:28+00:00,11230.81,10066.63,11230.81,0
2026-07-30T23:51:19+00:00,11230.81,10011.49,11230.81,0
2026-07-31T00:02:12+00:00,11230.81,10020.87,11230.81,0
2026-07-31T00:13:03+00:00,11230.81,10014.05,11230.81,0
2026-07-31T00:23:56+00:00,11230.81,10015.69,11230.81,0
2026-07-31T00:34:49+00:00,11230.81,10014.49,11230.81,0
2026-07-31T00:45:42+00:00,11230.81,10013.57,11230.81,0
2026-07-31T00:56:34+00:00,11230.81,10003.98,11230.81,0
2026-07-31T01:07:26+00:00,11230.81,10047.95,11230.81,0
2026-07-31T01:18:20+00:00,11230.81,10067.19,11230.81,0
2026-07-31T01:29:12+00:00,11230.81,10074.87,11230.81,0
2026-07-31T01:40:06+00:00,11230.81,10039.93,11230.81,0
2026-07-31T01:50:59+00:00,11230.81,9987.42,11230.81,0
2026-07-31T02:01:52+00:00,11230.81,9981.55,11230.81,0
2026-07-31T02:12:48+00:00,11230.81,9987.23,11230.81,0
2026-07-31T02:23:41+00:00,11230.81,9963.46,11230.81,0
2026-07-31T02:34:36+00:00,11230.81,9966.65,11230.81,0
2026-07-31T02:45:30+00:00,11230.81,9946.55,11230.81,0
2026-07-31T02:56:27+00:00,11230.81,9952.15,11230.81,0
2026-07-31T03:07:21+00:00,11230.81,9945.19,11230.81,0
2026-07-31T03:18:14+00:00,11230.81,9958.56,11230.81,0
2026-07-31T03:29:08+00:00,11230.81,9969.03,11230.81,0
2026-07-31T03:40:02+00:00,11230.81,9960.82,11230.81,0
2026-07-31T03:50:55+00:00,11230.81,9964.72,11230.81,0
2026-07-31T04:01:49+00:00,11230.81,9965.99,11230.81,0
2026-07-31T04:23:53+00:00,11230.81,9942.98,11230.81,0
2026-07-31T04:34:47+00:00,11230.81,9954.22,11230.81,0
2026-07-31T04:45:45+00:00,11230.81,9955.43,11230.81,0
2026-07-31T04:56:41+00:00,11230.81,9949.83,11230.81,0
2026-07-31T05:07:36+00:00,11230.81,9964.2,11230.81,0
2026-07-31T05:18:31+00:00,11230.81,9968.38,11230.81,0
2026-07-31T05:29:27+00:00,11230.81,9955.88,11230.81,0
2026-07-31T05:40:22+00:00,11230.81,9953.24,11230.81,0
2026-07-31T05:51:18+00:00,11230.81,9949.41,11230.81,0
2026-07-31T06:02:14+00:00,11230.81,9959.65,11230.81,0
2026-07-31T06:13:08+00:00,11230.81,9971.04,11230.81,0
2026-07-31T06:24:04+00:00,11230.81,9970.66,11230.81,0
2026-07-31T06:35:00+00:00,11230.81,9979.98,11230.81,0
2026-07-31T06:45:54+00:00,11230.81,9944.5,11230.81,0
2026-07-31T06:56:50+00:00,11230.81,9954.86,11230.81,0
2026-07-31T07:07:45+00:00,11230.81,9916.89,11230.81,0
2026-07-31T07:18:42+00:00,11230.81,9898.2,11230.81,0
2026-07-31T07:29:38+00:00,11230.81,9888.24,11230.81,0
2026-07-31T07:40:33+00:00,11230.81,9893.7,11230.81,0
2026-07-31T07:51:29+00:00,11230.81,9903.07,11230.81,0
2026-07-31T08:02:24+00:00,11230.81,9903.23,11230.81,0
2026-07-31T08:13:21+00:00,11230.81,9907.1,11230.81,0
2026-07-31T08:24:17+00:00,11230.81,9892.1,11230.81,0
2026-07-31T08:35:12+00:00,11230.81,9905.67,11230.81,0
2026-07-31T08:46:09+00:00,11230.81,9897.32,11230.81,0
2026-07-31T08:57:04+00:00,11230.81,9895.93,11230.81,0
2026-07-31T09:19:27+00:00,11230.81,9885.88,11230.81,0
2026-07-31T09:30:25+00:00,11230.81,9874.29,11230.81,0
2026-07-31T09:41:23+00:00,11230.81,9867.69,11230.81,0
2026-07-31T09:52:21+00:00,11230.81,9872.87,11230.81,0
2026-07-31T10:03:20+00:00,11230.81,9858.72,11230.81,0
2026-07-31T10:14:19+00:00,11230.81,9868.85,11230.81,0
2026-07-31T10:25:17+00:00,11230.81,9875.12,11230.81,0
2026-07-31T10:36:16+00:00,11230.81,9879.74,11230.81,0
2026-07-31T10:47:14+00:00,11230.81,9883.96,11230.81,0
2026-07-31T10:58:14+00:00,11230.81,9884.21,11230.81,0
2026-07-31T11:09:13+00:00,11230.81,9886.98,11230.81,0
2026-07-31T11:20:10+00:00,11230.81,9881.22,11230.81,0
2026-07-31T11:31:09+00:00,11230.81,9875.73,11230.81,0
2026-07-31T11:42:08+00:00,11230.81,9871.45,11230.81,0
2026-07-31T11:53:08+00:00,11230.81,9866.62,11230.81,0
2026-07-31T12:04:07+00:00,11230.81,9864.32,11230.81,0
2026-07-31T12:15:05+00:00,11230.81,9852.55,11230.81,0
2026-07-31T12:26:05+00:00,11230.81,9859.03,11230.81,0
2026-07-31T12:37:04+00:00,11230.81,9852.26,11230.81,0
2026-07-31T12:48:04+00:00,11230.81,9852.65,11230.81,0
2026-07-31T12:59:04+00:00,11230.81,9866.24,11230.81,0
2026-07-31T13:10:04+00:00,11230.81,9872.98,11230.81,0
2026-07-31T13:21:02+00:00,11230.81,9881.55,11230.81,0
2026-07-31T13:32:02+00:00,11230.81,9857.2,11230.81,0
2026-07-31T13:43:02+00:00,11230.81,9836.82,11230.81,0
2026-07-31T13:54:03+00:00,11230.81,9799.04,11230.81,0
2026-07-31T14:16:16+00:00,11230.81,9778.46,11230.81,0
2026-07-31T14:27:13+00:00,11230.81,9752.56,11230.81,0
2026-07-31T14:38:09+00:00,11230.81,9764.74,11230.81,0
2026-07-31T14:49:05+00:00,11230.81,9768.42,11230.81,0
2026-07-31T15:00:01+00:00,11230.81,9754.0,11230.81,0
2026-07-31T15:10:58+00:00,11230.81,9749.15,11230.81,0
2026-07-31T15:21:54+00:00,11230.81,9742.34,11230.81,0
2026-07-31T15:32:50+00:00,11230.81,9736.04,11230.81,0
2026-07-31T15:43:49+00:00,11230.81,9753.32,11230.81,0
2026-07-31T15:54:45+00:00,11230.81,9758.4,11230.81,0
2026-07-31T16:05:43+00:00,11230.81,9764.84,11230.81,0
2026-07-31T16:16:40+00:00,11230.81,9758.53,11230.81,0
2026-07-31T16:27:37+00:00,11230.81,9777.48,11230.81,0
2026-07-31T16:38:36+00:00,11230.81,9763.28,11230.81,0
2026-07-31T16:49:32+00:00,11230.81,9763.94,11230.81,0
2026-07-31T17:00:28+00:00,11230.81,9777.55,11230.81,0
2026-07-31T17:11:26+00:00,11230.81,9789.32,11230.81,0
2026-07-31T17:22:24+00:00,11230.81,9791.84,11230.81,0
2026-07-31T17:33:21+00:00,11230.81,9810.61,11230.81,0
2026-07-31T17:44:20+00:00,11230.81,9812.41,11230.81,0
2026-07-31T17:55:16+00:00,11230.81,9831.04,11230.81,0
2026-07-31T18:06:13+00:00,11230.81,9819.42,11230.81,0
2026-07-31T18:17:11+00:00,11230.81,9804.73,11230.81,0
2026-07-31T18:28:09+00:00,11230.81,9797.13,11230.81,0
2026-07-31T18:39:07+00:00,11230.81,9785.38,11230.81,0
2026-07-31T18:50:05+00:00,11230.81,9793.16,11230.81,0
2026-07-31T19:12:26+00:00,11230.81,9781.41,11230.81,0
2026-07-31T19:23:24+00:00,11230.81,9781.94,11230.81,0
2026-07-31T19:34:22+00:00,11230.81,9770.03,11230.81,0
2026-07-31T19:45:21+00:00,11230.81,9787.45,11230.81,0
2026-07-31T19:56:20+00:00,11230.81,9788.3,11230.81,0
2026-07-31T20:07:18+00:00,11230.81,9777.95,11230.81,0
2026-07-31T20:18:16+00:00,11230.81,9787.99,11230.81,0
2026-07-31T20:29:14+00:00,11230.81,9784.73,11230.81,0
2026-07-31T20:40:16+00:00,11230.81,9774.52,11230.81,0
2026-07-31T20:51:14+00:00,11230.81,9771.7,11230.81,0
2026-07-31T21:02:13+00:00,11230.81,9757.02,11230.81,0
2026-07-31T21:13:13+00:00,11230.81,9773.88,11230.81,0
2026-07-31T21:24:12+00:00,11230.81,9781.0,11230.81,0
2026-07-31T21:35:09+00:00,11230.81,9774.7,11230.81,0
2026-07-31T21:46:07+00:00,11230.81,9778.68,11230.81,0
2026-07-31T21:57:06+00:00,11230.81,9756.32,11230.81,0
2026-07-31T22:08:03+00:00,11230.81,9764.14,11230.81,0
2026-07-31T22:19:01+00:00,11230.81,9765.23,11230.81,0
2026-07-31T22:30:00+00:00,11230.81,9768.31,11230.81,0
2026-07-31T22:40:59+00:00,11230.81,9769.96,11230.81,0
2026-07-31T22:51:58+00:00,11230.81,9761.67,11230.81,0
2026-07-31T23:02:57+00:00,11230.81,9764.68,11230.81,0
2026-07-31T23:13:56+00:00,11230.81,9766.12,11230.81,0
2026-07-31T23:24:55+00:00,11230.81,9768.93,11230.81,0
2026-07-31T23:35:55+00:00,11230.81,9767.05,11230.81,0
2026-07-31T23:46:54+00:00,11230.81,9764.77,11230.81,0
2026-08-01T00:09:17+00:00,11230.81,9773.01,11230.81,0
2026-08-01T00:20:15+00:00,11230.81,9773.21,11230.81,0
2026-08-01T00:31:13+00:00,11230.81,9775.51,11230.81,0
2026-08-01T00:42:14+00:00,11230.81,9776.21,11230.81,0
2026-08-01T00:53:13+00:00,11230.81,9778.82,11230.81,0
2026-08-01T01:04:13+00:00,11230.81,9779.37,11230.81,0
2026-08-01T01:15:12+00:00,11230.81,9782.61,11230.81,0
2026-08-01T01:26:11+00:00,11230.81,9781.01,11230.81,0
2026-08-01T01:37:11+00:00,11230.81,9779.61,11230.81,0
2026-08-01T01:48:10+00:00,11230.81,9782.16,11230.81,0
2026-08-01T01:59:08+00:00,11230.81,9780.13,11230.81,0
2026-08-01T02:10:07+00:00,11230.81,9784.31,11230.81,0
2026-08-01T02:21:07+00:00,11230.81,9795.96,11230.81,0
2026-08-01T02:32:07+00:00,11230.81,9793.95,11230.81,0
2026-08-01T02:43:06+00:00,11230.81,9787.23,11230.81,0
2026-08-01T02:54:06+00:00,11230.81,9789.29,11230.81,0
2026-08-01T03:05:05+00:00,11230.81,9788.12,11230.81,0
2026-08-01T03:16:05+00:00,11230.81,9780.18,11230.81,0
2026-08-01T03:27:04+00:00,11230.81,9784.06,11230.81,0
2026-08-01T03:38:04+00:00,11230.81,9779.51,11230.81,0
2026-08-01T03:49:05+00:00,11230.81,9780.65,11230.81,0
2026-08-01T04:00:04+00:00,11230.81,9788.63,11230.81,0
2026-08-01T04:11:06+00:00,11230.81,9788.24,11230.81,0
2026-08-01T04:22:10+00:00,11230.81,9794.41,11230.81,0
2026-08-01T04:33:11+00:00,11230.81,9793.3,11230.81,0
2026-08-01T04:44:12+00:00,11230.81,9795.04,11230.81,0
2026-08-01T04:55:32+00:00,11230.81,9799.68,11230.81,0
2026-08-01T05:06:32+00:00,11230.81,9800.66,11230.81,0
2026-08-01T05:17:33+00:00,11230.81,9793.15,11230.81,0
2026-08-01T05:28:32+00:00,11230.81,9788.73,11230.81,0
2026-08-01T05:39:31+00:00,11230.81,9788.06,11230.81,0
2026-08-01T05:50:30+00:00,11230.81,9771.89,11230.81,0
2026-08-01T06:01:30+00:00,11230.81,9779.22,11230.81,0
2026-08-01T06:12:30+00:00,11230.81,9778.48,11230.81,0
2026-08-01T06:23:30+00:00,11230.81,9787.37,11230.81,0
2026-08-01T06:34:29+00:00,11230.81,9786.79,11230.81,0
2026-08-01T06:45:31+00:00,11230.81,9786.0,11230.81,0
2026-08-01T06:56:30+00:00,11230.81,9788.52,11230.81,0
2026-08-01T07:07:32+00:00,11230.81,9786.93,11230.81,0
2026-08-01T07:18:32+00:00,11230.81,9783.89,11230.81,0
2026-08-01T07:29:32+00:00,11230.81,9781.12,11230.81,0
2026-08-01T07:40:31+00:00,11230.81,9778.3,11230.81,0
2026-08-01T07:51:31+00:00,11230.81,9779.67,11230.81,0
2026-08-01T08:02:35+00:00,11230.81,9779.95,11230.81,0
2026-08-01T08:13:34+00:00,11230.81,9780.4,11230.81,0
2026-08-01T08:24:33+00:00,11230.81,9782.95,11230.81,0
2026-08-01T08:35:32+00:00,11230.81,9783.3,11230.81,0
2026-08-01T08:46:32+00:00,11230.81,9780.04,11230.81,0
2026-08-01T08:57:30+00:00,11230.81,9787.25,11230.81,0
2026-08-01T09:08:29+00:00,11230.81,9782.02,11230.81,0
2026-08-01T09:19:28+00:00,11230.81,9782.6,11230.81,0
2026-08-01T09:30:27+00:00,11230.81,9780.9,11230.81,0
2026-08-01T09:41:27+00:00,11230.81,9784.35,11230.81,0
2026-08-01T10:03:43+00:00,11230.81,9758.05,11230.81,0
2026-08-01T10:14:44+00:00,11230.81,9764.08,11230.81,0
2026-08-01T10:25:45+00:00,11230.81,9771.97,11230.81,0
2026-08-01T10:36:46+00:00,11230.81,9768.76,11230.81,0
2026-08-01T10:47:47+00:00,11230.81,9773.95,11230.81,0
2026-08-01T10:58:48+00:00,11230.81,9772.68,11230.81,0
2026-08-01T11:09:48+00:00,11230.81,9771.21,11230.81,0
2026-08-01T11:20:50+00:00,11230.81,9775.41,11230.81,0
2026-08-01T11:31:50+00:00,11230.81,9774.23,11230.81,0
2026-08-01T11:42:50+00:00,11230.81,9776.56,11230.81,0
2026-08-01T11:53:51+00:00,11230.81,9776.65,11230.81,0
2026-08-01T12:04:51+00:00,11230.81,9783.98,11230.81,0
2026-08-01T12:15:51+00:00,11230.81,9779.31,11230.81,0
2026-08-01T12:26:51+00:00,11230.81,9781.25,11230.81,0
2026-08-01T12:37:53+00:00,11230.81,9781.77,11230.81,0
2026-08-01T12:48:54+00:00,11230.81,9783.13,11230.81,0
2026-08-01T12:59:54+00:00,11230.81,9785.51,11230.81,0
2026-08-01T13:10:57+00:00,11230.81,9786.71,11230.81,0
2026-08-01T13:21:59+00:00,11230.81,9785.43,11230.81,0
2026-08-01T13:33:02+00:00,11230.81,9786.31,11230.81,0
2026-08-01T13:44:04+00:00,11230.81,9785.85,11230.81,0
2026-08-01T13:55:04+00:00,11230.81,9782.83,11230.81,0
2026-08-01T14:06:06+00:00,11230.81,9790.06,11230.81,0
2026-08-01T14:17:07+00:00,11230.81,9785.0,11230.81,0
2026-08-01T14:28:08+00:00,11230.81,9792.68,11230.81,0
2026-08-01T14:39:10+00:00,11230.81,9793.8,11230.81,0
2026-08-01T15:01:32+00:00,11230.81,9799.5,11230.81,0
2026-08-01T15:12:30+00:00,11230.81,9796.88,11230.81,0
2026-08-01T15:23:28+00:00,11230.81,9789.45,11230.81,0
2026-08-01T15:34:27+00:00,11230.81,9781.87,11230.81,0
2026-08-01T15:45:25+00:00,11230.81,9781.87,11230.81,0
2026-08-01T15:56:23+00:00,11230.81,9781.58,11230.81,0
2026-08-01T16:07:22+00:00,11230.81,9776.35,11230.81,0
2026-08-01T16:18:20+00:00,11230.81,9773.55,11230.81,0
2026-08-01T16:29:19+00:00,11230.81,9776.95,11230.81,0
2026-08-01T16:40:18+00:00,11230.81,9782.97,11230.81,0
2026-08-01T16:51:17+00:00,11230.81,9768.94,11230.81,0
2026-08-01T17:02:15+00:00,11230.81,9760.97,11230.81,0
2026-08-01T17:13:13+00:00,11230.81,9754.81,11230.81,0
2026-08-01T17:24:12+00:00,11230.81,9747.0,11230.81,0
2026-08-01T17:35:10+00:00,11230.81,9706.7,11230.81,0
2026-08-01T17:46:09+00:00,11230.81,9722.48,11230.81,0
2026-08-01T17:57:09+00:00,11230.81,9716.63,11230.81,0
2026-08-01T18:08:07+00:00,11230.81,9720.23,11230.81,0
2026-08-01T18:19:05+00:00,11230.81,9700.6,11230.81,0
2026-08-01T18:30:02+00:00,11230.81,9682.69,11230.81,0
2026-08-01T18:41:01+00:00,11230.81,9651.34,11230.81,0
2026-08-01T18:52:00+00:00,11230.81,9595.83,11230.81,0
2026-08-01T19:02:58+00:00,11230.81,9644.23,11230.81,0
2026-08-01T19:13:57+00:00,11230.81,9648.42,11230.81,0
2026-08-01T19:24:56+00:00,11230.81,9634.32,11230.81,0
2026-08-01T19:35:55+00:00,11230.81,9642.26,11230.81,0
2026-08-01T19:58:18+00:00,11230.81,9641.95,11230.81,0
2026-08-01T20:09:20+00:00,11230.81,9642.89,11230.81,0
2026-08-01T20:20:22+00:00,11230.81,9655.35,11230.81,0
2026-08-01T20:31:22+00:00,11230.81,9649.48,11230.81,0
2026-08-01T20:42:23+00:00,11230.81,9647.63,11230.81,0
2026-08-01T20:53:24+00:00,11230.81,9656.2,11230.81,0
2026-08-01T21:04:26+00:00,11230.81,9680.18,11230.81,0
2026-08-01T21:15:26+00:00,11230.81,9675.54,11230.81,0
2026-08-01T21:26:28+00:00,11230.81,9677.32,11230.81,0
2026-08-01T21:37:29+00:00,11230.81,9687.65,11230.81,0
2026-08-01T21:48:30+00:00,11230.81,9696.82,11230.81,0
2026-08-01T21:59:31+00:00,11230.81,9699.5,11230.81,0
2026-08-01T22:10:31+00:00,11230.81,9707.86,11230.81,0
2026-08-01T22:21:32+00:00,11230.81,9706.29,11230.81,0
2026-08-01T22:32:34+00:00,11230.81,9708.89,11230.81,0
2026-08-01T22:43:34+00:00,11230.81,9708.75,11230.81,0
2026-08-01T22:54:35+00:00,11230.81,9706.65,11230.81,0
2026-08-01T23:05:38+00:00,11230.81,9711.59,11230.81,0
2026-08-01T23:16:40+00:00,11230.81,9701.8,11230.81,0
2026-08-01T23:27:41+00:00,11230.81,9692.87,11230.81,0
2026-08-01T23:38:43+00:00,11230.81,9698.79,11230.81,0
2026-08-01T23:49:45+00:00,11230.81,9703.84,11230.81,0
2026-08-02T00:00:47+00:00,11230.81,9705.58,11230.81,0
2026-08-02T00:11:50+00:00,11230.81,9720.66,11230.81,0
2026-08-02T00:22:53+00:00,11230.81,9718.25,11230.81,0
2026-08-02T00:33:55+00:00,11230.81,9713.32,11230.81,0
2026-08-02T00:56:15+00:00,11230.81,9706.25,11230.81,0
2026-08-02T01:07:18+00:00,11230.81,9738.99,11230.81,0
2026-08-02T01:18:19+00:00,11230.81,9757.61,11230.81,0
2026-08-02T01:29:21+00:00,11230.81,9754.73,11230.81,0
2026-08-02T01:40:27+00:00,11230.81,9764.95,11230.81,0
2026-08-02T01:51:30+00:00,11230.81,9759.3,11230.81,0
2026-08-02T02:02:33+00:00,11230.81,9758.01,11230.81,0
2026-08-02T02:13:36+00:00,11230.81,9830.44,11230.81,0
2026-08-02T02:24:37+00:00,11230.81,9845.67,11230.81,0
2026-08-02T02:35:41+00:00,11230.81,9824.13,11230.81,0
2026-08-02T02:46:44+00:00,11230.81,9822.04,11230.81,0
2026-08-02T02:57:46+00:00,11230.81,9840.68,11230.81,0
2026-08-02T03:08:49+00:00,11230.81,9838.43,11230.81,0
2026-08-02T03:19:51+00:00,11230.81,9839.19,11230.81,0
2026-08-02T03:30:53+00:00,11230.81,9840.45,11230.81,0
2026-08-02T03:41:55+00:00,11230.81,9856.88,11230.81,0
2026-08-02T03:52:57+00:00,11230.81,9846.57,11230.81,0
2026-08-02T04:03:59+00:00,11230.81,9857.28,11230.81,0
2026-08-02T04:15:01+00:00,11230.81,9860.98,11230.81,0
2026-08-02T04:26:04+00:00,11230.81,9874.17,11230.81,0
2026-08-02T04:37:05+00:00,11230.81,9869.16,11230.81,0
2026-08-02T04:48:07+00:00,11230.81,9867.2,11230.81,0
2026-08-02T04:59:09+00:00,11230.81,9879.82,11230.81,0
2026-08-02T05:10:10+00:00,11230.81,9872.67,11230.81,0
2026-08-02T05:21:12+00:00,11230.81,9873.13,11230.81,0
2026-08-02T05:32:13+00:00,11230.81,9872.93,11230.81,0
2026-08-02T05:54:37+00:00,11230.81,9873.7,11230.81,0
2026-08-02T06:05:40+00:00,11230.81,9878.96,11230.81,0
2026-08-02T06:16:44+00:00,11230.81,9866.52,11230.81,0
2026-08-02T06:27:47+00:00,11230.81,9873.96,11230.81,0
2026-08-02T06:38:51+00:00,11230.81,9875.75,11230.81,0
2026-08-02T06:49:54+00:00,11230.81,9873.98,11230.81,0
2026-08-02T07:00:58+00:00,11230.81,9869.67,11230.81,0
2026-08-02T07:12:01+00:00,11230.81,9870.16,11230.81,0
2026-08-02T07:23:05+00:00,11230.81,9874.66,11230.81,0
2026-08-02T07:34:08+00:00,11230.81,9874.94,11230.81,0
2026-08-02T07:45:11+00:00,11230.81,9877.46,11230.81,0
2026-08-02T07:56:15+00:00,11230.81,9870.42,11230.81,0
2026-08-02T08:07:19+00:00,11230.81,9869.3,11230.81,0
2026-08-02T08:18:22+00:00,11230.81,9869.2,11230.81,0
2026-08-02T08:29:26+00:00,11230.81,9852.36,11230.81,0
2026-08-02T08:40:30+00:00,11230.81,9832.35,11230.81,0
2026-08-02T08:51:33+00:00,11230.81,9833.89,11230.81,0
2026-08-02T09:02:38+00:00,11230.81,9821.28,11230.81,0
2026-08-02T09:13:42+00:00,11230.81,9840.35,11230.81,0
2026-08-02T09:24:45+00:00,11230.81,9847.22,11230.81,0
2026-08-02T09:35:49+00:00,11230.81,9848.92,11230.81,0
2026-08-02T09:46:52+00:00,11230.81,9849.53,11230.81,0
2026-08-02T09:57:56+00:00,11230.81,9852.43,11230.81,0
2026-08-02T10:09:01+00:00,11230.81,9844.38,11230.81,0
2026-08-02T10:20:04+00:00,11230.81,9847.33,11230.81,0
2026-08-02T10:31:07+00:00,11230.81,9829.44,11230.81,0
2026-08-02T10:53:33+00:00,11230.81,9836.87,11230.81,0
2026-08-02T11:04:37+00:00,11230.81,9833.01,11230.81,0
2026-08-02T11:15:41+00:00,11230.81,9831.25,11230.81,0
2026-08-02T11:26:47+00:00,11230.81,9832.94,11230.81,0
2026-08-02T11:37:50+00:00,11230.81,9822.69,11230.81,0
2026-08-02T11:48:54+00:00,11230.81,9813.35,11230.81,0
2026-08-02T11:59:59+00:00,11230.81,9795.28,11230.81,0
2026-08-02T12:11:04+00:00,11230.81,9806.95,11230.81,0
2026-08-02T12:22:07+00:00,11230.81,9817.27,11230.81,0
2026-08-02T12:33:11+00:00,11230.81,9818.67,11230.81,0
2026-08-02T12:44:16+00:00,11230.81,9806.42,11230.81,0
2026-08-02T12:55:20+00:00,11230.81,9803.45,11230.81,0
2026-08-02T13:06:24+00:00,11230.81,9798.75,11230.81,0
2026-08-02T13:17:30+00:00,11230.81,9798.44,11230.81,0
2026-08-02T13:28:35+00:00,11230.81,9806.74,11230.81,0
2026-08-02T13:39:40+00:00,11230.81,9785.44,11230.81,0
2026-08-02T13:50:45+00:00,11230.81,9807.88,11230.81,0
2026-08-02T14:01:51+00:00,11230.81,9803.5,11230.81,0
2026-08-02T14:12:54+00:00,11230.81,9806.92,11230.81,0
2026-08-02T14:24:00+00:00,11230.81,9811.52,11230.81,0
2026-08-02T14:35:04+00:00,11230.81,9815.79,11230.81,0
2026-08-02T14:46:10+00:00,11230.81,9822.74,11230.81,0
2026-08-02T14:57:13+00:00,11230.81,9806.99,11230.81,0
2026-08-02T15:08:17+00:00,11230.81,9814.41,11230.81,0
2026-08-02T15:19:21+00:00,11230.81,9817.25,11230.81,0
2026-08-02T15:30:26+00:00,11230.81,9815.74,11230.81,0
2026-08-02T15:52:52+00:00,11230.81,9810.03,11230.81,0
2026-08-02T16:03:56+00:00,11230.81,9796.45,11230.81,0
2026-08-02T16:15:00+00:00,11230.81,9802.25,11230.81,0
2026-08-02T16:26:03+00:00,11230.81,9807.21,11230.81,0
2026-08-02T16:37:07+00:00,11230.81,9820.74,11230.81,0
2026-08-02T16:48:11+00:00,11230.81,9829.79,11230.81,0
2026-08-02T16:59:15+00:00,11230.81,9824.78,11230.81,0
2026-08-02T17:10:19+00:00,11230.81,9821.17,11230.81,0
2026-08-02T17:21:22+00:00,11230.81,9833.77,11230.81,0
2026-08-02T17:32:26+00:00,11230.81,9842.62,11230.81,0
2026-08-02T17:43:30+00:00,11230.81,9843.3,11230.81,0
2026-08-02T17:54:34+00:00,11230.81,9850.31,11230.81,0
2026-08-02T18:05:38+00:00,11230.81,9850.48,11230.81,0
2026-08-02T18:16:43+00:00,11230.81,9846.13,11230.81,0
2026-08-02T18:27:46+00:00,11230.81,9845.21,11230.81,0
2026-08-02T18:38:51+00:00,11230.81,9861.34,11230.81,0
2026-08-02T18:49:55+00:00,11230.81,9869.46,11230.81,0
2026-08-02T19:00:59+00:00,11230.81,9861.35,11230.81,0
2026-08-02T19:12:05+00:00,11230.81,9868.21,11230.81,0
2026-08-02T19:23:09+00:00,11230.81,9864.72,11230.81,0
2026-08-02T19:34:13+00:00,11230.81,9860.47,11230.81,0
2026-08-02T19:45:18+00:00,11230.81,9870.61,11230.81,0
2026-08-02T19:56:22+00:00,11230.81,9880.14,11230.81,0
2026-08-02T20:07:27+00:00,11230.81,9870.69,11230.81,0
2026-08-02T20:18:31+00:00,11230.81,9880.12,11230.81,0
2026-08-02T20:29:36+00:00,11230.81,9868.34,11230.81,0
2026-08-02T20:52:07+00:00,11230.81,9879.56,11230.81,0
2026-08-02T21:03:13+00:00,11230.81,9885.6,11230.81,0
2026-08-02T21:14:20+00:00,11230.81,9891.78,11230.81,0
2026-08-02T21:25:27+00:00,11230.81,9894.91,11230.81,0
2026-08-02T21:36:32+00:00,11230.81,9905.04,11230.81,0
2026-08-02T21:47:37+00:00,11230.81,9940.4,11230.81,0
2026-08-02T21:58:43+00:00,11230.81,9910.26,11230.81,0
2026-08-02T22:09:48+00:00,11230.81,9935.42,11230.81,0
2026-08-02T22:20:54+00:00,11230.81,9937.87,11230.81,0
2026-08-02T22:32:00+00:00,11230.81,9917.09,11230.81,0
2026-08-02T22:43:05+00:00,11230.81,9895.62,11230.81,0
2026-08-02T22:54:11+00:00,11230.81,9890.88,11230.81,0
2026-08-02T23:05:24+00:00,11230.81,9874.75,11230.81,0
2026-08-02T23:16:28+00:00,11230.81,9868.64,11230.81,0
2026-08-02T23:27:34+00:00,11230.81,9888.29,11230.81,0
2026-08-02T23:38:41+00:00,11230.81,9889.95,11230.81,0
2026-08-02T23:49:47+00:00,11230.81,9886.92,11230.81,0
2026-08-03T00:00:54+00:00,11230.81,9895.95,11230.81,0
2026-08-03T00:12:00+00:00,11230.81,9874.1,11230.81,0
2026-08-03T00:23:05+00:00,11230.81,9862.92,11230.81,0
2026-08-03T00:34:11+00:00,11230.81,9851.66,11230.81,0
2026-08-03T00:45:17+00:00,11230.81,9848.57,11230.81,0
2026-08-03T00:56:23+00:00,11230.81,9846.34,11230.81,0
2026-08-03T01:07:29+00:00,11230.81,9838.89,11230.81,0
2026-08-03T01:18:37+00:00,11230.81,9822.78,11230.81,0
2026-08-03T01:29:43+00:00,11230.81,9818.16,11230.81,0
2026-08-03T01:52:15+00:00,11230.81,9812.06,11230.81,0
2026-08-03T02:03:20+00:00,11230.81,9809.67,11230.81,0
2026-08-03T02:14:26+00:00,11230.81,9806.99,11230.81,0
2026-08-03T02:25:32+00:00,11230.81,9822.61,11230.81,0
2026-08-03T02:36:37+00:00,11230.81,9811.22,11230.81,0
2026-08-03T02:47:41+00:00,11230.81,9814.09,11230.81,0
2026-08-03T02:58:46+00:00,11230.81,9801.92,11230.81,0
2026-08-03T03:09:51+00:00,11230.81,9802.08,11230.81,0
2026-08-03T03:20:56+00:00,11230.81,9797.98,11230.81,0
2026-08-03T03:32:02+00:00,11230.81,9790.37,11230.81,0
2026-08-03T03:43:07+00:00,11230.81,9790.11,11230.81,0
2026-08-03T03:54:13+00:00,11230.81,9781.97,11230.81,0
2026-08-03T04:05:19+00:00,11230.81,9782.16,11230.81,0
2026-08-03T04:16:25+00:00,11230.81,9779.31,11230.81,0
2026-08-03T04:27:31+00:00,11230.81,9786.46,11230.81,0
2026-08-03T04:38:37+00:00,11230.81,9789.06,11230.81,0
2026-08-03T04:49:43+00:00,11230.81,9783.34,11230.81,0
2026-08-03T05:00:49+00:00,11230.81,9766.75,11230.81,0
2026-08-03T05:11:55+00:00,11230.81,9778.27,11230.81,0
2026-08-03T05:23:02+00:00,11230.81,9768.68,11230.81,0
2026-08-03T05:34:08+00:00,11230.81,9768.0,11230.81,0
2026-08-03T05:45:13+00:00,11230.81,9768.9,11230.81,0
2026-08-03T05:56:19+00:00,11230.81,9777.86,11230.81,0
2026-08-03T06:07:26+00:00,11230.81,9782.17,11230.81,0
2026-08-03T06:18:32+00:00,11230.81,9777.38,11230.81,0
2026-08-03T06:29:37+00:00,11230.81,9764.98,11230.81,0
2026-08-03T06:52:23+00:00,11230.81,9745.24,11230.81,0
2026-08-03T07:03:30+00:00,11230.81,9724.47,11230.81,0
2026-08-03T07:14:38+00:00,11230.81,9733.16,11230.81,0
2026-08-03T07:25:46+00:00,11230.81,9730.31,11230.81,0
2026-08-03T07:37:33+00:00,11230.81,9727.27,11230.81,0
2026-08-03T07:49:10+00:00,11230.81,9728.05,11230.81,0
2026-08-03T08:00:19+00:00,11230.81,9723.64,11230.81,0
2026-08-03T08:12:30+00:00,11230.81,9717.48,11230.81,0
2026-08-03T08:24:15+00:00,11230.81,9693.58,11230.81,0
2026-08-03T08:35:24+00:00,11230.81,9671.22,11230.81,0
2026-08-03T08:47:28+00:00,11230.81,9693.33,11230.81,0
2026-08-03T08:59:47+00:00,11230.81,9709.78,11230.81,0
2026-08-03T09:12:13+00:00,11230.81,9710.34,11230.81,0
2026-08-03T09:24:34+00:00,11230.81,9718.37,11230.81,0
2026-08-03T09:37:02+00:00,11230.81,9724.44,11230.81,0
2026-08-03T09:45:40+00:00,11230.81,9733.57,11230.81,0
2026-08-03T09:56:47+00:00,11230.81,9752.57,11230.81,0
2026-08-03T10:07:54+00:00,11230.81,9751.95,11230.81,0
2026-08-03T10:19:01+00:00,11230.81,9747.28,11230.81,0
2026-08-03T10:30:06+00:00,11230.81,9739.72,11230.81,0
2026-08-03T10:41:13+00:00,11230.81,9736.63,11230.81,0
2026-08-03T10:52:20+00:00,11230.81,9729.71,11230.81,0
2026-08-03T11:03:28+00:00,11230.81,9731.05,11230.81,0
2026-08-03T11:14:35+00:00,11230.81,9721.34,11230.81,0
2026-08-03T11:25:41+00:00,11230.81,9727.72,11230.81,0
2026-08-03T11:36:48+00:00,11230.81,9735.31,11230.81,0
2026-08-03T11:47:55+00:00,11230.81,9724.0,11230.81,0
2026-08-03T11:59:01+00:00,11230.81,9705.38,11230.81,0
2026-08-03T12:10:09+00:00,11230.81,9698.87,11230.81,0
2026-08-03T12:21:16+00:00,11230.81,9717.31,11230.81,0
2026-08-03T12:32:22+00:00,11230.81,9716.94,11230.81,0
2026-08-03T12:43:30+00:00,11230.81,9715.62,11230.81,0
2026-08-03T12:54:37+00:00,11230.81,9722.06,11230.81,0
2026-08-03T13:05:45+00:00,11230.81,9721.81,11230.81,0
2026-08-03T13:16:53+00:00,11230.81,9729.32,11230.81,0
2026-08-03T13:28:00+00:00,11230.81,9743.0,11230.81,0
2026-08-03T13:39:09+00:00,11230.81,9749.79,11230.81,0
2026-08-03T13:50:17+00:00,11230.81,9760.44,11230.81,0
2026-08-03T14:46:15+00:00,11230.81,9857.17,11230.81,0
2026-08-03T14:57:09+00:00,11230.81,9880.06,11230.81,0
2026-08-03T15:08:02+00:00,11230.81,9865.2,11230.81,0
2026-08-03T15:18:54+00:00,11230.81,9863.64,11230.81,0
2026-08-03T15:29:48+00:00,11230.81,9860.45,11230.81,0
2026-08-03T15:40:41+00:00,11230.81,9882.52,11230.81,0
2026-08-03T15:51:34+00:00,11230.81,9875.9,11230.81,0
2026-08-03T16:02:26+00:00,11230.81,9870.18,11230.81,0
2026-08-03T16:13:19+00:00,11230.81,9869.45,11230.81,0
2026-08-03T16:24:16+00:00,11230.81,9887.96,11230.81,0
2026-08-03T16:35:09+00:00,11230.81,9873.31,11230.81,0
2026-08-03T16:46:01+00:00,11230.81,9864.82,11230.81,0
2026-08-03T16:56:54+00:00,11230.81,9855.95,11230.81,0
2026-08-03T17:07:47+00:00,11230.81,9868.21,11230.81,0
2026-08-03T17:18:41+00:00,11230.81,9876.6,11230.81,0
2026-08-03T17:29:35+00:00,11230.81,9872.41,11230.81,0
2026-08-03T17:40:28+00:00,11230.81,9872.33,11230.81,0
2026-08-03T17:51:22+00:00,11230.81,9879.33,11230.81,0
2026-08-03T18:02:16+00:00,11230.81,9879.96,11230.81,0
2026-08-03T18:13:09+00:00,11230.81,9897.61,11230.81,0
2026-08-03T18:24:02+00:00,11230.81,9896.6,11230.81,0
2026-08-03T19:40:41+00:00,11230.81,9886.69,11230.81,0
2026-08-03T19:51:50+00:00,11230.81,9896.42,11230.81,0
2026-08-03T20:02:56+00:00,11230.81,9879.79,11230.81,0
2026-08-03T20:14:03+00:00,11230.81,9892.19,11230.81,0
2026-08-03T20:25:11+00:00,11230.81,9897.68,11230.81,0
2026-08-03T20:36:18+00:00,11230.81,9896.82,11230.81,0
2026-08-03T20:47:26+00:00,11230.81,9889.77,11230.81,0
2026-08-03T20:58:39+00:00,11230.81,9882.28,11230.81,0
2026-08-03T21:09:47+00:00,11230.81,9877.54,11230.81,0
2026-08-03T21:20:54+00:00,11230.81,9865.13,11230.81,0
2026-08-03T21:32:02+00:00,11230.81,9873.65,11230.81,0
2026-08-03T21:43:08+00:00,11230.81,9872.89,11230.81,0
2026-08-03T21:54:16+00:00,11230.81,9861.59,11230.81,0
2026-08-03T22:05:24+00:00,11230.81,9829.26,11230.81,0
2026-08-03T22:16:32+00:00,11230.81,9845.0,11230.81,0
2026-08-03T22:27:40+00:00,11230.81,9834.26,11230.81,0
2026-08-03T22:38:51+00:00,11230.81,9822.66,11230.81,0
2026-08-03T22:49:59+00:00,11230.81,9833.64,11230.81,0
2026-08-03T23:01:06+00:00,11230.81,9828.71,11230.81,0
2026-08-03T23:12:13+00:00,11230.81,9828.6,11230.81,0
2026-08-03T23:23:20+00:00,11230.81,9829.32,11230.81,0
2026-08-03T23:34:26+00:00,11230.81,9828.34,11230.81,0
2026-08-03T23:45:34+00:00,11230.81,9824.52,11230.81,0
2026-08-04T00:41:28+00:00,11230.81,9789.04,11230.81,0
2026-08-04T00:52:42+00:00,11230.81,9799.99,11230.81,0
2026-08-04T01:03:51+00:00,11230.81,9795.69,11230.81,0
2026-08-04T01:14:59+00:00,11230.81,9797.79,11230.81,0
2026-08-04T01:26:08+00:00,11230.81,9803.47,11230.81,0
2026-08-04T01:37:17+00:00,11230.81,9843.0,11230.81,0
2026-08-04T01:48:26+00:00,11230.81,9855.88,11230.81,0
2026-08-04T01:59:35+00:00,11230.81,9869.58,11230.81,0
2026-08-04T02:10:43+00:00,11230.81,9862.34,11230.81,0
2026-08-04T02:21:51+00:00,11230.81,9848.75,11230.81,0
2026-08-04T02:33:02+00:00,11230.81,9862.31,11230.81,0
2026-08-04T02:44:10+00:00,11230.81,9882.16,11230.81,0
2026-08-04T05:43:02+00:00,11230.81,9866.87,11230.81,0
2026-08-04T05:54:12+00:00,11230.81,9860.36,11230.81,0
2026-08-04T06:05:20+00:00,11230.81,9861.43,11230.81,0
2026-08-04T06:16:30+00:00,11230.81,9858.61,11230.81,0
2026-08-04T06:27:39+00:00,11230.81,9859.23,11230.81,0
2026-08-04T06:38:48+00:00,11230.81,9842.71,11230.81,0
2026-08-04T06:49:57+00:00,11230.81,9826.72,11230.81,0
2026-08-04T07:01:14+00:00,11230.81,9825.61,11230.81,0
2026-08-04T07:12:23+00:00,11230.81,9820.18,11230.81,0
2026-08-04T07:23:33+00:00,11230.81,9807.13,11230.81,0
2026-08-04T07:34:44+00:00,11230.81,9844.79,11230.81,0
2026-08-04T07:45:56+00:00,11230.81,9849.88,11230.81,0
2026-08-04T07:57:05+00:00,11230.81,9858.47,11230.81,0
2026-08-04T08:08:14+00:00,11230.81,9854.18,11230.81,0
2026-08-04T08:19:23+00:00,11230.81,9833.88,11230.81,0
2026-08-04T08:30:34+00:00,11230.81,9832.36,11230.81,0
2026-08-04T08:41:43+00:00,11230.81,9825.84,11230.81,0
2026-08-04T10:33:38+00:00,11230.81,9804.92,11230.81,0
2026-08-04T10:44:35+00:00,11230.81,9827.31,11230.81,0
2026-08-04T10:55:30+00:00,11230.81,9852.15,11230.81,0
2026-08-04T11:06:27+00:00,11230.81,9853.65,11230.81,0
2026-08-04T11:17:22+00:00,11230.81,9849.01,11230.81,0
2026-08-04T11:28:17+00:00,11230.81,9858.29,11230.81,0
2026-08-04T11:39:12+00:00,11230.81,9855.24,11230.81,0
2026-08-04T11:50:08+00:00,11230.81,9880.34,11230.81,0
2026-08-04T12:01:04+00:00,11230.81,9882.24,11230.81,0
2026-08-04T12:12:02+00:00,11230.81,9872.82,11230.81,0
2026-08-04T12:22:57+00:00,11230.81,9872.13,11230.81,0
2026-08-04T12:33:52+00:00,11230.81,9879.63,11230.81,0
2026-08-04T12:44:47+00:00,11230.81,9895.76,11230.81,0
2026-08-04T12:55:42+00:00,11230.81,9888.51,11230.81,0
2026-08-04T13:06:37+00:00,11230.81,9888.43,11230.81,0
2026-08-04T15:29:04+00:00,11230.81,9856.3,11230.81,0
2026-08-04T15:40:17+00:00,11230.81,9856.73,11230.81,0
2026-08-04T15:51:27+00:00,11230.81,9906.49,11230.81,0
2026-08-04T16:02:37+00:00,11230.81,9890.03,11230.81,0
2026-08-04T16:13:47+00:00,11230.81,9883.66,11230.81,0
2026-08-04T16:24:57+00:00,11230.81,9889.92,11230.81,0
2026-08-04T16:36:08+00:00,11230.81,9879.55,11230.81,0
2026-08-04T16:47:19+00:00,11230.81,9867.83,11230.81,0
2026-08-04T16:58:29+00:00,11230.81,9866.95,11230.81,0
2026-08-04T17:09:40+00:00,11230.81,9905.5,11230.81,0
2026-08-04T17:20:49+00:00,11230.81,9888.1,11230.81,0
2026-08-04T17:32:00+00:00,11230.81,9899.99,11230.81,0
2026-08-04T17:43:10+00:00,11230.81,9903.03,11230.81,0
2026-08-04T17:54:20+00:00,11230.81,9873.52,11230.81,0
2026-08-04T18:05:30+00:00,11230.81,9897.65,11230.81,0
2026-08-04T18:16:42+00:00,11230.81,9906.97,11230.81,0
2026-08-04T18:27:53+00:00,11230.81,9931.03,11230.81,0
2026-08-04T18:39:03+00:00,11230.81,9906.47,11230.81,0
2026-08-04T18:50:14+00:00,11230.81,9907.56,11230.81,0
2026-08-04T19:01:25+00:00,11230.81,9911.44,11230.81,0
2026-08-04T19:12:35+00:00,11230.81,9920.73,11230.81,0
2026-08-04T19:23:45+00:00,11230.81,9905.0,11230.81,0
2026-08-04T19:34:55+00:00,11230.81,9920.22,11230.81,0
2026-08-04T19:46:07+00:00,11230.81,9930.65,11230.81,0
2026-08-04T20:20:08+00:00,11230.81,9879.42,11230.81,0
2026-08-04T20:31:22+00:00,11230.81,9902.13,11230.81,0
2026-08-04T20:42:35+00:00,11230.81,9928.96,11230.81,0
2026-08-04T20:53:47+00:00,11230.81,9919.18,11230.81,0
2026-08-04T21:05:01+00:00,11230.81,9914.37,11230.81,0
2026-08-04T21:16:14+00:00,11230.81,9900.72,11230.81,0
2026-08-04T21:27:27+00:00,11230.81,9907.87,11230.81,0
2026-08-04T21:38:40+00:00,11230.81,9900.88,11230.81,0
2026-08-04T21:49:53+00:00,11230.81,9901.18,11230.81,0
2026-08-04T22:01:05+00:00,11230.81,9893.0,11230.81,0
2026-08-04T22:12:18+00:00,11230.81,9900.59,11230.81,0
2026-08-04T22:23:31+00:00,11230.81,9899.23,11230.81,0
2026-08-04T22:34:43+00:00,11230.81,9906.99,11230.81,0
2026-08-04T22:45:56+00:00,11230.81,9900.49,11230.81,0
2026-08-04T22:57:09+00:00,11230.81,9904.68,11230.81,0
2026-08-04T23:08:21+00:00,11230.81,9912.65,11230.81,0
2026-08-04T23:19:35+00:00,11230.81,9929.02,11230.81,0
2026-08-04T23:30:48+00:00,11230.81,9883.39,11230.81,0
2026-08-04T23:42:00+00:00,11230.81,9887.56,11230.81,0
2026-08-04T23:53:13+00:00,11230.81,9876.04,11230.81,0
2026-08-05T00:04:27+00:00,11230.81,9870.29,11230.81,0
2026-08-05T00:15:41+00:00,11230.81,9862.99,11230.81,0
2026-08-05T00:26:53+00:00,11230.81,9859.94,11230.81,0
2026-08-05T00:38:05+00:00,11230.81,9873.27,11230.81,0
2026-08-05T00:49:18+00:00,11230.81,9848.64,11230.81,0
2026-08-05T01:00:31+00:00,11230.81,9845.02,11230.81,0
2026-08-05T01:12:08+00:00,11230.81,9848.6,11230.81,0
2026-08-05T01:23:19+00:00,11230.81,9860.23,11230.81,0
2026-08-05T01:34:31+00:00,11230.81,9870.17,11230.81,0
2026-08-05T01:45:43+00:00,11230.81,9881.02,11230.81,0
2026-08-05T01:56:54+00:00,11230.81,9897.1,11230.81,0
2026-08-05T02:08:05+00:00,11230.81,9909.89,11230.81,0
2026-08-05T02:19:17+00:00,11230.81,9895.29,11230.81,0
2026-08-05T02:30:28+00:00,11230.81,9908.82,11230.81,0
2026-08-05T02:41:40+00:00,11230.81,9919.61,11230.81,0
2026-08-05T02:52:51+00:00,11230.81,9911.99,11230.81,0
2026-08-05T03:04:03+00:00,11230.81,9901.78,11230.81,0
2026-08-05T03:15:15+00:00,11230.81,9889.33,11230.81,0
2026-08-05T03:26:29+00:00,11230.81,9852.45,11230.81,0
2026-08-05T03:37:42+00:00,11230.81,9859.58,11230.81,0
2026-08-05T03:48:54+00:00,11230.81,9860.26,11230.81,0
2026-08-05T04:00:05+00:00,11230.81,9861.46,11230.81,0
2026-08-05T04:11:17+00:00,11230.81,9856.27,11230.81,0
2026-08-05T04:22:30+00:00,11230.81,9854.25,11230.81,0
2026-08-05T06:03:45+00:00,11230.81,9885.14,11230.81,0
2026-08-05T06:15:00+00:00,11230.81,9886.15,11230.81,0
2026-08-05T06:26:14+00:00,11230.81,9886.64,11230.81,0
2026-08-05T06:37:27+00:00,11230.81,9896.03,11230.81,0
2026-08-05T06:48:42+00:00,11230.81,9882.98,11230.81,0
2026-08-05T06:59:56+00:00,11230.81,9877.16,11230.81,0
2026-08-05T07:11:09+00:00,11230.81,9863.46,11230.81,0
2026-08-05T07:22:22+00:00,11230.81,9842.66,11230.81,0
2026-08-05T07:33:36+00:00,11230.81,9846.64,11230.81,0
2026-08-05T07:44:49+00:00,11230.81,9841.96,11230.81,0
2026-08-05T07:56:03+00:00,11230.81,9852.46,11230.81,0
2026-08-05T08:07:18+00:00,11230.81,9871.26,11230.81,0
2026-08-05T08:18:31+00:00,11230.81,9863.74,11230.81,0
2026-08-05T08:29:45+00:00,11230.81,9880.96,11230.81,0
2026-08-05T08:40:58+00:00,11230.81,9873.98,11230.81,0
2026-08-05T08:52:13+00:00,11230.81,9870.8,11230.81,0
2026-08-05T09:03:27+00:00,11230.81,9867.73,11230.81,0
2026-08-05T09:14:40+00:00,11230.81,9872.49,11230.81,0
2026-08-05T09:25:55+00:00,11230.81,9875.78,11230.81,0
2026-08-05T09:37:09+00:00,11230.81,9878.83,11230.81,0
2026-08-05T09:48:24+00:00,11230.81,9876.24,11230.81,0
2026-08-05T09:59:40+00:00,11230.81,9867.26,11230.81,0
2026-08-05T10:56:12+00:00,11230.81,9847.7,11230.81,0
2026-08-05T11:07:26+00:00,11230.81,9854.87,11230.81,0
2026-08-05T11:18:42+00:00,11230.81,9847.77,11230.81,0
2026-08-05T11:29:57+00:00,11230.81,9843.07,11230.81,0
2026-08-05T11:41:11+00:00,11230.81,9847.12,11230.81,0
2026-08-05T11:52:25+00:00,11230.81,9845.34,11230.81,0
2026-08-05T12:03:40+00:00,11230.81,9846.22,11230.81,0
2026-08-05T12:14:53+00:00,11230.81,9861.65,11230.81,0
2026-08-05T12:26:08+00:00,11230.81,9912.83,11230.81,0
2026-08-05T12:37:24+00:00,11230.81,9903.35,11230.81,0
2026-08-05T12:48:38+00:00,11230.81,9894.98,11230.81,0
2026-08-05T12:59:53+00:00,11230.81,9880.03,11230.81,0
2026-08-05T13:11:09+00:00,11230.81,9851.49,11230.81,0
2026-08-05T13:22:25+00:00,11230.81,9857.85,11230.81,0
2026-08-05T13:33:40+00:00,11230.81,9802.48,11230.81,0
2026-08-05T13:44:56+00:00,11230.81,9840.26,11230.81,0
2026-08-05T13:56:11+00:00,11230.81,9859.77,11230.81,0
2026-08-05T14:07:25+00:00,11230.81,9891.25,11230.81,0
2026-08-05T14:18:42+00:00,11230.81,9891.89,11230.81,0
2026-08-05T14:29:59+00:00,11230.81,9862.55,11230.81,0
2026-08-05T14:41:14+00:00,11230.81,9850.89,11230.81,0
2026-08-05T14:52:31+00:00,11230.81,9864.7,11230.81,0
2026-08-05T15:49:14+00:00,11230.81,9893.82,11230.81,0
2026-08-05T16:00:30+00:00,11230.81,9868.77,11230.81,0
2026-08-05T16:11:45+00:00,11230.81,9888.98,11230.81,0
2026-08-05T16:22:59+00:00,11230.81,9926.84,11230.81,0
2026-08-05T16:34:15+00:00,11230.81,9932.18,11230.81,0
2026-08-05T16:45:28+00:00,11230.81,9930.07,11230.81,0
2026-08-05T16:56:48+00:00,11230.81,9921.91,11230.81,0
2026-08-05T17:08:02+00:00,11230.81,9931.99,11230.81,0
2026-08-05T17:19:17+00:00,11230.81,9924.56,11230.81,0
2026-08-05T17:30:31+00:00,11230.81,9923.78,11230.81,0
2026-08-05T17:41:47+00:00,11230.81,9971.79,11230.81,0
2026-08-05T17:53:00+00:00,11230.81,9982.43,11230.81,0
2026-08-05T18:04:14+00:00,11230.81,9978.36,11230.81,0
2026-08-05T18:15:28+00:00,11230.81,9997.94,11230.81,0
2026-08-05T18:26:42+00:00,11230.81,9983.29,11230.81,0
2026-08-05T18:37:56+00:00,11230.81,9986.72,11230.81,0
2026-08-05T18:49:13+00:00,11230.81,9985.45,11230.81,0
2026-08-05T19:00:28+00:00,11230.81,9977.9,11230.81,0
2026-08-05T19:11:44+00:00,11230.81,9982.38,11230.81,0
2026-08-05T19:23:00+00:00,11230.81,9987.92,11230.81,0
2026-08-05T19:34:15+00:00,11230.81,9987.29,11230.81,0
2026-08-05T19:45:31+00:00,11230.81,9991.5,11230.81,0
2026-08-05T19:56:47+00:00,11230.81,9991.85,11230.81,0
2026-08-05T20:08:03+00:00,11230.81,9978.24,11230.81,0
2026-08-05T20:42:16+00:00,11230.81,10000.95,11230.81,0
2026-08-05T20:53:34+00:00,11230.81,9992.97,11230.81,0
2026-08-05T21:04:52+00:00,11230.81,9963.03,11230.81,0
2026-08-05T21:16:09+00:00,11230.81,9968.52,11230.81,0
2026-08-05T21:27:26+00:00,11230.81,9943.08,11230.81,0
2026-08-05T21:38:43+00:00,11230.81,9937.05,11230.81,0
2026-08-05T21:50:06+00:00,11230.81,9943.01,11230.81,0
2026-08-05T22:01:23+00:00,11230.81,9946.71,11230.81,0
2026-08-05T22:12:40+00:00,11230.81,9948.67,11230.81,0
2026-08-05T22:23:57+00:00,11230.81,9942.81,11230.81,0
2026-08-05T22:35:14+00:00,11230.81,9949.16,11230.81,0
2026-08-05T22:46:31+00:00,11230.81,9939.64,11230.81,0
2026-08-05T22:57:48+00:00,11230.81,9930.37,11230.81,0
2026-08-05T23:09:06+00:00,11230.81,9929.37,11230.81,0
2026-08-05T23:20:23+00:00,11230.81,9931.91,11230.81,0
2026-08-05T23:31:40+00:00,11230.81,9936.59,11230.81,0
2026-08-05T23:42:56+00:00,11230.81,9939.03,11230.81,0
2026-08-05T23:54:13+00:00,11230.81,9935.2,11230.81,0
2026-08-06T00:05:29+00:00,11230.81,9931.24,11230.81,0
2026-08-06T00:16:46+00:00,11230.81,9932.18,11230.81,0
2026-08-06T00:28:03+00:00,11230.81,9945.48,11230.81,0
2026-08-06T00:39:21+00:00,11230.81,9938.57,11230.81,0
2026-08-06T00:50:38+00:00,11230.81,9932.67,11230.81,0
2026-08-06T01:01:56+00:00,11230.81,9932.02,11230.81,0
2026-08-06T01:36:06+00:00,11230.81,9914.0,11230.81,0
2026-08-06T01:47:25+00:00,11230.81,9916.88,11230.81,0
2026-08-06T01:58:42+00:00,11230.81,9899.9,11230.81,0
2026-08-06T02:09:59+00:00,11230.81,9889.06,11230.81,0
2026-08-06T02:21:20+00:00,11230.81,9849.67,11230.81,0
2026-08-06T02:32:38+00:00,11230.81,9856.97,11230.81,0
2026-08-06T02:43:54+00:00,11230.81,9865.81,11230.81,0
2026-08-06T02:55:11+00:00,11230.81,9863.75,11230.81,0
2026-08-06T03:06:28+00:00,11230.81,9863.42,11230.81,0
2026-08-06T03:17:45+00:00,11230.81,9857.62,11230.81,0
2026-08-06T03:29:03+00:00,11230.81,9859.96,11230.81,0
2026-08-06T03:40:21+00:00,11230.81,9856.97,11230.81,0
2026-08-06T03:51:39+00:00,11230.81,9860.44,11230.81,0
2026-08-06T04:02:56+00:00,11230.81,9850.89,11230.81,0
2026-08-06T04:14:14+00:00,11230.81,9861.76,11230.81,0
2026-08-06T04:25:32+00:00,11230.81,9889.65,11230.81,0
2026-08-06T06:30:04+00:00,11230.81,9921.46,11230.81,0
2026-08-06T06:41:24+00:00,11230.81,9918.28,11230.81,0
2026-08-06T06:52:42+00:00,11230.81,9917.4,11230.81,0
2026-08-06T07:04:00+00:00,11230.81,9917.4,11230.81,0
2026-08-06T07:15:19+00:00,11230.81,9917.4,11230.81,0
2026-08-06T07:26:41+00:00,11230.81,9922.91,11230.81,0
2026-08-06T07:37:59+00:00,11230.81,9916.79,11230.81,0
2026-08-06T07:49:17+00:00,11230.81,9905.9,11230.81,0
2026-08-06T08:00:40+00:00,11230.81,9907.94,11230.81,0
2026-08-06T08:12:00+00:00,11230.81,9901.93,11230.81,0
2026-08-06T08:23:19+00:00,11230.81,9904.85,11230.81,0
2026-08-06T08:34:37+00:00,11230.81,9915.63,11230.81,0
2026-08-06T08:45:58+00:00,11230.81,9928.6,11230.81,0
2026-08-06T08:57:17+00:00,11230.81,9939.46,11230.81,0
2026-08-06T09:08:37+00:00,11230.81,9906.29,11230.81,0
2026-08-06T09:19:56+00:00,11230.81,9896.0,11230.81,0
2026-08-06T09:31:20+00:00,11230.81,9880.02,11230.81,0
2026-08-06T09:42:40+00:00,11230.81,9868.15,11230.81,0
2026-08-06T09:54:04+00:00,11230.81,9869.18,11230.81,0
2026-08-06T10:05:23+00:00,11230.81,9859.39,11230.81,0
2026-08-06T11:25:23+00:00,11230.81,9876.81,11230.81,0
2026-08-06T11:36:45+00:00,11230.81,9886.08,11230.81,0
2026-08-06T11:48:04+00:00,11230.81,9883.75,11230.81,0
2026-08-06T11:59:23+00:00,11230.81,9884.45,11230.81,0
2026-08-06T12:10:42+00:00,11230.81,9862.14,11230.81,0
2026-08-06T12:22:01+00:00,11230.81,9867.54,11230.81,0
2026-08-06T12:33:20+00:00,11230.81,9868.29,11230.81,0
2026-08-06T12:44:38+00:00,11230.81,9866.86,11230.81,0
2026-08-06T12:55:58+00:00,11230.81,9855.01,11230.81,0
2026-08-06T13:07:17+00:00,11230.81,9823.42,11230.81,0
2026-08-06T13:18:38+00:00,11230.81,9831.22,11230.81,0
2026-08-06T13:29:57+00:00,11230.81,9824.88,11230.81,0
2026-08-06T13:41:16+00:00,11230.81,9851.06,11230.81,0
2026-08-06T13:52:35+00:00,11230.81,9866.38,11230.81,0
2026-08-06T14:03:54+00:00,11230.81,9854.36,11230.81,0
2026-08-06T14:15:14+00:00,11230.81,9855.76,11230.81,0
2026-08-06T14:26:34+00:00,11230.81,9859.59,11230.81,0
2026-08-06T14:37:52+00:00,11230.81,9873.67,11230.81,0
2026-08-06T14:49:12+00:00,11230.81,9882.11,11230.81,0
2026-08-06T15:00:32+00:00,11230.81,9897.43,11230.81,0
2026-08-06T15:11:51+00:00,11230.81,9917.81,11230.81,0
2026-08-06T15:23:10+00:00,11230.81,9889.21,11230.81,0
2026-08-06T15:34:30+00:00,11230.81,9902.44,11230.81,0
2026-08-06T15:45:49+00:00,11230.81,9894.77,11230.81,0
2026-08-06T15:57:08+00:00,11230.81,9885.71,11230.81,0
2026-08-06T16:08:27+00:00,11230.81,9885.19,11230.81,0
2026-08-07T00:25:54+00:00,11230.81,9802.64,11230.81,0
2026-08-07T00:37:16+00:00,11230.81,9808.43,11230.81,0
2026-08-07T00:48:36+00:00,11230.81,9802.64,11230.81,0
2026-08-07T00:59:56+00:00,11230.81,9808.47,11230.81,0
2026-08-07T01:11:16+00:00,11230.81,9808.7,11230.81,0
2026-08-07T01:22:36+00:00,11230.81,9811.1,11230.81,0
2026-08-07T01:33:56+00:00,11230.81,9826.26,11230.81,0
2026-08-07T01:45:17+00:00,11230.81,9811.74,11230.81,0
2026-08-07T01:56:38+00:00,11230.81,9812.8,11230.81,0
2026-08-07T02:07:59+00:00,11230.81,9814.85,11230.81,0
2026-08-07T02:19:19+00:00,11230.81,9823.65,11230.81,0
2026-08-07T02:30:40+00:00,11230.81,9794.98,11230.81,0
2026-08-07T02:42:01+00:00,11230.81,9794.47,11230.81,0
2026-08-07T02:53:21+00:00,11230.81,9807.7,11230.81,0
2026-08-07T03:04:43+00:00,11230.81,9790.78,11230.81,0
2026-08-07T03:16:03+00:00,11230.81,9789.53,11230.81,0
2026-08-07T03:27:23+00:00,11230.81,9789.62,11230.81,0
2026-08-07T05:21:14+00:00,11230.81,9755.02,11230.81,0
2026-08-07T05:32:37+00:00,11230.81,9748.98,11230.81,0
2026-08-07T05:43:57+00:00,11230.81,9760.35,11230.81,0
2026-08-07T05:55:17+00:00,11230.81,9783.61,11230.81,0
2026-08-07T06:06:39+00:00,11230.81,9785.98,11230.81,0
2026-08-07T06:18:01+00:00,11230.81,9795.9,11230.81,0
2026-08-07T06:29:22+00:00,11230.81,9807.37,11230.81,0
2026-08-07T06:40:43+00:00,11230.81,9805.79,11230.81,0
2026-08-07T06:52:03+00:00,11230.81,9794.36,11230.81,0
2026-08-07T07:03:24+00:00,11230.81,9787.8,11230.81,0
2026-08-07T07:14:46+00:00,11230.81,9804.12,11230.81,0
2026-08-07T07:26:06+00:00,11230.81,9809.5,11230.81,0
2026-08-07T07:37:27+00:00,11230.81,9804.83,11230.81,0
2026-08-07T07:48:49+00:00,11230.81,9799.77,11230.81,0
2026-08-07T08:00:10+00:00,11230.81,9797.46,11230.81,0
2026-08-07T08:11:35+00:00,11230.81,9802.39,11230.81,0
2026-08-07T08:22:57+00:00,11230.81,9806.72,11230.81,0
2026-08-07T08:34:20+00:00,11230.81,9823.68,11230.81,0
2026-08-07T08:45:42+00:00,11230.81,9840.9,11230.81,0
2026-08-07T08:57:06+00:00,11230.81,9834.22,11230.81,0
2026-08-07T09:08:28+00:00,11230.81,9849.45,11230.81,0
2026-08-07T09:19:51+00:00,11230.81,9865.89,11230.81,0
2026-08-07T09:31:14+00:00,11230.81,9869.83,11230.81,0
2026-08-07T10:16:59+00:00,11230.81,9874.67,11230.81,0
2026-08-07T10:28:24+00:00,11230.81,9875.18,11230.81,0
2026-08-07T10:39:46+00:00,11230.81,9871.75,11230.81,0
2026-08-07T10:51:09+00:00,11230.81,9875.3,11230.81,0
2026-08-07T11:02:32+00:00,11230.81,9873.41,11230.81,0
2026-08-07T11:13:56+00:00,11230.81,9878.2,11230.81,0
2026-08-07T11:25:19+00:00,11230.81,9897.37,11230.81,0
2026-08-07T11:36:43+00:00,11230.81,9881.79,11230.81,0
2026-08-07T11:48:07+00:00,11230.81,9882.49,11230.81,0
2026-08-07T11:59:28+00:00,11230.81,9877.74,11230.81,0
2026-08-07T12:10:50+00:00,11230.81,9932.06,11230.81,0
2026-08-07T12:22:14+00:00,11230.81,9921.37,11230.81,0
2026-08-07T12:33:37+00:00,11230.81,9915.14,11230.81,0
2026-08-07T12:45:00+00:00,11230.81,9914.3,11230.81,0
2026-08-07T12:56:23+00:00,11230.81,9938.98,11230.81,0
2026-08-07T13:07:46+00:00,11230.81,9935.21,11230.81,0
2026-08-07T13:19:10+00:00,11230.81,9928.99,11230.81,0
2026-08-07T13:30:33+00:00,11230.81,9915.76,11230.81,0
2026-08-07T13:41:56+00:00,11230.81,9939.63,11230.81,0
2026-08-07T13:53:21+00:00,11230.81,9935.15,11230.81,0
2026-08-07T14:04:44+00:00,11230.81,9873.02,11230.81,0
2026-08-07T14:16:08+00:00,11230.81,9861.64,11230.81,0
2026-08-07T14:27:32+00:00,11230.81,9910.08,11230.81,0
2026-08-07T14:38:56+00:00,11230.81,9920.75,11230.81,0
2026-08-07T14:50:19+00:00,11230.81,9887.05,11230.81,0
2026-08-07T15:13:25+00:00,11230.81,9869.65,11230.81,0
2026-08-07T15:24:50+00:00,11230.81,9875.7,11230.81,0
2026-08-07T15:36:13+00:00,11230.81,9882.87,11230.81,0
2026-08-07T15:47:37+00:00,11230.81,9878.95,11230.81,0
2026-08-07T15:59:00+00:00,11230.81,9875.0,11230.81,0
2026-08-07T16:10:23+00:00,11230.81,9887.53,11230.81,0
2026-08-07T16:21:46+00:00,11230.81,9887.44,11230.81,0
2026-08-07T16:33:08+00:00,11230.81,9866.76,11230.81,0
2026-08-07T16:44:32+00:00,11230.81,9858.52,11230.81,0
2026-08-07T16:55:56+00:00,11230.81,9843.62,11230.81,0
2026-08-07T17:07:20+00:00,11230.81,9824.17,11230.81,0
2026-08-07T17:18:44+00:00,11230.81,9817.67,11230.81,0
2026-08-07T17:30:06+00:00,11230.81,9803.48,11230.81,0
2026-08-07T17:41:29+00:00,11230.81,9815.13,11230.81,0
2026-08-07T17:52:53+00:00,11230.81,9810.64,11230.81,0
2026-08-07T18:04:17+00:00,11230.81,9828.5,11230.81,0
2026-08-07T18:15:41+00:00,11230.81,9840.71,11230.81,0
2026-08-07T18:27:05+00:00,11230.81,9834.3,11230.81,0
2026-08-07T18:38:30+00:00,11230.81,9820.01,11230.81,0
2026-08-07T18:49:53+00:00,11230.81,9807.24,11230.81,0
2026-08-07T19:01:17+00:00,11230.81,9825.22,11230.81,0
2026-08-07T19:12:40+00:00,11230.81,9847.41,11230.81,0
2026-08-07T19:24:04+00:00,11230.81,9865.67,11230.81,0
2026-08-07T19:35:28+00:00,11230.81,9868.54,11230.81,0
2026-08-07T19:46:52+00:00,11230.81,9872.99,11230.81,0
2026-08-07T19:58:16+00:00,11230.81,9871.97,11230.81,0
2026-08-07T20:10:01+00:00,11230.81,9873.81,11230.81,0
2026-08-07T20:21:26+00:00,11230.81,9873.34,11230.81,0
2026-08-07T20:32:50+00:00,11230.81,9870.11,11230.81,0
2026-08-07T20:44:15+00:00,11230.81,9868.09,11230.81,0
2026-08-07T20:55:39+00:00,11230.81,9865.16,11230.81,0
2026-08-07T21:07:05+00:00,11230.81,9863.33,11230.81,0
2026-08-07T21:18:29+00:00,11230.81,9861.85,11230.81,0
2026-08-07T21:29:53+00:00,11230.81,9862.08,11230.81,0
2026-08-07T21:41:18+00:00,11230.81,9867.43,11230.81,0
2026-08-07T21:52:43+00:00,11230.81,9859.13,11230.81,0
2026-08-07T22:04:07+00:00,11230.81,9852.82,11230.81,0
2026-08-07T22:15:32+00:00,11230.81,9856.39,11230.81,0
2026-08-07T22:26:56+00:00,11230.81,9849.76,11230.81,0
2026-08-07T22:38:20+00:00,11230.81,9840.24,11230.81,0
2026-08-07T22:49:45+00:00,11230.81,9842.68,11230.81,0
2026-08-07T23:01:10+00:00,11230.81,9846.81,11230.81,0
2026-08-07T23:12:34+00:00,11230.81,9853.19,11230.81,0
2026-08-07T23:23:58+00:00,11230.81,9851.0,11230.81,0
2026-08-07T23:35:23+00:00,11230.81,9850.51,11230.81,0
2026-08-07T23:46:49+00:00,11230.81,9859.66,11230.81,0
2026-08-07T23:58:15+00:00,11230.81,9849.27,11230.81,0
2026-08-08T01:07:05+00:00,11230.81,9861.55,11230.81,0
2026-08-08T01:18:34+00:00,11230.81,9866.82,11230.81,0
2026-08-08T01:30:02+00:00,11230.81,9867.74,11230.81,0
2026-08-08T01:41:28+00:00,11230.81,9879.57,11230.81,0
2026-08-08T01:52:54+00:00,11230.81,9876.32,11230.81,0
2026-08-08T02:04:20+00:00,11230.81,9875.06,11230.81,0
2026-08-08T02:15:45+00:00,11230.81,9876.32,11230.81,0
2026-08-08T02:27:11+00:00,11230.81,9875.65,11230.81,0
2026-08-08T02:38:36+00:00,11230.81,9877.27,11230.81,0
2026-08-08T02:50:02+00:00,11230.81,9875.93,11230.81,0
2026-08-08T03:01:28+00:00,11230.81,9879.0,11230.81,0
2026-08-08T03:12:52+00:00,11230.81,9884.3,11230.81,0
2026-08-08T03:24:19+00:00,11230.81,9893.93,11230.81,0
2026-08-08T03:35:45+00:00,11230.81,9926.62,11230.81,0
2026-08-08T03:47:12+00:00,11230.81,9919.75,11230.81,0
2026-08-08T03:58:38+00:00,11230.81,9937.25,11230.81,0
2026-08-08T04:10:05+00:00,11230.81,9917.45,11230.81,0
2026-08-08T04:21:30+00:00,11230.81,9919.04,11230.81,0
2026-08-08T04:32:56+00:00,11230.81,9925.66,11230.81,0
2026-08-08T04:44:23+00:00,11230.81,9922.21,11230.81,0
2026-08-08T04:55:48+00:00,11230.81,9919.63,11230.81,0
2026-08-08T05:07:14+00:00,11230.81,9916.63,11230.81,0
2026-08-08T05:18:39+00:00,11230.81,9913.98,11230.81,0
2026-08-08T05:30:06+00:00,11230.81,9916.7,11230.81,0
2026-08-08T05:41:33+00:00,11230.81,9918.26,11230.81,0
2026-08-08T05:52:59+00:00,11230.81,9905.28,11230.81,0
2026-08-08T06:04:44+00:00,11230.81,9913.66,11230.81,0
2026-08-08T06:16:10+00:00,11230.81,9915.24,11230.81,0
2026-08-08T06:27:40+00:00,11230.81,9914.26,11230.81,0
2026-08-08T06:39:08+00:00,11230.81,9919.2,11230.81,0
2026-08-08T06:50:36+00:00,11230.81,9927.76,11230.81,0
2026-08-08T07:02:05+00:00,11230.81,9921.24,11230.81,0
2026-08-08T07:13:32+00:00,11230.81,9918.32,11230.81,0
2026-08-08T07:25:01+00:00,11230.81,9920.42,11230.81,0
2026-08-08T07:36:31+00:00,11230.81,9916.29,11230.81,0
2026-08-08T07:47:59+00:00,11230.81,9913.28,11230.81,0
2026-08-08T07:59:30+00:00,11230.81,9919.88,11230.81,0
2026-08-08T08:11:00+00:00,11230.81,9918.42,11230.81,0
2026-08-08T08:22:29+00:00,11230.81,9915.81,11230.81,0
2026-08-08T08:33:58+00:00,11230.81,9925.44,11230.81,0
2026-08-08T08:45:30+00:00,11230.81,9920.32,11230.81,0
2026-08-08T08:56:59+00:00,11230.81,9923.45,11230.81,0
2026-08-08T09:08:29+00:00,11230.81,9926.44,11230.81,0
2026-08-08T09:20:01+00:00,11230.81,9929.4,11230.81,0
2026-08-08T09:31:31+00:00,11230.81,9937.7,11230.81,0
2026-08-08T09:43:02+00:00,11230.81,9931.31,11230.81,0
2026-08-08T09:54:34+00:00,11230.81,9929.51,11230.81,0
2026-08-08T10:06:04+00:00,11230.81,9932.76,11230.81,0
2026-08-08T10:17:35+00:00,11230.81,9933.85,11230.81,0
2026-08-08T10:29:05+00:00,11230.81,9941.46,11230.81,0
2026-08-08T11:03:55+00:00,11230.81,9949.35,11230.81,0
2026-08-08T11:15:25+00:00,11230.81,9957.95,11230.81,0
2026-08-08T11:26:53+00:00,11230.81,9946.53,11230.81,0
2026-08-08T11:38:19+00:00,11230.81,9944.54,11230.81,0
2026-08-08T11:49:46+00:00,11230.81,9946.47,11230.81,0
2026-08-08T12:01:13+00:00,11230.81,9958.43,11230.81,0
2026-08-08T12:12:41+00:00,11230.81,9956.58,11230.81,0
2026-08-08T12:24:08+00:00,11230.81,9954.9,11230.81,0
2026-08-08T12:35:35+00:00,11230.81,9960.11,11230.81,0
2026-08-08T12:47:03+00:00,11230.81,9966.11,11230.81,0
2026-08-08T12:58:33+00:00,11230.81,9959.78,11230.81,0
2026-08-08T13:10:01+00:00,11230.81,9962.88,11230.81,0
2026-08-08T13:21:28+00:00,11230.81,9962.09,11230.81,0
2026-08-08T13:32:56+00:00,11230.81,9962.15,11230.81,0
2026-08-08T13:44:26+00:00,11230.81,9963.87,11230.81,0
2026-08-08T13:55:53+00:00,11230.81,9963.21,11230.81,0
2026-08-08T14:07:26+00:00,11230.81,9972.57,11230.81,0
2026-08-08T14:18:54+00:00,11230.81,9973.06,11230.81,0
2026-08-08T14:30:24+00:00,11230.81,9984.66,11230.81,0
2026-08-08T14:41:54+00:00,11230.81,9988.32,11230.81,0
2026-08-08T14:53:24+00:00,11230.81,10003.45,11230.81,0
2026-08-08T15:04:52+00:00,11230.81,10011.98,11230.81,0
2026-08-08T15:16:18+00:00,11230.81,10016.2,11230.81,0
2026-08-08T15:27:45+00:00,11230.81,10009.09,11230.81,0
2026-08-08T15:39:14+00:00,11230.81,10000.39,11230.81,0
2026-08-08T16:02:33+00:00,11230.81,10011.01,11230.81,0
2026-08-08T16:13:43+00:00,11230.81,10015.36,11230.81,0
2026-08-08T16:24:51+00:00,11230.81,10007.84,11230.81,0
2026-08-08T16:35:59+00:00,11230.81,10005.37,11230.81,0
2026-08-08T16:47:05+00:00,11230.81,10005.19,11230.81,0
2026-08-08T16:58:16+00:00,11230.81,10011.51,11230.81,0
2026-08-08T17:09:24+00:00,11230.81,10007.06,11230.81,0
2026-08-08T17:20:33+00:00,11230.81,10010.29,11230.81,0
2026-08-08T17:31:43+00:00,11230.81,10013.8,11230.81,0
2026-08-08T17:42:51+00:00,11230.81,10017.38,11230.81,0
2026-08-08T17:54:00+00:00,11230.81,10014.34,11230.81,0
2026-08-08T18:05:07+00:00,11230.81,10005.83,11230.81,0
2026-08-08T18:16:12+00:00,11230.81,9999.08,11230.81,0
2026-08-08T18:27:24+00:00,11230.81,9988.96,11230.81,0
2026-08-08T18:38:32+00:00,11230.81,9990.8,11230.81,0
2026-08-08T18:49:40+00:00,11230.81,9990.98,11230.81,0
2026-08-08T19:00:49+00:00,11230.81,9986.27,11230.81,0
2026-08-08T19:11:56+00:00,11230.81,9984.77,11230.81,0
2026-08-08T19:23:03+00:00,11230.81,9981.76,11230.81,0
2026-08-08T19:34:10+00:00,11230.81,9979.48,11230.81,0
2026-08-08T19:45:18+00:00,11230.81,9985.95,11230.81,0
2026-08-08T19:56:26+00:00,11230.81,9994.35,11230.81,0
2026-08-08T20:07:35+00:00,11230.81,9992.01,11230.81,0
2026-08-08T20:18:44+00:00,11230.81,9992.64,11230.81,0
2026-08-08T20:29:51+00:00,11230.81,9988.94,11230.81,0
2026-08-08T21:03:33+00:00,11230.81,9993.76,11230.81,0
2026-08-08T21:15:03+00:00,11230.81,9992.61,11230.81,0
2026-08-08T21:26:32+00:00,11230.81,9997.56,11230.81,0
2026-08-08T21:38:02+00:00,11230.81,9997.56,11230.81,0
2026-08-08T21:49:35+00:00,11230.81,9993.99,11230.81,0
2026-08-08T22:01:07+00:00,11230.81,9989.79,11230.81,0
2026-08-08T22:12:36+00:00,11230.81,9987.0,11230.81,0
2026-08-08T22:24:05+00:00,11230.81,9987.45,11230.81,0
2026-08-08T22:35:35+00:00,11230.81,9983.47,11230.81,0
2026-08-08T22:47:04+00:00,11230.81,9975.97,11230.81,0
2026-08-08T22:58:33+00:00,11230.81,9963.97,11230.81,0
2026-08-08T23:10:01+00:00,11230.81,9958.71,11230.81,0
2026-08-08T23:21:31+00:00,11230.81,9963.72,11230.81,0
2026-08-08T23:33:00+00:00,11230.81,9964.79,11230.81,0
2026-08-08T23:44:29+00:00,11230.81,9973.85,11230.81,0
2026-08-09T02:02:48+00:00,11230.81,9948.7,11230.81,0
2026-08-09T02:14:16+00:00,11230.81,9952.9,11230.81,0
2026-08-09T02:25:44+00:00,11230.81,9953.73,11230.81,0
2026-08-09T02:37:12+00:00,11230.81,9952.89,11230.81,0
2026-08-09T02:48:40+00:00,11230.81,9947.13,11230.81,0
2026-08-09T03:00:07+00:00,11230.81,9946.05,11230.81,0
2026-08-09T03:11:34+00:00,11230.81,9939.25,11230.81,0
2026-08-09T03:23:02+00:00,11230.81,9946.61,11230.81,0
2026-08-09T03:34:31+00:00,11230.81,9955.81,11230.81,0
2026-08-09T03:45:59+00:00,11230.81,9956.41,11230.81,0
2026-08-09T03:57:29+00:00,11230.81,9953.43,11230.81,0
2026-08-09T04:08:58+00:00,11230.81,9957.12,11230.81,0
2026-08-09T04:20:26+00:00,11230.81,9957.08,11230.81,0
2026-08-09T04:31:56+00:00,11230.81,9957.13,11230.81,0
2026-08-09T04:43:26+00:00,11230.81,9956.13,11230.81,0
2026-08-09T04:54:55+00:00,11230.81,9950.96,11230.81,0
2026-08-09T05:06:23+00:00,11230.81,9952.11,11230.81,0
2026-08-09T05:17:51+00:00,11230.81,9954.68,11230.81,0
2026-08-09T05:29:18+00:00,11230.81,9946.97,11230.81,0
2026-08-09T05:40:46+00:00,11230.81,9945.22,11230.81,0
2026-08-09T05:52:15+00:00,11230.81,9948.88,11230.81,0
2026-08-09T07:01:24+00:00,11230.81,9982.3,11230.81,0
2026-08-09T07:13:00+00:00,11230.81,9979.67,11230.81,0
2026-08-09T07:24:36+00:00,11230.81,9972.88,11230.81,0
2026-08-09T07:36:10+00:00,11230.81,9968.95,11230.81,0
2026-08-09T07:47:45+00:00,11230.81,9966.85,11230.81,0
2026-08-09T07:59:18+00:00,11230.81,9971.92,11230.81,0
2026-08-09T08:10:54+00:00,11230.81,9984.06,11230.81,0
2026-08-09T08:22:29+00:00,11230.81,9975.97,11230.81,0
2026-08-09T08:34:03+00:00,11230.81,9975.95,11230.81,0
2026-08-09T08:45:37+00:00,11230.81,9948.06,11230.81,0
2026-08-09T08:57:11+00:00,11230.81,9956.36,11230.81,0
2026-08-09T09:08:45+00:00,11230.81,9963.54,11230.81,0
2026-08-09T09:20:19+00:00,11230.81,9959.87,11230.81,0
2026-08-09T09:31:53+00:00,11230.81,9957.28,11230.81,0
2026-08-09T09:43:29+00:00,11230.81,9965.63,11230.81,0
2026-08-09T09:55:03+00:00,11230.81,9975.72,11230.81,0
2026-08-09T10:06:37+00:00,11230.81,9978.63,11230.81,0
2026-08-09T10:18:11+00:00,11230.81,9988.69,11230.81,0
2026-08-09T10:29:46+00:00,11230.81,9985.07,11230.81,0
2026-08-09T10:41:21+00:00,11230.81,9980.07,11230.81,0
2026-08-09T10:52:55+00:00,11230.81,9981.07,11230.81,0
2026-08-09T11:04:30+00:00,11230.81,9977.55,11230.81,0
2026-08-09T11:16:05+00:00,11230.81,9980.62,11230.81,0
2026-08-09T11:27:42+00:00,11230.81,9980.94,11230.81,0
2026-08-09T11:39:17+00:00,11230.81,9984.34,11230.81,0
2026-08-09T11:50:52+00:00,11230.81,9983.03,11230.81,0
2026-08-09T12:02:45+00:00,11230.81,9973.08,11230.81,0
2026-08-09T12:14:18+00:00,11230.81,9978.28,11230.81,0
2026-08-09T12:25:50+00:00,11230.81,9976.23,11230.81,0
2026-08-09T12:37:22+00:00,11230.81,9972.69,11230.81,0
2026-08-09T12:48:54+00:00,11230.81,9974.81,11230.81,0
2026-08-09T13:00:27+00:00,11230.81,9974.96,11230.81,0
2026-08-09T13:12:02+00:00,11230.81,9993.57,11230.81,0
2026-08-09T13:23:36+00:00,11230.81,10001.48,11230.81,0
2026-08-09T13:35:10+00:00,11230.81,10007.36,11230.81,0
2026-08-09T13:46:43+00:00,11230.81,10007.84,11230.81,0
2026-08-09T13:58:15+00:00,11230.81,10004.55,11230.81,0
2026-08-09T14:09:48+00:00,11230.81,10012.67,11230.81,0
2026-08-09T14:21:20+00:00,11230.81,10008.54,11230.81,0
2026-08-09T14:32:52+00:00,11230.81,10007.79,11230.81,0
2026-08-09T14:44:25+00:00,11230.81,10009.86,11230.81,0
2026-08-09T14:55:58+00:00,11230.81,10019.05,11230.81,0
2026-08-09T15:07:31+00:00,11230.81,10030.78,11230.81,0
2026-08-09T15:19:03+00:00,11230.81,10027.92,11230.81,0
2026-08-09T15:30:37+00:00,11230.81,10028.01,11230.81,0
2026-08-09T15:42:10+00:00,11230.81,10040.16,11230.81,0
2026-08-09T15:53:44+00:00,11230.81,10035.27,11230.81,0
2026-08-09T16:05:19+00:00,11230.81,10046.17,11230.81,0
2026-08-09T16:16:53+00:00,11230.81,10041.45,11230.81,0
2026-08-09T16:28:26+00:00,11230.81,10025.35,11230.81,0
2026-08-09T16:40:00+00:00,11230.81,10042.51,11230.81,0
2026-08-09T16:51:34+00:00,11230.81,10038.9,11230.81,0
2026-08-09T17:03:23+00:00,11230.81,10037.27,11230.81,0
2026-08-09T17:15:00+00:00,11230.81,10039.03,11230.81,0
2026-08-09T17:26:38+00:00,11230.81,10039.26,11230.81,0
2026-08-09T17:38:15+00:00,11230.81,10035.39,11230.81,0
2026-08-09T17:49:53+00:00,11230.81,10028.61,11230.81,0
2026-08-09T18:01:32+00:00,11230.81,10029.37,11230.81,0
2026-08-09T18:13:12+00:00,11230.81,10029.12,11230.81,0
2026-08-09T18:24:50+00:00,11230.81,10026.67,11230.81,0
2026-08-09T18:36:29+00:00,11230.81,10023.53,11230.81,0
2026-08-09T18:48:05+00:00,11230.81,10025.72,11230.81,0
2026-08-09T18:59:41+00:00,11230.81,10023.45,11230.81,0
2026-08-09T19:11:20+00:00,11230.81,10024.3,11230.81,0
2026-08-09T19:22:58+00:00,11230.81,10027.05,11230.81,0
2026-08-09T19:34:37+00:00,11230.81,10028.73,11230.81,0
2026-08-09T19:46:15+00:00,11230.81,10032.64,11230.81,0
2026-08-09T19:57:54+00:00,11230.81,10030.39,11230.81,0
2026-08-09T20:09:32+00:00,11230.81,10024.86,11230.81,0
2026-08-09T20:21:08+00:00,11230.81,10018.74,11230.81,0
2026-08-09T20:32:46+00:00,11230.81,10023.46,11230.81,0
2026-08-09T20:44:24+00:00,11230.81,10024.85,11230.81,0
2026-08-09T20:56:02+00:00,11230.81,10026.5,11230.81,0
2026-08-09T21:07:40+00:00,11230.81,10023.73,11230.81,0
2026-08-09T21:19:19+00:00,11230.81,10026.29,11230.81,0
2026-08-09T21:30:56+00:00,11230.81,10042.49,11230.81,0
2026-08-09T21:42:33+00:00,11230.81,10045.24,11230.81,0
2026-08-09T21:54:28+00:00,11230.81,10038.64,11230.81,0
2026-08-09T22:05:38+00:00,11230.81,10043.5,11230.81,0
2026-08-09T22:16:48+00:00,11230.81,10081.39,11230.81,0
2026-08-09T22:27:56+00:00,11230.81,10052.6,11230.81,0
2026-08-09T22:39:05+00:00,11230.81,10004.3,11230.81,0
2026-08-09T22:50:14+00:00,11230.81,9995.02,11230.81,0
2026-08-09T23:01:23+00:00,11230.81,9994.16,11230.81,0
2026-08-09T23:12:32+00:00,11230.81,9991.05,11230.81,0
2026-08-09T23:23:42+00:00,11230.81,9973.5,11230.81,0
2026-08-09T23:34:51+00:00,11230.81,9940.89,11230.81,0
2026-08-09T23:46:01+00:00,11230.81,9952.09,11230.81,0
2026-08-09T23:57:10+00:00,11230.81,9936.36,11230.81,0
2026-08-10T00:08:19+00:00,11230.81,9962.13,11230.81,0
2026-08-10T00:19:30+00:00,11230.81,9989.37,11230.81,0
2026-08-10T00:30:40+00:00,11230.81,9965.57,11230.81,0
2026-08-10T00:41:49+00:00,11230.81,9948.95,11230.81,0
2026-08-10T00:52:57+00:00,11230.81,9969.15,11230.81,0
2026-08-10T01:04:06+00:00,11230.81,9970.28,11230.81,0
2026-08-10T01:15:15+00:00,11230.81,9974.24,11230.81,0
2026-08-10T01:26:23+00:00,11230.81,9985.73,11230.81,0
2026-08-10T01:37:32+00:00,11230.81,9954.32,11230.81,0
2026-08-10T01:48:42+00:00,11230.81,9987.83,11230.81,0
2026-08-10T01:59:50+00:00,11230.81,10011.74,11230.81,0
2026-08-10T02:44:47+00:00,11230.81,10012.22,11230.81,0
2026-08-10T02:56:16+00:00,11230.81,9997.12,11230.81,0
2026-08-10T03:07:44+00:00,11230.81,9985.48,11230.81,0
2026-08-10T03:19:13+00:00,11230.81,9983.31,11230.81,0
2026-08-10T03:30:44+00:00,11230.81,9975.8,11230.81,0
2026-08-10T03:42:12+00:00,11230.81,9987.74,11230.81,0
2026-08-10T03:53:40+00:00,11230.81,9972.58,11230.81,0
2026-08-10T04:05:09+00:00,11230.81,9981.36,11230.81,0
2026-08-10T04:16:37+00:00,11230.81,9985.57,11230.81,0
2026-08-10T04:28:06+00:00,11230.81,9981.67,11230.81,0
2026-08-10T04:39:35+00:00,11230.81,9978.05,11230.81,0
2026-08-10T04:51:03+00:00,11230.81,9975.06,11230.81,0
2026-08-10T05:02:32+00:00,11230.81,9971.74,11230.81,0
2026-08-10T05:14:01+00:00,11230.81,9967.74,11230.81,0
2026-08-10T05:25:30+00:00,11230.81,9988.54,11230.81,0
2026-08-10T05:37:00+00:00,11230.81,9990.09,11230.81,0
2026-08-10T05:48:28+00:00,11230.81,9993.29,11230.81,0
2026-08-10T05:59:59+00:00,11230.81,10002.8,11230.81,0
2026-08-10T06:11:31+00:00,11230.81,10012.13,11230.81,0
2026-08-10T06:23:02+00:00,11230.81,10012.81,11230.81,0
2026-08-10T06:34:31+00:00,11230.81,10010.33,11230.81,0
2026-08-10T06:46:02+00:00,11230.81,10020.39,11230.81,0
2026-08-10T07:43:58+00:00,11230.81,10030.08,11230.81,0
2026-08-10T07:55:34+00:00,11230.81,10014.45,11230.81,0
2026-08-10T08:07:08+00:00,11230.81,10021.47,11230.81,0
2026-08-10T08:18:42+00:00,11230.81,10021.08,11230.81,0
2026-08-10T08:30:16+00:00,11230.81,10020.47,11230.81,0
2026-08-10T08:41:50+00:00,11230.81,9996.68,11230.81,0
2026-08-10T08:53:24+00:00,11230.81,10006.94,11230.81,0
2026-08-10T09:04:58+00:00,11230.81,10012.89,11230.81,0
2026-08-10T09:16:33+00:00,11230.81,10012.06,11230.81,0
2026-08-10T09:28:07+00:00,11230.81,9996.97,11230.81,0
2026-08-10T09:39:43+00:00,11230.81,9981.54,11230.81,0
2026-08-10T09:51:17+00:00,11230.81,9972.58,11230.81,0
2026-08-10T10:02:51+00:00,11230.81,9976.53,11230.81,0
2026-08-10T10:14:25+00:00,11230.81,9971.73,11230.81,0
2026-08-10T10:26:00+00:00,11230.81,9982.31,11230.81,0
2026-08-10T10:37:35+00:00,11230.81,9978.38,11230.81,0
2026-08-10T10:49:09+00:00,11230.81,9983.75,11230.81,0
2026-08-10T11:00:43+00:00,11230.81,9982.09,11230.81,0
2026-08-10T11:12:17+00:00,11230.81,9973.78,11230.81,0
2026-08-10T11:23:56+00:00,11230.81,9985.8,11230.81,0
2026-08-10T11:35:31+00:00,11230.81,9996.5,11230.81,0
2026-08-10T11:47:05+00:00,11230.81,9990.85,11230.81,0
2026-08-10T11:58:39+00:00,11230.81,10000.87,11230.81,0
2026-08-10T12:10:13+00:00,11230.81,10012.41,11230.81,0
2026-08-10T12:21:48+00:00,11230.81,9997.31,11230.81,0
2026-08-10T12:45:19+00:00,11230.81,9977.43,11230.81,0
2026-08-10T12:56:57+00:00,11230.81,9948.33,11230.81,0
2026-08-10T13:08:33+00:00,11230.81,9950.6,11230.81,0
2026-08-10T13:20:08+00:00,11230.81,9959.49,11230.81,0
2026-08-10T13:31:44+00:00,11230.81,9948.56,11230.81,0
2026-08-10T13:43:21+00:00,11230.81,9917.11,11230.81,0
2026-08-10T13:54:56+00:00,11230.81,9894.3,11230.81,0
2026-08-10T14:06:34+00:00,11230.81,9927.73,11230.81,0
2026-08-10T14:18:11+00:00,11230.81,9930.31,11230.81,0
2026-08-10T14:29:47+00:00,11230.81,9937.19,11230.81,0
2026-08-10T14:41:23+00:00,11230.81,9941.97,11230.81,0
2026-08-10T14:53:02+00:00,11230.81,9918.12,11230.81,0
2026-08-10T15:04:38+00:00,11230.81,9902.23,11230.81,0
2026-08-10T15:16:14+00:00,11230.81,9881.29,11230.81,0
2026-08-10T15:27:50+00:00,11230.81,9845.82,11230.81,0
2026-08-10T15:39:27+00:00,11230.81,9844.72,11230.81,0
2026-08-10T15:51:05+00:00,11230.81,9847.0,11230.81,0
2026-08-10T16:02:41+00:00,11230.81,9848.07,11230.81,0
2026-08-10T16:14:17+00:00,11230.81,9839.61,11230.81,0
2026-08-10T16:25:54+00:00,11230.81,9831.21,11230.81,0
2026-08-10T16:37:31+00:00,11230.81,9831.64,11230.81,0
2026-08-10T16:49:06+00:00,11230.81,9810.2,11230.81,0
2026-08-10T17:00:42+00:00,11230.81,9809.0,11230.81,0
2026-08-10T17:12:18+00:00,11230.81,9830.67,11230.81,0
2026-08-10T17:23:54+00:00,11230.81,9828.92,11230.81,0
2026-08-10T17:36:00+00:00,11230.81,9833.09,11230.81,0
2026-08-10T17:47:42+00:00,11230.81,9821.75,11230.81,0
2026-08-10T17:59:26+00:00,11230.81,9822.33,11230.81,0
2026-08-10T18:11:10+00:00,11230.81,9827.2,11230.81,0
2026-08-10T18:22:53+00:00,11230.81,9818.01,11230.81,0
2026-08-10T18:34:38+00:00,11230.81,9814.03,11230.81,0
2026-08-10T18:46:22+00:00,11230.81,9802.71,11230.81,0
2026-08-10T18:58:04+00:00,11230.81,9812.27,11230.81,0
2026-08-10T19:09:47+00:00,11230.81,9813.62,11230.81,0
2026-08-10T19:21:30+00:00,11230.81,9828.14,11230.81,0
2026-08-10T19:33:14+00:00,11230.81,9849.87,11230.81,0
2026-08-10T19:44:58+00:00,11230.81,9846.57,11230.81,0
2026-08-10T19:56:42+00:00,11230.81,9834.93,11230.81,0
2026-08-10T20:08:25+00:00,11230.81,9844.52,11230.81,0
2026-08-10T20:20:07+00:00,11230.81,9848.51,11230.81,0
2026-08-10T20:31:50+00:00,11230.81,9851.69,11230.81,0
2026-08-10T20:43:36+00:00,11230.81,9857.64,11230.81,0
2026-08-10T20:55:21+00:00,11230.81,9850.11,11230.81,0
2026-08-10T21:07:06+00:00,11230.81,9849.52,11230.81,0
2026-08-10T21:18:50+00:00,11230.81,9844.97,11230.81,0
2026-08-10T21:30:35+00:00,11230.81,9851.27,11230.81,0
2026-08-10T21:42:17+00:00,11230.81,9844.89,11230.81,0
2026-08-10T21:53:59+00:00,11230.81,9830.37,11230.81,0
2026-08-10T22:05:44+00:00,11230.81,9806.54,11230.81,0
2026-08-10T22:29:32+00:00,11230.81,9818.6,11230.81,0
2026-08-10T22:41:09+00:00,11230.81,9806.13,11230.81,0
2026-08-10T22:52:45+00:00,11230.81,9815.11,11230.81,0
2026-08-10T23:04:21+00:00,11230.81,9810.23,11230.81,0
2026-08-10T23:15:58+00:00,11230.81,9819.22,11230.81,0
2026-08-10T23:27:35+00:00,11230.81,9807.31,11230.81,0
2026-08-10T23:39:10+00:00,11230.81,9807.48,11230.81,0
2026-08-10T23:50:45+00:00,11230.81,9805.52,11230.81,0
2026-08-11T00:02:21+00:00,11230.81,9795.83,11230.81,0
2026-08-11T00:13:57+00:00,11230.81,9802.06,11230.81,0
2026-08-11T00:25:34+00:00,11230.81,9804.8,11230.81,0
2026-08-11T00:37:09+00:00,11230.81,9800.57,11230.81,0
2026-08-11T00:48:45+00:00,11230.81,9802.36,11230.81,0
2026-08-11T01:00:22+00:00,11230.81,9806.48,11230.81,0
2026-08-11T01:12:00+00:00,11230.81,9814.62,11230.81,0
2026-08-11T01:23:37+00:00,11230.81,9814.82,11230.81,0
2026-08-11T01:35:12+00:00,11230.81,9816.15,11230.81,0
2026-08-11T01:46:50+00:00,11230.81,9815.03,11230.81,0
2026-08-11T01:58:27+00:00,11230.81,9827.19,11230.81,0
2026-08-11T02:10:05+00:00,11230.81,9831.44,11230.81,0
2026-08-11T02:21:41+00:00,11230.81,9823.06,11230.81,0
2026-08-11T02:33:18+00:00,11230.81,9821.24,11230.81,0
2026-08-11T02:44:54+00:00,11230.81,9824.26,11230.81,0
2026-08-11T03:20:04+00:00,11230.81,9832.72,11230.81,0
2026-08-11T03:31:48+00:00,11230.81,9829.73,11230.81,0
2026-08-11T03:43:27+00:00,11230.81,9831.93,11230.81,0
2026-08-11T03:55:06+00:00,11230.81,9830.74,11230.81,0
2026-08-11T04:06:46+00:00,11230.81,9832.81,11230.81,0
2026-08-11T04:18:27+00:00,11230.81,9830.91,11230.81,0
2026-08-11T04:30:07+00:00,11230.81,9828.89,11230.81,0
2026-08-11T04:41:47+00:00,11230.81,9826.17,11230.81,0
2026-08-11T04:53:28+00:00,11230.81,9819.52,11230.81,0
2026-08-11T05:05:07+00:00,11230.81,9815.94,11230.81,0
2026-08-11T05:16:48+00:00,11230.81,9818.36,11230.81,0
2026-08-11T05:28:30+00:00,11230.81,9798.98,11230.81,0
2026-08-11T05:40:10+00:00,11230.81,9814.61,11230.81,0
2026-08-11T05:51:51+00:00,11230.81,9810.38,11230.81,0
2026-08-11T06:03:32+00:00,11230.81,9791.6,11230.81,0
2026-08-11T06:15:12+00:00,11230.81,9808.99,11230.81,0
2026-08-11T06:26:54+00:00,11230.81,9794.78,11230.81,0
2026-08-11T06:38:35+00:00,11230.81,9783.74,11230.81,0
2026-08-11T06:50:14+00:00,11230.81,9782.47,11230.81,0
2026-08-11T07:01:54+00:00,11230.81,9792.3,11230.81,0
2026-08-11T07:13:34+00:00,11230.81,9784.96,11230.81,0
2026-08-11T07:25:15+00:00,11230.81,9767.52,11230.81,0
2026-08-11T07:36:56+00:00,11230.81,9785.96,11230.81,0
2026-08-11T07:48:38+00:00,11230.81,9795.22,11230.81,0
2026-08-11T08:12:26+00:00,11230.81,9785.96,11230.81,0
2026-08-11T08:24:07+00:00,11230.81,9784.49,11230.81,0
2026-08-11T08:35:49+00:00,11230.81,9785.97,11230.81,0
2026-08-11T08:47:30+00:00,11230.81,9798.54,11230.81,0
2026-08-11T08:59:10+00:00,11230.81,9804.18,11230.81,0
2026-08-11T09:10:50+00:00,11230.81,9799.87,11230.81,0
2026-08-11T09:22:31+00:00,11230.81,9800.94,11230.81,0
2026-08-11T09:34:11+00:00,11230.81,9800.55,11230.81,0
2026-08-11T09:45:51+00:00,11230.81,9809.79,11230.81,0
2026-08-11T09:57:32+00:00,11230.81,9812.56,11230.81,0
2026-08-11T10:09:10+00:00,11230.81,9819.69,11230.81,0
2026-08-11T10:20:49+00:00,11230.81,9807.41,11230.81,0
2026-08-11T10:32:29+00:00,11230.81,9813.59,11230.81,0
2026-08-11T10:44:08+00:00,11230.81,9811.84,11230.81,0
2026-08-11T10:55:47+00:00,11230.81,9816.76,11230.81,0
2026-08-11T11:07:32+00:00,11230.81,9845.21,11230.81,0
2026-08-11T11:19:12+00:00,11230.81,9840.23,11230.81,0
2026-08-11T11:30:51+00:00,11230.81,9843.92,11230.81,0
2026-08-11T11:42:32+00:00,11230.81,9846.22,11230.81,0
2026-08-11T11:54:14+00:00,11230.81,9846.3,11230.81,0
2026-08-11T13:04:47+00:00,11230.81,9817.18,11230.81,0
2026-08-11T13:16:25+00:00,11230.81,9829.96,11230.81,0
2026-08-11T13:28:02+00:00,11230.81,9814.98,11230.81,0
2026-08-11T13:39:41+00:00,11230.81,9809.29,11230.81,0
2026-08-11T13:51:17+00:00,11230.81,9823.11,11230.81,0
2026-08-11T14:02:55+00:00,11230.81,9829.76,11230.81,0
2026-08-11T14:14:32+00:00,11230.81,9834.18,11230.81,0
2026-08-11T14:26:12+00:00,11230.81,9797.37,11230.81,0
2026-08-11T14:37:49+00:00,11230.81,9784.15,11230.81,0
2026-08-11T14:49:27+00:00,11230.81,9773.21,11230.81,0
2026-08-11T15:01:05+00:00,11230.81,9736.99,11230.81,0
2026-08-11T15:12:44+00:00,11230.81,9740.56,11230.81,0
2026-08-11T15:24:22+00:00,11230.81,9759.96,11230.81,0
2026-08-11T15:35:59+00:00,11230.81,9745.38,11230.81,0
2026-08-11T15:47:37+00:00,11230.81,9715.26,11230.81,0
2026-08-11T15:59:20+00:00,11230.81,9728.16,11230.81,0
2026-08-11T16:10:59+00:00,11230.81,9734.66,11230.81,0
2026-08-11T16:22:36+00:00,11230.81,9739.71,11230.81,0
2026-08-11T16:34:16+00:00,11230.81,9731.04,11230.81,0
2026-08-11T16:45:56+00:00,11230.81,9727.3,11230.81,0
2026-08-11T16:57:36+00:00,11230.81,9738.32,11230.81,0
2026-08-11T17:09:12+00:00,11230.81,9735.47,11230.81,0
2026-08-11T17:20:51+00:00,11230.81,9745.29,11230.81,0
2026-08-11T17:32:30+00:00,11230.81,9750.78,11230.81,0
2026-08-11T17:56:08+00:00,11230.81,9764.15,11230.81,0
2026-08-11T18:07:29+00:00,11230.81,9761.53,11230.81,0
2026-08-11T18:18:51+00:00,11230.81,9761.48,11230.81,0
2026-08-11T18:30:10+00:00,11230.81,9748.21,11230.81,0
2026-08-11T18:41:31+00:00,11230.81,9733.46,11230.81,0
2026-08-11T18:52:50+00:00,11230.81,9733.46,11230.81,0
2026-08-11T19:04:09+00:00,11230.81,9733.46,11230.81,0
2026-08-11T19:15:29+00:00,11230.81,9733.85,11230.81,0
2026-08-11T19:26:49+00:00,11230.81,9753.31,11230.81,0
2026-08-11T19:38:08+00:00,11230.81,9762.5,11230.81,0
2026-08-11T19:49:29+00:00,11230.81,9775.39,11230.81,0
2026-08-11T20:00:49+00:00,11230.81,9806.29,11230.81,0
2026-08-11T20:12:08+00:00,11230.81,9840.73,11230.81,0
2026-08-11T20:23:28+00:00,11230.81,9817.11,11230.81,0
2026-08-11T20:34:49+00:00,11230.81,9814.72,11230.81,0
2026-08-11T20:46:12+00:00,11230.81,9819.08,11230.81,0
2026-08-11T20:57:33+00:00,11230.81,9819.72,11230.81,0
2026-08-11T21:08:53+00:00,11230.81,9827.48,11230.81,0
2026-08-11T21:20:13+00:00,11230.81,9825.9,11230.81,0
2026-08-11T21:31:33+00:00,11230.81,9823.6,11230.81,0
2026-08-11T21:42:53+00:00,11230.81,9841.01,11230.81,0
2026-08-11T21:54:14+00:00,11230.81,9839.55,11230.81,0
2026-08-11T22:05:34+00:00,11230.81,9852.16,11230.81,0
2026-08-11T22:16:55+00:00,11230.81,9851.04,11230.81,0
2026-08-11T22:28:16+00:00,11230.81,9840.66,11230.81,0
2026-08-11T22:39:36+00:00,11230.81,9839.62,11230.81,0
2026-08-11T22:51:12+00:00,11230.81,9831.64,11230.81,0
2026-08-11T23:02:54+00:00,11230.81,9830.66,11230.81,0
2026-08-11T23:14:35+00:00,11230.81,9822.46,11230.81,0
2026-08-11T23:26:18+00:00,11230.81,9830.87,11230.81,0
2026-08-11T23:38:02+00:00,11230.81,9839.69,11230.81,0
2026-08-11T23:49:45+00:00,11230.81,9839.89,11230.81,0
2026-08-12T00:01:27+00:00,11230.81,9831.09,11230.81,0
2026-08-12T00:13:08+00:00,11230.81,9832.63,11230.81,0
2026-08-12T00:24:50+00:00,11230.81,9840.65,11230.81,0
2026-08-12T00:36:32+00:00,11230.81,9841.73,11230.81,0
2026-08-12T00:48:15+00:00,11230.81,9840.23,11230.81,0
2026-08-12T00:59:58+00:00,11230.81,9845.3,11230.81,0
2026-08-12T01:11:41+00:00,11230.81,9856.01,11230.81,0
2026-08-12T01:23:23+00:00,11230.81,9846.99,11230.81,0
2026-08-12T01:35:05+00:00,11230.81,9847.09,11230.81,0
2026-08-12T01:46:47+00:00,11230.81,9858.63,11230.81,0
2026-08-12T01:58:29+00:00,11230.81,9853.87,11230.81,0
2026-08-12T02:10:12+00:00,11230.81,9870.77,11230.81,0
2026-08-12T03:44:10+00:00,11230.81,9852.5,11230.81,0
2026-08-12T03:55:55+00:00,11230.81,9848.34,11230.81,0
2026-08-12T04:07:38+00:00,11230.81,9853.35,11230.81,0
2026-08-12T04:19:21+00:00,11230.81,9855.72,11230.81,0
2026-08-12T04:31:03+00:00,11230.81,9846.33,11230.81,0
2026-08-12T04:42:46+00:00,11230.81,9849.21,11230.81,0
2026-08-12T04:54:32+00:00,11230.81,9854.25,11230.81,0
2026-08-12T05:06:15+00:00,11230.81,9838.14,11230.81,0
2026-08-12T05:18:00+00:00,11230.81,9857.34,11230.81,0
2026-08-12T05:29:42+00:00,11230.81,9857.13,11230.81,0
2026-08-12T05:41:27+00:00,11230.81,9858.38,11230.81,0
2026-08-12T05:53:10+00:00,11230.81,9860.85,11230.81,0
2026-08-12T06:04:52+00:00,11230.81,9850.85,11230.81,0
2026-08-12T06:16:34+00:00,11230.81,9839.72,11230.81,0
2026-08-12T06:28:16+00:00,11230.81,9832.88,11230.81,0
2026-08-12T06:39:59+00:00,11230.81,9833.51,11230.81,0
2026-08-12T06:51:43+00:00,11230.81,9834.18,11230.81,0
2026-08-12T07:03:27+00:00,11230.81,9841.02,11230.81,0
2026-08-12T07:15:11+00:00,11230.81,9845.6,11230.81,0
2026-08-12T07:26:55+00:00,11230.81,9846.5,11230.81,0
2026-08-12T07:38:38+00:00,11230.81,9837.57,11230.81,0
2026-08-12T08:37:32+00:00,11230.81,9850.5,11230.81,0
2026-08-12T08:49:20+00:00,11230.81,9849.19,11230.81,0
2026-08-12T09:01:06+00:00,11230.81,9840.81,11230.81,0
2026-08-12T09:12:51+00:00,11230.81,9858.23,11230.81,0
2026-08-12T09:24:38+00:00,11230.81,9884.51,11230.81,0
2026-08-12T09:36:24+00:00,11230.81,9905.29,11230.81,0
2026-08-12T09:48:11+00:00,11230.81,9905.43,11230.81,0
2026-08-12T09:59:58+00:00,11230.81,9907.1,11230.81,0
2026-08-12T10:11:43+00:00,11230.81,9913.62,11230.81,0
2026-08-12T10:23:30+00:00,11230.81,9918.5,11230.81,0
2026-08-12T10:35:17+00:00,11230.81,9914.87,11230.81,0
2026-08-12T10:47:05+00:00,11230.81,9911.89,11230.81,0
2026-08-12T10:58:54+00:00,11230.81,9909.43,11230.81,0
2026-08-12T11:10:41+00:00,11230.81,9906.09,11230.81,0
2026-08-12T11:22:29+00:00,11230.81,9911.06,11230.81,0
2026-08-12T11:34:16+00:00,11230.81,9918.31,11230.81,0
2026-08-12T11:46:04+00:00,11230.81,9913.36,11230.81,0
2026-08-12T11:57:50+00:00,11230.81,9922.24,11230.81,0
2026-08-12T13:32:38+00:00,11230.81,9873.88,11230.81,0
2026-08-12T13:44:26+00:00,11230.81,9863.0,11230.81,0
2026-08-12T13:56:12+00:00,11230.81,9856.94,11230.81,0
2026-08-12T14:07:58+00:00,11230.81,9816.9,11230.81,0
2026-08-12T14:19:42+00:00,11230.81,9838.06,11230.81,0
2026-08-12T14:31:27+00:00,11230.81,9811.39,11230.81,0
2026-08-12T14:43:13+00:00,11230.81,9792.76,11230.81,0
2026-08-12T14:54:59+00:00,11230.81,9790.8,11230.81,0
2026-08-12T15:06:45+00:00,11230.81,9800.35,11230.81,0
2026-08-12T15:18:31+00:00,11230.81,9816.82,11230.81,0
2026-08-12T15:30:17+00:00,11230.81,9807.95,11230.81,0
2026-08-12T15:42:15+00:00,11230.81,9811.62,11230.81,0
2026-08-12T15:54:03+00:00,11230.81,9806.46,11230.81,0
2026-08-12T16:05:50+00:00,11230.81,9807.65,11230.81,0
2026-08-12T16:17:36+00:00,11230.81,9807.35,11230.81,0
2026-08-12T16:29:24+00:00,11230.81,9810.81,11230.81,0
2026-08-12T16:41:09+00:00,11230.81,9801.03,11230.81,0
2026-08-12T16:52:55+00:00,11230.81,9796.13,11230.81,0
2026-08-12T17:04:41+00:00,11230.81,9798.14,11230.81,0
2026-08-12T17:16:28+00:00,11230.81,9791.93,11230.81,0
2026-08-12T17:28:14+00:00,11230.81,9784.15,11230.81,0
2026-08-12T17:40:00+00:00,11230.81,9801.68,11230.81,0
2026-08-12T17:51:45+00:00,11230.81,9810.12,11230.81,0
2026-08-12T18:03:32+00:00,11230.81,9800.33,11230.81,0
2026-08-12T18:27:27+00:00,11230.81,9799.31,11230.81,0
2026-08-12T18:38:52+00:00,11230.81,9804.73,11230.81,0
2026-08-12T18:50:16+00:00,11230.81,9796.16,11230.81,0
2026-08-12T19:01:39+00:00,11230.81,9792.25,11230.81,0
2026-08-12T19:13:03+00:00,11230.81,9792.2,11230.81,0
2026-08-12T19:24:29+00:00,11230.81,9780.04,11230.81,0
2026-08-12T19:35:54+00:00,11230.81,9782.9,11230.81,0
2026-08-12T19:47:17+00:00,11230.81,9768.44,11230.81,0
2026-08-12T19:58:41+00:00,11230.81,9776.97,11230.81,0
2026-08-12T20:10:05+00:00,11230.81,9776.68,11230.81,0
2026-08-12T20:21:29+00:00,11230.81,9785.84,11230.81,0
2026-08-12T20:32:54+00:00,11230.81,9797.97,11230.81,0
2026-08-12T20:44:18+00:00,11230.81,9803.41,11230.81,0
2026-08-12T20:55:45+00:00,11230.81,9796.48,11230.81,0
2026-08-12T21:07:10+00:00,11230.81,9795.86,11230.81,0
2026-08-12T21:18:34+00:00,11230.81,9794.8,11230.81,0
2026-08-12T21:30:00+00:00,11230.81,9764.98,11230.81,0
2026-08-12T21:41:26+00:00,11230.81,9774.23,11230.81,0
2026-08-12T21:52:50+00:00,11230.81,9781.6,11230.81,0
2026-08-12T22:04:16+00:00,11230.81,9762.61,11230.81,0
2026-08-12T22:15:39+00:00,11230.81,9770.96,11230.81,0
2026-08-12T22:27:03+00:00,11230.81,9771.49,11230.81,0
2026-08-12T22:38:28+00:00,11230.81,9761.15,11230.81,0
2026-08-12T22:49:51+00:00,11230.81,9757.58,11230.81,0
2026-08-12T23:24:23+00:00,11230.81,9742.62,11230.81,0
2026-08-12T23:36:12+00:00,11230.81,9758.74,11230.81,0
2026-08-12T23:48:02+00:00,11230.81,9761.35,11230.81,0
2026-08-12T23:59:52+00:00,11230.81,9769.74,11230.81,0
2026-08-13T00:11:43+00:00,11230.81,9782.74,11230.81,0
2026-08-13T00:23:39+00:00,11230.81,9789.95,11230.81,0
2026-08-13T00:35:33+00:00,11230.81,9777.53,11230.81,0
2026-08-13T00:47:24+00:00,11230.81,9767.32,11230.81,0
2026-08-13T00:59:20+00:00,11230.81,9776.43,11230.81,0
2026-08-13T01:11:09+00:00,11230.81,9775.58,11230.81,0
2026-08-13T01:23:04+00:00,11230.81,9766.19,11230.81,0
2026-08-13T01:34:55+00:00,11230.81,9766.96,11230.81,0
2026-08-13T01:46:52+00:00,11230.81,9758.28,11230.81,0
2026-08-13T01:58:43+00:00,11230.81,9766.52,11230.81,0
2026-08-13T02:10:35+00:00,11230.81,9764.4,11230.81,0
2026-08-13T02:22:26+00:00,11230.81,9758.23,11230.81,0
2026-08-13T02:34:15+00:00,11230.81,9752.73,11230.81,0
2026-08-13T04:21:15+00:00,11230.81,9810.23,11230.81,0
2026-08-13T04:33:06+00:00,11230.81,9812.88,11230.81,0
2026-08-13T04:44:55+00:00,11230.81,9824.8,11230.81,0
2026-08-13T04:56:45+00:00,11230.81,9825.49,11230.81,0
2026-08-13T05:08:35+00:00,11230.81,9842.41,11230.81,0
2026-08-13T05:20:25+00:00,11230.81,9846.83,11230.81,0
2026-08-13T05:32:14+00:00,11230.81,9851.91,11230.81,0
2026-08-13T05:44:07+00:00,11230.81,9859.7,11230.81,0
2026-08-13T05:56:00+00:00,11230.81,9859.06,11230.81,0
2026-08-13T06:07:51+00:00,11230.81,9848.4,11230.81,0
2026-08-13T06:19:40+00:00,11230.81,9848.1,11230.81,0
2026-08-13T06:31:31+00:00,11230.81,9844.35,11230.81,0
2026-08-13T06:43:20+00:00,11230.81,9836.87,11230.81,0
2026-08-13T06:55:09+00:00,11230.81,9857.96,11230.81,0
2026-08-13T07:06:58+00:00,11230.81,9860.79,11230.81,0
2026-08-13T07:18:53+00:00,11230.81,9854.63,11230.81,0
2026-08-13T07:30:42+00:00,11230.81,9860.49,11230.81,0
2026-08-13T07:42:36+00:00,11230.81,9857.15,11230.81,0
2026-08-13T07:54:32+00:00,11230.81,9849.83,11230.81,0
2026-08-13T08:06:26+00:00,11230.81,9850.71,11230.81,0
2026-08-13T08:18:20+00:00,11230.81,9836.29,11230.81,0
2026-08-13T08:30:16+00:00,11230.81,9833.51,11230.81,0
2026-08-13T08:42:13+00:00,11230.81,9836.79,11230.81,0
2026-08-13T08:54:08+00:00,11230.81,9826.52,11230.81,0
2026-08-13T09:06:01+00:00,11230.81,9820.44,11230.81,0
2026-08-13T09:18:15+00:00,11230.81,9808.03,11230.81,0
2026-08-13T09:30:06+00:00,11230.81,9809.89,11230.81,0
2026-08-13T09:41:58+00:00,11230.81,9809.41,11230.81,0
2026-08-13T09:53:49+00:00,11230.81,9825.66,11230.81,0
2026-08-13T10:05:40+00:00,11230.81,9806.25,11230.81,0
2026-08-13T10:17:32+00:00,11230.81,9797.72,11230.81,0
2026-08-13T10:29:23+00:00,11230.81,9793.41,11230.81,0
2026-08-13T10:41:15+00:00,11230.81,9783.88,11230.81,0
2026-08-13T10:53:06+00:00,11230.81,9791.96,11230.81,0
2026-08-13T11:04:57+00:00,11230.81,9789.95,11230.81,0
2026-08-13T11:16:48+00:00,11230.81,9783.66,11230.81,0
2026-08-13T11:28:39+00:00,11230.81,9766.04,11230.81,0
2026-08-13T11:40:29+00:00,11230.81,9768.98,11230.81,0
2026-08-13T11:52:23+00:00,11230.81,9764.67,11230.81,0
2026-08-13T12:04:13+00:00,11230.81,9765.1,11230.81,0
2026-08-13T12:16:06+00:00,11230.81,9784.73,11230.81,0
2026-08-13T12:27:58+00:00,11230.81,9790.59,11230.81,0
2026-08-13T12:39:52+00:00,11230.81,9796.68,11230.81,0
2026-08-13T12:51:44+00:00,11230.81,9796.41,11230.81,0
2026-08-13T13:03:35+00:00,11230.81,9816.21,11230.81,0
2026-08-13T13:15:28+00:00,11230.81,9813.48,11230.81,0
2026-08-13T13:27:22+00:00,11230.81,9805.93,11230.81,0
2026-08-13T13:39:14+00:00,11230.81,9824.79,11230.81,0
2026-08-13T13:51:06+00:00,11230.81,9821.63,11230.81,0
2026-08-13T14:02:59+00:00,11230.81,9817.85,11230.81,0
2026-08-13T14:15:10+00:00,11230.81,9826.35,11230.81,0
2026-08-13T14:27:04+00:00,11230.81,9817.42,11230.81,0
2026-08-13T14:38:55+00:00,11230.81,9845.98,11230.81,0
2026-08-13T14:51:00+00:00,11230.81,9839.73,11230.81,0
2026-08-13T15:02:51+00:00,11230.81,9850.34,11230.81,0
2026-08-13T15:14:44+00:00,11230.81,9833.97,11230.81,0
2026-08-13T15:26:35+00:00,11230.81,9821.02,11230.81,0
2026-08-13T15:38:28+00:00,11230.81,9804.57,11230.81,0
2026-08-13T15:50:19+00:00,11230.81,9802.06,11230.81,0
2026-08-13T16:02:11+00:00,11230.81,9759.04,11230.81,0
2026-08-13T16:14:02+00:00,11230.81,9764.5,11230.81,0
2026-08-13T16:25:55+00:00,11230.81,9783.65,11230.81,0
2026-08-13T16:37:46+00:00,11230.81,9751.15,11230.81,0
2026-08-13T16:49:38+00:00,11230.81,9751.08,11230.81,0
2026-08-13T17:01:29+00:00,11230.81,9743.48,11230.81,0
2026-08-13T17:13:19+00:00,11230.81,9757.89,11230.81,0
2026-08-13T17:25:09+00:00,11230.81,9768.28,11230.81,0
2026-08-13T17:37:02+00:00,11230.81,9762.59,11230.81,0
2026-08-13T17:48:54+00:00,11230.81,9766.2,11230.81,0
2026-08-13T18:00:45+00:00,11230.81,9758.63,11230.81,0
2026-08-13T18:12:40+00:00,11230.81,9765.74,11230.81,0
2026-08-13T18:24:32+00:00,11230.81,9764.08,11230.81,0
2026-08-13T19:12:19+00:00,11230.81,9812.18,11230.81,0
2026-08-13T19:24:16+00:00,11230.81,9803.93,11230.81,0
2026-08-13T19:36:10+00:00,11230.81,9797.98,11230.81,0
2026-08-13T19:48:04+00:00,11230.81,9806.79,11230.81,0
2026-08-13T19:59:59+00:00,11230.81,9805.56,11230.81,0
2026-08-13T20:11:53+00:00,11230.81,9808.82,11230.81,0
2026-08-13T20:23:47+00:00,11230.81,9806.14,11230.81,0
2026-08-13T20:35:41+00:00,11230.81,9816.36,11230.81,0
2026-08-13T20:47:36+00:00,11230.81,9806.02,11230.81,0
2026-08-13T20:59:34+00:00,11230.81,9803.69,11230.81,0
2026-08-13T21:11:31+00:00,11230.81,9808.92,11230.81,0
2026-08-13T21:23:24+00:00,11230.81,9807.39,11230.81,0
2026-08-13T21:35:19+00:00,11230.81,9801.92,11230.81,0
2026-08-13T21:47:15+00:00,11230.81,9806.04,11230.81,0
2026-08-13T21:59:09+00:00,11230.81,9806.53,11230.81,0
2026-08-13T22:11:07+00:00,11230.81,9824.89,11230.81,0
2026-08-13T22:23:02+00:00,11230.81,9828.73,11230.81,0
2026-08-13T22:35:00+00:00,11230.81,9824.4,11230.81,0
2026-08-13T22:46:59+00:00,11230.81,9820.75,11230.81,0
2026-08-13T22:58:55+00:00,11230.81,9813.59,11230.81,0
2026-08-13T23:10:50+00:00,11230.81,9804.93,11230.81,0
2026-08-13T23:22:45+00:00,11230.81,9806.49,11230.81,0
2026-08-13T23:34:38+00:00,11230.81,9808.13,11230.81,0
2026-08-14T00:10:34+00:00,11230.81,9811.21,11230.81,0
2026-08-14T00:22:31+00:00,11230.81,9812.78,11230.81,0
2026-08-14T00:34:26+00:00,11230.81,9795.78,11230.81,0
2026-08-14T00:46:20+00:00,11230.81,9807.89,11230.81,0
2026-08-14T00:58:13+00:00,11230.81,9814.32,11230.81,0
2026-08-14T01:10:09+00:00,11230.81,9809.89,11230.81,0
2026-08-14T01:22:02+00:00,11230.81,9810.71,11230.81,0
2026-08-14T01:33:55+00:00,11230.81,9803.72,11230.81,0
2026-08-14T01:45:53+00:00,11230.81,9812.66,11230.81,0
2026-08-14T01:57:45+00:00,11230.81,9810.57,11230.81,0
2026-08-14T02:09:40+00:00,11230.81,9824.02,11230.81,0
2026-08-14T02:21:35+00:00,11230.81,9813.6,11230.81,0
2026-08-14T02:33:28+00:00,11230.81,9815.35,11230.81,0
2026-08-14T02:45:25+00:00,11230.81,9813.14,11230.81,0
2026-08-14T02:57:19+00:00,11230.81,9810.01,11230.81,0
2026-08-14T03:09:14+00:00,11230.81,9791.19,11230.81,0
2026-08-14T03:21:09+00:00,11230.81,9812.25,11230.81,0
2026-08-14T03:33:04+00:00,11230.81,9797.79,11230.81,0
2026-08-14T03:44:59+00:00,11230.81,9790.3,11230.81,0
2026-08-14T03:56:54+00:00,11230.81,9783.56,11230.81,0
2026-08-14T04:08:49+00:00,11230.81,9796.87,11230.81,0
2026-08-14T04:20:43+00:00,11230.81,9801.51,11230.81,0
2026-08-14T05:08:37+00:00,11230.81,9787.38,11230.81,0
2026-08-14T05:20:39+00:00,11230.81,9778.67,11230.81,0
2026-08-14T05:32:36+00:00,11230.81,9784.48,11230.81,0
2026-08-14T05:44:36+00:00,11230.81,9788.93,11230.81,0
2026-08-14T05:56:36+00:00,11230.81,9792.77,11230.81,0
2026-08-14T06:08:34+00:00,11230.81,9780.83,11230.81,0
2026-08-14T06:20:39+00:00,11230.81,9763.88,11230.81,0
2026-08-14T06:32:35+00:00,11230.81,9764.98,11230.81,0
2026-08-14T06:44:39+00:00,11230.81,9758.08,11230.81,0
2026-08-14T06:56:41+00:00,11230.81,9746.65,11230.81,0
2026-08-14T07:08:44+00:00,11230.81,9738.5,11230.81,0
2026-08-14T07:20:48+00:00,11230.81,9749.74,11230.81,0
2026-08-14T07:32:48+00:00,11230.81,9743.69,11230.81,0
2026-08-14T07:44:48+00:00,11230.81,9742.01,11230.81,0
2026-08-14T07:56:50+00:00,11230.81,9739.94,11230.81,0
2026-08-14T08:08:47+00:00,11230.81,9738.88,11230.81,0
2026-08-14T08:20:50+00:00,11230.81,9731.47,11230.81,0
2026-08-14T08:32:50+00:00,11230.81,9724.96,11230.81,0
2026-08-14T08:44:50+00:00,11230.81,9737.11,11230.81,0
2026-08-14T08:56:52+00:00,11230.81,9748.49,11230.81,0
2026-08-14T09:08:50+00:00,11230.81,9744.37,11230.81,0
2026-08-14T09:20:48+00:00,11230.81,9744.11,11230.81,0
2026-08-14T09:32:49+00:00,11230.81,9727.66,11230.81,0
2026-08-14T09:44:47+00:00,11230.81,9715.44,11230.81,0
2026-08-14T09:56:43+00:00,11230.81,9727.57,11230.81,0
2026-08-14T10:08:58+00:00,11230.81,9729.12,11230.81,0
2026-08-14T10:20:30+00:00,11230.81,9735.75,11230.81,0
2026-08-14T10:32:01+00:00,11230.81,9735.32,11230.81,0
2026-08-14T10:43:32+00:00,11230.81,9730.2,11230.81,0
2026-08-14T10:55:04+00:00,11230.81,9728.18,11230.81,0
2026-08-14T11:06:36+00:00,11230.81,9728.66,11230.81,0
2026-08-14T11:18:08+00:00,11230.81,9733.98,11230.81,0
2026-08-14T11:29:39+00:00,11230.81,9730.89,11230.81,0
2026-08-14T11:41:10+00:00,11230.81,9732.09,11230.81,0
2026-08-14T11:52:42+00:00,11230.81,9740.07,11230.81,0
2026-08-14T12:04:14+00:00,11230.81,9731.39,11230.81,0
2026-08-14T12:15:46+00:00,11230.81,9727.32,11230.81,0
2026-08-14T12:27:17+00:00,11230.81,9726.73,11230.81,0
2026-08-14T12:38:53+00:00,11230.81,9723.27,11230.81,0
2026-08-14T12:50:26+00:00,11230.81,9724.27,11230.81,0
2026-08-14T13:01:57+00:00,11230.81,9714.85,11230.81,0
2026-08-14T13:13:30+00:00,11230.81,9711.25,11230.81,0
2026-08-14T13:25:04+00:00,11230.81,9710.25,11230.81,0
2026-08-14T13:36:37+00:00,11230.81,9708.1,11230.81,0
2026-08-14T13:48:10+00:00,11230.81,9711.93,11230.81,0
2026-08-14T13:59:42+00:00,11230.81,9704.99,11230.81,0
2026-08-14T14:11:14+00:00,11230.81,9709.32,11230.81,0
2026-08-14T14:22:46+00:00,11230.81,9694.49,11230.81,0
2026-08-14T15:09:18+00:00,11230.81,9698.08,11230.81,0
2026-08-14T15:21:20+00:00,11230.81,9716.21,11230.81,0
2026-08-14T15:33:19+00:00,11230.81,9734.66,11230.81,0
2026-08-14T15:45:16+00:00,11230.81,9760.79,11230.81,0
2026-08-14T15:57:15+00:00,11230.81,9762.14,11230.81,0
2026-08-14T16:09:14+00:00,11230.81,9751.18,11230.81,0
2026-08-14T16:21:13+00:00,11230.81,9751.35,11230.81,0
2026-08-14T16:33:11+00:00,11230.81,9760.46,11230.81,0
2026-08-14T16:45:09+00:00,11230.81,9763.12,11230.81,0
2026-08-14T16:57:07+00:00,11230.81,9752.67,11230.81,0
2026-08-14T17:09:06+00:00,11230.81,9747.64,11230.81,0
2026-08-14T17:21:05+00:00,11230.81,9761.22,11230.81,0
2026-08-14T17:33:06+00:00,11230.81,9762.44,11230.81,0
2026-08-14T17:45:06+00:00,11230.81,9747.72,11230.81,0
2026-08-14T17:57:06+00:00,11230.81,9722.64,11230.81,0
2026-08-14T18:09:07+00:00,11230.81,9723.93,11230.81,0
2026-08-14T18:21:06+00:00,11230.81,9725.4,11230.81,0
2026-08-14T18:33:05+00:00,11230.81,9717.09,11230.81,0
2026-08-14T18:45:04+00:00,11230.81,9718.85,11230.81,0
2026-08-14T18:57:03+00:00,11230.81,9710.88,11230.81,0
2026-08-14T19:09:03+00:00,11230.81,9696.81,11230.81,0
2026-08-14T19:21:03+00:00,11230.81,9696.83,11230.81,0
2026-08-14T19:33:02+00:00,11230.81,9706.63,11230.81,0
2026-08-14T20:09:22+00:00,11230.81,9721.99,11230.81,0
2026-08-14T20:21:26+00:00,11230.81,9717.16,11230.81,0
2026-08-14T20:33:28+00:00,11230.81,9717.95,11230.81,0
2026-08-14T20:45:27+00:00,11230.81,9717.86,11230.81,0
2026-08-14T20:57:30+00:00,11230.81,9715.1,11230.81,0
2026-08-14T21:09:32+00:00,11230.81,9713.98,11230.81,0
2026-08-14T21:21:39+00:00,11230.81,9714.0,11230.81,0
2026-08-14T21:33:45+00:00,11230.81,9716.22,11230.81,0
2026-08-14T21:45:46+00:00,11230.81,9708.35,11230.81,0
2026-08-14T21:57:49+00:00,11230.81,9710.94,11230.81,0
2026-08-14T22:09:50+00:00,11230.81,9712.47,11230.81,0
2026-08-14T22:21:53+00:00,11230.81,9698.79,11230.81,0
2026-08-14T22:33:59+00:00,11230.81,9692.33,11230.81,0
2026-08-14T22:46:01+00:00,11230.81,9703.29,11230.81,0
2026-08-14T22:58:04+00:00,11230.81,9701.96,11230.81,0
2026-08-14T23:10:06+00:00,11230.81,9702.84,11230.81,0
2026-08-14T23:22:05+00:00,11230.81,9710.0,11230.81,0
2026-08-14T23:34:08+00:00,11230.81,9718.88,11230.81,0
2026-08-14T23:46:09+00:00,11230.81,9729.05,11230.81,0
2026-08-14T23:58:13+00:00,11230.81,9734.39,11230.81,0
2026-08-15T01:10:44+00:00,11230.81,9732.42,11230.81,0
2026-08-15T01:22:55+00:00,11230.81,9738.21,11230.81,0
2026-08-15T01:35:01+00:00,11230.81,9743.85,11230.81,0
2026-08-15T01:47:06+00:00,11230.81,9741.22,11230.81,0
2026-08-15T01:59:10+00:00,11230.81,9741.52,11230.81,0
2026-08-15T02:11:13+00:00,11230.81,9747.02,11230.81,0
2026-08-15T02:23:19+00:00,11230.81,9759.41,11230.81,0
2026-08-15T02:35:23+00:00,11230.81,9760.82,11230.81,0
2026-08-15T02:47:29+00:00,11230.81,9763.11,11230.81,0
2026-08-15T02:59:34+00:00,11230.81,9762.66,11230.81,0
2026-08-15T03:11:40+00:00,11230.81,9767.03,11230.81,0
2026-08-15T03:23:46+00:00,11230.81,9764.27,11230.81,0
2026-08-15T03:35:50+00:00,11230.81,9755.4,11230.81,0
2026-08-15T03:47:57+00:00,11230.81,9750.04,11230.81,0
2026-08-15T04:00:04+00:00,11230.81,9749.42,11230.81,0
2026-08-15T04:12:13+00:00,11230.81,9749.0,11230.81,0
2026-08-15T04:24:21+00:00,11230.81,9758.53,11230.81,0
2026-08-15T04:36:31+00:00,11230.81,9761.75,11230.81,0
2026-08-15T04:48:41+00:00,11230.81,9761.92,11230.81,0
2026-08-15T05:00:51+00:00,11230.81,9758.1,11230.81,0
2026-08-15T05:13:01+00:00,11230.81,9760.83,11230.81,0
2026-08-15T05:25:08+00:00,11230.81,9757.07,11230.81,0
2026-08-15T05:37:13+00:00,11230.81,9745.65,11230.81,0
2026-08-15T05:49:18+00:00,11230.81,9743.12,11230.81,0
2026-08-15T06:01:40+00:00,11230.81,9743.17,11230.81,0
2026-08-15T06:13:41+00:00,11230.81,9741.34,11230.81,0
2026-08-15T06:25:43+00:00,11230.81,9745.19,11230.81,0
2026-08-15T06:37:45+00:00,11230.81,9744.73,11230.81,0
2026-08-15T06:49:47+00:00,11230.81,9749.04,11230.81,0
2026-08-15T07:01:47+00:00,11230.81,9750.86,11230.81,0
2026-08-15T07:13:49+00:00,11230.81,9749.34,11230.81,0
2026-08-15T07:25:49+00:00,11230.81,9742.23,11230.81,0
2026-08-15T07:37:49+00:00,11230.81,9740.86,11230.81,0
2026-08-15T07:49:50+00:00,11230.81,9736.37,11230.81,0
2026-08-15T08:01:54+00:00,11230.81,9734.49,11230.81,0
2026-08-15T08:13:55+00:00,11230.81,9731.94,11230.81,0
2026-08-15T08:25:55+00:00,11230.81,9738.67,11230.81,0
2026-08-15T08:37:57+00:00,11230.81,9728.27,11230.81,0
2026-08-15T08:50:01+00:00,11230.81,9726.96,11230.81,0
2026-08-15T09:02:04+00:00,11230.81,9714.66,11230.81,0
2026-08-15T09:14:06+00:00,11230.81,9719.96,11230.81,0
2026-08-15T09:26:09+00:00,11230.81,9723.39,11230.81,0
2026-08-15T09:38:09+00:00,11230.81,9726.55,11230.81,0
2026-08-15T09:50:10+00:00,11230.81,9729.85,11230.81,0
2026-08-15T10:02:11+00:00,11230.81,9729.12,11230.81,0
2026-08-15T10:14:11+00:00,11230.81,9733.28,11230.81,0
2026-08-15T10:26:16+00:00,11230.81,9734.3,11230.81,0
2026-08-15T10:38:18+00:00,11230.81,9734.81,11230.81,0
2026-08-15T11:02:41+00:00,11230.81,9734.36,11230.81,0
2026-08-15T11:14:16+00:00,11230.81,9735.15,11230.81,0
2026-08-15T11:25:51+00:00,11230.81,9733.92,11230.81,0
2026-08-15T11:37:26+00:00,11230.81,9732.1,11230.81,0
2026-08-15T11:49:01+00:00,11230.81,9730.68,11230.81,0
2026-08-15T12:00:36+00:00,11230.81,9730.21,11230.81,0
2026-08-15T12:12:12+00:00,11230.81,9729.02,11230.81,0
2026-08-15T12:23:48+00:00,11230.81,9727.28,11230.81,0
2026-08-15T12:35:18+00:00,11230.81,9728.83,11230.81,0
2026-08-15T12:46:51+00:00,11230.81,9724.84,11230.81,0
2026-08-15T12:58:23+00:00,11230.81,9736.37,11230.81,0
2026-08-15T13:09:56+00:00,11230.81,9741.31,11230.81,0
2026-08-15T13:21:30+00:00,11230.81,9743.09,11230.81,0
2026-08-15T13:33:03+00:00,11230.81,9743.66,11230.81,0
2026-08-15T13:44:37+00:00,11230.81,9745.57,11230.81,0
2026-08-15T13:56:09+00:00,11230.81,9746.16,11230.81,0
2026-08-15T14:07:42+00:00,11230.81,9744.38,11230.81,0
2026-08-15T14:19:15+00:00,11230.81,9743.23,11230.81,0
2026-08-15T14:30:49+00:00,11230.81,9739.13,11230.81,0
2026-08-15T14:42:27+00:00,11230.81,9741.59,11230.81,0
2026-08-15T14:54:09+00:00,11230.81,9746.59,11230.81,0
2026-08-15T15:05:49+00:00,11230.81,9743.99,11230.81,0
2026-08-15T15:17:24+00:00,11230.81,9746.23,11230.81,0
2026-08-15T15:29:02+00:00,11230.81,9744.08,11230.81,0
2026-08-15T15:40:39+00:00,11230.81,9752.3,11230.81,0
2026-08-15T15:52:16+00:00,11230.81,9748.87,11230.81,0
2026-08-15T16:04:10+00:00,11230.81,9747.84,11230.81,0
2026-08-15T16:16:14+00:00,11230.81,9742.54,11230.81,0
2026-08-15T16:28:19+00:00,11230.81,9752.94,11230.81,0
2026-08-15T16:40:24+00:00,11230.81,9745.24,11230.81,0
2026-08-15T16:52:29+00:00,11230.81,9747.65,11230.81,0
2026-08-15T17:04:34+00:00,11230.81,9752.13,11230.81,0
2026-08-15T17:16:38+00:00,11230.81,9754.93,11230.81,0
2026-08-15T17:28:44+00:00,11230.81,9746.7,11230.81,0
2026-08-15T17:40:48+00:00,11230.81,9750.2,11230.81,0
2026-08-15T17:52:52+00:00,11230.81,9752.34,11230.81,0
2026-08-15T18:05:03+00:00,11230.81,9750.2,11230.81,0
2026-08-15T18:17:09+00:00,11230.81,9746.0,11230.81,0
2026-08-15T18:29:23+00:00,11230.81,9741.96,11230.81,0
2026-08-15T18:41:35+00:00,11230.81,9745.14,11230.81,0
2026-08-15T18:53:46+00:00,11230.81,9745.94,11230.81,0
2026-08-15T19:05:57+00:00,11230.81,9746.37,11230.81,0
2026-08-15T19:18:07+00:00,11230.81,9750.5,11230.81,0
2026-08-15T19:30:16+00:00,11230.81,9750.69,11230.81,0
2026-08-15T19:42:24+00:00,11230.81,9750.91,11230.81,0
2026-08-15T19:54:30+00:00,11230.81,9754.24,11230.81,0
2026-08-15T20:06:37+00:00,11230.81,9754.69,11230.81,0
2026-08-15T20:18:45+00:00,11230.81,9749.96,11230.81,0
2026-08-15T20:55:21+00:00,11230.81,9750.58,11230.81,0
2026-08-15T21:07:25+00:00,11230.81,9751.32,11230.81,0
2026-08-15T21:19:27+00:00,11230.81,9753.88,11230.81,0
2026-08-15T21:31:30+00:00,11230.81,9760.23,11230.81,0
2026-08-15T21:43:34+00:00,11230.81,9761.59,11230.81,0
2026-08-15T21:55:37+00:00,11230.81,9762.12,11230.81,0
2026-08-15T22:07:40+00:00,11230.81,9759.84,11230.81,0
2026-08-15T22:19:44+00:00,11230.81,9758.77,11230.81,0
2026-08-15T22:31:46+00:00,11230.81,9764.54,11230.81,0
2026-08-15T22:43:50+00:00,11230.81,9759.77,11230.81,0
2026-08-15T22:55:53+00:00,11230.81,9757.95,11230.81,0
2026-08-15T23:07:57+00:00,11230.81,9753.44,11230.81,0
2026-08-15T23:20:01+00:00,11230.81,9746.05,11230.81,0
2026-08-15T23:32:06+00:00,11230.81,9739.25,11230.81,0
2026-08-15T23:44:09+00:00,11230.81,9741.61,11230.81,0
2026-08-15T23:56:13+00:00,11230.81,9739.94,11230.81,0
2026-08-16T00:08:16+00:00,11230.81,9737.85,11230.81,0
2026-08-16T00:20:21+00:00,11230.81,9740.21,11230.81,0
2026-08-16T00:32:25+00:00,11230.81,9743.22,11230.81,0
2026-08-16T00:44:28+00:00,11230.81,9742.02,11230.81,0
2026-08-16T00:56:30+00:00,11230.81,9740.88,11230.81,0
2026-08-16T01:08:35+00:00,11230.81,9740.22,11230.81,0
2026-08-16T01:20:39+00:00,11230.81,9737.9,11230.81,0
2026-08-16T01:32:41+00:00,11230.81,9734.64,11230.81,0
2026-08-16T01:57:05+00:00,11230.81,9733.45,11230.81,0
2026-08-16T02:09:12+00:00,11230.81,9733.03,11230.81,0
2026-08-16T02:21:18+00:00,11230.81,9742.18,11230.81,0
2026-08-16T02:33:25+00:00,11230.81,9754.09,11230.81,0
2026-08-16T02:45:30+00:00,11230.81,9754.62,11230.81,0
2026-08-16T02:57:35+00:00,11230.81,9750.54,11230.81,0
2026-08-16T03:09:41+00:00,11230.81,9751.94,11230.81,0
2026-08-16T03:21:46+00:00,11230.81,9752.31,11230.81,0
2026-08-16T03:33:51+00:00,11230.81,9751.55,11230.81,0
2026-08-16T03:45:56+00:00,11230.81,9752.27,11230.81,0
2026-08-16T03:58:02+00:00,11230.81,9749.5,11230.81,0
2026-08-16T04:10:12+00:00,11230.81,9747.94,11230.81,0
2026-08-16T04:22:18+00:00,11230.81,9751.35,11230.81,0
2026-08-16T04:34:26+00:00,11230.81,9746.25,11230.81,0
2026-08-16T04:46:32+00:00,11230.81,9744.79,11230.81,0
2026-08-16T04:58:39+00:00,11230.81,9738.71,11230.81,0
2026-08-16T05:10:45+00:00,11230.81,9742.09,11230.81,0
2026-08-16T05:22:51+00:00,11230.81,9733.82,11230.81,0
2026-08-16T05:34:56+00:00,11230.81,9733.77,11230.81,0
2026-08-16T05:47:03+00:00,11230.81,9733.07,11230.81,0
2026-08-16T05:59:08+00:00,11230.81,9733.88,11230.81,0
2026-08-16T06:11:13+00:00,11230.81,9733.56,11230.81,0
2026-08-16T06:23:19+00:00,11230.81,9726.08,11230.81,0
2026-08-16T06:35:26+00:00,11230.81,9731.93,11230.81,0
2026-08-16T06:47:52+00:00,11230.81,9739.34,11230.81,0
2026-08-16T07:00:02+00:00,11230.81,9734.58,11230.81,0
2026-08-16T07:12:10+00:00,11230.81,9735.29,11230.81,0
2026-08-16T07:24:17+00:00,11230.81,9739.33,11230.81,0
2026-08-16T07:36:25+00:00,11230.81,9740.44,11230.81,0
2026-08-16T07:48:32+00:00,11230.81,9738.39,11230.81,0
2026-08-16T08:00:40+00:00,11230.81,9741.36,11230.81,0
2026-08-16T08:12:47+00:00,11230.81,9737.77,11230.81,0
2026-08-16T08:24:55+00:00,11230.81,9739.62,11230.81,0
2026-08-16T08:37:02+00:00,11230.81,9741.03,11230.81,0
2026-08-16T08:49:09+00:00,11230.81,9738.23,11230.81,0
2026-08-16T09:01:17+00:00,11230.81,9739.37,11230.81,0
2026-08-16T09:13:26+00:00,11230.81,9739.34,11230.81,0
2026-08-16T09:25:35+00:00,11230.81,9742.01,11230.81,0
2026-08-16T09:37:44+00:00,11230.81,9738.46,11230.81,0
2026-08-16T09:49:54+00:00,11230.81,9730.61,11230.81,0
2026-08-16T10:02:02+00:00,11230.81,9728.12,11230.81,0
2026-08-16T10:14:10+00:00,11230.81,9718.39,11230.81,0
2026-08-16T10:26:18+00:00,11230.81,9722.81,11230.81,0
2026-08-16T10:38:26+00:00,11230.81,9725.67,11230.81,0
2026-08-16T10:50:33+00:00,11230.81,9728.31,11230.81,0
2026-08-16T11:02:43+00:00,11230.81,9727.77,11230.81,0
2026-08-16T11:14:53+00:00,11230.81,9728.61,11230.81,0
2026-08-16T11:27:01+00:00,11230.81,9725.68,11230.81,0
2026-08-16T11:39:28+00:00,11230.81,9725.87,11230.81,0
2026-08-16T11:51:35+00:00,11230.81,9723.56,11230.81,0
2026-08-16T12:03:41+00:00,11230.81,9726.73,11230.81,0
2026-08-16T12:15:48+00:00,11230.81,9723.08,11230.81,0
2026-08-16T12:27:55+00:00,11230.81,9729.58,11230.81,0
2026-08-16T12:40:06+00:00,11230.81,9724.64,11230.81,0
2026-08-16T12:52:13+00:00,11230.81,9724.51,11230.81,0
2026-08-16T13:04:20+00:00,11230.81,9725.85,11230.81,0
2026-08-16T13:16:28+00:00,11230.81,9732.93,11230.81,0
2026-08-16T13:28:36+00:00,11230.81,9733.78,11230.81,0
2026-08-16T13:40:44+00:00,11230.81,9734.44,11230.81,0
2026-08-16T13:52:51+00:00,11230.81,9732.85,11230.81,0
2026-08-16T14:04:59+00:00,11230.81,9731.4,11230.81,0
2026-08-16T14:17:06+00:00,11230.81,9732.82,11230.81,0
2026-08-16T14:29:12+00:00,11230.81,9736.19,11230.81,0
2026-08-16T14:41:19+00:00,11230.81,9739.04,11230.81,0
2026-08-16T14:53:27+00:00,11230.81,9738.19,11230.81,0
2026-08-16T15:05:35+00:00,11230.81,9743.04,11230.81,0
2026-08-16T15:17:44+00:00,11230.81,9743.71,11230.81,0
2026-08-16T15:29:51+00:00,11230.81,9749.51,11230.81,0
2026-08-16T15:41:57+00:00,11230.81,9749.56,11230.81,0
2026-08-16T15:54:06+00:00,11230.81,9749.34,11230.81,0
2026-08-16T16:30:56+00:00,11230.81,9770.52,11230.81,0
2026-08-16T16:43:07+00:00,11230.81,9765.61,11230.81,0
2026-08-16T16:55:16+00:00,11230.81,9761.51,11230.81,0
2026-08-16T17:07:25+00:00,11230.81,9765.75,11230.81,0
2026-08-16T17:19:36+00:00,11230.81,9755.72,11230.81,0
2026-08-16T17:31:45+00:00,11230.81,9752.11,11230.81,0
2026-08-16T17:43:53+00:00,11230.81,9744.92,11230.81,0
2026-08-16T17:56:01+00:00,11230.81,9746.88,11230.81,0
2026-08-16T18:08:10+00:00,11230.81,9732.44,11230.81,0
2026-08-16T18:20:19+00:00,11230.81,9735.73,11230.81,0
2026-08-16T18:32:27+00:00,11230.81,9734.42,11230.81,0
2026-08-16T18:44:34+00:00,11230.81,9733.07,11230.81,0
2026-08-16T18:56:43+00:00,11230.81,9733.7,11230.81,0
2026-08-16T19:08:53+00:00,11230.81,9740.53,11230.81,0
2026-08-16T19:21:01+00:00,11230.81,9747.42,11230.81,0
2026-08-16T19:33:10+00:00,11230.81,9748.33,11230.81,0
2026-08-16T19:45:18+00:00,11230.81,9742.14,11230.81,0
2026-08-16T19:57:26+00:00,11230.81,9738.24,11230.81,0
2026-08-16T20:09:37+00:00,11230.81,9740.53,11230.81,0
2026-08-16T20:21:45+00:00,11230.81,9743.09,11230.81,0
2026-08-16T20:33:54+00:00,11230.81,9741.25,11230.81,0
2026-08-16T20:46:02+00:00,11230.81,9726.7,11230.81,0
2026-08-16T21:22:45+00:00,11230.81,9720.18,11230.81,0
2026-08-16T21:34:57+00:00,11230.81,9716.66,11230.81,0
2026-08-16T21:47:05+00:00,11230.81,9674.75,11230.81,0
2026-08-16T21:59:18+00:00,11230.81,9678.99,11230.81,0
2026-08-16T22:11:27+00:00,11230.81,9687.53,11230.81,0
2026-08-16T22:23:37+00:00,11230.81,9679.93,11230.81,0
2026-08-16T22:35:49+00:00,11230.81,9660.03,11230.81,0
2026-08-16T22:48:00+00:00,11230.81,9664.89,11230.81,0
2026-08-16T23:00:11+00:00,11230.81,9679.0,11230.81,0
2026-08-16T23:12:24+00:00,11230.81,9679.49,11230.81,0
2026-08-16T23:24:36+00:00,11230.81,9671.56,11230.81,0
2026-08-16T23:36:49+00:00,11230.81,9674.22,11230.81,0
2026-08-16T23:48:59+00:00,11230.81,9681.28,11230.81,0
2026-08-17T00:01:12+00:00,11230.81,9681.17,11230.81,0
2026-08-17T00:13:22+00:00,11230.81,9675.83,11230.81,0
2026-08-17T00:25:34+00:00,11230.81,9654.84,11230.81,0
2026-08-17T00:37:48+00:00,11230.81,9658.64,11230.81,0
2026-08-17T00:50:01+00:00,11230.81,9670.09,11230.81,0
2026-08-17T01:02:14+00:00,11230.81,9731.39,11230.81,0
2026-08-17T01:14:24+00:00,11230.81,9726.37,11230.81,0
2026-08-17T01:26:35+00:00,11230.81,9750.04,11230.81,0
2026-08-17T02:15:51+00:00,11230.81,9730.75,11230.81,0
2026-08-17T02:28:06+00:00,11230.81,9752.65,11230.81,0
2026-08-17T02:40:18+00:00,11230.81,9761.81,11230.81,0
2026-08-17T02:52:30+00:00,11230.81,9785.96,11230.81,0
2026-08-17T03:04:43+00:00,11230.81,9782.84,11230.81,0
2026-08-17T03:16:55+00:00,11230.81,9785.1,11230.81,0
2026-08-17T03:29:08+00:00,11230.81,9774.8,11230.81,0
2026-08-17T03:41:21+00:00,11230.81,9779.58,11230.81,0
2026-08-17T03:53:35+00:00,11230.81,9787.4,11230.81,0
2026-08-17T04:05:47+00:00,11230.81,9794.51,11230.81,0
2026-08-17T04:18:00+00:00,11230.81,9793.57,11230.81,0
2026-08-17T04:30:12+00:00,11230.81,9790.61,11230.81,0
2026-08-17T04:42:25+00:00,11230.81,9791.53,11230.81,0
2026-08-17T04:54:39+00:00,11230.81,9789.19,11230.81,0
2026-08-17T05:06:52+00:00,11230.81,9791.73,11230.81,0
2026-08-17T05:19:06+00:00,11230.81,9795.58,11230.81,0
2026-08-17T05:31:19+00:00,11230.81,9786.8,11230.81,0
2026-08-17T05:43:33+00:00,11230.81,9783.65,11230.81,0
2026-08-17T05:55:45+00:00,11230.81,9786.41,11230.81,0
2026-08-17T06:07:58+00:00,11230.81,9789.08,11230.81,0
2026-08-17T07:09:18+00:00,11230.81,9815.44,11230.81,0
2026-08-17T07:21:04+00:00,11230.81,9810.24,11230.81,0
2026-08-17T07:32:48+00:00,11230.81,9812.27,11230.81,0
2026-08-17T07:44:32+00:00,11230.81,9807.19,11230.81,0
2026-08-17T07:56:14+00:00,11230.81,9800.22,11230.81,0
2026-08-17T08:08:00+00:00,11230.81,9782.29,11230.81,0
2026-08-17T08:19:43+00:00,11230.81,9774.52,11230.81,0
2026-08-17T08:31:27+00:00,11230.81,9768.75,11230.81,0
2026-08-17T08:43:09+00:00,11230.81,9762.16,11230.81,0
2026-08-17T08:54:51+00:00,11230.81,9755.16,11230.81,0
2026-08-17T09:06:35+00:00,11230.81,9759.8,11230.81,0
2026-08-17T09:18:19+00:00,11230.81,9761.57,11230.81,0
2026-08-17T09:30:03+00:00,11230.81,9761.26,11230.81,0
2026-08-17T09:41:47+00:00,11230.81,9754.62,11230.81,0
2026-08-17T09:53:31+00:00,11230.81,9754.96,11230.81,0
2026-08-17T10:05:13+00:00,11230.81,9752.99,11230.81,0
2026-08-17T10:16:56+00:00,11230.81,9757.94,11230.81,0
2026-08-17T10:28:41+00:00,11230.81,9755.7,11230.81,0
2026-08-17T10:40:24+00:00,11230.81,9790.85,11230.81,0
2026-08-17T10:52:07+00:00,11230.81,9802.55,11230.81,0
2026-08-17T11:03:50+00:00,11230.81,9809.93,11230.81,0
2026-08-17T11:15:34+00:00,11230.81,9802.55,11230.81,0
2026-08-17T11:27:19+00:00,11230.81,9807.05,11230.81,0
2026-08-17T11:39:03+00:00,11230.81,9809.09,11230.81,0
2026-08-17T11:50:47+00:00,11230.81,9807.89,11230.81,0
2026-08-17T12:02:50+00:00,11230.81,9801.03,11230.81,0
2026-08-17T12:15:05+00:00,11230.81,9798.91,11230.81,0
2026-08-17T12:27:19+00:00,11230.81,9777.98,11230.81,0
2026-08-17T12:39:32+00:00,11230.81,9772.46,11230.81,0
2026-08-17T12:51:44+00:00,11230.81,9768.39,11230.81,0
2026-08-17T13:03:58+00:00,11230.81,9767.86,11230.81,0
2026-08-17T13:16:10+00:00,11230.81,9771.42,11230.81,0
2026-08-17T13:28:29+00:00,11230.81,9764.71,11230.81,0
2026-08-17T13:40:42+00:00,11230.81,9811.47,11230.81,0
2026-08-17T13:52:58+00:00,11230.81,9802.58,11230.81,0
2026-08-17T14:05:12+00:00,11230.81,9789.07,11230.81,0
2026-08-17T14:17:26+00:00,11230.81,9795.81,11230.81,0
2026-08-17T14:29:40+00:00,11230.81,9788.39,11230.81,0
2026-08-17T14:41:54+00:00,11230.81,9792.81,11230.81,0
2026-08-17T14:54:08+00:00,11230.81,9820.6,11230.81,0
2026-08-17T15:06:22+00:00,11230.81,9839.55,11230.81,0
2026-08-17T15:18:35+00:00,11230.81,9819.01,11230.81,0
2026-08-17T15:30:49+00:00,11230.81,9845.66,11230.81,0
2026-08-17T15:43:05+00:00,11230.81,9848.19,11230.81,0
2026-08-17T15:55:19+00:00,11230.81,9862.97,11230.81,0
2026-08-17T16:07:32+00:00,11230.81,9854.81,11230.81,0
2026-08-17T16:19:46+00:00,11230.81,9839.72,11230.81,0
2026-08-17T16:32:00+00:00,11230.81,9840.87,11230.81,0
2026-08-17T16:44:15+00:00,11230.81,9842.61,11230.81,0
2026-08-17T16:56:57+00:00,11230.81,9840.17,11230.81,0
2026-08-17T17:08:38+00:00,11230.81,9832.33,11230.81,0
2026-08-17T17:20:17+00:00,11230.81,9853.66,11230.81,0
2026-08-17T17:31:59+00:00,11230.81,9831.23,11230.81,0
2026-08-17T17:43:41+00:00,11230.81,9835.27,11230.81,0
2026-08-17T17:55:23+00:00,11230.81,9841.55,11230.81,0
2026-08-17T18:07:04+00:00,11230.81,9842.42,11230.81,0
2026-08-17T18:18:45+00:00,11230.81,9854.05,11230.81,0
2026-08-17T18:30:25+00:00,11230.81,9854.33,11230.81,0
2026-08-17T18:42:06+00:00,11230.81,9850.79,11230.81,0
2026-08-17T18:53:45+00:00,11230.81,9851.81,11230.81,0
2026-08-17T19:05:23+00:00,11230.81,9839.53,11230.81,0
2026-08-17T19:17:03+00:00,11230.81,9836.96,11230.81,0
2026-08-17T19:28:45+00:00,11230.81,9844.79,11230.81,0
2026-08-17T19:40:26+00:00,11230.81,9844.13,11230.81,0
2026-08-17T19:52:07+00:00,11230.81,9835.88,11230.81,0
2026-08-17T20:03:48+00:00,11230.81,9830.41,11230.81,0
2026-08-17T20:15:27+00:00,11230.81,9828.76,11230.81,0
2026-08-17T20:27:06+00:00,11230.81,9836.11,11230.81,0
2026-08-17T20:38:46+00:00,11230.81,9846.31,11230.81,0
2026-08-17T20:50:26+00:00,11230.81,9844.54,11230.81,0
2026-08-17T21:02:09+00:00,11230.81,9851.56,11230.81,0
2026-08-17T21:13:49+00:00,11230.81,9843.77,11230.81,0
2026-08-17T21:25:33+00:00,11230.81,9843.92,11230.81,0
2026-08-17T21:37:13+00:00,11230.81,9839.42,11230.81,0
2026-08-17T21:49:08+00:00,11230.81,9845.07,11230.81,0
2026-08-17T22:01:23+00:00,11230.81,9846.24,11230.81,0
2026-08-17T22:13:40+00:00,11230.81,9835.99,11230.81,0
2026-08-17T22:25:59+00:00,11230.81,9832.81,11230.81,0
2026-08-17T22:38:14+00:00,11230.81,9832.81,11230.81,0
2026-08-17T22:50:31+00:00,11230.81,9829.5,11230.81,0
2026-08-17T23:02:47+00:00,11230.81,9827.14,11230.81,0
2026-08-17T23:15:02+00:00,11230.81,9842.79,11230.81,0
2026-08-17T23:27:18+00:00,11230.81,9859.11,11230.81,0
2026-08-17T23:39:33+00:00,11230.81,9865.45,11230.81,0
2026-08-17T23:51:49+00:00,11230.81,9865.36,11230.81,0
2026-08-18T00:04:05+00:00,11230.81,9857.41,11230.81,0
2026-08-18T00:16:21+00:00,11230.81,9861.11,11230.81,0
2026-08-18T00:28:37+00:00,11230.81,9856.96,11230.81,0
2026-08-18T00:40:55+00:00,11230.81,9842.75,11230.81,0
2026-08-18T00:53:12+00:00,11230.81,9849.7,11230.81,0
2026-08-18T01:05:28+00:00,11230.81,9843.08,11230.81,0
2026-08-18T01:17:46+00:00,11230.81,9839.42,11230.81,0
2026-08-18T01:30:04+00:00,11230.81,9836.84,11230.81,0
2026-08-18T01:42:19+00:00,11230.81,9829.66,11230.81,0
2026-08-18T02:44:03+00:00,11230.81,9791.62,11230.81,0
2026-08-18T02:55:48+00:00,11230.81,9758.88,11230.81,0
2026-08-18T03:07:34+00:00,11230.81,9774.9,11230.81,0
2026-08-18T03:19:19+00:00,11230.81,9777.56,11230.81,0
2026-08-18T03:31:05+00:00,11230.81,9763.27,11230.81,0
2026-08-18T03:42:50+00:00,11230.81,9779.83,11230.81,0
2026-08-18T03:54:36+00:00,11230.81,9778.77,11230.81,0
2026-08-18T04:06:21+00:00,11230.81,9779.74,11230.81,0
2026-08-18T04:18:07+00:00,11230.81,9787.28,11230.81,0
2026-08-18T04:29:54+00:00,11230.81,9791.37,11230.81,0
2026-08-18T04:41:39+00:00,11230.81,9802.84,11230.81,0
2026-08-18T04:53:24+00:00,11230.81,9802.22,11230.81,0
2026-08-18T05:05:09+00:00,11230.81,9803.93,11230.81,0
2026-08-18T05:16:55+00:00,11230.81,9809.0,11230.81,0
2026-08-18T05:28:41+00:00,11230.81,9807.31,11230.81,0
2026-08-18T05:40:26+00:00,11230.81,9793.46,11230.81,0
2026-08-18T05:52:12+00:00,11230.81,9798.37,11230.81,0
2026-08-18T06:03:59+00:00,11230.81,9794.99,11230.81,0
2026-08-18T06:15:45+00:00,11230.81,9805.89,11230.81,0
2026-08-18T06:27:32+00:00,11230.81,9828.13,11230.81,0
2026-08-18T06:39:18+00:00,11230.81,9836.82,11230.81,0
2026-08-18T07:38:26+00:00,11230.81,9824.74,11230.81,0
2026-08-18T07:50:47+00:00,11230.81,9811.73,11230.81,0
2026-08-18T08:03:07+00:00,11230.81,9810.02,11230.81,0
2026-08-18T08:15:29+00:00,11230.81,9803.93,11230.81,0
2026-08-18T08:27:55+00:00,11230.81,9815.85,11230.81,0
2026-08-18T08:40:16+00:00,11230.81,9828.12,11230.81,0
2026-08-18T08:52:37+00:00,11230.81,9825.12,11230.81,0
2026-08-18T09:05:02+00:00,11230.81,9819.84,11230.81,0
2026-08-18T09:17:27+00:00,11230.81,9813.48,11230.81,0
2026-08-18T09:29:51+00:00,11230.81,9802.57,11230.81,0
2026-08-18T09:42:15+00:00,11230.81,9802.86,11230.81,0
2026-08-18T09:54:40+00:00,11230.81,9805.63,11230.81,0
2026-08-18T10:07:07+00:00,11230.81,9807.12,11230.81,0
2026-08-18T10:19:37+00:00,11230.81,9806.46,11230.81,0
2026-08-18T10:32:04+00:00,11230.81,9805.49,11230.81,0
2026-08-18T10:44:30+00:00,11230.81,9806.47,11230.81,0
2026-08-18T10:56:54+00:00,11230.81,9808.7,11230.81,0
2026-08-18T11:09:19+00:00,11230.81,9821.15,11230.81,0
2026-08-18T11:21:41+00:00,11230.81,9842.24,11230.81,0
2026-08-18T11:34:01+00:00,11230.81,9844.38,11230.81,0
2026-08-18T11:46:26+00:00,11230.81,9852.0,11230.81,0
2026-08-18T11:58:52+00:00,11230.81,9841.85,11230.81,0
2026-08-18T12:36:23+00:00,11230.81,9835.36,11230.81,0
2026-08-18T12:48:43+00:00,11230.81,9832.19,11230.81,0
2026-08-18T13:01:02+00:00,11230.81,9819.62,11230.81,0
2026-08-18T13:13:21+00:00,11230.81,9819.74,11230.81,0
2026-08-18T13:25:40+00:00,11230.81,9813.37,11230.81,0
2026-08-18T13:37:59+00:00,11230.81,9814.78,11230.81,0
2026-08-18T13:50:20+00:00,11230.81,9824.84,11230.81,0
2026-08-18T14:02:39+00:00,11230.81,9831.07,11230.81,0
2026-08-18T14:14:59+00:00,11230.81,9823.76,11230.81,0
2026-08-18T14:27:20+00:00,11230.81,9909.63,11230.81,0
2026-08-18T14:39:39+00:00,11230.81,9895.8,11230.81,0
2026-08-18T14:51:59+00:00,11230.81,9902.15,11230.81,0
2026-08-18T15:04:19+00:00,11230.81,9903.25,11230.81,0
2026-08-18T15:16:39+00:00,11230.81,9902.74,11230.81,0
2026-08-18T15:28:59+00:00,11230.81,9914.33,11230.81,0
2026-08-18T15:41:19+00:00,11230.81,9920.42,11230.81,0
2026-08-18T15:53:41+00:00,11230.81,9924.1,11230.81,0
2026-08-18T16:06:02+00:00,11230.81,9929.63,11230.81,0
2026-08-18T16:18:25+00:00,11230.81,9900.77,11230.81,0
2026-08-18T16:30:45+00:00,11230.81,9897.92,11230.81,0
2026-08-18T16:43:06+00:00,11230.81,9914.34,11230.81,0
2026-08-18T16:55:28+00:00,11230.81,9914.41,11230.81,0
2026-08-18T17:07:48+00:00,11230.81,9905.69,11230.81,0
2026-08-18T17:32:48+00:00,11230.81,9905.33,11230.81,0
2026-08-18T17:45:13+00:00,11230.81,9900.88,11230.81,0
2026-08-18T17:57:33+00:00,11230.81,9897.23,11230.81,0
2026-08-18T18:09:57+00:00,11230.81,9899.65,11230.81,0
2026-08-18T18:22:18+00:00,11230.81,9916.59,11230.81,0
2026-08-18T18:34:40+00:00,11230.81,9916.27,11230.81,0
2026-08-18T18:47:00+00:00,11230.81,9915.25,11230.81,0
2026-08-18T18:59:22+00:00,11230.81,9916.71,11230.81,0
2026-08-18T19:11:44+00:00,11230.81,9908.43,11230.81,0
2026-08-18T19:24:06+00:00,11230.81,9912.78,11230.81,0
2026-08-18T19:36:28+00:00,11230.81,9917.56,11230.81,0
2026-08-18T19:48:51+00:00,11230.81,9908.81,11230.81,0
2026-08-18T20:01:13+00:00,11230.81,9907.01,11230.81,0
2026-08-18T20:13:36+00:00,11230.81,9908.65,11230.81,0
2026-08-18T20:25:58+00:00,11230.81,9897.23,11230.81,0
2026-08-18T20:38:21+00:00,11230.81,9900.73,11230.81,0
2026-08-18T20:50:43+00:00,11230.81,9885.65,11230.81,0
2026-08-18T21:03:04+00:00,11230.81,9895.95,11230.81,0
2026-08-18T21:15:25+00:00,11230.81,9898.35,11230.81,0
2026-08-18T21:27:46+00:00,11230.81,9896.61,11230.81,0
2026-08-18T21:40:07+00:00,11230.81,9891.94,11230.81,0
2026-08-18T21:52:30+00:00,11230.81,9892.49,11230.81,0
2026-08-18T22:29:58+00:00,11230.81,9898.85,11230.81,0
2026-08-18T22:42:24+00:00,11230.81,9902.1,11230.81,0
2026-08-18T22:54:47+00:00,11230.81,9888.38,11230.81,0
2026-08-18T23:07:10+00:00,11230.81,9902.7,11230.81,0
2026-08-18T23:19:33+00:00,11230.81,9911.49,11230.81,0
2026-08-18T23:31:56+00:00,11230.81,9915.34,11230.81,0
2026-08-18T23:44:18+00:00,11230.81,9923.0,11230.81,0
2026-08-18T23:56:41+00:00,11230.81,9910.62,11230.81,0
2026-08-19T00:09:07+00:00,11230.81,9899.63,11230.81,0
2026-08-19T00:21:30+00:00,11230.81,9889.95,11230.81,0
2026-08-19T00:34:04+00:00,11230.81,9893.27,11230.81,0
2026-08-19T00:46:29+00:00,11230.81,9886.39,11230.81,0
2026-08-19T00:58:57+00:00,11230.81,9882.61,11230.81,0
2026-08-19T01:11:21+00:00,11230.81,9891.58,11230.81,0
2026-08-19T01:23:45+00:00,11230.81,9881.8,11230.81,0
2026-08-19T01:36:07+00:00,11230.81,9877.48,11230.81,0
2026-08-19T01:48:32+00:00,11230.81,9872.17,11230.81,0
2026-08-19T02:00:58+00:00,11230.81,9873.83,11230.81,0
2026-08-19T02:13:21+00:00,11230.81,9876.06,11230.81,0
2026-08-19T02:25:49+00:00,11230.81,9871.37,11230.81,0
2026-08-19T02:38:14+00:00,11230.81,9873.53,11230.81,0
2026-08-19T02:50:39+00:00,11230.81,9868.11,11230.81,0
2026-08-19T03:28:16+00:00,11230.81,9883.79,11230.81,0
2026-08-19T03:40:33+00:00,11230.81,9879.88,11230.81,0
2026-08-19T03:52:46+00:00,11230.81,9886.3,11230.81,0
2026-08-19T04:04:59+00:00,11230.81,9875.53,11230.81,0
2026-08-19T04:17:11+00:00,11230.81,9883.72,11230.81,0
2026-08-19T04:29:24+00:00,11230.81,9884.53,11230.81,0
2026-08-19T04:41:36+00:00,11230.81,9880.07,11230.81,0
2026-08-19T04:53:49+00:00,11230.81,9870.98,11230.81,0
2026-08-19T05:06:01+00:00,11230.81,9883.08,11230.81,0
2026-08-19T05:18:13+00:00,11230.81,9883.68,11230.81,0
2026-08-19T05:30:28+00:00,11230.81,9885.06,11230.81,0
2026-08-19T05:42:42+00:00,11230.81,9878.15,11230.81,0
2026-08-19T05:54:55+00:00,11230.81,9870.39,11230.81,0
2026-08-19T06:07:08+00:00,11230.81,9863.25,11230.81,0
2026-08-19T06:19:22+00:00,11230.81,9871.88,11230.81,0
2026-08-19T06:31:36+00:00,11230.81,9874.41,11230.81,0
2026-08-19T06:43:48+00:00,11230.81,9881.08,11230.81,0
2026-08-19T06:56:05+00:00,11230.81,9895.82,11230.81,0
2026-08-19T07:08:18+00:00,11230.81,9888.29,11230.81,0
2026-08-19T07:20:33+00:00,11230.81,9897.47,11230.81,0
2026-08-19T07:32:45+00:00,11230.81,9901.03,11230.81,0
2026-08-19T07:45:00+00:00,11230.81,9903.1,11230.81,0
2026-08-19T08:21:58+00:00,11230.81,9896.04,11230.81,0
2026-08-19T08:34:33+00:00,11230.81,9910.46,11230.81,0
2026-08-19T08:47:12+00:00,11230.81,9935.64,11230.81,0
2026-08-19T08:59:48+00:00,11230.81,9923.86,11230.81,0
2026-08-19T09:12:27+00:00,11230.81,9927.18,11230.81,0
2026-08-19T09:25:07+00:00,11230.81,9922.27,11230.81,0
2026-08-19T09:37:41+00:00,11230.81,9912.72,11230.81,0
2026-08-19T09:50:18+00:00,11230.81,9906.65,11230.81,0
2026-08-19T10:02:58+00:00,11230.81,9907.75,11230.81,0
2026-08-19T10:15:32+00:00,11230.81,9907.37,11230.81,0
2026-08-19T10:28:07+00:00,11230.81,9903.24,11230.81,0
2026-08-19T10:40:44+00:00,11230.81,9910.98,11230.81,0
2026-08-19T10:53:17+00:00,11230.81,9914.09,11230.81,0
2026-08-19T11:05:54+00:00,11230.81,9930.11,11230.81,0
2026-08-19T11:18:32+00:00,11230.81,9927.84,11230.81,0
2026-08-19T11:31:07+00:00,11230.81,9933.36,11230.81,0
2026-08-19T11:43:43+00:00,11230.81,9924.27,11230.81,0
2026-08-19T11:56:21+00:00,11230.81,9931.71,11230.81,0
2026-08-19T12:08:56+00:00,11230.81,9933.83,11230.81,0
2026-08-19T12:21:35+00:00,11230.81,9934.4,11230.81,0
2026-08-19T12:34:12+00:00,11230.81,9940.15,11230.81,0
2026-08-19T12:46:47+00:00,11230.81,10000.22,11230.81,0
2026-08-19T12:59:23+00:00,11230.81,10004.03,11230.81,0
2026-08-19T13:12:19+00:00,11230.81,10013.27,11230.81,0
2026-08-19T13:25:00+00:00,11230.81,10027.8,11230.81,0
2026-08-19T13:37:41+00:00,11230.81,10014.08,11230.81,0
2026-08-19T13:50:26+00:00,11230.81,10022.29,11230.81,0
2026-08-19T14:03:07+00:00,11230.81,10017.11,11230.81,0
2026-08-19T14:15:45+00:00,11230.81,10047.4,11230.81,0
2026-08-19T14:28:22+00:00,11230.81,10051.78,11230.81,0
2026-08-19T14:40:58+00:00,11230.81,10075.87,11230.81,0
2026-08-19T14:53:37+00:00,11230.81,10122.82,11230.81,0
2026-08-19T15:06:16+00:00,11230.81,10314.69,11230.81,0
2026-08-19T15:18:54+00:00,11230.81,10328.3,11230.81,0
2026-08-19T15:31:36+00:00,11230.81,10521.49,11230.81,0
2026-08-19T15:44:15+00:00,11230.81,10613.47,11230.81,0
2026-08-19T15:56:56+00:00,11230.81,10594.15,11230.81,0
2026-08-19T16:09:40+00:00,11230.81,10618.9,11230.81,0
2026-08-19T16:22:22+00:00,11230.81,10604.93,11230.81,0
2026-08-19T16:35:03+00:00,11230.81,10630.51,11230.81,0
2026-08-19T16:47:43+00:00,11230.81,10604.0,11230.81,0
2026-08-19T17:00:23+00:00,11230.81,10580.65,11230.81,0
2026-08-19T17:13:03+00:00,11230.81,10557.24,11230.81,0
2026-08-19T17:25:45+00:00,11230.81,10498.06,11230.81,0
2026-08-19T17:38:28+00:00,11230.81,10524.51,11230.81,0
2026-08-19T18:04:14+00:00,11230.81,10563.3,11230.81,0
2026-08-19T18:16:43+00:00,11230.81,10557.14,11230.81,0
2026-08-19T18:29:11+00:00,11230.81,10574.12,11230.81,0
2026-08-19T18:41:36+00:00,11230.81,10598.22,11230.81,0
2026-08-19T18:54:02+00:00,11230.81,10610.78,11230.81,0
2026-08-19T19:06:28+00:00,11230.81,10618.52,11230.81,0
2026-08-19T19:18:56+00:00,11230.81,10615.64,11230.81,0
2026-08-19T19:31:22+00:00,11230.81,10603.02,11230.81,0
2026-08-19T19:43:49+00:00,11230.81,10616.43,11230.81,0
2026-08-19T19:56:14+00:00,11230.81,10627.19,11230.81,0
2026-08-19T20:08:43+00:00,11230.81,10662.96,11230.81,0
2026-08-19T20:21:11+00:00,11230.81,10675.97,11230.81,0
2026-08-19T20:33:37+00:00,11230.81,10713.54,11230.81,0
2026-08-19T20:46:07+00:00,11230.81,10722.68,11230.81,0
2026-08-19T20:58:34+00:00,11230.81,10934.55,11230.81,0
2026-08-19T21:11:00+00:00,11230.81,11129.92,11230.81,0
2026-08-19T21:23:26+00:00,11230.81,11153.3,11230.81,0
2026-08-19T21:35:53+00:00,11230.81,11213.51,11230.81,0
2026-08-19T21:48:20+00:00,11230.81,11206.96,11230.81,0
2026-08-19T22:00:48+00:00,11230.81,11206.04,11230.81,0
2026-08-19T22:13:15+00:00,11230.81,11141.42,11230.81,0
2026-08-19T22:25:42+00:00,11230.81,11108.91,11230.81,0
2026-08-19T22:38:09+00:00,11230.81,11084.35,11230.81,0
2026-08-19T22:50:35+00:00,11230.81,11050.75,11230.81,0
2026-08-19T23:03:20+00:00,11230.81,11022.08,11230.81,0
2026-08-19T23:15:48+00:00,11230.81,11043.37,11230.81,0
2026-08-19T23:28:15+00:00,11230.81,11063.86,11230.81,0
2026-08-19T23:40:42+00:00,11230.81,11057.98,11230.81,0
2026-08-19T23:53:09+00:00,11230.81,11033.4,11230.81,0
2026-08-20T00:05:38+00:00,11230.81,11079.01,11230.81,0
2026-08-20T00:18:06+00:00,11230.81,11101.71,11230.81,0
2026-08-20T00:30:34+00:00,11230.81,11098.77,11230.81,0
2026-08-20T00:43:03+00:00,11230.81,11103.75,11230.81,0
2026-08-20T00:55:31+00:00,11230.81,11083.16,11230.81,0
2026-08-20T01:07:59+00:00,11230.81,11055.85,11230.81,0
2026-08-20T01:20:32+00:00,11230.81,11072.19,11230.81,0
2026-08-20T01:33:00+00:00,11230.81,11055.22,11230.81,0
2026-08-20T01:45:29+00:00,11230.81,11094.96,11230.81,0
2026-08-20T01:57:57+00:00,11230.81,11103.98,11230.81,0
2026-08-20T02:10:26+00:00,11230.81,11090.02,11230.81,0
2026-08-20T02:22:55+00:00,11230.81,11076.75,11230.81,0
2026-08-20T02:35:24+00:00,11230.81,11056.09,11230.81,0
2026-08-20T02:47:53+00:00,11230.81,11029.33,11230.81,0
2026-08-20T03:00:21+00:00,11230.81,11016.8,11230.81,0
2026-08-20T03:12:49+00:00,11230.81,10926.33,11230.81,0
2026-08-20T03:25:18+00:00,11230.81,10966.44,11230.81,0
2026-08-20T04:03:01+00:00,11230.81,10998.39,11230.81,0
2026-08-20T04:15:46+00:00,11230.81,11013.68,11230.81,0
2026-08-20T04:28:27+00:00,11230.81,11018.55,11230.81,0
2026-08-20T04:41:09+00:00,11230.81,11002.36,11230.81,0
2026-08-20T04:53:49+00:00,11230.81,11041.96,11230.81,0
2026-08-20T05:06:29+00:00,11230.81,11042.5,11230.81,0
2026-08-20T05:19:10+00:00,11230.81,11051.17,11230.81,0
2026-08-20T05:31:53+00:00,11230.81,11054.57,11230.81,0
2026-08-20T05:44:37+00:00,11230.81,11050.91,11230.81,0
2026-08-20T05:57:18+00:00,11230.81,11025.61,11230.81,0
2026-08-20T06:10:05+00:00,11230.81,11010.48,11230.81,0
2026-08-20T06:22:48+00:00,11230.81,11060.39,11230.81,0
2026-08-20T06:35:32+00:00,11230.81,11083.35,11230.81,0
2026-08-20T06:48:17+00:00,11230.81,11104.99,11230.81,0
2026-08-20T07:00:59+00:00,11230.81,11104.99,11230.81,0
2026-08-20T07:13:42+00:00,11230.81,11110.44,11230.81,0
2026-08-20T07:26:24+00:00,11230.81,11095.93,11230.81,0
2026-08-20T07:39:07+00:00,11230.81,11084.78,11230.81,0
2026-08-20T07:51:52+00:00,11230.81,11091.94,11230.81,0
2026-08-20T08:04:33+00:00,11230.81,11111.2,11230.81,0
2026-08-20T08:55:46+00:00,11230.81,11385.25,11230.81,0
2026-08-20T09:08:09+00:00,11230.81,11370.47,11230.81,0
2026-08-20T09:20:43+00:00,11230.81,11397.18,11230.81,0
2026-08-20T09:33:03+00:00,11230.81,11386.6,11230.81,0
2026-08-20T09:45:23+00:00,11230.81,11376.42,11230.81,0
2026-08-20T09:57:44+00:00,11230.81,11331.86,11230.81,0
2026-08-20T10:10:05+00:00,11230.81,11368.81,11230.81,0
2026-08-20T10:22:39+00:00,11230.81,11400.72,11230.81,0
2026-08-20T10:34:58+00:00,11230.81,11377.28,11230.81,0
2026-08-20T10:47:18+00:00,11230.81,11376.82,11230.81,0
2026-08-20T10:59:38+00:00,11230.81,11389.94,11230.81,0
2026-08-20T11:12:02+00:00,11230.81,11387.13,11230.81,0
2026-08-20T11:24:24+00:00,11230.81,11402.33,11230.81,0
2026-08-20T11:36:45+00:00,11230.81,11510.11,11230.81,0
2026-08-20T11:49:05+00:00,11230.81,11523.07,11230.81,0
2026-08-20T12:01:40+00:00,11230.81,11469.01,11230.81,0
2026-08-20T12:14:15+00:00,11230.81,11407.76,11230.81,0
2026-08-20T12:26:36+00:00,11230.81,11425.96,11230.81,0
2026-08-20T12:38:58+00:00,11230.81,11421.62,11230.81,0
2026-08-20T12:51:33+00:00,11230.81,11425.32,11230.81,0
2026-08-20T13:04:08+00:00,11230.81,11474.73,11230.81,0
2026-08-20T13:16:43+00:00,11230.81,11479.08,11230.81,0
2026-08-20T13:54:07+00:00,11230.81,11471.69,11230.81,0
2026-08-20T14:06:51+00:00,11230.81,11507.49,11230.81,0
2026-08-20T14:19:39+00:00,11230.81,11507.75,11230.81,0
2026-08-20T14:32:26+00:00,11230.81,11521.73,11230.81,0
2026-08-20T14:45:09+00:00,11230.81,11480.08,11230.81,0
2026-08-20T14:57:59+00:00,11230.81,11484.47,11230.81,0
2026-08-20T15:10:43+00:00,11230.81,11612.87,11230.81,0
2026-08-20T15:23:30+00:00,11230.81,11570.64,11230.81,0
2026-08-20T15:36:18+00:00,11230.81,11595.22,11230.81,0
2026-08-20T15:49:01+00:00,11230.81,11640.4,11230.81,0
2026-08-20T16:01:44+00:00,11230.81,11675.73,11230.81,0
2026-08-20T16:14:28+00:00,11230.81,11656.47,11230.81,0
2026-08-20T16:27:13+00:00,11230.81,11687.59,11230.81,0
2026-08-20T16:40:01+00:00,11230.81,11735.97,11230.81,0
2026-08-20T16:52:45+00:00,11230.81,11819.93,11230.81,0
2026-08-20T17:05:29+00:00,11230.81,11850.26,11230.81,0
2026-08-20T17:18:14+00:00,11230.81,11865.31,11230.81,0
2026-08-20T17:30:58+00:00,11230.81,11876.11,11230.81,0
2026-08-20T17:43:41+00:00,11230.81,11905.15,11230.81,0
2026-08-20T17:56:28+00:00,11230.81,11885.41,11230.81,0
2026-08-20T18:47:46+00:00,11230.81,11650.39,11230.81,0
2026-08-20T18:59:09+00:00,11230.81,11600.2,11230.81,0
2026-08-20T19:10:31+00:00,11230.81,11631.87,11230.81,0
2026-08-20T19:21:54+00:00,11230.81,11631.24,11230.81,0
2026-08-20T19:33:15+00:00,11230.81,11621.29,11230.81,0
2026-08-20T19:44:36+00:00,11230.81,11658.63,11230.81,0
2026-08-20T19:55:58+00:00,11230.81,11612.99,11230.81,0
2026-08-20T20:07:22+00:00,11230.81,11642.39,11230.81,0
2026-08-20T20:18:43+00:00,11230.81,11640.04,11230.81,0
2026-08-20T20:30:04+00:00,11230.81,11656.49,11230.81,0
2026-08-20T20:41:25+00:00,11230.81,11671.83,11230.81,0
2026-08-20T20:52:46+00:00,11230.81,11651.46,11230.81,0
2026-08-20T21:04:08+00:00,11230.81,11671.97,11230.81,0
2026-08-20T21:15:29+00:00,11230.81,11704.45,11230.81,0
2026-08-20T21:26:51+00:00,11230.81,11691.59,11230.81,0
2026-08-20T21:38:15+00:00,11230.81,11722.62,11230.81,0
2026-08-20T21:49:35+00:00,11230.81,11729.39,11230.81,0
2026-08-20T22:00:58+00:00,11230.81,11693.19,11230.81,0
2026-08-20T22:12:20+00:00,11230.81,11680.39,11230.81,0
2026-08-20T22:23:44+00:00,11230.81,11694.84,11230.81,0
2026-08-20T22:35:08+00:00,11230.81,11685.65,11230.81,0
2026-08-20T22:46:29+00:00,11230.81,11682.31,11230.81,0
2026-08-20T22:57:51+00:00,11230.81,11679.47,11230.81,0
2026-08-20T23:09:12+00:00,11230.81,11706.29,11230.81,0
2026-08-20T23:20:35+00:00,11230.81,11733.21,11230.81,0
2026-08-20T23:43:35+00:00,11230.81,11743.99,11230.81,0
2026-08-20T23:56:22+00:00,11230.81,11749.1,11230.81,0
2026-08-21T00:09:06+00:00,11230.81,11747.1,11230.81,0
2026-08-21T00:21:38+00:00,11230.81,11818.04,11230.81,0
2026-08-21T00:34:26+00:00,11230.81,11818.53,11230.81,0
2026-08-21T00:47:10+00:00,11230.81,11774.98,11230.81,0
2026-08-21T00:59:47+00:00,11230.81,11806.98,11230.81,0
2026-08-21T01:12:35+00:00,11230.81,11841.02,11230.81,0
2026-08-21T01:25:23+00:00,11230.81,11880.9,11230.81,0
2026-08-21T01:38:11+00:00,11230.81,11909.54,11230.81,0
2026-08-21T01:51:08+00:00,11230.81,12015.79,11230.81,0
2026-08-21T02:03:54+00:00,11230.81,11933.14,11230.81,0
2026-08-21T02:16:37+00:00,11230.81,11923.82,11230.81,0
2026-08-21T02:29:14+00:00,11230.81,11980.93,11230.81,0
2026-08-21T02:41:55+00:00,11230.81,11983.38,11230.81,0
2026-08-21T02:54:45+00:00,11230.81,11930.9,11230.81,0
2026-08-21T03:07:28+00:00,11230.81,11902.54,11230.81,0
2026-08-21T03:20:21+00:00,11230.81,11934.27,11230.81,0
2026-08-21T03:33:03+00:00,11230.81,11990.04,11230.81,0
2026-08-21T03:45:51+00:00,11230.81,11990.14,11230.81,0
2026-08-21T04:37:43+00:00,11230.81,11984.56,11230.81,0
2026-08-21T04:50:34+00:00,11230.81,12011.98,11230.81,0
2026-08-21T05:03:27+00:00,11230.81,12013.03,11230.81,0
2026-08-21T05:16:17+00:00,11230.81,12042.79,11230.81,0
2026-08-21T05:29:06+00:00,11230.81,12030.26,11230.81,0
2026-08-21T05:41:57+00:00,11230.81,12023.12,11230.81,0
2026-08-21T05:54:47+00:00,11230.81,12072.77,11230.81,0
2026-08-21T06:07:39+00:00,11230.81,12119.06,11230.81,0
2026-08-21T06:20:33+00:00,11230.81,12076.35,11230.81,0
2026-08-21T06:33:26+00:00,11230.81,12072.13,11230.81,0
2026-08-21T06:46:19+00:00,11230.81,12022.91,11230.81,0
2026-08-21T06:59:11+00:00,11230.81,12056.87,11230.81,0
2026-08-21T07:12:04+00:00,11230.81,12122.78,11230.81,0
2026-08-21T07:24:56+00:00,11230.81,12147.06,11230.81,0
2026-08-21T07:37:50+00:00,11230.81,12112.37,11230.81,0
2026-08-21T07:50:44+00:00,11230.81,12138.8,11230.81,0
2026-08-21T08:03:39+00:00,11230.81,12192.44,11230.81,0
2026-08-21T08:16:30+00:00,11230.81,12281.43,11230.81,0
2026-08-21T08:29:25+00:00,11230.81,12301.36,11230.81,0
2026-08-21T08:42:18+00:00,11230.81,12402.06,11230.81,0
2026-08-21T09:34:14+00:00,11230.81,12439.72,11230.81,0
2026-08-21T09:47:09+00:00,11230.81,12468.09,11230.81,0
2026-08-21T10:00:02+00:00,11230.81,12523.48,11230.81,0
2026-08-21T10:12:54+00:00,11230.81,12452.73,11230.81,0
2026-08-21T10:25:44+00:00,11230.81,12400.2,11230.81,0
2026-08-21T10:38:34+00:00,11230.81,12385.35,11230.81,0
2026-08-21T10:51:25+00:00,11230.81,12402.34,11230.81,0
2026-08-21T11:04:18+00:00,11230.81,12398.58,11230.81,0
2026-08-21T11:17:08+00:00,11230.81,12349.76,11230.81,0
2026-08-21T11:30:00+00:00,11230.81,12381.43,11230.81,0
2026-08-21T11:42:53+00:00,11230.81,12295.65,11230.81,0
2026-08-21T11:55:45+00:00,11230.81,12260.87,11230.81,0
2026-08-21T12:08:35+00:00,11230.81,12247.27,11230.81,0
2026-08-21T12:21:25+00:00,11230.81,12259.68,11230.81,0
2026-08-21T12:34:15+00:00,11230.81,12249.37,11230.81,0
2026-08-21T12:47:09+00:00,11230.81,12377.75,11230.81,0
2026-08-21T13:00:01+00:00,11230.81,12355.95,11230.81,0
2026-08-21T13:12:51+00:00,11230.81,12337.87,11230.81,0
2026-08-21T13:25:46+00:00,11230.81,12327.3,11230.81,0
2026-08-21T13:38:42+00:00,11230.81,12348.68,11230.81,0
2026-08-21T13:51:36+00:00,11230.81,12474.84,11230.81,0
2026-08-21T14:30:42+00:00,11230.81,12406.81,11230.81,0
2026-08-21T14:43:03+00:00,11230.81,12382.7,11230.81,0
2026-08-21T14:55:22+00:00,11230.81,12423.54,11230.81,0
2026-08-21T15:07:41+00:00,11230.81,12479.22,11230.81,0
2026-08-21T15:19:59+00:00,11230.81,12482.52,11230.81,0
2026-08-21T15:32:15+00:00,11230.81,12479.39,11230.81,0
2026-08-21T15:44:34+00:00,11230.81,12468.34,11230.81,0
2026-08-21T15:56:57+00:00,11230.81,12420.08,11230.81,0
2026-08-21T16:09:16+00:00,11230.81,12374.78,11230.81,0
2026-08-21T16:21:36+00:00,11230.81,12416.27,11230.81,0
2026-08-21T16:33:53+00:00,11230.81,12437.42,11230.81,0
2026-08-21T16:46:10+00:00,11230.81,12412.07,11230.81,0
2026-08-21T16:58:28+00:00,11230.81,12453.14,11230.81,0
2026-08-21T17:10:46+00:00,11230.81,12510.27,11230.81,0
2026-08-21T17:23:04+00:00,11230.81,12411.02,11230.81,0
2026-08-21T17:35:22+00:00,11230.81,12457.63,11230.81,0
2026-08-21T17:47:40+00:00,11230.81,12438.28,11230.81,0
2026-08-21T17:59:58+00:00,11230.81,12450.61,11230.81,0
2026-08-21T18:12:17+00:00,11230.81,12447.39,11230.81,0
2026-08-21T18:24:35+00:00,11230.81,12473.18,11230.81,0
2026-08-21T18:36:53+00:00,11230.81,12440.78,11230.81,0
2026-08-21T18:49:11+00:00,11230.81,12339.41,11230.81,0
2026-08-21T19:26:26+00:00,11230.81,12422.04,11230.81,0
2026-08-21T19:39:25+00:00,11230.81,12402.21,11230.81,0
2026-08-21T19:52:20+00:00,11230.81,12368.96,11230.81,0
2026-08-21T20:05:11+00:00,11230.81,12388.95,11230.81,0
2026-08-21T20:18:06+00:00,11230.81,12441.33,11230.81,0
2026-08-21T20:31:13+00:00,11230.81,12457.49,11230.81,0
2026-08-21T20:44:10+00:00,11230.81,12444.92,11230.81,0
2026-08-21T20:57:05+00:00,11230.81,12439.65,11230.81,0
2026-08-21T21:09:57+00:00,11230.81,12454.53,11230.81,0
2026-08-21T21:22:49+00:00,11230.81,12540.32,11230.81,0
2026-08-21T21:35:43+00:00,11230.81,12659.59,11230.81,0
2026-08-21T21:48:37+00:00,11230.81,12677.7,11230.81,0
2026-08-21T22:01:33+00:00,11230.81,12706.17,11230.81,0
2026-08-21T22:14:29+00:00,11230.81,12824.24,11230.81,0
2026-08-21T22:27:24+00:00,11230.81,12836.25,11230.81,0
2026-08-21T22:40:17+00:00,11230.81,12838.44,11230.81,0
2026-08-21T22:53:11+00:00,11230.81,12850.84,11230.81,0
2026-08-21T23:06:07+00:00,11230.81,12839.34,11230.81,0
2026-08-21T23:19:03+00:00,11230.81,12892.05,11230.81,0
2026-08-21T23:31:55+00:00,11230.81,12896.82,11230.81,0
2026-08-21T23:44:53+00:00,11230.81,12880.57,11230.81,0
2026-08-22T00:23:57+00:00,11230.81,12819.07,11230.81,0
2026-08-22T00:36:58+00:00,11230.81,12819.84,11230.81,0
2026-08-22T00:49:54+00:00,11230.81,12796.51,11230.81,0
2026-08-22T01:02:52+00:00,11230.81,12849.33,11230.81,0
2026-08-22T01:15:49+00:00,11230.81,12897.93,11230.81,0
2026-08-22T01:28:48+00:00,11230.81,12893.17,11230.81,0
2026-08-22T01:41:43+00:00,11230.81,12918.32,11230.81,0
2026-08-22T01:54:40+00:00,11230.81,12886.8,11230.81,0
2026-08-22T02:07:36+00:00,11230.81,12915.15,11230.81,0
2026-08-22T02:20:32+00:00,11230.81,12956.51,11230.81,0
2026-08-22T02:33:35+00:00,11230.81,13050.34,11230.81,0
2026-08-22T02:46:34+00:00,11230.81,13069.07,11230.81,0
2026-08-22T02:59:34+00:00,11230.81,13110.23,11230.81,0
2026-08-22T03:12:31+00:00,11230.81,13125.07,11230.81,0
2026-08-22T03:25:32+00:00,11230.81,13232.54,11230.81,0
2026-08-22T03:38:31+00:00,11230.81,13217.29,11230.81,0
2026-08-22T03:51:32+00:00,11230.81,13231.15,11230.81,0
2026-08-22T04:04:31+00:00,11230.81,13153.93,11230.81,0
2026-08-22T04:17:30+00:00,11230.81,13225.61,11230.81,0
2026-08-22T04:30:29+00:00,11230.81,13292.93,11230.81,0
2026-08-22T04:43:31+00:00,11230.81,13586.77,11230.81,0
2026-08-22T04:56:31+00:00,11230.81,13524.65,11230.81,0
2026-08-22T05:22:45+00:00,11230.81,12580.86,11230.81,0
2026-08-22T05:35:47+00:00,11230.81,12886.48,11230.81,0
2026-08-22T05:48:45+00:00,11230.81,12881.4,11230.81,0
2026-08-22T06:01:46+00:00,11230.81,12885.08,11230.81,0
2026-08-22T06:14:44+00:00,11230.81,12810.21,11230.81,0
2026-08-22T06:27:43+00:00,11230.81,12926.76,11230.81,0
2026-08-22T06:40:41+00:00,11230.81,13043.52,11230.81,0
2026-08-22T06:53:40+00:00,11230.81,12946.49,11230.81,0
2026-08-22T07:06:46+00:00,11230.81,13063.74,11230.81,0
2026-08-22T07:19:42+00:00,11230.81,12973.64,11230.81,0
2026-08-22T07:32:38+00:00,11230.81,13121.47,11230.81,0
2026-08-22T07:45:38+00:00,11230.81,13038.6,11230.81,0
2026-08-22T07:58:36+00:00,11230.81,12951.93,11230.81,0
2026-08-22T08:11:39+00:00,11230.81,12944.17,11230.81,0
2026-08-22T08:24:41+00:00,11230.81,12880.95,11230.81,0
2026-08-22T08:37:40+00:00,11230.81,12738.88,11230.81,0
2026-08-22T08:50:41+00:00,11230.81,12828.65,11230.81,0
2026-08-22T09:03:39+00:00,11230.81,12742.96,11230.81,0
2026-08-22T09:16:38+00:00,11230.81,12832.44,11230.81,0
2026-08-22T09:29:37+00:00,11230.81,12817.09,11230.81,0
2026-08-22T09:42:38+00:00,11230.81,12798.93,11230.81,0
2026-08-22T09:55:39+00:00,11230.81,12732.44,11230.81,0
2026-08-22T10:22:02+00:00,11230.81,12580.66,11230.81,0
2026-08-22T10:35:03+00:00,11230.81,12658.42,11230.81,0
2026-08-22T10:48:06+00:00,11230.81,12697.2,11230.81,0
2026-08-22T11:01:09+00:00,11230.81,12667.35,11230.81,0
2026-08-22T11:14:11+00:00,11230.81,12676.33,11230.81,0
2026-08-22T11:27:12+00:00,11230.81,12687.37,11230.81,0
2026-08-22T11:40:13+00:00,11230.81,12708.13,11230.81,0
2026-08-22T11:53:14+00:00,11230.81,12698.66,11230.81,0
2026-08-22T12:06:16+00:00,11230.81,12763.04,11230.81,0
2026-08-22T12:19:19+00:00,11230.81,12842.41,11230.81,0
2026-08-22T12:32:18+00:00,11230.81,12826.04,11230.81,0
2026-08-22T12:45:18+00:00,11230.81,12835.81,11230.81,0
2026-08-22T12:58:20+00:00,11230.81,12792.53,11230.81,0
2026-08-22T13:11:34+00:00,11230.81,12770.11,11230.81,0
2026-08-22T13:24:42+00:00,11230.81,12765.16,11230.81,0
2026-08-22T13:37:50+00:00,11230.81,12744.13,11230.81,0
2026-08-22T13:50:56+00:00,11230.81,12795.56,11230.81,0
2026-08-22T14:03:55+00:00,11230.81,12758.83,11230.81,0
2026-08-22T14:17:02+00:00,11230.81,12716.56,11230.81,0
2026-08-22T14:30:05+00:00,11230.81,12723.59,11230.81,0
2026-08-22T14:43:06+00:00,11230.81,12636.92,11230.81,0
2026-08-22T15:22:33+00:00,11230.81,12564.97,11230.81,0
2026-08-22T15:35:29+00:00,11230.81,12629.92,11230.81,0
2026-08-22T15:48:07+00:00,11230.81,12593.51,11230.81,0
2026-08-22T16:01:02+00:00,11230.81,12589.13,11230.81,0
2026-08-22T16:13:41+00:00,11230.81,12596.79,11230.81,0
2026-08-22T16:26:38+00:00,11230.81,12696.4,11230.81,0
2026-08-22T16:39:22+00:00,11230.81,12718.55,11230.81,0
2026-08-22T16:52:04+00:00,11230.81,12744.35,11230.81,0
2026-08-22T17:04:50+00:00,11230.81,12734.34,11230.81,0
2026-08-22T17:17:30+00:00,11230.81,12727.83,11230.81,0
2026-08-22T17:30:26+00:00,11230.81,12697.97,11230.81,0
2026-08-22T17:43:22+00:00,11230.81,12718.28,11230.81,0
2026-08-22T17:56:06+00:00,11230.81,12736.42,11230.81,0
2026-08-22T18:08:59+00:00,11230.81,12741.58,11230.81,0
2026-08-22T18:21:39+00:00,11230.81,12772.4,11230.81,0
2026-08-22T18:34:17+00:00,11230.81,12788.06,11230.81,0
2026-08-22T18:46:55+00:00,11230.81,12753.99,11230.81,0
2026-08-22T18:59:48+00:00,11230.81,12770.76,11230.81,0
2026-08-22T19:12:41+00:00,11230.81,12774.37,11230.81,0
2026-08-22T19:25:22+00:00,11230.81,12766.35,11230.81,0
2026-08-22T19:38:03+00:00,11230.81,12798.8,11230.81,0
2026-08-22T19:50:45+00:00,11230.81,12828.88,11230.81,0
2026-08-22T20:17:08+00:00,11230.81,12855.44,11230.81,0
2026-08-22T20:30:09+00:00,11230.81,12821.87,11230.81,0
2026-08-22T20:43:07+00:00,11230.81,12836.02,11230.81,0
2026-08-22T20:56:08+00:00,11230.81,12812.86,11230.81,0
2026-08-22T21:09:07+00:00,11230.81,12746.97,11230.81,0
2026-08-22T21:22:07+00:00,11230.81,12722.1,11230.81,0
2026-08-22T21:35:06+00:00,11230.81,12686.95,11230.81,0
2026-08-22T21:48:08+00:00,11230.81,12627.38,11230.81,0
2026-08-22T22:01:08+00:00,11230.81,12607.23,11230.81,0
2026-08-22T22:14:08+00:00,11230.81,12677.82,11230.81,0
2026-08-22T22:27:07+00:00,11230.81,12692.8,11230.81,0
2026-08-22T22:40:07+00:00,11230.81,12680.17,11230.81,0
2026-08-22T22:53:07+00:00,11230.81,12692.45,11230.81,0
2026-08-22T23:06:07+00:00,11230.81,12663.21,11230.81,0
2026-08-22T23:19:07+00:00,11230.81,12653.81,11230.81,0
2026-08-22T23:32:08+00:00,11230.81,12649.4,11230.81,0
2026-08-22T23:45:04+00:00,11230.81,12659.26,11230.81,0
2026-08-23T01:16:25+00:00,11230.81,12846.92,11230.81,0
2026-08-23T01:29:30+00:00,11230.81,12840.42,11230.81,0
2026-08-23T01:42:37+00:00,11230.81,12811.44,11230.81,0
2026-08-23T01:55:47+00:00,11230.81,12828.14,11230.81,0
2026-08-23T02:08:46+00:00,11230.81,12797.65,11230.81,0
2026-08-23T02:21:45+00:00,11230.81,12709.44,11230.81,0
2026-08-23T02:34:45+00:00,11230.81,12775.53,11230.81,0
2026-08-23T02:47:48+00:00,11230.81,12769.28,11230.81,0
2026-08-23T03:00:52+00:00,11230.81,12759.3,11230.81,0
2026-08-23T03:13:58+00:00,11230.81,12740.57,11230.81,0
2026-08-23T03:27:01+00:00,11230.81,12721.12,11230.81,0
2026-08-23T03:40:06+00:00,11230.81,12667.77,11230.81,0
2026-08-23T03:53:13+00:00,11230.81,12688.04,11230.81,0
2026-08-23T04:06:23+00:00,11230.81,12684.65,11230.81,0
2026-08-23T04:19:22+00:00,11230.81,12658.72,11230.81,0
2026-08-23T04:32:25+00:00,11230.81,12667.44,11230.81,0
2026-08-23T04:45:25+00:00,11230.81,12607.51,11230.81,0
2026-08-23T04:58:30+00:00,11230.81,12557.13,11230.81,0
2026-08-23T05:11:34+00:00,11230.81,12537.4,11230.81,0
2026-08-23T05:24:37+00:00,11230.81,12588.68,11230.81,0
2026-08-23T05:37:41+00:00,11230.81,12545.48,11230.81,0
2026-08-23T06:17:02+00:00,11230.81,12517.11,11230.81,0
2026-08-23T06:30:10+00:00,11230.81,12534.74,11230.81,0
2026-08-23T06:43:16+00:00,11230.81,12550.47,11230.81,0
2026-08-23T06:56:21+00:00,11230.81,12481.92,11230.81,0
2026-08-23T07:09:26+00:00,11230.81,12542.66,11230.81,0
2026-08-23T07:22:37+00:00,11230.81,12553.1,11230.81,0
2026-08-23T07:35:48+00:00,11230.81,12523.59,11230.81,0
