{
  "cash": 9935.899860526948,
  "units": {
    "ETHUSDT": 0.8391965490925952,
    "SOLUSDT": -19.53725246878173,
    "BTCUSDT": 0.0,
    "XRPUSDT": 0.0
  },
  "start_equity": 10000.0,
  "bh_units": {
    "ETHUSDT": 1.3908205841446453,
    "SOLUSDT": 32.04306588054345,
    "BTCUSDT": 0.03895415874598772,
    "XRPUSDT": 2254.059561269847
  }
}