{
  "cash": 8780.764057029899,
  "units": {
    "ETHUSDT": -0.6267048106218951,
    "SOLUSDT": 15.389795725642454,
    "BTCUSDT": 0.018248110764842694,
    "XRPUSDT": -1057.837073461028,
    "AAPL": 0.0,
    "GOLD": -0.2864327417283789,
    "NIFTY": 0.04717635260758551,
    "RELIANCE": 0.0,
    "EURUSD": -1000.7131322648709,
    "SENSEX": 0.0,
    "NASDAQ": 0.0,
    "SPY": 0.0
  },
  "start_equity": 10000.0,
  "bh_units": {
    "ETHUSDT": 1.3908205841446453,
    "SOLUSDT": 32.04306588054345,
    "BTCUSDT": 0.03895415874598772,
    "XRPUSDT": 2254.059561269847
  }
}