{
  "cash": 1910.0392445799703,
  "units": {
    "ETHUSDT": 0.6256119570832142,
    "SOLUSDT": 15.357605078485383,
    "BTCUSDT": -0.01823972019005332,
    "XRPUSDT": 1056.6912846488992,
    "AAPL": 0.0,
    "GOLD": 0.28637112053727953,
    "NIFTY": 0.0472492059625681,
    "RELIANCE": -0.8687212384974804,
    "EURUSD": 1001.6237542019501,
    "SENSEX": 0.014714763572344624,
    "NASDAQ": 0.0,
    "SPY": 0.0
  },
  "start_equity": 10000.0,
  "bh_units": {
    "ETHUSDT": 1.3908205841446453,
    "SOLUSDT": 32.04306588054345,
    "BTCUSDT": 0.03895415874598772,
    "XRPUSDT": 2254.059561269847
  }
}