{
  "cash": 11723.300372820413,
  "units": {
    "ETHUSDT": 0.7900441359462075,
    "SOLUSDT": 0.0,
    "BTCUSDT": 0.023190088046453054,
    "XRPUSDT": 1350.2643518413943,
    "AAPL": 0.0,
    "GOLD": -0.3752884108332166,
    "NIFTY": -0.06335012620907296,
    "RELIANCE": -1.1693619626849066,
    "EURUSD": -1338.518812629612,
    "SENSEX": 0.0,
    "NASDAQ": 0.0,
    "SPY": 0.0
  },
  "start_equity": 10000.0,
  "bh_units": {
    "ETHUSDT": 1.3908205841446453,
    "SOLUSDT": 32.04306588054345,
    "BTCUSDT": 0.03895415874598772,
    "XRPUSDT": 2254.059561269847
  }
}