{
  "cash": 5511.108565628362,
  "units": {
    "ETHUSDT": 0.6284009497580514,
    "SOLUSDT": 15.25710753371492,
    "BTCUSDT": 0.018268791704845713,
    "XRPUSDT": -1066.6088142564918,
    "AAPL": 0.0,
    "GOLD": 0.0,
    "NIFTY": 0.0,
    "RELIANCE": 0.0,
    "EURUSD": 0.0,
    "SENSEX": 0.0,
    "NASDAQ": 0.0,
    "SPY": 0.0
  },
  "start_equity": 10000.0,
  "bh_units": {
    "ETHUSDT": 1.3908205841446453,
    "SOLUSDT": 32.04306588054345,
    "BTCUSDT": 0.03895415874598772,
    "XRPUSDT": 2254.059561269847
  }
}