{
  "cash": 4579.688302707557,
  "units": {
    "ETHUSDT": 0.8859469219181378,
    "SOLUSDT": 21.88849880218694,
    "BTCUSDT": 0.02577106834146333,
    "XRPUSDT": 0.0,
    "AAPL": 0.0,
    "GOLD": 0.41947121883527916,
    "NIFTY": 0.0,
    "RELIANCE": 0.0,
    "EURUSD": 0.0,
    "SENSEX": 0.0,
    "NASDAQ": 0.0,
    "SPY": 0.0
  },
  "start_equity": 10000.0,
  "bh_units": {
    "ETHUSDT": 1.3908205841446453,
    "SOLUSDT": 32.04306588054345,
    "BTCUSDT": 0.03895415874598772,
    "XRPUSDT": 2254.059561269847
  }
}