{
  "cash": 15896.12505944321,
  "units": {
    "ETHUSDT": -0.8388752403169188,
    "SOLUSDT": -19.66304082890891,
    "BTCUSDT": -0.02381104485632809,
    "XRPUSDT": -1388.3306295979264,
    "AAPL": 0.0
  },
  "start_equity": 10000.0,
  "bh_units": {
    "ETHUSDT": 1.3908205841446453,
    "SOLUSDT": 32.04306588054345,
    "BTCUSDT": 0.03895415874598772,
    "XRPUSDT": 2254.059561269847
  }
}