{
  "cash": 14595.51046688868,
  "units": {
    "ETHUSDT": -0.8759481384585358,
    "SOLUSDT": -21.828877394690615,
    "BTCUSDT": -0.02558369500357575,
    "XRPUSDT": -1483.8128345877292,
    "AAPL": 0.0,
    "GOLD": 0.40740689721082346,
    "NIFTY": 0.0,
    "RELIANCE": 0.0,
    "EURUSD": 1475.2083838475658,
    "SENSEX": 0.0,
    "NASDAQ": 0.0,
    "SPY": 0.0
  },
  "start_equity": 10000.0,
  "bh_units": {
    "ETHUSDT": 1.3908205841446453,
    "SOLUSDT": 32.04306588054345,
    "BTCUSDT": 0.03895415874598772,
    "XRPUSDT": 2254.059561269847
  }
}