{
  "cash": 12509.505173313879,
  "units": {
    "ETHUSDT": 0.0,
    "SOLUSDT": 18.684588200693874,
    "BTCUSDT": 0.022297292088375532,
    "XRPUSDT": 1306.304778283571,
    "AAPL": -4.610943973123401,
    "GOLD": -0.35473811480454337,
    "NIFTY": 0.0,
    "RELIANCE": 0.0,
    "EURUSD": -1262.9670029620374,
    "SENSEX": 0.0,
    "NASDAQ": -0.055406917880355705,
    "SPY": -1.9240177589806726
  },
  "start_equity": 10000.0,
  "bh_units": {
    "ETHUSDT": 1.3908205841446453,
    "SOLUSDT": 32.04306588054345,
    "BTCUSDT": 0.03895415874598772,
    "XRPUSDT": 2254.059561269847
  }
}