{
  "cash": 1876.620638381179,
  "units": {
    "ETHUSDT": 0.6152188912549,
    "SOLUSDT": 15.07524868060282,
    "BTCUSDT": 0.01776941294939439,
    "XRPUSDT": 1040.9779734387357,
    "AAPL": -3.408489108805618,
    "GOLD": 0.0,
    "NIFTY": 0.0,
    "RELIANCE": 0.0,
    "EURUSD": 0.0,
    "SENSEX": 0.0,
    "NASDAQ": 0.04400245828348631,
    "SPY": 1.5102715507414914
  },
  "start_equity": 10000.0,
  "bh_units": {
    "ETHUSDT": 1.3908205841446453,
    "SOLUSDT": 32.04306588054345,
    "BTCUSDT": 0.03895415874598772,
    "XRPUSDT": 2254.059561269847
  }
}