{
  "cash": 3268.295881950844,
  "units": {
    "ETHUSDT": 0.6558119356076356,
    "SOLUSDT": 16.116156158008973,
    "BTCUSDT": 0.0,
    "XRPUSDT": 1119.6759946219954,
    "AAPL": 0.0,
    "GOLD": 0.0,
    "NIFTY": 0.0,
    "RELIANCE": 0.9232102699786597,
    "EURUSD": 0.0,
    "SENSEX": 0.0,
    "NASDAQ": 0.0,
    "SPY": 0.0
  },
  "start_equity": 10000.0,
  "bh_units": {
    "ETHUSDT": 1.3908205841446453,
    "SOLUSDT": 32.04306588054345,
    "BTCUSDT": 0.03895415874598772,
    "XRPUSDT": 2254.059561269847
  }
}