{
  "cash": 4134.2386834267845,
  "units": {
    "ETHUSDT": 0.6218179795593551,
    "SOLUSDT": 15.272058196563977,
    "BTCUSDT": 0.017983441527519062,
    "XRPUSDT": 1048.6568343566917,
    "AAPL": -3.3977743924454753,
    "GOLD": 0.28311236160251013,
    "NIFTY": 0.0,
    "RELIANCE": 0.0,
    "EURUSD": 986.9824636212705,
    "SENSEX": 0.0,
    "NASDAQ": -0.04442837566078216,
    "SPY": -1.5168635680560159
  },
  "start_equity": 10000.0,
  "bh_units": {
    "ETHUSDT": 1.3908205841446453,
    "SOLUSDT": 32.04306588054345,
    "BTCUSDT": 0.03895415874598772,
    "XRPUSDT": 2254.059561269847
  }
}