{
  "cash": 16382.589424623655,
  "units": {
    "ETHUSDT": -0.7958415320250661,
    "SOLUSDT": -19.601583025955478,
    "BTCUSDT": -0.023388930665789644,
    "XRPUSDT": 1355.0883571542895,
    "AAPL": 0.0,
    "GOLD": 0.3770608348241276,
    "NIFTY": -0.06358287475528551,
    "RELIANCE": -1.1704800225311522,
    "EURUSD": 0.0,
    "SENSEX": -0.019837017906118356,
    "NASDAQ": 0.0,
    "SPY": 0.0
  },
  "start_equity": 10000.0,
  "bh_units": {
    "ETHUSDT": 1.3908205841446453,
    "SOLUSDT": 32.04306588054345,
    "BTCUSDT": 0.03895415874598772,
    "XRPUSDT": 2254.059561269847
  }
}