{
  "cash": 15873.29484038096,
  "units": {
    "ETHUSDT": -0.8343673437838433,
    "SOLUSDT": -19.48240648130961,
    "BTCUSDT": -0.02364495934522642,
    "XRPUSDT": -1379.398872119565
  },
  "start_equity": 10000.0,
  "bh_units": {
    "ETHUSDT": 1.3908205841446453,
    "SOLUSDT": 32.04306588054345,
    "BTCUSDT": 0.03895415874598772,
    "XRPUSDT": 2254.059561269847
  }
}