{
  "cash": 11211.33870259228,
  "units": {
    "ETHUSDT": 0.0,
    "SOLUSDT": -19.500483444804622,
    "BTCUSDT": -0.02340257688742612,
    "XRPUSDT": 0.0,
    "AAPL": 0.0,
    "GOLD": -0.36363735567303784,
    "NIFTY": 0.06082118542829203,
    "RELIANCE": 1.130832055040429,
    "EURUSD": -1283.0975992936797,
    "SENSEX": 0.01897214179702687
  },
  "start_equity": 10000.0,
  "bh_units": {
    "ETHUSDT": 1.3908205841446453,
    "SOLUSDT": 32.04306588054345,
    "BTCUSDT": 0.03895415874598772,
    "XRPUSDT": 2254.059561269847
  }
}