{
  "cash": 3887.7663973884983,
  "units": {
    "ETHUSDT": 0.8159546459087882,
    "SOLUSDT": 19.414617463067252,
    "BTCUSDT": 0.023286757467192904,
    "XRPUSDT": 1366.5862727251051,
    "AAPL": 0.0,
    "GOLD": 0.36245056450278335,
    "NIFTY": 0.0,
    "RELIANCE": 0.0,
    "EURUSD": 0.0,
    "SENSEX": -0.018934652370756554
  },
  "start_equity": 10000.0,
  "bh_units": {
    "ETHUSDT": 1.3908205841446453,
    "SOLUSDT": 32.04306588054345,
    "BTCUSDT": 0.03895415874598772,
    "XRPUSDT": 2254.059561269847
  }
}