{
  "cash": 9002.076602281677,
  "units": {
    "ETHUSDT": -0.6126311212311094,
    "SOLUSDT": -15.29583041677568,
    "BTCUSDT": 0.018167407019986953,
    "XRPUSDT": 1054.136845346052,
    "AAPL": 0.0,
    "GOLD": 0.0,
    "NIFTY": 0.0,
    "RELIANCE": -0.9013153180353313,
    "EURUSD": 1023.8112277918549,
    "SENSEX": -0.01518127486560499,
    "NASDAQ": 0.0,
    "SPY": 0.0
  },
  "start_equity": 10000.0,
  "bh_units": {
    "ETHUSDT": 1.3908205841446453,
    "SOLUSDT": 32.04306588054345,
    "BTCUSDT": 0.03895415874598772,
    "XRPUSDT": 2254.059561269847
  }
}