{
  "cash": 7954.592193115994,
  "units": {
    "ETHUSDT": 0.8900317448736638,
    "SOLUSDT": 22.059159992562574,
    "BTCUSDT": -0.02587891926428885,
    "XRPUSDT": -1506.6949682687796,
    "AAPL": 0.0,
    "GOLD": 0.4124358902864758,
    "NIFTY": 0.07095789294657111,
    "RELIANCE": -1.3233784656515624,
    "EURUSD": 1494.2491610238822,
    "SENSEX": 0.0,
    "NASDAQ": 0.0,
    "SPY": 0.0
  },
  "start_equity": 10000.0,
  "bh_units": {
    "ETHUSDT": 1.3908205841446453,
    "SOLUSDT": 32.04306588054345,
    "BTCUSDT": 0.03895415874598772,
    "XRPUSDT": 2254.059561269847
  }
}