{
  "cash": 15702.365999366108,
  "units": {
    "ETHUSDT": -0.8287436608268354,
    "SOLUSDT": -19.612275042988376,
    "BTCUSDT": -0.023633723425486572,
    "XRPUSDT": -1381.654275830822,
    "AAPL": 0.0
  },
  "start_equity": 10000.0,
  "bh_units": {
    "ETHUSDT": 1.3908205841446453,
    "SOLUSDT": 32.04306588054345,
    "BTCUSDT": 0.03895415874598772,
    "XRPUSDT": 2254.059561269847
  }
}