{
  "cash": 9721.762550904,
  "units": {
    "ETHUSDT": -0.8940892409331834,
    "SOLUSDT": 22.01947193725332,
    "BTCUSDT": 0.02589587740507696,
    "XRPUSDT": -1504.7598299896326,
    "AAPL": 0.0,
    "GOLD": 0.41961340540262143,
    "NIFTY": 0.0,
    "RELIANCE": 0.0,
    "EURUSD": 0.0,
    "SENSEX": 0.0,
    "NASDAQ": 0.0,
    "SPY": 0.0
  },
  "start_equity": 10000.0,
  "bh_units": {
    "ETHUSDT": 1.3908205841446453,
    "SOLUSDT": 32.04306588054345,
    "BTCUSDT": 0.03895415874598772,
    "XRPUSDT": 2254.059561269847
  }
}