{
  "cash": 11292.970303118385,
  "units": {
    "ETHUSDT": 0.0,
    "SOLUSDT": -15.34690152377796,
    "BTCUSDT": -0.01822941417033664,
    "XRPUSDT": -1056.0392756473625,
    "AAPL": 0.0,
    "GOLD": 0.2890834355218765,
    "NIFTY": 0.0,
    "RELIANCE": 0.0,
    "EURUSD": -1018.7998020624485,
    "SENSEX": 0.0,
    "NASDAQ": 0.0,
    "SPY": 0.0
  },
  "start_equity": 10000.0,
  "bh_units": {
    "ETHUSDT": 1.3908205841446453,
    "SOLUSDT": 32.04306588054345,
    "BTCUSDT": 0.03895415874598772,
    "XRPUSDT": 2254.059561269847
  }
}