{
  "cash": 8498.696277271014,
  "units": {
    "ETHUSDT": 0.8233533102904671,
    "SOLUSDT": -19.234454031240624,
    "BTCUSDT": 0.02335024091781963
  },
  "start_equity": 10000.0,
  "bh_units": {
    "ETHUSDT": 1.3908205841446453,
    "SOLUSDT": 32.04306588054345,
    "BTCUSDT": 0.03895415874598772,
    "XRPUSDT": 2254.059561269847
  }
}