{
  "cash": 11325.93408727886,
  "units": {
    "ETHUSDT": -0.6092485179263295,
    "SOLUSDT": -15.136804603438248,
    "BTCUSDT": -0.018069617371248445,
    "XRPUSDT": -1050.7768800056097,
    "AAPL": 0.0,
    "GOLD": 0.29050660433463643,
    "NIFTY": -0.0485296200449718,
    "RELIANCE": 0.8970644742406504,
    "EURUSD": -1022.0543626212032,
    "SENSEX": 0.015124580333254128,
    "NASDAQ": 0.0,
    "SPY": 0.0
  },
  "start_equity": 10000.0,
  "bh_units": {
    "ETHUSDT": 1.3908205841446453,
    "SOLUSDT": 32.04306588054345,
    "BTCUSDT": 0.03895415874598772,
    "XRPUSDT": 2254.059561269847
  }
}