{
  "cash": 3908.5266498318065,
  "units": {
    "ETHUSDT": 0.826164823988619,
    "SOLUSDT": 19.634280163941177,
    "BTCUSDT": 0.02351854133018098,
    "XRPUSDT": 1381.4186616885881,
    "AAPL": 0.0
  },
  "start_equity": 10000.0,
  "bh_units": {
    "ETHUSDT": 1.3908205841446453,
    "SOLUSDT": 32.04306588054345,
    "BTCUSDT": 0.03895415874598772,
    "XRPUSDT": 2254.059561269847
  }
}