{
  "cash": 20171.111127265867,
  "units": {
    "ETHUSDT": -0.8980314057655617,
    "SOLUSDT": -22.201171844166975,
    "BTCUSDT": -0.026022140083098815,
    "XRPUSDT": -1499.4964316801354,
    "AAPL": 0.0,
    "GOLD": -0.4243973089241068,
    "NIFTY": 0.0,
    "RELIANCE": 0.0,
    "EURUSD": 1515.1575176922506,
    "SENSEX": 0.0,
    "NASDAQ": 0.0,
    "SPY": -2.3105795323951144
  },
  "start_equity": 10000.0,
  "bh_units": {
    "ETHUSDT": 1.3908205841446453,
    "SOLUSDT": 32.04306588054345,
    "BTCUSDT": 0.03895415874598772,
    "XRPUSDT": 2254.059561269847
  }
}