{
  "cash": 9907.440858420056,
  "units": {
    "ETHUSDT": -0.6192419470731126,
    "SOLUSDT": -15.229491945531468,
    "BTCUSDT": -0.018047417890217382,
    "XRPUSDT": 1049.808346894455,
    "AAPL": 0.0,
    "GOLD": -0.28714252662426926,
    "NIFTY": 0.0,
    "RELIANCE": 0.0,
    "EURUSD": 0.0,
    "SENSEX": 0.014669384445738665,
    "NASDAQ": 0.0,
    "SPY": 0.0
  },
  "start_equity": 10000.0,
  "bh_units": {
    "ETHUSDT": 1.3908205841446453,
    "SOLUSDT": 32.04306588054345,
    "BTCUSDT": 0.03895415874598772,
    "XRPUSDT": 2254.059561269847
  }
}