{
  "cash": 9219.61334391071,
  "units": {
    "ETHUSDT": 0.6480993646276568,
    "SOLUSDT": 15.835603222076504,
    "BTCUSDT": -0.018750349494153433,
    "XRPUSDT": 1105.6727309694102,
    "AAPL": 0.0,
    "GOLD": 0.0,
    "NIFTY": -0.04972129234297405,
    "RELIANCE": 0.0,
    "EURUSD": -1051.4619062490658,
    "SENSEX": -0.015497841677316576,
    "NASDAQ": 0.0,
    "SPY": 0.0
  },
  "start_equity": 10000.0,
  "bh_units": {
    "ETHUSDT": 1.3908205841446453,
    "SOLUSDT": 32.04306588054345,
    "BTCUSDT": 0.03895415874598772,
    "XRPUSDT": 2254.059561269847
  }
}