{
  "cash": 7895.013266985248,
  "units": {
    "ETHUSDT": 0.6141219315738633,
    "SOLUSDT": 15.193924854023443,
    "BTCUSDT": 0.0,
    "XRPUSDT": 0.0,
    "AAPL": 0.0,
    "GOLD": -0.2914302821059583,
    "NIFTY": 0.0,
    "RELIANCE": 0.0,
    "EURUSD": 1035.237180230438,
    "SENSEX": 0.0,
    "NASDAQ": -0.045294653750580706,
    "SPY": -1.5728567011282266
  },
  "start_equity": 10000.0,
  "bh_units": {
    "ETHUSDT": 1.3908205841446453,
    "SOLUSDT": 32.04306588054345,
    "BTCUSDT": 0.03895415874598772,
    "XRPUSDT": 2254.059561269847
  }
}