{
  "cash": 11455.933016742829,
  "units": {
    "ETHUSDT": 0.8938668194227479,
    "SOLUSDT": 22.031605918353556,
    "BTCUSDT": 0.0,
    "XRPUSDT": -1495.8454241070945,
    "AAPL": 0.0,
    "GOLD": 0.0,
    "NIFTY": 0.0,
    "RELIANCE": 0.0,
    "EURUSD": -1507.2833161609472,
    "SENSEX": 0.0,
    "NASDAQ": 0.0,
    "SPY": 0.0
  },
  "start_equity": 10000.0,
  "bh_units": {
    "ETHUSDT": 1.3908205841446453,
    "SOLUSDT": 32.04306588054345,
    "BTCUSDT": 0.03895415874598772,
    "XRPUSDT": 2254.059561269847
  }
}