{
  "cash": 3384.557459543522,
  "units": {
    "ETHUSDT": 0.6886648415317798,
    "SOLUSDT": 16.97257693157355,
    "BTCUSDT": 0.01984690074969617,
    "XRPUSDT": 1167.6580797474355,
    "AAPL": 0.0,
    "GOLD": 0.0,
    "NIFTY": 0.0,
    "RELIANCE": 0.0,
    "EURUSD": 0.0,
    "SENSEX": 0.0,
    "NASDAQ": 0.0,
    "SPY": 0.0
  },
  "start_equity": 10000.0,
  "bh_units": {
    "ETHUSDT": 1.3908205841446453,
    "SOLUSDT": 32.04306588054345,
    "BTCUSDT": 0.03895415874598772,
    "XRPUSDT": 2254.059561269847
  }
}