{
  "cash": 10118.953172290338,
  "units": {
    "ETHUSDT": -0.6203045114368804,
    "SOLUSDT": -15.37127315258434,
    "BTCUSDT": 0.0,
    "XRPUSDT": -1057.0941539724286,
    "AAPL": 0.0,
    "GOLD": 0.2890292353329435,
    "NIFTY": 0.0,
    "RELIANCE": 0.0,
    "EURUSD": 1018.4071626555268,
    "SENSEX": -0.015119962970476864,
    "NASDAQ": 0.0,
    "SPY": 0.0
  },
  "start_equity": 10000.0,
  "bh_units": {
    "ETHUSDT": 1.3908205841446453,
    "SOLUSDT": 32.04306588054345,
    "BTCUSDT": 0.03895415874598772,
    "XRPUSDT": 2254.059561269847
  }
}