{
  "cash": 3968.63862933851,
  "units": {
    "ETHUSDT": 0.8301689636884514,
    "SOLUSDT": 19.523073608871663,
    "BTCUSDT": 0.023284371694165574,
    "XRPUSDT": 1360.120545790794
  },
  "start_equity": 10000.0,
  "bh_units": {
    "ETHUSDT": 1.3908205841446453,
    "SOLUSDT": 32.04306588054345,
    "BTCUSDT": 0.03895415874598772,
    "XRPUSDT": 2254.059561269847
  }
}