{
  "cash": 11573.688803407858,
  "units": {
    "ETHUSDT": -0.6451139554910145,
    "SOLUSDT": 0.0,
    "BTCUSDT": -0.01868955877170822,
    "XRPUSDT": 1100.7560382855404,
    "AAPL": 0.0,
    "GOLD": -0.2988221540967436,
    "NIFTY": 0.0,
    "RELIANCE": -0.9009852143947633,
    "EURUSD": 1046.478108155819,
    "SENSEX": -0.015455410724717702,
    "NASDAQ": 0.0,
    "SPY": 0.0
  },
  "start_equity": 10000.0,
  "bh_units": {
    "ETHUSDT": 1.3908205841446453,
    "SOLUSDT": 32.04306588054345,
    "BTCUSDT": 0.03895415874598772,
    "XRPUSDT": 2254.059561269847
  }
}