{
  "cash": 13006.800905857037,
  "units": {
    "ETHUSDT": -0.6532929923955562,
    "SOLUSDT": -16.012369077006102,
    "BTCUSDT": -0.018874526456869337,
    "XRPUSDT": 0.0,
    "AAPL": 0.0,
    "GOLD": -0.3052647197438696,
    "NIFTY": 0.0,
    "RELIANCE": 0.0,
    "EURUSD": 0.0,
    "SENSEX": 0.0,
    "NASDAQ": 0.0,
    "SPY": 0.0
  },
  "start_equity": 10000.0,
  "bh_units": {
    "ETHUSDT": 1.3908205841446453,
    "SOLUSDT": 32.04306588054345,
    "BTCUSDT": 0.03895415874598772,
    "XRPUSDT": 2254.059561269847
  }
}