{
  "cash": 10971.454988439138,
  "units": {
    "ETHUSDT": 0.0,
    "SOLUSDT": -18.516684015348087,
    "BTCUSDT": -0.02217618484113794,
    "XRPUSDT": 1285.30349166359,
    "AAPL": 4.53673430867324,
    "GOLD": -0.35251198758408214,
    "NIFTY": 0.0,
    "RELIANCE": 0.0,
    "EURUSD": 1252.5944468245445,
    "SENSEX": 0.0,
    "NASDAQ": -0.05479534295702232,
    "SPY": 0.0
  },
  "start_equity": 10000.0,
  "bh_units": {
    "ETHUSDT": 1.3908205841446453,
    "SOLUSDT": 32.04306588054345,
    "BTCUSDT": 0.03895415874598772,
    "XRPUSDT": 2254.059561269847
  }
}