{
  "cash": 8431.173926095275,
  "units": {
    "ETHUSDT": -0.8410710726470517,
    "SOLUSDT": 19.782671553152966,
    "BTCUSDT": 0.0,
    "XRPUSDT": 1396.3255853903004,
    "AAPL": 0.0
  },
  "start_equity": 10000.0,
  "bh_units": {
    "ETHUSDT": 1.3908205841446453,
    "SOLUSDT": 32.04306588054345,
    "BTCUSDT": 0.03895415874598772,
    "XRPUSDT": 2254.059561269847
  }
}