{
  "cash": 9904.590344145514,
  "units": {
    "ETHUSDT": -0.8386137546253732,
    "SOLUSDT": -19.661597951788323,
    "BTCUSDT": 0.02384581618787768,
    "XRPUSDT": 1390.8869086448533,
    "AAPL": 0.0
  },
  "start_equity": 10000.0,
  "bh_units": {
    "ETHUSDT": 1.3908205841446453,
    "SOLUSDT": 32.04306588054345,
    "BTCUSDT": 0.03895415874598772,
    "XRPUSDT": 2254.059561269847
  }
}