{
  "cash": 19918.25460925316,
  "units": {
    "ETHUSDT": 0.8837527993177643,
    "SOLUSDT": -21.927555972285248,
    "BTCUSDT": -0.02577201049841296,
    "XRPUSDT": -1496.9261780899403,
    "AAPL": 0.0,
    "GOLD": -0.4133278747940869,
    "NIFTY": -0.07116431502211419,
    "RELIANCE": -1.3248749096538273,
    "EURUSD": 1496.2309705238804,
    "SENSEX": -0.022245941185231398,
    "NASDAQ": 0.0,
    "SPY": 0.0
  },
  "start_equity": 10000.0,
  "bh_units": {
    "ETHUSDT": 1.3908205841446453,
    "SOLUSDT": 32.04306588054345,
    "BTCUSDT": 0.03895415874598772,
    "XRPUSDT": 2254.059561269847
  }
}