{
  "cash": 3148.118604548009,
  "units": {
    "ETHUSDT": 0.6290904815650755,
    "SOLUSDT": 15.279771396523692,
    "BTCUSDT": 0.018282759584946018,
    "XRPUSDT": -1067.2953587179177,
    "AAPL": 0.0,
    "GOLD": 0.29262196571536425,
    "NIFTY": 0.0,
    "RELIANCE": 0.0,
    "EURUSD": 1034.4382491718868,
    "SENSEX": 0.0,
    "NASDAQ": 0.0,
    "SPY": 0.0
  },
  "start_equity": 10000.0,
  "bh_units": {
    "ETHUSDT": 1.3908205841446453,
    "SOLUSDT": 32.04306588054345,
    "BTCUSDT": 0.03895415874598772,
    "XRPUSDT": 2254.059561269847
  }
}