{
  "cash": 7919.313674616187,
  "units": {
    "ETHUSDT": -0.6316941723315781,
    "SOLUSDT": 15.303838724921631,
    "BTCUSDT": 0.0,
    "XRPUSDT": -1071.7669823229025,
    "AAPL": 0.0,
    "GOLD": 0.29429730230817125,
    "NIFTY": 0.0,
    "RELIANCE": 0.0,
    "EURUSD": -1040.034200061408,
    "SENSEX": 0.015394042062182327,
    "NASDAQ": 0.0,
    "SPY": 0.0
  },
  "start_equity": 10000.0,
  "bh_units": {
    "ETHUSDT": 1.3908205841446453,
    "SOLUSDT": 32.04306588054345,
    "BTCUSDT": 0.03895415874598772,
    "XRPUSDT": 2254.059561269847
  }
}