{
  "cash": 4491.831855112776,
  "units": {
    "ETHUSDT": 0.0,
    "SOLUSDT": 0.0,
    "BTCUSDT": 0.025576107326596566,
    "XRPUSDT": 1483.2356085878796,
    "AAPL": 0.0,
    "GOLD": 0.40891754418676934,
    "NIFTY": 0.0,
    "RELIANCE": 0.0,
    "EURUSD": 1478.0743802890859,
    "SENSEX": 0.0,
    "NASDAQ": 0.0,
    "SPY": 0.0
  },
  "start_equity": 10000.0,
  "bh_units": {
    "ETHUSDT": 1.3908205841446453,
    "SOLUSDT": 32.04306588054345,
    "BTCUSDT": 0.03895415874598772,
    "XRPUSDT": 2254.059561269847
  }
}