{
  "cash": 1909.296711951909,
  "units": {
    "ETHUSDT": 0.0,
    "SOLUSDT": 15.377886642459162,
    "BTCUSDT": 0.0,
    "XRPUSDT": 1056.4192160074706,
    "AAPL": 0.0,
    "GOLD": 0.286337847304383,
    "NIFTY": 0.0472209647688178,
    "RELIANCE": -0.8680557897227611,
    "EURUSD": 1000.6701617886565,
    "SENSEX": 0.014695635740118576,
    "NASDAQ": 0.0,
    "SPY": 0.0
  },
  "start_equity": 10000.0,
  "bh_units": {
    "ETHUSDT": 1.3908205841446453,
    "SOLUSDT": 32.04306588054345,
    "BTCUSDT": 0.03895415874598772,
    "XRPUSDT": 2254.059561269847
  }
}