{
  "cash": 14209.52698452212,
  "units": {
    "ETHUSDT": -0.8256261676125283,
    "SOLUSDT": -19.5846974611525,
    "BTCUSDT": -0.023509905825136047,
    "XRPUSDT": 0.0,
    "AAPL": 0.0
  },
  "start_equity": 10000.0,
  "bh_units": {
    "ETHUSDT": 1.3908205841446453,
    "SOLUSDT": 32.04306588054345,
    "BTCUSDT": 0.03895415874598772,
    "XRPUSDT": 2254.059561269847
  }
}