{
  "cash": 12798.661531806296,
  "units": {
    "ETHUSDT": -0.6364633649378099,
    "SOLUSDT": 0.0,
    "BTCUSDT": -0.01846788907234478,
    "XRPUSDT": -1080.427879147306,
    "AAPL": 0.0,
    "GOLD": -0.29595719140081556,
    "NIFTY": 0.0,
    "RELIANCE": 0.0,
    "EURUSD": 0.0,
    "SENSEX": 0.0,
    "NASDAQ": 0.0,
    "SPY": 0.0
  },
  "start_equity": 10000.0,
  "bh_units": {
    "ETHUSDT": 1.3908205841446453,
    "SOLUSDT": 32.04306588054345,
    "BTCUSDT": 0.03895415874598772,
    "XRPUSDT": 2254.059561269847
  }
}