{
  "cash": 8759.21344588095,
  "units": {
    "ETHUSDT": 0.6107405674581924,
    "SOLUSDT": -15.091493779011163,
    "BTCUSDT": 0.0,
    "XRPUSDT": -1042.1735898931413,
    "AAPL": 0.0,
    "GOLD": 0.2871771299053988,
    "NIFTY": 0.0,
    "RELIANCE": 0.0,
    "EURUSD": -998.6707653657072,
    "SENSEX": 0.0,
    "NASDAQ": 0.0,
    "SPY": 0.0
  },
  "start_equity": 10000.0,
  "bh_units": {
    "ETHUSDT": 1.3908205841446453,
    "SOLUSDT": 32.04306588054345,
    "BTCUSDT": 0.03895415874598772,
    "XRPUSDT": 2254.059561269847
  }
}