{
  "cash": 4299.796160641583,
  "units": {
    "ETHUSDT": 0.6104412982075875,
    "SOLUSDT": 0.0,
    "BTCUSDT": 0.018114438029540172,
    "XRPUSDT": 1051.5401169543395,
    "AAPL": 0.0,
    "GOLD": -0.2908779716302934,
    "NIFTY": 0.04859860494021246,
    "RELIANCE": -0.9003716455189166,
    "EURUSD": 1023.1317582895194,
    "SENSEX": 0.0,
    "NASDAQ": 0.0,
    "SPY": 0.0
  },
  "start_equity": 10000.0,
  "bh_units": {
    "ETHUSDT": 1.3908205841446453,
    "SOLUSDT": 32.04306588054345,
    "BTCUSDT": 0.03895415874598772,
    "XRPUSDT": 2254.059561269847
  }
}