{
  "cash": 5487.739375172155,
  "units": {
    "ETHUSDT": 0.8254689017644711,
    "SOLUSDT": 0.0,
    "BTCUSDT": 0.023309157061925313,
    "XRPUSDT": 1349.689929379075
  },
  "start_equity": 10000.0,
  "bh_units": {
    "ETHUSDT": 1.3908205841446453,
    "SOLUSDT": 32.04306588054345,
    "BTCUSDT": 0.03895415874598772,
    "XRPUSDT": 2254.059561269847
  }
}