{
  "cash": 10638.612809246011,
  "units": {
    "ETHUSDT": -0.6568559730452933,
    "SOLUSDT": 16.13263822351221,
    "BTCUSDT": -0.01901912618801779,
    "XRPUSDT": -1120.7987750765083,
    "AAPL": 0.0,
    "GOLD": 0.0,
    "NIFTY": 0.0,
    "RELIANCE": 0.0,
    "EURUSD": 0.0,
    "SENSEX": 0.0,
    "NASDAQ": 0.0,
    "SPY": 0.0
  },
  "start_equity": 10000.0,
  "bh_units": {
    "ETHUSDT": 1.3908205841446453,
    "SOLUSDT": 32.04306588054345,
    "BTCUSDT": 0.03895415874598772,
    "XRPUSDT": 2254.059561269847
  }
}