{
  "cash": 6678.745318410434,
  "units": {
    "ETHUSDT": -0.6155171221580276,
    "SOLUSDT": 15.310019551535516,
    "BTCUSDT": 0.018255612235952706,
    "XRPUSDT": 0.0,
    "AAPL": 0.0,
    "GOLD": -0.2908624293530264,
    "NIFTY": 0.0,
    "RELIANCE": 0.0,
    "EURUSD": 1027.8288356761207,
    "SENSEX": 0.0,
    "NASDAQ": 0.0,
    "SPY": 0.0
  },
  "start_equity": 10000.0,
  "bh_units": {
    "ETHUSDT": 1.3908205841446453,
    "SOLUSDT": 32.04306588054345,
    "BTCUSDT": 0.03895415874598772,
    "XRPUSDT": 2254.059561269847
  }
}