{
  "cash": 15671.8460364955,
  "units": {
    "ETHUSDT": -0.824533429298845,
    "SOLUSDT": -19.54811226274098,
    "BTCUSDT": -0.023472850281462974,
    "XRPUSDT": -1374.7881703636306,
    "AAPL": 0.0
  },
  "start_equity": 10000.0,
  "bh_units": {
    "ETHUSDT": 1.3908205841446453,
    "SOLUSDT": 32.04306588054345,
    "BTCUSDT": 0.03895415874598772,
    "XRPUSDT": 2254.059561269847
  }
}