{
  "cash": 7533.8208608722625,
  "units": {
    "ETHUSDT": 0.6160495548264887,
    "SOLUSDT": -15.141697564576576,
    "BTCUSDT": 0.017889744443847895,
    "XRPUSDT": -1045.215800556339,
    "AAPL": 0.0,
    "GOLD": 0.0,
    "NIFTY": 0.0,
    "RELIANCE": 0.0,
    "EURUSD": 0.0,
    "SENSEX": 0.0,
    "NASDAQ": 0.0,
    "SPY": 0.0
  },
  "start_equity": 10000.0,
  "bh_units": {
    "ETHUSDT": 1.3908205841446453,
    "SOLUSDT": 32.04306588054345,
    "BTCUSDT": 0.03895415874598772,
    "XRPUSDT": 2254.059561269847
  }
}