{
  "cash": 5633.591295652964,
  "units": {
    "ETHUSDT": 0.8030633590226184,
    "SOLUSDT": -19.68827038771989,
    "BTCUSDT": 0.02346446537980172,
    "XRPUSDT": 0.0,
    "AAPL": 0.0,
    "GOLD": 0.38145260433534967,
    "NIFTY": 0.0,
    "RELIANCE": 0.0,
    "EURUSD": 1346.1755729280887,
    "SENSEX": 0.0,
    "NASDAQ": 0.0,
    "SPY": 0.0
  },
  "start_equity": 10000.0,
  "bh_units": {
    "ETHUSDT": 1.3908205841446453,
    "SOLUSDT": 32.04306588054345,
    "BTCUSDT": 0.03895415874598772,
    "XRPUSDT": 2254.059561269847
  }
}