{
  "cash": 751.6447395977176,
  "units": {
    "ETHUSDT": 0.611323459102917,
    "SOLUSDT": 14.988306435524095,
    "BTCUSDT": 0.01757124160566627,
    "XRPUSDT": 1032.7302010564672,
    "AAPL": 3.378961468791656,
    "GOLD": -0.28117314372804053,
    "NIFTY": 0.0,
    "RELIANCE": 0.0,
    "EURUSD": 0.0,
    "SENSEX": 0.0,
    "NASDAQ": 0.044107623084183256,
    "SPY": 1.5156216700242509
  },
  "start_equity": 10000.0,
  "bh_units": {
    "ETHUSDT": 1.3908205841446453,
    "SOLUSDT": 32.04306588054345,
    "BTCUSDT": 0.03895415874598772,
    "XRPUSDT": 2254.059561269847
  }
}