{
  "cash": 15268.624546461568,
  "units": {
    "ETHUSDT": 0.0,
    "SOLUSDT": -18.52224438448889,
    "BTCUSDT": -0.02217528561349613,
    "XRPUSDT": 1286.7524857742349,
    "AAPL": 0.0,
    "GOLD": -0.352904658726921,
    "NIFTY": 0.0,
    "RELIANCE": 0.0,
    "EURUSD": 0.0,
    "SENSEX": 0.0,
    "NASDAQ": -0.05480372632404043,
    "SPY": -1.9041513604120002
  },
  "start_equity": 10000.0,
  "bh_units": {
    "ETHUSDT": 1.3908205841446453,
    "SOLUSDT": 32.04306588054345,
    "BTCUSDT": 0.03895415874598772,
    "XRPUSDT": 2254.059561269847
  }
}