{
  "cash": 6395.997956707507,
  "units": {
    "ETHUSDT": 0.613881801112589,
    "SOLUSDT": -15.050744745144383,
    "BTCUSDT": 0.017632907757093096,
    "XRPUSDT": -1036.8668704803372,
    "AAPL": 3.395466485842256,
    "GOLD": 0.280832405992245,
    "NIFTY": 0.0,
    "RELIANCE": 0.0,
    "EURUSD": 986.7184054946057,
    "SENSEX": 0.0,
    "NASDAQ": -0.04418950402494411,
    "SPY": -1.5177629729684547
  },
  "start_equity": 10000.0,
  "bh_units": {
    "ETHUSDT": 1.3908205841446453,
    "SOLUSDT": 32.04306588054345,
    "BTCUSDT": 0.03895415874598772,
    "XRPUSDT": 2254.059561269847
  }
}