{
  "cash": 5348.105722985028,
  "units": {
    "ETHUSDT": 0.6141272412894965,
    "SOLUSDT": 15.179202703357408,
    "BTCUSDT": 0.017911444963238182,
    "XRPUSDT": 1048.7757106507931,
    "AAPL": -3.4604486795479734,
    "GOLD": 0.0,
    "NIFTY": 0.0,
    "RELIANCE": 0.0,
    "EURUSD": 1002.305045639527,
    "SENSEX": 0.0,
    "NASDAQ": -0.04416395817291202,
    "SPY": -1.5265696189844749
  },
  "start_equity": 10000.0,
  "bh_units": {
    "ETHUSDT": 1.3908205841446453,
    "SOLUSDT": 32.04306588054345,
    "BTCUSDT": 0.03895415874598772,
    "XRPUSDT": 2254.059561269847
  }
}