{
  "cash": 12231.809844291876,
  "units": {
    "ETHUSDT": -0.6279195066824589,
    "SOLUSDT": -15.417327314901344,
    "BTCUSDT": -0.018252486336524407,
    "XRPUSDT": -1061.3206915924147,
    "AAPL": 0.0,
    "GOLD": 0.28760813976866645,
    "NIFTY": -0.047317760594579664,
    "RELIANCE": 0.0,
    "EURUSD": 1002.0050488865202,
    "SENSEX": -0.014725016009695918,
    "NASDAQ": 0.0,
    "SPY": 0.0
  },
  "start_equity": 10000.0,
  "bh_units": {
    "ETHUSDT": 1.3908205841446453,
    "SOLUSDT": 32.04306588054345,
    "BTCUSDT": 0.03895415874598772,
    "XRPUSDT": 2254.059561269847
  }
}