{
  "cash": 3260.118952281697,
  "units": {
    "ETHUSDT": 0.6582548061783138,
    "SOLUSDT": 16.17640068735065,
    "BTCUSDT": 0.019008427558090343,
    "XRPUSDT": 1120.6596230999667,
    "AAPL": 0.0,
    "GOLD": 0.0,
    "NIFTY": 0.0,
    "RELIANCE": 0.0,
    "EURUSD": 0.0,
    "SENSEX": 0.0,
    "NASDAQ": 0.0,
    "SPY": 0.0
  },
  "start_equity": 10000.0,
  "bh_units": {
    "ETHUSDT": 1.3908205841446453,
    "SOLUSDT": 32.04306588054345,
    "BTCUSDT": 0.03895415874598772,
    "XRPUSDT": 2254.059561269847
  }
}