{
  "cash": 9944.911571211378,
  "units": {
    "ETHUSDT": -0.8257348149325506,
    "SOLUSDT": 19.444688351115616,
    "BTCUSDT": -0.023317947026465585,
    "XRPUSDT": 1361.358803087868
  },
  "start_equity": 10000.0,
  "bh_units": {
    "ETHUSDT": 1.3908205841446453,
    "SOLUSDT": 32.04306588054345,
    "BTCUSDT": 0.03895415874598772,
    "XRPUSDT": 2254.059561269847
  }
}