{
  "cash": 6322.85714308702,
  "units": {
    "ETHUSDT": -0.8990630685864928,
    "SOLUSDT": 22.17950907693189,
    "BTCUSDT": 0.0,
    "XRPUSDT": 1492.2686204662143,
    "AAPL": 5.256313881790867,
    "GOLD": 0.4222755283586915,
    "NIFTY": 0.0,
    "RELIANCE": 0.0,
    "EURUSD": 0.0,
    "SENSEX": 0.0,
    "NASDAQ": -0.06676888158914325,
    "SPY": 2.305450120280861
  },
  "start_equity": 10000.0,
  "bh_units": {
    "ETHUSDT": 1.3908205841446453,
    "SOLUSDT": 32.04306588054345,
    "BTCUSDT": 0.03895415874598772,
    "XRPUSDT": 2254.059561269847
  }
}