{
  "cash": 2564.798099334304,
  "units": {
    "ETHUSDT": 0.818306416696949,
    "SOLUSDT": 20.02089694836366,
    "BTCUSDT": 0.0,
    "XRPUSDT": 1395.6251500472658,
    "AAPL": -4.727322693372166,
    "GOLD": 0.3830556705056592,
    "NIFTY": 0.0,
    "RELIANCE": 0.0,
    "EURUSD": 0.0,
    "SENSEX": 0.0,
    "NASDAQ": 0.05991772827256645,
    "SPY": 2.064748959851224
  },
  "start_equity": 10000.0,
  "bh_units": {
    "ETHUSDT": 1.3908205841446453,
    "SOLUSDT": 32.04306588054345,
    "BTCUSDT": 0.03895415874598772,
    "XRPUSDT": 2254.059561269847
  }
}