{
  "cash": 5649.028434520639,
  "units": {
    "ETHUSDT": 0.6455702747442905,
    "SOLUSDT": -15.812172425409582,
    "BTCUSDT": 0.01870023264308782,
    "XRPUSDT": 1101.5256796094438,
    "AAPL": 0.0,
    "GOLD": 0.0,
    "NIFTY": -0.050090330179338165,
    "RELIANCE": 0.9063594044445102,
    "EURUSD": 1057.9208145534385,
    "SENSEX": -0.015592535136597885,
    "NASDAQ": 0.0,
    "SPY": 0.0
  },
  "start_equity": 10000.0,
  "bh_units": {
    "ETHUSDT": 1.3908205841446453,
    "SOLUSDT": 32.04306588054345,
    "BTCUSDT": 0.03895415874598772,
    "XRPUSDT": 2254.059561269847
  }
}