{
  "cash": 14836.037660099071,
  "units": {
    "ETHUSDT": -0.798814137847563,
    "SOLUSDT": -19.674458437424725,
    "BTCUSDT": 0.023450886813857815,
    "XRPUSDT": -1366.0726975133732,
    "AAPL": 0.0,
    "GOLD": 0.0,
    "NIFTY": -0.06336826830507057,
    "RELIANCE": 0.0,
    "EURUSD": 1344.2519023451066,
    "SENSEX": -0.019773926203095926,
    "NASDAQ": 0.0,
    "SPY": 0.0
  },
  "start_equity": 10000.0,
  "bh_units": {
    "ETHUSDT": 1.3908205841446453,
    "SOLUSDT": 32.04306588054345,
    "BTCUSDT": 0.03895415874598772,
    "XRPUSDT": 2254.059561269847
  }
}