{
  "cash": 4483.663318003983,
  "units": {
    "ETHUSDT": 0.6581907239181706,
    "SOLUSDT": 16.138614200479715,
    "BTCUSDT": 0.018998107684971458,
    "XRPUSDT": 0.0,
    "AAPL": 0.0,
    "GOLD": 0.0,
    "NIFTY": 0.0,
    "RELIANCE": 0.0,
    "EURUSD": 0.0,
    "SENSEX": 0.0,
    "NASDAQ": 0.0,
    "SPY": 0.0
  },
  "start_equity": 10000.0,
  "bh_units": {
    "ETHUSDT": 1.3908205841446453,
    "SOLUSDT": 32.04306588054345,
    "BTCUSDT": 0.03895415874598772,
    "XRPUSDT": 2254.059561269847
  }
}