{
  "cash": 11250.23505248675,
  "units": {
    "ETHUSDT": -0.8248876599622762,
    "SOLUSDT": 19.59424779250934,
    "BTCUSDT": -0.023489391597376688,
    "XRPUSDT": 1375.9984833291535,
    "AAPL": 0.0,
    "GOLD": -0.3643100278324335,
    "NIFTY": -0.060977392252885156,
    "RELIANCE": -1.129341465058763,
    "EURUSD": 1287.6612879523418,
    "SENSEX": 0.019009124064691334
  },
  "start_equity": 10000.0,
  "bh_units": {
    "ETHUSDT": 1.3908205841446453,
    "SOLUSDT": 32.04306588054345,
    "BTCUSDT": 0.03895415874598772,
    "XRPUSDT": 2254.059561269847
  }
}