{
  "cash": 10193.888938874026,
  "units": {
    "ETHUSDT": -0.6144512569160514,
    "SOLUSDT": 15.314889633131525,
    "BTCUSDT": -0.018229977402026212,
    "XRPUSDT": 0.0,
    "AAPL": 0.0,
    "GOLD": 0.0,
    "NIFTY": -0.04877288683336914,
    "RELIANCE": 0.0,
    "EURUSD": -1025.889275913118,
    "SENSEX": 0.015217668501302972,
    "NASDAQ": 0.0,
    "SPY": 0.0
  },
  "start_equity": 10000.0,
  "bh_units": {
    "ETHUSDT": 1.3908205841446453,
    "SOLUSDT": 32.04306588054345,
    "BTCUSDT": 0.03895415874598772,
    "XRPUSDT": 2254.059561269847
  }
}