{
  "cash": 12021.653756744294,
  "units": {
    "ETHUSDT": -0.611702029590524,
    "SOLUSDT": -14.988854464271858,
    "BTCUSDT": 0.01761837944669185,
    "XRPUSDT": -1031.9214456884793,
    "AAPL": 0.0,
    "GOLD": 0.0,
    "NIFTY": 0.0,
    "RELIANCE": 0.0,
    "EURUSD": 0.0,
    "SENSEX": 0.0,
    "NASDAQ": -0.043954639141290885,
    "SPY": -1.5116449109821997
  },
  "start_equity": 10000.0,
  "bh_units": {
    "ETHUSDT": 1.3908205841446453,
    "SOLUSDT": 32.04306588054345,
    "BTCUSDT": 0.03895415874598772,
    "XRPUSDT": 2254.059561269847
  }
}