{
  "cash": 6938.10316356509,
  "units": {
    "ETHUSDT": 0.8409147185021892,
    "SOLUSDT": -19.668437919193945,
    "BTCUSDT": 0.023780185897502727,
    "XRPUSDT": 1389.5779332210543
  },
  "start_equity": 10000.0,
  "bh_units": {
    "ETHUSDT": 1.3908205841446453,
    "SOLUSDT": 32.04306588054345,
    "BTCUSDT": 0.03895415874598772,
    "XRPUSDT": 2254.059561269847
  }
}