{
  "cash": 9724.197300038288,
  "units": {
    "ETHUSDT": 0.8922574190872933,
    "SOLUSDT": 22.021453310234236,
    "BTCUSDT": -0.025904464798651973,
    "XRPUSDT": -1497.8776774993332,
    "AAPL": 0.0,
    "GOLD": 0.0,
    "NIFTY": 0.0,
    "RELIANCE": 0.0,
    "EURUSD": 1505.4301122990712,
    "SENSEX": 0.0,
    "NASDAQ": 0.0,
    "SPY": 0.0
  },
  "start_equity": 10000.0,
  "bh_units": {
    "ETHUSDT": 1.3908205841446453,
    "SOLUSDT": 32.04306588054345,
    "BTCUSDT": 0.03895415874598772,
    "XRPUSDT": 2254.059561269847
  }
}