{
  "cash": -516.9091939047397,
  "units": {
    "ETHUSDT": 0.8186699177314724,
    "SOLUSDT": 20.026940211726508,
    "BTCUSDT": 0.023753349073065557,
    "XRPUSDT": 1396.5659093431445,
    "AAPL": -4.744455488139702,
    "GOLD": 0.383699305047192,
    "NIFTY": 0.0,
    "RELIANCE": 0.0,
    "EURUSD": 1350.7479741470288,
    "SENSEX": 0.0,
    "NASDAQ": 0.06002588412249763,
    "SPY": 2.066761756002077
  },
  "start_equity": 10000.0,
  "bh_units": {
    "ETHUSDT": 1.3908205841446453,
    "SOLUSDT": 32.04306588054345,
    "BTCUSDT": 0.03895415874598772,
    "XRPUSDT": 2254.059561269847
  }
}