{
  "cash": 10093.92735176902,
  "units": {
    "ETHUSDT": 0.0,
    "SOLUSDT": 19.30628055423529,
    "BTCUSDT": -0.022784675134401803,
    "XRPUSDT": 0.0,
    "AAPL": 0.0,
    "GOLD": -0.3731054391204957,
    "NIFTY": 0.0,
    "RELIANCE": 0.0,
    "EURUSD": 1326.1869832650152,
    "SENSEX": 0.0,
    "NASDAQ": 0.0,
    "SPY": 0.0
  },
  "start_equity": 10000.0,
  "bh_units": {
    "ETHUSDT": 1.3908205841446453,
    "SOLUSDT": 32.04306588054345,
    "BTCUSDT": 0.03895415874598772,
    "XRPUSDT": 2254.059561269847
  }
}