{
  "cash": 6955.117213397467,
  "units": {
    "ETHUSDT": 0.0,
    "SOLUSDT": 19.692852850876974,
    "BTCUSDT": 0.023856473795801088,
    "XRPUSDT": 0.0,
    "AAPL": 0.0
  },
  "start_equity": 10000.0,
  "bh_units": {
    "ETHUSDT": 1.3908205841446453,
    "SOLUSDT": 32.04306588054345,
    "BTCUSDT": 0.03895415874598772,
    "XRPUSDT": 2254.059561269847
  }
}