{
  "cash": 14920.955638041803,
  "units": {
    "ETHUSDT": -0.8275005747357963,
    "SOLUSDT": 20.244791794972134,
    "BTCUSDT": -0.023976825940123857,
    "XRPUSDT": 1412.6987439123163,
    "AAPL": -4.7184224397450345,
    "GOLD": -0.3851773420200028,
    "NIFTY": 0.0,
    "RELIANCE": 0.0,
    "EURUSD": -1352.6089208731164,
    "SENSEX": 0.0,
    "NASDAQ": 0.0,
    "SPY": 0.0
  },
  "start_equity": 10000.0,
  "bh_units": {
    "ETHUSDT": 1.3908205841446453,
    "SOLUSDT": 32.04306588054345,
    "BTCUSDT": 0.03895415874598772,
    "XRPUSDT": 2254.059561269847
  }
}