{
  "cash": -378.72044213176645,
  "units": {
    "ETHUSDT": 0.614238823565517,
    "SOLUSDT": 0.0,
    "BTCUSDT": 0.017756407969097308,
    "XRPUSDT": 1039.4470652921245,
    "AAPL": 3.39306518218618,
    "GOLD": 0.0,
    "NIFTY": 0.0,
    "RELIANCE": 0.0,
    "EURUSD": 984.0274502842835,
    "SENSEX": 0.0,
    "NASDAQ": 0.043972736332517255,
    "SPY": 1.5098184652189672
  },
  "start_equity": 10000.0,
  "bh_units": {
    "ETHUSDT": 1.3908205841446453,
    "SOLUSDT": 32.04306588054345,
    "BTCUSDT": 0.03895415874598772,
    "XRPUSDT": 2254.059561269847
  }
}