{
  "cash": 5568.753686517896,
  "units": {
    "ETHUSDT": 0.0,
    "SOLUSDT": 15.420000991822954,
    "BTCUSDT": 0.018484709475828892,
    "XRPUSDT": 1085.1495962213294,
    "AAPL": 0.0,
    "GOLD": 0.0,
    "NIFTY": 0.0,
    "RELIANCE": 0.0,
    "EURUSD": -1043.5458713172493,
    "SENSEX": 0.0,
    "NASDAQ": 0.0,
    "SPY": 0.0
  },
  "start_equity": 10000.0,
  "bh_units": {
    "ETHUSDT": 1.3908205841446453,
    "SOLUSDT": 32.04306588054345,
    "BTCUSDT": 0.03895415874598772,
    "XRPUSDT": 2254.059561269847
  }
}