{
  "cash": 2418.722131538264,
  "units": {
    "ETHUSDT": 0.7968156196718067,
    "SOLUSDT": 19.107238528757765,
    "BTCUSDT": 0.022913629308954745,
    "XRPUSDT": 1341.0845675243781,
    "AAPL": 0.0,
    "GOLD": 0.0,
    "NIFTY": 0.0,
    "RELIANCE": 0.0,
    "EURUSD": 1270.420988861568,
    "SENSEX": 0.0
  },
  "start_equity": 10000.0,
  "bh_units": {
    "ETHUSDT": 1.3908205841446453,
    "SOLUSDT": 32.04306588054345,
    "BTCUSDT": 0.03895415874598772,
    "XRPUSDT": 2254.059561269847
  }
}