{
  "cash": 12633.072853354292,
  "units": {
    "ETHUSDT": -0.6305695296795665,
    "SOLUSDT": -15.314996179856447,
    "BTCUSDT": -0.018327378296560278,
    "XRPUSDT": -1069.6653221743468,
    "AAPL": 0.0,
    "GOLD": 0.29319087218745454,
    "NIFTY": 0.0,
    "RELIANCE": 0.0,
    "EURUSD": -1037.4545016642705,
    "SENSEX": 0.0,
    "NASDAQ": 0.0,
    "SPY": 0.0
  },
  "start_equity": 10000.0,
  "bh_units": {
    "ETHUSDT": 1.3908205841446453,
    "SOLUSDT": 32.04306588054345,
    "BTCUSDT": 0.03895415874598772,
    "XRPUSDT": 2254.059561269847
  }
}