{
  "cash": 2431.569490565577,
  "units": {
    "ETHUSDT": 0.0,
    "SOLUSDT": 19.044532279893154,
    "BTCUSDT": 0.02290161491130833,
    "XRPUSDT": 1344.842290708564,
    "AAPL": 0.0,
    "GOLD": 0.35732395783953097,
    "NIFTY": 0.0,
    "RELIANCE": 0.0,
    "EURUSD": 1273.902329441526,
    "SENSEX": 0.0
  },
  "start_equity": 10000.0,
  "bh_units": {
    "ETHUSDT": 1.3908205841446453,
    "SOLUSDT": 32.04306588054345,
    "BTCUSDT": 0.03895415874598772,
    "XRPUSDT": 2254.059561269847
  }
}