{
  "cash": 14071.538893245373,
  "units": {
    "ETHUSDT": 0.0,
    "SOLUSDT": -15.897983248357981,
    "BTCUSDT": -0.018819640700240305,
    "XRPUSDT": -1109.8895656319842,
    "AAPL": 0.0,
    "GOLD": -0.29975622922309003,
    "NIFTY": 0.0,
    "RELIANCE": -0.9108569683520111,
    "EURUSD": -1053.9393402807998,
    "SENSEX": 0.015529735320547475,
    "NASDAQ": 0.0,
    "SPY": 0.0
  },
  "start_equity": 10000.0,
  "bh_units": {
    "ETHUSDT": 1.3908205841446453,
    "SOLUSDT": 32.04306588054345,
    "BTCUSDT": 0.03895415874598772,
    "XRPUSDT": 2254.059561269847
  }
}