{
  "cash": 3384.9084556604003,
  "units": {
    "ETHUSDT": 0.6884000675173508,
    "SOLUSDT": 16.962994580986813,
    "BTCUSDT": 0.01984430367380979,
    "XRPUSDT": 1168.5962056096366,
    "AAPL": 0.0,
    "GOLD": 0.0,
    "NIFTY": 0.0,
    "RELIANCE": 0.0,
    "EURUSD": 0.0,
    "SENSEX": 0.0,
    "NASDAQ": 0.0,
    "SPY": 0.0
  },
  "start_equity": 10000.0,
  "bh_units": {
    "ETHUSDT": 1.3908205841446453,
    "SOLUSDT": 32.04306588054345,
    "BTCUSDT": 0.03895415874598772,
    "XRPUSDT": 2254.059561269847
  }
}