{
  "cash": 11646.870427917753,
  "units": {
    "ETHUSDT": -0.7885077689810908,
    "SOLUSDT": -19.440307968610057,
    "BTCUSDT": 0.022965667162820984,
    "XRPUSDT": 1343.876947620008,
    "AAPL": 0.0,
    "GOLD": -0.37389991407711054,
    "NIFTY": 0.0,
    "RELIANCE": 0.0,
    "EURUSD": 0.0,
    "SENSEX": 0.0,
    "NASDAQ": 0.0,
    "SPY": 0.0
  },
  "start_equity": 10000.0,
  "bh_units": {
    "ETHUSDT": 1.3908205841446453,
    "SOLUSDT": 32.04306588054345,
    "BTCUSDT": 0.03895415874598772,
    "XRPUSDT": 2254.059561269847
  }
}