{
  "cash": 8700.451696135238,
  "units": {
    "ETHUSDT": 0.7952713053855877,
    "SOLUSDT": 0.0,
    "BTCUSDT": 0.023379719482292012,
    "XRPUSDT": 1358.6658848645259,
    "AAPL": 0.0,
    "GOLD": 0.3773029551167144,
    "NIFTY": -0.06354298327071466,
    "RELIANCE": -1.1700013992978455,
    "EURUSD": -1344.3441047439087,
    "SENSEX": 0.0,
    "NASDAQ": 0.0,
    "SPY": 0.0
  },
  "start_equity": 10000.0,
  "bh_units": {
    "ETHUSDT": 1.3908205841446453,
    "SOLUSDT": 32.04306588054345,
    "BTCUSDT": 0.03895415874598772,
    "XRPUSDT": 2254.059561269847
  }
}