{
  "cash": 18287.420768353575,
  "units": {
    "ETHUSDT": -0.8872064476008044,
    "SOLUSDT": -21.90248415928148,
    "BTCUSDT": -0.025843755991506956,
    "XRPUSDT": -1498.6464402679555,
    "AAPL": 0.0,
    "GOLD": 0.41627854905396233,
    "NIFTY": 0.0,
    "RELIANCE": 0.0,
    "EURUSD": -1503.8386632651125,
    "SENSEX": 0.0,
    "NASDAQ": 0.0,
    "SPY": 0.0
  },
  "start_equity": 10000.0,
  "bh_units": {
    "ETHUSDT": 1.3908205841446453,
    "SOLUSDT": 32.04306588054345,
    "BTCUSDT": 0.03895415874598772,
    "XRPUSDT": 2254.059561269847
  }
}