{
  "cash": 14858.433759197756,
  "units": {
    "ETHUSDT": -0.8871804654384382,
    "SOLUSDT": -21.906376106872216,
    "BTCUSDT": -0.025810610058037555,
    "XRPUSDT": -1499.358335282508,
    "AAPL": 0.0,
    "GOLD": 0.4164435187833205,
    "NIFTY": 0.0,
    "RELIANCE": 0.0,
    "EURUSD": 1503.0512066315691,
    "SENSEX": 0.0,
    "NASDAQ": 0.0,
    "SPY": 0.0
  },
  "start_equity": 10000.0,
  "bh_units": {
    "ETHUSDT": 1.3908205841446453,
    "SOLUSDT": 32.04306588054345,
    "BTCUSDT": 0.03895415874598772,
    "XRPUSDT": 2254.059561269847
  }
}