{
  "cash": 11319.179109445831,
  "units": {
    "ETHUSDT": -0.6083481475915045,
    "SOLUSDT": -15.133249655977812,
    "BTCUSDT": -0.018066346721977402,
    "XRPUSDT": -1049.7522166810206,
    "AAPL": 0.0,
    "GOLD": 0.2901948624662891,
    "NIFTY": 0.0,
    "RELIANCE": 0.0,
    "EURUSD": 1021.0194590068713,
    "SENSEX": -0.015122814132685477,
    "NASDAQ": 0.0,
    "SPY": 0.0
  },
  "start_equity": 10000.0,
  "bh_units": {
    "ETHUSDT": 1.3908205841446453,
    "SOLUSDT": 32.04306588054345,
    "BTCUSDT": 0.03895415874598772,
    "XRPUSDT": 2254.059561269847
  }
}