{
  "cash": 7643.931261155514,
  "units": {
    "ETHUSDT": -0.6122595934610005,
    "SOLUSDT": 15.166806223415604,
    "BTCUSDT": -0.017861227003807455,
    "XRPUSDT": 1048.6408904344978,
    "AAPL": 3.4330086772615664,
    "GOLD": -0.2876253369833092,
    "NIFTY": 0.0,
    "RELIANCE": 0.0,
    "EURUSD": 1002.2393100440952,
    "SENSEX": 0.0,
    "NASDAQ": -0.044319288814779145,
    "SPY": 0.0
  },
  "start_equity": 10000.0,
  "bh_units": {
    "ETHUSDT": 1.3908205841446453,
    "SOLUSDT": 32.04306588054345,
    "BTCUSDT": 0.03895415874598772,
    "XRPUSDT": 2254.059561269847
  }
}