{
  "cash": 5908.3496411196265,
  "units": {
    "ETHUSDT": -0.6862158648794687,
    "SOLUSDT": 16.88330649830067,
    "BTCUSDT": 0.019768019952364966,
    "XRPUSDT": 1163.1311338525736,
    "AAPL": 0.0,
    "GOLD": 0.0,
    "NIFTY": 0.0,
    "RELIANCE": 0.0,
    "EURUSD": 0.0,
    "SENSEX": 0.0,
    "NASDAQ": 0.0,
    "SPY": 0.0
  },
  "start_equity": 10000.0,
  "bh_units": {
    "ETHUSDT": 1.3908205841446453,
    "SOLUSDT": 32.04306588054345,
    "BTCUSDT": 0.03895415874598772,
    "XRPUSDT": 2254.059561269847
  }
}