{
  "cash": 9913.919051835668,
  "units": {
    "ETHUSDT": 0.8407808936685428,
    "SOLUSDT": -19.634132118187903,
    "BTCUSDT": -0.023769087120893033,
    "XRPUSDT": 1388.634948764172
  },
  "start_equity": 10000.0,
  "bh_units": {
    "ETHUSDT": 1.3908205841446453,
    "SOLUSDT": 32.04306588054345,
    "BTCUSDT": 0.03895415874598772,
    "XRPUSDT": 2254.059561269847
  }
}