{
  "cash": 12072.18624672644,
  "units": {
    "ETHUSDT": 0.6168974996457163,
    "SOLUSDT": -15.148407560874809,
    "BTCUSDT": -0.01793145361260347,
    "XRPUSDT": -1042.3133048247453,
    "AAPL": 0.0,
    "GOLD": -0.2833667829057147,
    "NIFTY": 0.0,
    "RELIANCE": 0.0,
    "EURUSD": -990.4575112411715,
    "SENSEX": 0.0,
    "NASDAQ": 0.0,
    "SPY": 0.0
  },
  "start_equity": 10000.0,
  "bh_units": {
    "ETHUSDT": 1.3908205841446453,
    "SOLUSDT": 32.04306588054345,
    "BTCUSDT": 0.03895415874598772,
    "XRPUSDT": 2254.059561269847
  }
}