{
  "cash": 7985.443546882236,
  "units": {
    "ETHUSDT": 0.6367858078841012,
    "SOLUSDT": 15.428485399365501,
    "BTCUSDT": -0.018475547031930006,
    "XRPUSDT": -1081.2303061965101,
    "AAPL": 0.0,
    "GOLD": -0.29530639722845287,
    "NIFTY": 0.0,
    "RELIANCE": 0.0,
    "EURUSD": 1048.273119960389,
    "SENSEX": 0.0,
    "NASDAQ": 0.0,
    "SPY": 0.0
  },
  "start_equity": 10000.0,
  "bh_units": {
    "ETHUSDT": 1.3908205841446453,
    "SOLUSDT": 32.04306588054345,
    "BTCUSDT": 0.03895415874598772,
    "XRPUSDT": 2254.059561269847
  }
}