{
  "cash": 8445.230215766394,
  "units": {
    "ETHUSDT": 0.838612741586025,
    "SOLUSDT": -19.495963709886748,
    "BTCUSDT": 0.02373580956175498,
    "XRPUSDT": 0.0
  },
  "start_equity": 10000.0,
  "bh_units": {
    "ETHUSDT": 1.3908205841446453,
    "SOLUSDT": 32.04306588054345,
    "BTCUSDT": 0.03895415874598772,
    "XRPUSDT": 2254.059561269847
  }
}