{
  "cash": 5982.1393349102045,
  "units": {
    "ETHUSDT": -0.6982692421604398,
    "SOLUSDT": 17.11831752276368,
    "BTCUSDT": 0.02006858743218707,
    "XRPUSDT": 1179.1730116201002,
    "AAPL": 0.0,
    "GOLD": 0.0,
    "NIFTY": 0.0,
    "RELIANCE": 0.0,
    "EURUSD": 0.0,
    "SENSEX": 0.0,
    "NASDAQ": 0.0,
    "SPY": 0.0
  },
  "start_equity": 10000.0,
  "bh_units": {
    "ETHUSDT": 1.3908205841446453,
    "SOLUSDT": 32.04306588054345,
    "BTCUSDT": 0.03895415874598772,
    "XRPUSDT": 2254.059561269847
  }
}