{
  "cash": 3003.202605419681,
  "units": {
    "ETHUSDT": 0.6159783547397513,
    "SOLUSDT": 15.088046214262825,
    "BTCUSDT": 0.0,
    "XRPUSDT": 0.0,
    "AAPL": -3.3856966306617537,
    "GOLD": 0.280115467632771,
    "NIFTY": 0.0,
    "RELIANCE": 0.0,
    "EURUSD": 0.0,
    "SENSEX": 0.0,
    "NASDAQ": 0.04399641267986962,
    "SPY": 1.5091482067954471
  },
  "start_equity": 10000.0,
  "bh_units": {
    "ETHUSDT": 1.3908205841446453,
    "SOLUSDT": 32.04306588054345,
    "BTCUSDT": 0.03895415874598772,
    "XRPUSDT": 2254.059561269847
  }
}