{
  "cash": 14161.511277367197,
  "units": {
    "ETHUSDT": -0.6492538842021347,
    "SOLUSDT": -15.873480605522571,
    "BTCUSDT": -0.018779124692971796,
    "XRPUSDT": -1106.392246886677,
    "AAPL": 0.0,
    "GOLD": -0.30307484504864074,
    "NIFTY": 0.0,
    "RELIANCE": 0.0,
    "EURUSD": 0.0,
    "SENSEX": 0.0,
    "NASDAQ": 0.0,
    "SPY": 0.0
  },
  "start_equity": 10000.0,
  "bh_units": {
    "ETHUSDT": 1.3908205841446453,
    "SOLUSDT": 32.04306588054345,
    "BTCUSDT": 0.03895415874598772,
    "XRPUSDT": 2254.059561269847
  }
}