{
  "cash": 14800.194874394409,
  "units": {
    "ETHUSDT": 0.8825561223962062,
    "SOLUSDT": 0.0,
    "BTCUSDT": -0.025761076041045185,
    "XRPUSDT": -1498.1500102390867,
    "AAPL": 0.0,
    "GOLD": -0.413451832120592,
    "NIFTY": 0.0,
    "RELIANCE": -1.3242447384659466,
    "EURUSD": 1496.9420365235562,
    "SENSEX": 0.0,
    "NASDAQ": 0.0,
    "SPY": 0.0
  },
  "start_equity": 10000.0,
  "bh_units": {
    "ETHUSDT": 1.3908205841446453,
    "SOLUSDT": 32.04306588054345,
    "BTCUSDT": 0.03895415874598772,
    "XRPUSDT": 2254.059561269847
  }
}