{
  "cash": 3179.057648427408,
  "units": {
    "ETHUSDT": 0.638861722476055,
    "SOLUSDT": 0.0,
    "BTCUSDT": 0.0,
    "XRPUSDT": 1090.4574785258233,
    "AAPL": 0.0,
    "GOLD": 0.29622000646544205,
    "NIFTY": 0.0,
    "RELIANCE": 0.0,
    "EURUSD": 1042.8560255595753,
    "SENSEX": 0.0,
    "NASDAQ": 0.0,
    "SPY": 0.0
  },
  "start_equity": 10000.0,
  "bh_units": {
    "ETHUSDT": 1.3908205841446453,
    "SOLUSDT": 32.04306588054345,
    "BTCUSDT": 0.03895415874598772,
    "XRPUSDT": 2254.059561269847
  }
}