{
  "cash": 11449.761934211007,
  "units": {
    "ETHUSDT": 0.6287898957768069,
    "SOLUSDT": -15.263668147676624,
    "BTCUSDT": -0.01829048122921898,
    "XRPUSDT": -1068.386572301822,
    "AAPL": 0.0,
    "GOLD": 0.0,
    "NIFTY": 0.0,
    "RELIANCE": 0.0,
    "EURUSD": -1037.7208738045542,
    "SENSEX": 0.0,
    "NASDAQ": 0.0,
    "SPY": 0.0
  },
  "start_equity": 10000.0,
  "bh_units": {
    "ETHUSDT": 1.3908205841446453,
    "SOLUSDT": 32.04306588054345,
    "BTCUSDT": 0.03895415874598772,
    "XRPUSDT": 2254.059561269847
  }
}