{
  "cash": 10263.294628537411,
  "units": {
    "ETHUSDT": -0.6155168797311122,
    "SOLUSDT": -15.347249071709669,
    "BTCUSDT": 0.0,
    "XRPUSDT": -1067.300423815385,
    "AAPL": 3.6112825712029037,
    "GOLD": -0.2917848708842351,
    "NIFTY": 0.0,
    "RELIANCE": 0.0,
    "EURUSD": -1033.1449484121695,
    "SENSEX": 0.0,
    "NASDAQ": 0.04508733285168717,
    "SPY": 1.5701228570447407
  },
  "start_equity": 10000.0,
  "bh_units": {
    "ETHUSDT": 1.3908205841446453,
    "SOLUSDT": 32.04306588054345,
    "BTCUSDT": 0.03895415874598772,
    "XRPUSDT": 2254.059561269847
  }
}