{
  "cash": 1992.5047000839852,
  "units": {
    "ETHUSDT": 0.6332003467809,
    "SOLUSDT": 15.516571622296714,
    "BTCUSDT": 0.018421686100967522,
    "XRPUSDT": 1082.1596595061017,
    "AAPL": 0.0,
    "GOLD": 0.2962768314868587,
    "NIFTY": 0.0,
    "RELIANCE": 0.0,
    "EURUSD": 0.0,
    "SENSEX": 0.0,
    "NASDAQ": 0.0,
    "SPY": 0.0
  },
  "start_equity": 10000.0,
  "bh_units": {
    "ETHUSDT": 1.3908205841446453,
    "SOLUSDT": 32.04306588054345,
    "BTCUSDT": 0.03895415874598772,
    "XRPUSDT": 2254.059561269847
  }
}