{
  "cash": 7094.000015313873,
  "units": {
    "ETHUSDT": 0.0,
    "SOLUSDT": 19.411465530639923,
    "BTCUSDT": 0.022921374106468235,
    "XRPUSDT": -1341.8055835765326,
    "AAPL": 0.0,
    "GOLD": 0.0,
    "NIFTY": 0.0,
    "RELIANCE": 0.0,
    "EURUSD": 1329.985110978671,
    "SENSEX": 0.0,
    "NASDAQ": 0.0,
    "SPY": 0.0
  },
  "start_equity": 10000.0,
  "bh_units": {
    "ETHUSDT": 1.3908205841446453,
    "SOLUSDT": 32.04306588054345,
    "BTCUSDT": 0.03895415874598772,
    "XRPUSDT": 2254.059561269847
  }
}