{
  "cash": 10906.720040678012,
  "units": {
    "ETHUSDT": 0.6129553213831873,
    "SOLUSDT": -15.013613645479905,
    "BTCUSDT": 0.017638919348109225,
    "XRPUSDT": -1034.8377356367478,
    "AAPL": 3.3985495376969794,
    "GOLD": -0.2811032523988055,
    "NIFTY": 0.0,
    "RELIANCE": 0.0,
    "EURUSD": -986.6876532004935,
    "SENSEX": 0.0,
    "NASDAQ": -0.04412337986548285,
    "SPY": -1.516104915072374
  },
  "start_equity": 10000.0,
  "bh_units": {
    "ETHUSDT": 1.3908205841446453,
    "SOLUSDT": 32.04306588054345,
    "BTCUSDT": 0.03895415874598772,
    "XRPUSDT": 2254.059561269847
  }
}