{
  "cash": 12947.718135349329,
  "units": {
    "ETHUSDT": 0.0,
    "SOLUSDT": -19.365577809813345,
    "BTCUSDT": 0.0,
    "XRPUSDT": -1364.3334989471998
  },
  "start_equity": 10000.0,
  "bh_units": {
    "ETHUSDT": 1.3908205841446453,
    "SOLUSDT": 32.04306588054345,
    "BTCUSDT": 0.03895415874598772,
    "XRPUSDT": 2254.059561269847
  }
}