{
  "cash": 5626.979766624126,
  "units": {
    "ETHUSDT": 0.6458744151041231,
    "SOLUSDT": -15.776498234248617,
    "BTCUSDT": -0.018707223134951028,
    "XRPUSDT": 1101.1380040278489,
    "AAPL": 0.0,
    "GOLD": 0.0,
    "NIFTY": 0.04982751681898686,
    "RELIANCE": -0.9114065271383182,
    "EURUSD": 1053.8337001860514,
    "SENSEX": 0.015545805554412907,
    "NASDAQ": 0.0,
    "SPY": 0.0
  },
  "start_equity": 10000.0,
  "bh_units": {
    "ETHUSDT": 1.3908205841446453,
    "SOLUSDT": 32.04306588054345,
    "BTCUSDT": 0.03895415874598772,
    "XRPUSDT": 2254.059561269847
  }
}