{
  "cash": 5564.148008925737,
  "units": {
    "ETHUSDT": 0.6365825775775651,
    "SOLUSDT": 15.587162473321271,
    "BTCUSDT": 0.01853175144645643,
    "XRPUSDT": -1089.6558096156157,
    "AAPL": 0.0,
    "GOLD": 0.2957992412217701,
    "NIFTY": 0.0,
    "RELIANCE": 0.0,
    "EURUSD": -1043.189118993886,
    "SENSEX": 0.0,
    "NASDAQ": 0.0,
    "SPY": 0.0
  },
  "start_equity": 10000.0,
  "bh_units": {
    "ETHUSDT": 1.3908205841446453,
    "SOLUSDT": 32.04306588054345,
    "BTCUSDT": 0.03895415874598772,
    "XRPUSDT": 2254.059561269847
  }
}