{
  "cash": 11221.262176796863,
  "units": {
    "ETHUSDT": -0.8736079346147287,
    "SOLUSDT": -21.685462965381713,
    "BTCUSDT": 0.0,
    "XRPUSDT": 1478.6625178987802,
    "AAPL": 0.0,
    "GOLD": 0.4079786951997145,
    "NIFTY": 0.0,
    "RELIANCE": 0.0,
    "EURUSD": 0.0,
    "SENSEX": 0.0,
    "NASDAQ": 0.0,
    "SPY": 0.0
  },
  "start_equity": 10000.0,
  "bh_units": {
    "ETHUSDT": 1.3908205841446453,
    "SOLUSDT": 32.04306588054345,
    "BTCUSDT": 0.03895415874598772,
    "XRPUSDT": 2254.059561269847
  }
}