{
  "cash": 15617.957948464958,
  "units": {
    "ETHUSDT": -0.6270844015781997,
    "SOLUSDT": -15.383784114635466,
    "BTCUSDT": 0.0,
    "XRPUSDT": -1058.038384584157,
    "AAPL": 0.0,
    "GOLD": -0.28603712223157773,
    "NIFTY": 0.0,
    "RELIANCE": -0.8658696279083785,
    "EURUSD": -998.6554717548662,
    "SENSEX": -0.014680601295290191,
    "NASDAQ": 0.0,
    "SPY": 0.0
  },
  "start_equity": 10000.0,
  "bh_units": {
    "ETHUSDT": 1.3908205841446453,
    "SOLUSDT": 32.04306588054345,
    "BTCUSDT": 0.03895415874598772,
    "XRPUSDT": 2254.059561269847
  }
}