{
  "cash": 15665.458820456899,
  "units": {
    "ETHUSDT": -0.8232269647719299,
    "SOLUSDT": -19.53494154234002,
    "BTCUSDT": -0.023450913440953007,
    "XRPUSDT": -1373.186697789757,
    "AAPL": 0.0
  },
  "start_equity": 10000.0,
  "bh_units": {
    "ETHUSDT": 1.3908205841446453,
    "SOLUSDT": 32.04306588054345,
    "BTCUSDT": 0.03895415874598772,
    "XRPUSDT": 2254.059561269847
  }
}