{
  "cash": 2854.359028020209,
  "units": {
    "ETHUSDT": 0.8913172068309473,
    "SOLUSDT": 21.969826434015115,
    "BTCUSDT": 0.025812593568915753,
    "XRPUSDT": 0.0,
    "AAPL": 0.0,
    "GOLD": 0.4194254257173016,
    "NIFTY": 0.0,
    "RELIANCE": 0.0,
    "EURUSD": 1502.6713976264284,
    "SENSEX": 0.0,
    "NASDAQ": 0.0,
    "SPY": 0.0
  },
  "start_equity": 10000.0,
  "bh_units": {
    "ETHUSDT": 1.3908205841446453,
    "SOLUSDT": 32.04306588054345,
    "BTCUSDT": 0.03895415874598772,
    "XRPUSDT": 2254.059561269847
  }
}