{
  "cash": 3917.628853327132,
  "units": {
    "ETHUSDT": 0.8247876397687081,
    "SOLUSDT": 19.569891354149767,
    "BTCUSDT": 0.023537799310358452,
    "XRPUSDT": 1378.5415632504669,
    "AAPL": 0.0
  },
  "start_equity": 10000.0,
  "bh_units": {
    "ETHUSDT": 1.3908205841446453,
    "SOLUSDT": 32.04306588054345,
    "BTCUSDT": 0.03895415874598772,
    "XRPUSDT": 2254.059561269847
  }
}