{
  "cash": 9913.24028574207,
  "units": {
    "ETHUSDT": -0.6222966513517663,
    "SOLUSDT": -15.275309576444812,
    "BTCUSDT": -0.018081303884743504,
    "XRPUSDT": 0.0,
    "AAPL": 0.0,
    "GOLD": -0.287291979753372,
    "NIFTY": 0.0,
    "RELIANCE": 0.0,
    "EURUSD": 999.971970437021,
    "SENSEX": 0.01468267192305592,
    "NASDAQ": 0.0,
    "SPY": 0.0
  },
  "start_equity": 10000.0,
  "bh_units": {
    "ETHUSDT": 1.3908205841446453,
    "SOLUSDT": 32.04306588054345,
    "BTCUSDT": 0.03895415874598772,
    "XRPUSDT": 2254.059561269847
  }
}