{
  "cash": 12887.243557381908,
  "units": {
    "ETHUSDT": -0.8354344828171985,
    "SOLUSDT": 19.470863375230216,
    "BTCUSDT": -0.02361838396363239,
    "XRPUSDT": -1378.5528674154336
  },
  "start_equity": 10000.0,
  "bh_units": {
    "ETHUSDT": 1.3908205841446453,
    "SOLUSDT": 32.04306588054345,
    "BTCUSDT": 0.03895415874598772,
    "XRPUSDT": 2254.059561269847
  }
}