{
  "cash": 11059.087923895133,
  "units": {
    "ETHUSDT": -0.6229428070765523,
    "SOLUSDT": -15.284816297598331,
    "BTCUSDT": -0.01811738153205097,
    "XRPUSDT": 0.0,
    "AAPL": 0.0,
    "GOLD": 0.0,
    "NIFTY": -0.04721047292269589,
    "RELIANCE": 0.0,
    "EURUSD": 999.8438902815545,
    "SENSEX": 0.0,
    "NASDAQ": 0.0,
    "SPY": 0.0
  },
  "start_equity": 10000.0,
  "bh_units": {
    "ETHUSDT": 1.3908205841446453,
    "SOLUSDT": 32.04306588054345,
    "BTCUSDT": 0.03895415874598772,
    "XRPUSDT": 2254.059561269847
  }
}