{
  "cash": 14422.95774263781,
  "units": {
    "ETHUSDT": -0.8209164687069848,
    "SOLUSDT": -19.267423587031075,
    "BTCUSDT": 0.0,
    "XRPUSDT": -1358.4294840472244
  },
  "start_equity": 10000.0,
  "bh_units": {
    "ETHUSDT": 1.3908205841446453,
    "SOLUSDT": 32.04306588054345,
    "BTCUSDT": 0.03895415874598772,
    "XRPUSDT": 2254.059561269847
  }
}