{
  "cash": 18589.38665340287,
  "units": {
    "ETHUSDT": -0.6172610654781043,
    "SOLUSDT": -15.374350621689382,
    "BTCUSDT": -0.01830466158419637,
    "XRPUSDT": -1067.8419260252874,
    "AAPL": -3.6362876943032685,
    "GOLD": -0.2921293138263596,
    "NIFTY": 0.0,
    "RELIANCE": 0.0,
    "EURUSD": -1034.8326861599262,
    "SENSEX": 0.0,
    "NASDAQ": -0.04530476816493133,
    "SPY": -1.5756474209195723
  },
  "start_equity": 10000.0,
  "bh_units": {
    "ETHUSDT": 1.3908205841446453,
    "SOLUSDT": 32.04306588054345,
    "BTCUSDT": 0.03895415874598772,
    "XRPUSDT": 2254.059561269847
  }
}