{
  "cash": 18164.770090173184,
  "units": {
    "ETHUSDT": 0.0,
    "SOLUSDT": 22.051616311974563,
    "BTCUSDT": -0.025847411019271214,
    "XRPUSDT": -1504.8653908122308,
    "AAPL": 0.0,
    "GOLD": -0.41341428250896,
    "NIFTY": -0.07105308723547155,
    "RELIANCE": 0.0,
    "EURUSD": 0.0,
    "SENSEX": -0.022192005744482674,
    "NASDAQ": 0.0,
    "SPY": 0.0
  },
  "start_equity": 10000.0,
  "bh_units": {
    "ETHUSDT": 1.3908205841446453,
    "SOLUSDT": 32.04306588054345,
    "BTCUSDT": 0.03895415874598772,
    "XRPUSDT": 2254.059561269847
  }
}