{
  "cash": 12650.74149526132,
  "units": {
    "ETHUSDT": -0.6183497272763296,
    "SOLUSDT": -15.298832024525417,
    "BTCUSDT": 0.0,
    "XRPUSDT": -1063.354204008656,
    "AAPL": 3.6117551403342083,
    "GOLD": -0.2933685654229318,
    "NIFTY": 0.0,
    "RELIANCE": 0.0,
    "EURUSD": 1036.6355941806114,
    "SENSEX": 0.0,
    "NASDAQ": -0.04547441688282898,
    "SPY": -1.5797850945797947
  },
  "start_equity": 10000.0,
  "bh_units": {
    "ETHUSDT": 1.3908205841446453,
    "SOLUSDT": 32.04306588054345,
    "BTCUSDT": 0.03895415874598772,
    "XRPUSDT": 2254.059561269847
  }
}