{
  "cash": 5404.484072081887,
  "units": {
    "ETHUSDT": -0.6144779443346255,
    "SOLUSDT": -15.133947907828619,
    "BTCUSDT": 0.017916452026436554,
    "XRPUSDT": 1039.1047156923487,
    "AAPL": 3.50739530329196,
    "GOLD": 0.2890821993674077,
    "NIFTY": 0.0,
    "RELIANCE": 0.0,
    "EURUSD": -1011.8382013148171,
    "SENSEX": 0.0,
    "NASDAQ": 0.0,
    "SPY": 1.5355635618283323
  },
  "start_equity": 10000.0,
  "bh_units": {
    "ETHUSDT": 1.3908205841446453,
    "SOLUSDT": 32.04306588054345,
    "BTCUSDT": 0.03895415874598772,
    "XRPUSDT": 2254.059561269847
  }
}