{
  "cash": 12890.283884388766,
  "units": {
    "ETHUSDT": -0.8480191554514251,
    "SOLUSDT": 19.905524581721824,
    "BTCUSDT": -0.02405065807616595,
    "XRPUSDT": -1405.2197543046886,
    "AAPL": 0.0
  },
  "start_equity": 10000.0,
  "bh_units": {
    "ETHUSDT": 1.3908205841446453,
    "SOLUSDT": 32.04306588054345,
    "BTCUSDT": 0.03895415874598772,
    "XRPUSDT": 2254.059561269847
  }
}