{
  "cash": 3181.982725045145,
  "units": {
    "ETHUSDT": -0.6395010456789786,
    "SOLUSDT": 15.446333486857936,
    "BTCUSDT": 0.018503133505872946,
    "XRPUSDT": 1085.3626097820363,
    "AAPL": 0.0,
    "GOLD": 0.29520542384617204,
    "NIFTY": 0.0,
    "RELIANCE": 0.0,
    "EURUSD": 1042.890662121598,
    "SENSEX": 0.0,
    "NASDAQ": 0.0,
    "SPY": 0.0
  },
  "start_equity": 10000.0,
  "bh_units": {
    "ETHUSDT": 1.3908205841446453,
    "SOLUSDT": 32.04306588054345,
    "BTCUSDT": 0.03895415874598772,
    "XRPUSDT": 2254.059561269847
  }
}