{
  "cash": 12674.720837904182,
  "units": {
    "ETHUSDT": -0.6343880684571792,
    "SOLUSDT": 0.0,
    "BTCUSDT": -0.018360280597824595,
    "XRPUSDT": -1074.9170111339552,
    "AAPL": 0.0,
    "GOLD": 0.294372906620445,
    "NIFTY": -0.04919271601411192,
    "RELIANCE": -0.913948085398978,
    "EURUSD": -1039.7948430245567,
    "SENSEX": 0.015325874808974432,
    "NASDAQ": 0.0,
    "SPY": 0.0
  },
  "start_equity": 10000.0,
  "bh_units": {
    "ETHUSDT": 1.3908205841446453,
    "SOLUSDT": 32.04306588054345,
    "BTCUSDT": 0.03895415874598772,
    "XRPUSDT": 2254.059561269847
  }
}