{
  "cash": 13112.116953452838,
  "units": {
    "ETHUSDT": -0.8883756516173724,
    "SOLUSDT": -21.891667688864178,
    "BTCUSDT": 0.0,
    "XRPUSDT": -1497.2378746825264,
    "AAPL": 0.0,
    "GOLD": 0.41426554067623994,
    "NIFTY": 0.0,
    "RELIANCE": 0.0,
    "EURUSD": 1499.4161523967884,
    "SENSEX": 0.0,
    "NASDAQ": 0.0,
    "SPY": 0.0
  },
  "start_equity": 10000.0,
  "bh_units": {
    "ETHUSDT": 1.3908205841446453,
    "SOLUSDT": 32.04306588054345,
    "BTCUSDT": 0.03895415874598772,
    "XRPUSDT": 2254.059561269847
  }
}