{
  "cash": 6735.55341899329,
  "units": {
    "ETHUSDT": 0.0,
    "SOLUSDT": 15.361009014586829,
    "BTCUSDT": -0.01840980610276889,
    "XRPUSDT": 1075.8488650363947,
    "AAPL": 0.0,
    "GOLD": 0.0,
    "NIFTY": 0.0,
    "RELIANCE": 0.0,
    "EURUSD": 0.0,
    "SENSEX": 0.0,
    "NASDAQ": 0.0,
    "SPY": 0.0
  },
  "start_equity": 10000.0,
  "bh_units": {
    "ETHUSDT": 1.3908205841446453,
    "SOLUSDT": 32.04306588054345,
    "BTCUSDT": 0.03895415874598772,
    "XRPUSDT": 2254.059561269847
  }
}