{
  "cash": 3154.1718725246124,
  "units": {
    "ETHUSDT": 0.6169448904036751,
    "SOLUSDT": 15.247726658052471,
    "BTCUSDT": 0.0,
    "XRPUSDT": 0.0,
    "AAPL": -3.6159825520882065,
    "GOLD": 0.0,
    "NIFTY": 0.0,
    "RELIANCE": 0.0,
    "EURUSD": 1034.4912095573281,
    "SENSEX": 0.0,
    "NASDAQ": 0.045331785125830255,
    "SPY": 1.575302380467694
  },
  "start_equity": 10000.0,
  "bh_units": {
    "ETHUSDT": 1.3908205841446453,
    "SOLUSDT": 32.04306588054345,
    "BTCUSDT": 0.03895415874598772,
    "XRPUSDT": 2254.059561269847
  }
}