{
  "cash": 2563.5221864631903,
  "units": {
    "ETHUSDT": 0.8092256143486439,
    "SOLUSDT": 19.848320842153335,
    "BTCUSDT": 0.02353093666374359,
    "XRPUSDT": 1383.7516159307065,
    "AAPL": 0.0,
    "GOLD": -0.38434938626909415,
    "NIFTY": 0.0,
    "RELIANCE": 0.0,
    "EURUSD": 0.0,
    "SENSEX": 0.0,
    "NASDAQ": 0.06014272218815873,
    "SPY": 2.071057725164813
  },
  "start_equity": 10000.0,
  "bh_units": {
    "ETHUSDT": 1.3908205841446453,
    "SOLUSDT": 32.04306588054345,
    "BTCUSDT": 0.03895415874598772,
    "XRPUSDT": 2254.059561269847
  }
}