{
  "cash": 5821.633021175674,
  "units": {
    "ETHUSDT": -0.6700467158978266,
    "SOLUSDT": 16.518709953106114,
    "BTCUSDT": 0.01924044875084556,
    "XRPUSDT": 1140.6171488146417,
    "AAPL": 0.0,
    "GOLD": 0.0,
    "NIFTY": 0.0,
    "RELIANCE": 0.0,
    "EURUSD": 0.0,
    "SENSEX": 0.0,
    "NASDAQ": 0.0,
    "SPY": 0.0
  },
  "start_equity": 10000.0,
  "bh_units": {
    "ETHUSDT": 1.3908205841446453,
    "SOLUSDT": 32.04306588054345,
    "BTCUSDT": 0.03895415874598772,
    "XRPUSDT": 2254.059561269847
  }
}