{
  "cash": 5574.622240371128,
  "units": {
    "ETHUSDT": 0.6381894887490993,
    "SOLUSDT": 15.37964370414925,
    "BTCUSDT": 0.018469933721971987,
    "XRPUSDT": 1083.963818843455,
    "AAPL": 0.0,
    "GOLD": -0.29584733865046653,
    "NIFTY": 0.0,
    "RELIANCE": 0.0,
    "EURUSD": -1044.3100724985263,
    "SENSEX": 0.0,
    "NASDAQ": 0.0,
    "SPY": 0.0
  },
  "start_equity": 10000.0,
  "bh_units": {
    "ETHUSDT": 1.3908205841446453,
    "SOLUSDT": 32.04306588054345,
    "BTCUSDT": 0.03895415874598772,
    "XRPUSDT": 2254.059561269847
  }
}