{
  "cash": 5409.8456820784795,
  "units": {
    "ETHUSDT": 0.0,
    "SOLUSDT": 19.77234903554196,
    "BTCUSDT": 0.02375674559265987,
    "XRPUSDT": 1390.8359508603246,
    "AAPL": 0.0
  },
  "start_equity": 10000.0,
  "bh_units": {
    "ETHUSDT": 1.3908205841446453,
    "SOLUSDT": 32.04306588054345,
    "BTCUSDT": 0.03895415874598772,
    "XRPUSDT": 2254.059561269847
  }
}