{
  "cash": 1124.4446054410305,
  "units": {
    "ETHUSDT": 0.8824701116213239,
    "SOLUSDT": 21.912355550131974,
    "BTCUSDT": 0.025682016183532944,
    "XRPUSDT": 1494.638828381591,
    "AAPL": 0.0,
    "GOLD": 0.0,
    "NIFTY": 0.0,
    "RELIANCE": 1.312773360536708,
    "EURUSD": 0.0,
    "SENSEX": 0.022081928092274532,
    "NASDAQ": 0.0,
    "SPY": 0.0
  },
  "start_equity": 10000.0,
  "bh_units": {
    "ETHUSDT": 1.3908205841446453,
    "SOLUSDT": 32.04306588054345,
    "BTCUSDT": 0.03895415874598772,
    "XRPUSDT": 2254.059561269847
  }
}