{
  "cash": 16424.43660002893,
  "units": {
    "ETHUSDT": -0.8118359092051679,
    "SOLUSDT": -19.849178744007283,
    "BTCUSDT": 0.0,
    "XRPUSDT": 0.0,
    "AAPL": 4.707722757873879,
    "GOLD": 0.0,
    "NIFTY": 0.0,
    "RELIANCE": 0.0,
    "EURUSD": -1349.0070682562316,
    "SENSEX": 0.0,
    "NASDAQ": -0.06024174627939789,
    "SPY": -2.07349568625559
  },
  "start_equity": 10000.0,
  "bh_units": {
    "ETHUSDT": 1.3908205841446453,
    "SOLUSDT": 32.04306588054345,
    "BTCUSDT": 0.03895415874598772,
    "XRPUSDT": 2254.059561269847
  }
}