{
  "cash": 5496.218304937308,
  "units": {
    "ETHUSDT": 0.6131656471470555,
    "SOLUSDT": 15.29093771156442,
    "BTCUSDT": 0.018210982752313802,
    "XRPUSDT": 1057.4061013759788,
    "AAPL": 0.0,
    "GOLD": -0.29107603995426923,
    "NIFTY": 0.0,
    "RELIANCE": 0.0,
    "EURUSD": -1027.128643559964,
    "SENSEX": 0.0,
    "NASDAQ": 0.0,
    "SPY": 0.0
  },
  "start_equity": 10000.0,
  "bh_units": {
    "ETHUSDT": 1.3908205841446453,
    "SOLUSDT": 32.04306588054345,
    "BTCUSDT": 0.03895415874598772,
    "XRPUSDT": 2254.059561269847
  }
}