{
  "cash": 1153.9916896979128,
  "units": {
    "ETHUSDT": 0.9007791995419621,
    "SOLUSDT": 22.28723701893908,
    "BTCUSDT": 0.02604771753236625,
    "XRPUSDT": 1511.3408411225073,
    "AAPL": 0.0,
    "GOLD": 0.0,
    "NIFTY": 0.0,
    "RELIANCE": 0.0,
    "EURUSD": 0.0,
    "SENSEX": 0.0,
    "NASDAQ": 0.06726134664285706,
    "SPY": 2.3248986391871154
  },
  "start_equity": 10000.0,
  "bh_units": {
    "ETHUSDT": 1.3908205841446453,
    "SOLUSDT": 32.04306588054345,
    "BTCUSDT": 0.03895415874598772,
    "XRPUSDT": 2254.059561269847
  }
}