{
  "cash": 789.4887848279016,
  "units": {
    "ETHUSDT": 0.6131721790307566,
    "SOLUSDT": 0.0,
    "BTCUSDT": 0.01819329914549221,
    "XRPUSDT": 1055.0334042807026,
    "AAPL": 3.729826125726466,
    "GOLD": 0.0,
    "NIFTY": 0.0,
    "RELIANCE": 0.0,
    "EURUSD": 0.0,
    "SENSEX": 0.0,
    "NASDAQ": 0.045240995926317105,
    "SPY": 1.5748588507727592
  },
  "start_equity": 10000.0,
  "bh_units": {
    "ETHUSDT": 1.3908205841446453,
    "SOLUSDT": 32.04306588054345,
    "BTCUSDT": 0.03895415874598772,
    "XRPUSDT": 2254.059561269847
  }
}