{
  "cash": 761.1553571398349,
  "units": {
    "ETHUSDT": 0.6158180306844745,
    "SOLUSDT": 15.167143114138907,
    "BTCUSDT": 0.017965793912813565,
    "XRPUSDT": 1044.9631431345051,
    "AAPL": 0.0,
    "GOLD": 0.28602004086620947,
    "NIFTY": 0.0,
    "RELIANCE": 0.0,
    "EURUSD": 999.3453236977208,
    "SENSEX": 0.0,
    "NASDAQ": 0.0,
    "SPY": 0.0
  },
  "start_equity": 10000.0,
  "bh_units": {
    "ETHUSDT": 1.3908205841446453,
    "SOLUSDT": 32.04306588054345,
    "BTCUSDT": 0.03895415874598772,
    "XRPUSDT": 2254.059561269847
  }
}