{
  "cash": 4384.395959423246,
  "units": {
    "ETHUSDT": 0.6423451433892415,
    "SOLUSDT": 15.629056075045444,
    "BTCUSDT": 0.018642079785396802,
    "XRPUSDT": 1097.2988767176046,
    "AAPL": 0.0,
    "GOLD": 0.0,
    "NIFTY": 0.0,
    "RELIANCE": 0.9042246906260706,
    "EURUSD": -1046.4933821107916,
    "SENSEX": -0.01539153667946909,
    "NASDAQ": 0.0,
    "SPY": 0.0
  },
  "start_equity": 10000.0,
  "bh_units": {
    "ETHUSDT": 1.3908205841446453,
    "SOLUSDT": 32.04306588054345,
    "BTCUSDT": 0.03895415874598772,
    "XRPUSDT": 2254.059561269847
  }
}