{
  "cash": 6755.552208858241,
  "units": {
    "ETHUSDT": 0.7710407779640358,
    "SOLUSDT": 0.0,
    "BTCUSDT": -0.022549158554099002,
    "XRPUSDT": -1314.5762401574166,
    "AAPL": 0.0,
    "GOLD": 0.35441801487886104,
    "NIFTY": 0.0,
    "RELIANCE": 0.0,
    "EURUSD": 0.0,
    "SENSEX": 0.0,
    "NASDAQ": 0.055500827546458235,
    "SPY": 1.9264097961807523
  },
  "start_equity": 10000.0,
  "bh_units": {
    "ETHUSDT": 1.3908205841446453,
    "SOLUSDT": 32.04306588054345,
    "BTCUSDT": 0.03895415874598772,
    "XRPUSDT": 2254.059561269847
  }
}