{
  "cash": 16638.04773842512,
  "units": {
    "ETHUSDT": -0.7606459045572619,
    "SOLUSDT": -18.51457944218299,
    "BTCUSDT": 0.02211930216679503,
    "XRPUSDT": -1283.8899342248462,
    "AAPL": -4.5301505438155925,
    "GOLD": -0.35142485469246515,
    "NIFTY": 0.0,
    "RELIANCE": 0.0,
    "EURUSD": -1248.7858520624911,
    "SENSEX": 0.0,
    "NASDAQ": 0.0,
    "SPY": 0.0
  },
  "start_equity": 10000.0,
  "bh_units": {
    "ETHUSDT": 1.3908205841446453,
    "SOLUSDT": 32.04306588054345,
    "BTCUSDT": 0.03895415874598772,
    "XRPUSDT": 2254.059561269847
  }
}