{
  "cash": 2819.617077880457,
  "units": {
    "ETHUSDT": 0.8818577243869319,
    "SOLUSDT": 21.89600989744911,
    "BTCUSDT": 0.02566869037927208,
    "XRPUSDT": 1492.1690981396357,
    "AAPL": 0.0,
    "GOLD": 0.41110138444815164,
    "NIFTY": -0.07066277881361913,
    "RELIANCE": 0.0,
    "EURUSD": 1484.4167214513861,
    "SENSEX": 0.0,
    "NASDAQ": 0.0,
    "SPY": 0.0
  },
  "start_equity": 10000.0,
  "bh_units": {
    "ETHUSDT": 1.3908205841446453,
    "SOLUSDT": 32.04306588054345,
    "BTCUSDT": 0.03895415874598772,
    "XRPUSDT": 2254.059561269847
  }
}