{
  "cash": 11560.195277365692,
  "units": {
    "ETHUSDT": -0.6421165100977132,
    "SOLUSDT": -15.683270544295837,
    "BTCUSDT": -0.01863547596110878,
    "XRPUSDT": -1097.8375756898172,
    "AAPL": 0.0,
    "GOLD": 0.29677573491513665,
    "NIFTY": 0.049307948874518955,
    "RELIANCE": -0.9000648793708614,
    "EURUSD": -1045.27723449397,
    "SENSEX": 0.0153917991955639,
    "NASDAQ": 0.0,
    "SPY": 0.0
  },
  "start_equity": 10000.0,
  "bh_units": {
    "ETHUSDT": 1.3908205841446453,
    "SOLUSDT": 32.04306588054345,
    "BTCUSDT": 0.03895415874598772,
    "XRPUSDT": 2254.059561269847
  }
}