{
  "cash": 1156.0136215447212,
  "units": {
    "ETHUSDT": 0.8986692850681153,
    "SOLUSDT": 22.22709464628761,
    "BTCUSDT": 0.02605601994592546,
    "XRPUSDT": 1503.405303108329,
    "AAPL": 5.288429329012044,
    "GOLD": 0.0,
    "NIFTY": 0.0,
    "RELIANCE": 0.0,
    "EURUSD": 0.0,
    "SENSEX": 0.0,
    "NASDAQ": 0.0,
    "SPY": 2.323180561558149
  },
  "start_equity": 10000.0,
  "bh_units": {
    "ETHUSDT": 1.3908205841446453,
    "SOLUSDT": 32.04306588054345,
    "BTCUSDT": 0.03895415874598772,
    "XRPUSDT": 2254.059561269847
  }
}