{
  "cash": 10439.337189129854,
  "units": {
    "ETHUSDT": 0.0,
    "SOLUSDT": -15.856127808356746,
    "BTCUSDT": 0.0,
    "XRPUSDT": -1107.163224290023,
    "AAPL": 0.0,
    "GOLD": -0.2997781902256757,
    "NIFTY": 0.0,
    "RELIANCE": 0.9049414789145539,
    "EURUSD": -1052.457928609195,
    "SENSEX": 0.015504194031003091,
    "NASDAQ": 0.0,
    "SPY": 0.0
  },
  "start_equity": 10000.0,
  "bh_units": {
    "ETHUSDT": 1.3908205841446453,
    "SOLUSDT": 32.04306588054345,
    "BTCUSDT": 0.03895415874598772,
    "XRPUSDT": 2254.059561269847
  }
}