{
  "cash": 17653.477487030672,
  "units": {
    "ETHUSDT": -0.7817087945327691,
    "SOLUSDT": -19.300491812985815,
    "BTCUSDT": -0.022797092540883652,
    "XRPUSDT": -1326.2164889150908,
    "AAPL": -4.670136591608342,
    "GOLD": -0.37287688600289415,
    "NIFTY": 0.0,
    "RELIANCE": 0.0,
    "EURUSD": -1326.0422007835532,
    "SENSEX": 0.0,
    "NASDAQ": 0.05878436076674251,
    "SPY": 2.0292609443787675
  },
  "start_equity": 10000.0,
  "bh_units": {
    "ETHUSDT": 1.3908205841446453,
    "SOLUSDT": 32.04306588054345,
    "BTCUSDT": 0.03895415874598772,
    "XRPUSDT": 2254.059561269847
  }
}