{
  "cash": 7792.458909597328,
  "units": {
    "ETHUSDT": -0.6097268179939035,
    "SOLUSDT": -15.16725115733473,
    "BTCUSDT": -0.0181144287785877,
    "XRPUSDT": 1051.0754956816268,
    "AAPL": 0.0,
    "GOLD": 0.2899063054343426,
    "NIFTY": 0.0,
    "RELIANCE": 0.0,
    "EURUSD": 1019.169482508722,
    "SENSEX": 0.0,
    "NASDAQ": 0.0,
    "SPY": 0.0
  },
  "start_equity": 10000.0,
  "bh_units": {
    "ETHUSDT": 1.3908205841446453,
    "SOLUSDT": 32.04306588054345,
    "BTCUSDT": 0.03895415874598772,
    "XRPUSDT": 2254.059561269847
  }
}