{
  "cash": 13975.703298396964,
  "units": {
    "ETHUSDT": -0.6450049314335307,
    "SOLUSDT": -15.747478789907609,
    "BTCUSDT": 0.01872812849521835,
    "XRPUSDT": -1101.9382930751624,
    "AAPL": 0.0,
    "GOLD": -0.29785862114051653,
    "NIFTY": -0.04945368350749899,
    "RELIANCE": -0.9067163534801892,
    "EURUSD": -1047.7664053201033,
    "SENSEX": 0.015404761812077374,
    "NASDAQ": 0.0,
    "SPY": 0.0
  },
  "start_equity": 10000.0,
  "bh_units": {
    "ETHUSDT": 1.3908205841446453,
    "SOLUSDT": 32.04306588054345,
    "BTCUSDT": 0.03895415874598772,
    "XRPUSDT": 2254.059561269847
  }
}