{
  "cash": 7958.946512566263,
  "units": {
    "ETHUSDT": -0.6362702113373154,
    "SOLUSDT": 15.331408904422311,
    "BTCUSDT": -0.01843858643342249,
    "XRPUSDT": 0.0,
    "AAPL": 0.0,
    "GOLD": 0.29574875402187334,
    "NIFTY": 0.0,
    "RELIANCE": 0.0,
    "EURUSD": 1043.9346860195262,
    "SENSEX": -0.015413976855918252,
    "NASDAQ": 0.0,
    "SPY": 0.0
  },
  "start_equity": 10000.0,
  "bh_units": {
    "ETHUSDT": 1.3908205841446453,
    "SOLUSDT": 32.04306588054345,
    "BTCUSDT": 0.03895415874598772,
    "XRPUSDT": 2254.059561269847
  }
}