{
  "cash": 5205.6669806290165,
  "units": {
    "ETHUSDT": -0.6057193849531989,
    "SOLUSDT": 14.855564204908347,
    "BTCUSDT": -0.017411290423306046,
    "XRPUSDT": 1025.185122088,
    "AAPL": 0.0,
    "GOLD": 0.27750529319842965,
    "NIFTY": 0.0,
    "RELIANCE": 0.0,
    "EURUSD": 975.0991951028866,
    "SENSEX": 0.0,
    "NASDAQ": 0.0,
    "SPY": 0.0
  },
  "start_equity": 10000.0,
  "bh_units": {
    "ETHUSDT": 1.3908205841446453,
    "SOLUSDT": 32.04306588054345,
    "BTCUSDT": 0.03895415874598772,
    "XRPUSDT": 2254.059561269847
  }
}