{
  "cash": 788.6010991733124,
  "units": {
    "ETHUSDT": 0.6164121643806094,
    "SOLUSDT": 15.24884204817986,
    "BTCUSDT": 0.018206838057464397,
    "XRPUSDT": 1063.611627199028,
    "AAPL": -3.6257652528710698,
    "GOLD": 0.0,
    "NIFTY": 0.0,
    "RELIANCE": 0.0,
    "EURUSD": 1034.4765444665502,
    "SENSEX": 0.0,
    "NASDAQ": 0.04530572113044137,
    "SPY": 1.5751034245716742
  },
  "start_equity": 10000.0,
  "bh_units": {
    "ETHUSDT": 1.3908205841446453,
    "SOLUSDT": 32.04306588054345,
    "BTCUSDT": 0.03895415874598772,
    "XRPUSDT": 2254.059561269847
  }
}