{
  "cash": 7979.8475832050835,
  "units": {
    "ETHUSDT": 0.0,
    "SOLUSDT": 0.0,
    "BTCUSDT": -0.01848254832840509,
    "XRPUSDT": -1081.233583603405,
    "AAPL": 0.0,
    "GOLD": 0.2947362263220605,
    "NIFTY": 0.0,
    "RELIANCE": 0.0,
    "EURUSD": 1047.3551835293374,
    "SENSEX": 0.0,
    "NASDAQ": 0.0,
    "SPY": 0.0
  },
  "start_equity": 10000.0,
  "bh_units": {
    "ETHUSDT": 1.3908205841446453,
    "SOLUSDT": 32.04306588054345,
    "BTCUSDT": 0.03895415874598772,
    "XRPUSDT": 2254.059561269847
  }
}