{
  "cash": 8052.554368375949,
  "units": {
    "ETHUSDT": 0.6448450868692184,
    "SOLUSDT": -15.759048379638116,
    "BTCUSDT": 0.018675460056368217,
    "XRPUSDT": 1100.1759551886712,
    "AAPL": 0.0,
    "GOLD": -0.30009593146561386,
    "NIFTY": 0.0,
    "RELIANCE": -0.9085241290825283,
    "EURUSD": 1055.421243244981,
    "SENSEX": -0.015596536819260255,
    "NASDAQ": 0.0,
    "SPY": 0.0
  },
  "start_equity": 10000.0,
  "bh_units": {
    "ETHUSDT": 1.3908205841446453,
    "SOLUSDT": 32.04306588054345,
    "BTCUSDT": 0.03895415874598772,
    "XRPUSDT": 2254.059561269847
  }
}