{
  "cash": 10202.26444650337,
  "units": {
    "ETHUSDT": 0.6118458193392339,
    "SOLUSDT": -15.271144648989749,
    "BTCUSDT": -0.018225134158845416,
    "XRPUSDT": -1055.7845307301195,
    "AAPL": 0.0,
    "GOLD": -0.291644587274097,
    "NIFTY": 0.0,
    "RELIANCE": 0.0,
    "EURUSD": 1026.285887011263,
    "SENSEX": 0.0,
    "NASDAQ": 0.0,
    "SPY": 0.0
  },
  "start_equity": 10000.0,
  "bh_units": {
    "ETHUSDT": 1.3908205841446453,
    "SOLUSDT": 32.04306588054345,
    "BTCUSDT": 0.03895415874598772,
    "XRPUSDT": 2254.059561269847
  }
}