{
  "cash": 5465.335568195314,
  "units": {
    "ETHUSDT": 0.8375937968391817,
    "SOLUSDT": 19.53800051919234,
    "BTCUSDT": 0.023761128478528116,
    "XRPUSDT": 0.0
  },
  "start_equity": 10000.0,
  "bh_units": {
    "ETHUSDT": 1.3908205841446453,
    "SOLUSDT": 32.04306588054345,
    "BTCUSDT": 0.03895415874598772,
    "XRPUSDT": 2254.059561269847
  }
}