{
  "cash": 6740.291888980755,
  "units": {
    "ETHUSDT": -0.6369007639334693,
    "SOLUSDT": 15.384565564369405,
    "BTCUSDT": 0.01844774479976537,
    "XRPUSDT": -1078.7209433365301,
    "AAPL": 0.0,
    "GOLD": -0.2953314404811584,
    "NIFTY": 0.049463266805541,
    "RELIANCE": 0.9168878737600222,
    "EURUSD": 1041.6590861251955,
    "SENSEX": -0.01544003954903842,
    "NASDAQ": 0.0,
    "SPY": 0.0
  },
  "start_equity": 10000.0,
  "bh_units": {
    "ETHUSDT": 1.3908205841446453,
    "SOLUSDT": 32.04306588054345,
    "BTCUSDT": 0.03895415874598772,
    "XRPUSDT": 2254.059561269847
  }
}