{
  "cash": 2529.8993991820134,
  "units": {
    "ETHUSDT": 0.7854564257635659,
    "SOLUSDT": 19.391300119393307,
    "BTCUSDT": 0.022918772749761892,
    "XRPUSDT": 1337.6901699767257,
    "AAPL": 0.0,
    "GOLD": 0.3737719849327065,
    "NIFTY": 0.0,
    "RELIANCE": 0.0,
    "EURUSD": 0.0,
    "SENSEX": 0.0,
    "NASDAQ": 0.0,
    "SPY": 0.0
  },
  "start_equity": 10000.0,
  "bh_units": {
    "ETHUSDT": 1.3908205841446453,
    "SOLUSDT": 32.04306588054345,
    "BTCUSDT": 0.03895415874598772,
    "XRPUSDT": 2254.059561269847
  }
}