{
  "cash": 13191.983861870827,
  "units": {
    "ETHUSDT": -0.6621773868533944,
    "SOLUSDT": -16.279435374833287,
    "BTCUSDT": -0.019238826230883032,
    "XRPUSDT": -1130.9174504161422,
    "AAPL": 0.0,
    "GOLD": 0.0,
    "NIFTY": 0.0,
    "RELIANCE": 0.0,
    "EURUSD": 0.0,
    "SENSEX": 0.0,
    "NASDAQ": 0.0,
    "SPY": 0.0
  },
  "start_equity": 10000.0,
  "bh_units": {
    "ETHUSDT": 1.3908205841446453,
    "SOLUSDT": 32.04306588054345,
    "BTCUSDT": 0.03895415874598772,
    "XRPUSDT": 2254.059561269847
  }
}