{
  "cash": 9243.50883767998,
  "units": {
    "ETHUSDT": 0.6469978323299799,
    "SOLUSDT": -15.819368563041914,
    "BTCUSDT": 0.0,
    "XRPUSDT": -1104.0237445386117,
    "AAPL": 0.0,
    "GOLD": 0.0,
    "NIFTY": 0.04979002106445152,
    "RELIANCE": -0.9105153701089503,
    "EURUSD": -1053.6111288951824,
    "SENSEX": 0.015523030170706486,
    "NASDAQ": 0.0,
    "SPY": 0.0
  },
  "start_equity": 10000.0,
  "bh_units": {
    "ETHUSDT": 1.3908205841446453,
    "SOLUSDT": 32.04306588054345,
    "BTCUSDT": 0.03895415874598772,
    "XRPUSDT": 2254.059561269847
  }
}