{
  "cash": 2893.1464236099027,
  "units": {
    "ETHUSDT": 0.8996385282111528,
    "SOLUSDT": 22.251243997146716,
    "BTCUSDT": 0.026063234044344834,
    "XRPUSDT": 1505.4274700699204,
    "AAPL": 5.280311621752186,
    "GOLD": 0.4255309193045403,
    "NIFTY": 0.0,
    "RELIANCE": 0.0,
    "EURUSD": -1522.422742060893,
    "SENSEX": 0.0,
    "NASDAQ": 0.0,
    "SPY": 0.0
  },
  "start_equity": 10000.0,
  "bh_units": {
    "ETHUSDT": 1.3908205841446453,
    "SOLUSDT": 32.04306588054345,
    "BTCUSDT": 0.03895415874598772,
    "XRPUSDT": 2254.059561269847
  }
}