{
  "cash": 3892.943757603307,
  "units": {
    "ETHUSDT": 0.8120116357679024,
    "SOLUSDT": 19.371308222954934,
    "BTCUSDT": 0.023278547037244524,
    "XRPUSDT": 1364.5692299118623,
    "AAPL": 0.0,
    "GOLD": 0.3625988000120599,
    "NIFTY": 0.0,
    "RELIANCE": 0.0,
    "EURUSD": -1281.617311916255,
    "SENSEX": 0.0
  },
  "start_equity": 10000.0,
  "bh_units": {
    "ETHUSDT": 1.3908205841446453,
    "SOLUSDT": 32.04306588054345,
    "BTCUSDT": 0.03895415874598772,
    "XRPUSDT": 2254.059561269847
  }
}