{
  "cash": 12882.987156370273,
  "units": {
    "ETHUSDT": -0.8467196357700661,
    "SOLUSDT": 19.92054584597457,
    "BTCUSDT": -0.024027383658484697,
    "XRPUSDT": -1402.8897600168743,
    "AAPL": 0.0
  },
  "start_equity": 10000.0,
  "bh_units": {
    "ETHUSDT": 1.3908205841446453,
    "SOLUSDT": 32.04306588054345,
    "BTCUSDT": 0.03895415874598772,
    "XRPUSDT": 2254.059561269847
  }
}