{
  "cash": 1981.9641680639936,
  "units": {
    "ETHUSDT": 0.6124119937484945,
    "SOLUSDT": 0.0,
    "BTCUSDT": 0.018160712412162713,
    "XRPUSDT": 1057.1818799324597,
    "AAPL": 0.0,
    "GOLD": 0.2921391464307047,
    "NIFTY": 0.0,
    "RELIANCE": 0.0,
    "EURUSD": 1039.9489370011602,
    "SENSEX": 0.0,
    "NASDAQ": 0.0,
    "SPY": 0.0
  },
  "start_equity": 10000.0,
  "bh_units": {
    "ETHUSDT": 1.3908205841446453,
    "SOLUSDT": 32.04306588054345,
    "BTCUSDT": 0.03895415874598772,
    "XRPUSDT": 2254.059561269847
  }
}