{
  "cash": 1979.1134555792696,
  "units": {
    "ETHUSDT": 0.61380211489984,
    "SOLUSDT": 0.0,
    "BTCUSDT": 0.01819174290151115,
    "XRPUSDT": 1058.8511893762497,
    "AAPL": 0.0,
    "GOLD": 0.29154922506361264,
    "NIFTY": 0.0,
    "RELIANCE": 0.0,
    "EURUSD": 1038.7668148265593,
    "SENSEX": 0.0,
    "NASDAQ": 0.0,
    "SPY": 0.0
  },
  "start_equity": 10000.0,
  "bh_units": {
    "ETHUSDT": 1.3908205841446453,
    "SOLUSDT": 32.04306588054345,
    "BTCUSDT": 0.03895415874598772,
    "XRPUSDT": 2254.059561269847
  }
}