{
  "cash": 788.3805875669298,
  "units": {
    "ETHUSDT": 0.0,
    "SOLUSDT": 0.0,
    "BTCUSDT": 0.0182295486232474,
    "XRPUSDT": 1058.4316744318871,
    "AAPL": 0.0,
    "GOLD": 0.2911349566218739,
    "NIFTY": 0.0,
    "RELIANCE": 0.0,
    "EURUSD": 1033.5849078675833,
    "SENSEX": 0.0,
    "NASDAQ": 0.04514603126436792,
    "SPY": 1.5718193555369369
  },
  "start_equity": 10000.0,
  "bh_units": {
    "ETHUSDT": 1.3908205841446453,
    "SOLUSDT": 32.04306588054345,
    "BTCUSDT": 0.03895415874598772,
    "XRPUSDT": 2254.059561269847
  }
}