{
  "cash": 15664.472554867492,
  "units": {
    "ETHUSDT": -0.822422531669619,
    "SOLUSDT": -19.540741844805822,
    "BTCUSDT": -0.023431431988762054,
    "XRPUSDT": -1374.28267978142,
    "AAPL": 0.0
  },
  "start_equity": 10000.0,
  "bh_units": {
    "ETHUSDT": 1.3908205841446453,
    "SOLUSDT": 32.04306588054345,
    "BTCUSDT": 0.03895415874598772,
    "XRPUSDT": 2254.059561269847
  }
}