{
  "cash": 12345.445767753474,
  "units": {
    "ETHUSDT": -0.615934827747543,
    "SOLUSDT": -15.173146818273683,
    "BTCUSDT": 0.0,
    "XRPUSDT": -1043.6317190273971,
    "AAPL": 0.0,
    "GOLD": 0.28884286874935305,
    "NIFTY": 0.0,
    "RELIANCE": 0.0,
    "EURUSD": -1011.4547459673963,
    "SENSEX": 0.0,
    "NASDAQ": -0.044388785370616614,
    "SPY": 0.0
  },
  "start_equity": 10000.0,
  "bh_units": {
    "ETHUSDT": 1.3908205841446453,
    "SOLUSDT": 32.04306588054345,
    "BTCUSDT": 0.03895415874598772,
    "XRPUSDT": 2254.059561269847
  }
}