{
  "cash": 2807.2808348398203,
  "units": {
    "ETHUSDT": 0.8733355569715916,
    "SOLUSDT": 21.71695168334356,
    "BTCUSDT": 0.025530976317567892,
    "XRPUSDT": 1482.3590602109914,
    "AAPL": 0.0,
    "GOLD": 0.0,
    "NIFTY": 0.0,
    "RELIANCE": 0.0,
    "EURUSD": 1477.8111493495446,
    "SENSEX": 0.0,
    "NASDAQ": 0.0,
    "SPY": 0.0
  },
  "start_equity": 10000.0,
  "bh_units": {
    "ETHUSDT": 1.3908205841446453,
    "SOLUSDT": 32.04306588054345,
    "BTCUSDT": 0.03895415874598772,
    "XRPUSDT": 2254.059561269847
  }
}