{
  "cash": 9051.921418676002,
  "units": {
    "ETHUSDT": 0.6280802840892822,
    "SOLUSDT": -15.282988872067666,
    "BTCUSDT": 0.0,
    "XRPUSDT": -1067.7944103158115,
    "AAPL": 0.0,
    "GOLD": 0.2919158921601494,
    "NIFTY": 0.0,
    "RELIANCE": 0.0,
    "EURUSD": -1034.9838301004982,
    "SENSEX": 0.0,
    "NASDAQ": 0.0,
    "SPY": 0.0
  },
  "start_equity": 10000.0,
  "bh_units": {
    "ETHUSDT": 1.3908205841446453,
    "SOLUSDT": 32.04306588054345,
    "BTCUSDT": 0.03895415874598772,
    "XRPUSDT": 2254.059561269847
  }
}