{
  "cash": 3197.622155749521,
  "units": {
    "ETHUSDT": 0.6357277174630626,
    "SOLUSDT": 15.442493505200625,
    "BTCUSDT": -0.01848367020191184,
    "XRPUSDT": 1079.5106371850923,
    "AAPL": 0.0,
    "GOLD": 0.2952599282672187,
    "NIFTY": 0.0,
    "RELIANCE": 0.0,
    "EURUSD": 1049.1815737849581,
    "SENSEX": 0.0,
    "NASDAQ": 0.0,
    "SPY": 0.0
  },
  "start_equity": 10000.0,
  "bh_units": {
    "ETHUSDT": 1.3908205841446453,
    "SOLUSDT": 32.04306588054345,
    "BTCUSDT": 0.03895415874598772,
    "XRPUSDT": 2254.059561269847
  }
}