{
  "cash": 12711.243096075765,
  "units": {
    "ETHUSDT": 0.8208027445999206,
    "SOLUSDT": 0.0,
    "BTCUSDT": 0.0,
    "XRPUSDT": 1372.6895215055752,
    "AAPL": 0.0,
    "GOLD": 0.0,
    "NIFTY": -0.061018954100146953,
    "RELIANCE": -1.136432524148608,
    "EURUSD": -1286.4089314481216,
    "SENSEX": -0.019035999790093606
  },
  "start_equity": 10000.0,
  "bh_units": {
    "ETHUSDT": 1.3908205841446453,
    "SOLUSDT": 32.04306588054345,
    "BTCUSDT": 0.03895415874598772,
    "XRPUSDT": 2254.059561269847
  }
}