{
  "cash": 5460.056755520787,
  "units": {
    "ETHUSDT": 0.8372555408086013,
    "SOLUSDT": 19.573007701279273,
    "BTCUSDT": 0.023782159206526994,
    "XRPUSDT": 0.0
  },
  "start_equity": 10000.0,
  "bh_units": {
    "ETHUSDT": 1.3908205841446453,
    "SOLUSDT": 32.04306588054345,
    "BTCUSDT": 0.03895415874598772,
    "XRPUSDT": 2254.059561269847
  }
}