{
  "cash": 12721.416791113104,
  "units": {
    "ETHUSDT": -0.6352035659597709,
    "SOLUSDT": -15.542831229608467,
    "BTCUSDT": 0.018440158551768403,
    "XRPUSDT": -1082.694043267789,
    "AAPL": 0.0,
    "GOLD": -0.2969216190940984,
    "NIFTY": 0.0,
    "RELIANCE": 0.0,
    "EURUSD": -1043.7591187964388,
    "SENSEX": 0.0,
    "NASDAQ": 0.0,
    "SPY": 0.0
  },
  "start_equity": 10000.0,
  "bh_units": {
    "ETHUSDT": 1.3908205841446453,
    "SOLUSDT": 32.04306588054345,
    "BTCUSDT": 0.03895415874598772,
    "XRPUSDT": 2254.059561269847
  }
}