{
  "cash": 13050.687393753771,
  "units": {
    "ETHUSDT": -0.8894793964472067,
    "SOLUSDT": 22.06010307758172,
    "BTCUSDT": -0.02585788584511765,
    "XRPUSDT": -1504.2042300259116,
    "AAPL": 0.0,
    "GOLD": -0.4133759028375046,
    "NIFTY": 0.07092731185122148,
    "RELIANCE": 1.3178696359093978,
    "EURUSD": 1491.4770575094444,
    "SENSEX": -0.02220716983686279,
    "NASDAQ": 0.0,
    "SPY": 0.0
  },
  "start_equity": 10000.0,
  "bh_units": {
    "ETHUSDT": 1.3908205841446453,
    "SOLUSDT": 32.04306588054345,
    "BTCUSDT": 0.03895415874598772,
    "XRPUSDT": 2254.059561269847
  }
}