{
  "cash": -3604.7929704486323,
  "units": {
    "ETHUSDT": 0.8146416557120991,
    "SOLUSDT": 19.945509875220125,
    "BTCUSDT": 0.023650282826593615,
    "XRPUSDT": 1392.685531865643,
    "AAPL": 4.741170897942948,
    "GOLD": 0.38415743989529516,
    "NIFTY": 0.0,
    "RELIANCE": 0.0,
    "EURUSD": 1352.4778842051041,
    "SENSEX": 0.0,
    "NASDAQ": 0.06008492594238383,
    "SPY": 2.0700895974616924
  },
  "start_equity": 10000.0,
  "bh_units": {
    "ETHUSDT": 1.3908205841446453,
    "SOLUSDT": 32.04306588054345,
    "BTCUSDT": 0.03895415874598772,
    "XRPUSDT": 2254.059561269847
  }
}