{
  "cash": 15655.282289369447,
  "units": {
    "ETHUSDT": -0.822139349414491,
    "SOLUSDT": -19.48079594604127,
    "BTCUSDT": -0.023422220270255485,
    "XRPUSDT": -1370.9618108213062,
    "AAPL": 0.0
  },
  "start_equity": 10000.0,
  "bh_units": {
    "ETHUSDT": 1.3908205841446453,
    "SOLUSDT": 32.04306588054345,
    "BTCUSDT": 0.03895415874598772,
    "XRPUSDT": 2254.059561269847
  }
}