{
  "cash": 9905.126728291549,
  "units": {
    "ETHUSDT": -0.6183919900433771,
    "SOLUSDT": -15.231147149835879,
    "BTCUSDT": -0.018020550716428083,
    "XRPUSDT": -1047.4833164679849,
    "AAPL": 0.0,
    "GOLD": -0.2861392259118332,
    "NIFTY": 0.04721134435918788,
    "RELIANCE": 0.8726601981793897,
    "EURUSD": 0.0,
    "SENSEX": 0.01472725713753855,
    "NASDAQ": 0.0,
    "SPY": 0.0
  },
  "start_equity": 10000.0,
  "bh_units": {
    "ETHUSDT": 1.3908205841446453,
    "SOLUSDT": 32.04306588054345,
    "BTCUSDT": 0.03895415874598772,
    "XRPUSDT": 2254.059561269847
  }
}