{
  "cash": 12879.750207739375,
  "units": {
    "ETHUSDT": -0.8327031327306053,
    "SOLUSDT": -19.406180216561914,
    "BTCUSDT": -0.02356460344693355,
    "XRPUSDT": 1377.6108725532888
  },
  "start_equity": 10000.0,
  "bh_units": {
    "ETHUSDT": 1.3908205841446453,
    "SOLUSDT": 32.04306588054345,
    "BTCUSDT": 0.03895415874598772,
    "XRPUSDT": 2254.059561269847
  }
}