{
  "cash": 761.7636629642273,
  "units": {
    "ETHUSDT": 0.614654175774289,
    "SOLUSDT": 15.208813549836062,
    "BTCUSDT": 0.017947682306612787,
    "XRPUSDT": 1054.1066789722904,
    "AAPL": 0.0,
    "GOLD": 0.2874196662825086,
    "NIFTY": 0.0,
    "RELIANCE": 0.0,
    "EURUSD": 1000.3700736396361,
    "SENSEX": 0.0,
    "NASDAQ": 0.0,
    "SPY": 0.0
  },
  "start_equity": 10000.0,
  "bh_units": {
    "ETHUSDT": 1.3908205841446453,
    "SOLUSDT": 32.04306588054345,
    "BTCUSDT": 0.03895415874598772,
    "XRPUSDT": 2254.059561269847
  }
}