{
  "cash": 8781.645546101649,
  "units": {
    "ETHUSDT": -0.6267610245943025,
    "SOLUSDT": 15.36968710566039,
    "BTCUSDT": 0.018218858465021158,
    "XRPUSDT": -1058.1867593297302,
    "AAPL": 0.0,
    "GOLD": 0.0,
    "NIFTY": 0.047182277736380604,
    "RELIANCE": 0.0,
    "EURUSD": -1000.5733422322494,
    "SENSEX": -0.014692603298823477,
    "NASDAQ": 0.0,
    "SPY": 0.0
  },
  "start_equity": 10000.0,
  "bh_units": {
    "ETHUSDT": 1.3908205841446453,
    "SOLUSDT": 32.04306588054345,
    "BTCUSDT": 0.03895415874598772,
    "XRPUSDT": 2254.059561269847
  }
}