{
  "cash": 13099.27763750003,
  "units": {
    "ETHUSDT": 0.8835724700234836,
    "SOLUSDT": 21.89127744954443,
    "BTCUSDT": 0.0,
    "XRPUSDT": 1497.7576131336896,
    "AAPL": 0.0,
    "GOLD": -0.413017021447488,
    "NIFTY": -0.070941620161842,
    "RELIANCE": -1.315127293421889,
    "EURUSD": -1498.1777046721263,
    "SENSEX": 0.0,
    "NASDAQ": 0.0,
    "SPY": 0.0
  },
  "start_equity": 10000.0,
  "bh_units": {
    "ETHUSDT": 1.3908205841446453,
    "SOLUSDT": 32.04306588054345,
    "BTCUSDT": 0.03895415874598772,
    "XRPUSDT": 2254.059561269847
  }
}