{
  "cash": 10436.936883622679,
  "units": {
    "ETHUSDT": 0.0,
    "SOLUSDT": -15.843213747442803,
    "BTCUSDT": 0.0,
    "XRPUSDT": 0.0,
    "AAPL": 0.0,
    "GOLD": -0.2999380174525219,
    "NIFTY": 0.0,
    "RELIANCE": 0.9048163992792442,
    "EURUSD": -1052.4301896894458,
    "SENSEX": 0.0,
    "NASDAQ": 0.0,
    "SPY": 0.0
  },
  "start_equity": 10000.0,
  "bh_units": {
    "ETHUSDT": 1.3908205841446453,
    "SOLUSDT": 32.04306588054345,
    "BTCUSDT": 0.03895415874598772,
    "XRPUSDT": 2254.059561269847
  }
}