{
  "cash": 11029.979325893899,
  "units": {
    "ETHUSDT": -0.6905932994434306,
    "SOLUSDT": -16.976970133043118,
    "BTCUSDT": 0.019912753271809417,
    "XRPUSDT": -1169.948386655001,
    "AAPL": 0.0,
    "GOLD": 0.0,
    "NIFTY": 0.0,
    "RELIANCE": 0.0,
    "EURUSD": 0.0,
    "SENSEX": 0.0,
    "NASDAQ": 0.0,
    "SPY": 0.0
  },
  "start_equity": 10000.0,
  "bh_units": {
    "ETHUSDT": 1.3908205841446453,
    "SOLUSDT": 32.04306588054345,
    "BTCUSDT": 0.03895415874598772,
    "XRPUSDT": 2254.059561269847
  }
}