{
  "cash": 1912.2109986685311,
  "units": {
    "ETHUSDT": 0.6252809033688417,
    "SOLUSDT": 15.365313105550925,
    "BTCUSDT": -0.018240217637104143,
    "XRPUSDT": 1055.4315081747152,
    "AAPL": 0.0,
    "GOLD": 0.2862308975130944,
    "NIFTY": 0.04726512935868337,
    "RELIANCE": -0.868990327646359,
    "EURUSD": 1001.770653620438,
    "SENSEX": 0.014709907625765978,
    "NASDAQ": 0.0,
    "SPY": 0.0
  },
  "start_equity": 10000.0,
  "bh_units": {
    "ETHUSDT": 1.3908205841446453,
    "SOLUSDT": 32.04306588054345,
    "BTCUSDT": 0.03895415874598772,
    "XRPUSDT": 2254.059561269847
  }
}