{
  "cash": 6957.502060043541,
  "units": {
    "ETHUSDT": 0.8364019854207184,
    "SOLUSDT": 19.51896608730874,
    "BTCUSDT": 0.023758406274948848,
    "XRPUSDT": -1384.1554908510855
  },
  "start_equity": 10000.0,
  "bh_units": {
    "ETHUSDT": 1.3908205841446453,
    "SOLUSDT": 32.04306588054345,
    "BTCUSDT": 0.03895415874598772,
    "XRPUSDT": 2254.059561269847
  }
}