{
  "cash": 14511.177863428928,
  "units": {
    "ETHUSDT": -0.6196714454560125,
    "SOLUSDT": -15.282253374731512,
    "BTCUSDT": -0.01805064493798244,
    "XRPUSDT": -1055.8668271789634,
    "AAPL": 0.0,
    "GOLD": -0.28680765401747854,
    "NIFTY": 0.0,
    "RELIANCE": 0.0,
    "EURUSD": -1001.3201673690102,
    "SENSEX": 0.0,
    "NASDAQ": 0.0,
    "SPY": 0.0
  },
  "start_equity": 10000.0,
  "bh_units": {
    "ETHUSDT": 1.3908205841446453,
    "SOLUSDT": 32.04306588054345,
    "BTCUSDT": 0.03895415874598772,
    "XRPUSDT": 2254.059561269847
  }
}