{
  "cash": 13921.819184793885,
  "units": {
    "ETHUSDT": -0.6367998144700618,
    "SOLUSDT": -15.553951672776968,
    "BTCUSDT": 0.0,
    "XRPUSDT": -1084.4132390067782,
    "AAPL": 0.0,
    "GOLD": -0.297336150383836,
    "NIFTY": 0.0,
    "RELIANCE": 0.0,
    "EURUSD": -1044.7374998559349,
    "SENSEX": 0.0,
    "NASDAQ": 0.0,
    "SPY": 0.0
  },
  "start_equity": 10000.0,
  "bh_units": {
    "ETHUSDT": 1.3908205841446453,
    "SOLUSDT": 32.04306588054345,
    "BTCUSDT": 0.03895415874598772,
    "XRPUSDT": 2254.059561269847
  }
}