{
  "cash": 15017.694409575837,
  "units": {
    "ETHUSDT": -0.6183022782499317,
    "SOLUSDT": -15.29723864106739,
    "BTCUSDT": -0.01821681730760022,
    "XRPUSDT": -1062.2968193635618,
    "AAPL": 3.619509925846758,
    "GOLD": -0.2931551604300373,
    "NIFTY": 0.0,
    "RELIANCE": 0.0,
    "EURUSD": 0.0,
    "SENSEX": 0.0,
    "NASDAQ": -0.045452210287786635,
    "SPY": -1.5793326755750736
  },
  "start_equity": 10000.0,
  "bh_units": {
    "ETHUSDT": 1.3908205841446453,
    "SOLUSDT": 32.04306588054345,
    "BTCUSDT": 0.03895415874598772,
    "XRPUSDT": 2254.059561269847
  }
}