{
  "cash": 13194.928437284882,
  "units": {
    "ETHUSDT": -0.6626800186393044,
    "SOLUSDT": -16.304531314010667,
    "BTCUSDT": -0.0192254758216743,
    "XRPUSDT": -1131.7908752163712,
    "AAPL": 0.0,
    "GOLD": 0.0,
    "NIFTY": 0.0,
    "RELIANCE": 0.0,
    "EURUSD": 0.0,
    "SENSEX": 0.0,
    "NASDAQ": 0.0,
    "SPY": 0.0
  },
  "start_equity": 10000.0,
  "bh_units": {
    "ETHUSDT": 1.3908205841446453,
    "SOLUSDT": 32.04306588054345,
    "BTCUSDT": 0.03895415874598772,
    "XRPUSDT": 2254.059561269847
  }
}