{
  "cash": 7518.174077706306,
  "units": {
    "ETHUSDT": 0.6222089531974643,
    "SOLUSDT": -15.264747390351863,
    "BTCUSDT": -0.017934258062750442,
    "XRPUSDT": -1049.0991398876588,
    "AAPL": 0.0,
    "GOLD": 0.2812427903632518,
    "NIFTY": 0.0,
    "RELIANCE": 0.0,
    "EURUSD": 985.7259980312851,
    "SENSEX": 0.0,
    "NASDAQ": 0.0,
    "SPY": 0.0
  },
  "start_equity": 10000.0,
  "bh_units": {
    "ETHUSDT": 1.3908205841446453,
    "SOLUSDT": 32.04306588054345,
    "BTCUSDT": 0.03895415874598772,
    "XRPUSDT": 2254.059561269847
  }
}