{
  "cash": 12097.022255005359,
  "units": {
    "ETHUSDT": 0.0,
    "SOLUSDT": -16.600951630823698,
    "BTCUSDT": -0.01933874783206574,
    "XRPUSDT": -1146.6817018166644,
    "AAPL": 0.0,
    "GOLD": 0.0,
    "NIFTY": 0.0,
    "RELIANCE": 0.0,
    "EURUSD": 0.0,
    "SENSEX": 0.0,
    "NASDAQ": 0.0,
    "SPY": 0.0
  },
  "start_equity": 10000.0,
  "bh_units": {
    "ETHUSDT": 1.3908205841446453,
    "SOLUSDT": 32.04306588054345,
    "BTCUSDT": 0.03895415874598772,
    "XRPUSDT": 2254.059561269847
  }
}