{
  "cash": 7519.794007812632,
  "units": {
    "ETHUSDT": 0.614375060917985,
    "SOLUSDT": -15.028697699860276,
    "BTCUSDT": 0.017650113427079613,
    "XRPUSDT": -1035.5294894675837,
    "AAPL": 3.393613361265662,
    "GOLD": 0.0,
    "NIFTY": 0.0,
    "RELIANCE": 0.0,
    "EURUSD": 986.0612319506228,
    "SENSEX": 0.0,
    "NASDAQ": -0.04414261267885363,
    "SPY": -1.516915281855056
  },
  "start_equity": 10000.0,
  "bh_units": {
    "ETHUSDT": 1.3908205841446453,
    "SOLUSDT": 32.04306588054345,
    "BTCUSDT": 0.03895415874598772,
    "XRPUSDT": 2254.059561269847
  }
}