{
  "cash": 789.21575983482,
  "units": {
    "ETHUSDT": 0.6152308651112598,
    "SOLUSDT": 15.253539887219251,
    "BTCUSDT": 0.01824078937822937,
    "XRPUSDT": 1059.2584383026897,
    "AAPL": 0.0,
    "GOLD": 0.29100249026500974,
    "NIFTY": 0.0,
    "RELIANCE": 0.0,
    "EURUSD": 1032.0174619885677,
    "SENSEX": 0.0,
    "NASDAQ": 0.0,
    "SPY": 0.0
  },
  "start_equity": 10000.0,
  "bh_units": {
    "ETHUSDT": 1.3908205841446453,
    "SOLUSDT": 32.04306588054345,
    "BTCUSDT": 0.03895415874598772,
    "XRPUSDT": 2254.059561269847
  }
}