{
  "cash": 14132.636022689256,
  "units": {
    "ETHUSDT": -0.645526759884077,
    "SOLUSDT": -15.7791693533529,
    "BTCUSDT": -0.01868858072948672,
    "XRPUSDT": -1101.0957319892354,
    "AAPL": 0.0,
    "GOLD": -0.3023143163943695,
    "NIFTY": 0.0,
    "RELIANCE": 0.0,
    "EURUSD": 0.0,
    "SENSEX": 0.0,
    "NASDAQ": 0.0,
    "SPY": 0.0
  },
  "start_equity": 10000.0,
  "bh_units": {
    "ETHUSDT": 1.3908205841446453,
    "SOLUSDT": 32.04306588054345,
    "BTCUSDT": 0.03895415874598772,
    "XRPUSDT": 2254.059561269847
  }
}