{
  "cash": 13644.092934748716,
  "units": {
    "ETHUSDT": -0.6955111573750324,
    "SOLUSDT": -17.038541179540452,
    "BTCUSDT": -0.020030277013745924,
    "XRPUSDT": -1176.8121721722985,
    "AAPL": 0.0,
    "GOLD": 0.0,
    "NIFTY": 0.0,
    "RELIANCE": 0.0,
    "EURUSD": 0.0,
    "SENSEX": 0.0,
    "NASDAQ": 0.0,
    "SPY": 0.0
  },
  "start_equity": 10000.0,
  "bh_units": {
    "ETHUSDT": 1.3908205841446453,
    "SOLUSDT": 32.04306588054345,
    "BTCUSDT": 0.03895415874598772,
    "XRPUSDT": 2254.059561269847
  }
}