{
  "cash": 10148.029741813307,
  "units": {
    "ETHUSDT": -0.6086318328492459,
    "SOLUSDT": -15.132825594631335,
    "BTCUSDT": -0.018064899547556173,
    "XRPUSDT": -1050.6323486965157,
    "AAPL": 0.0,
    "GOLD": 0.29004145147568455,
    "NIFTY": -0.048498588800114255,
    "RELIANCE": 0.895975344479014,
    "EURUSD": 1020.8589372110522,
    "SENSEX": 0.0,
    "NASDAQ": 0.0,
    "SPY": 0.0
  },
  "start_equity": 10000.0,
  "bh_units": {
    "ETHUSDT": 1.3908205841446453,
    "SOLUSDT": 32.04306588054345,
    "BTCUSDT": 0.03895415874598772,
    "XRPUSDT": 2254.059561269847
  }
}