{
  "cash": 9610.10184324461,
  "units": {
    "ETHUSDT": 0.8835759068121436,
    "SOLUSDT": -21.974357666890427,
    "BTCUSDT": 0.025701957243840775,
    "XRPUSDT": 1496.8105367118822,
    "AAPL": 0.0,
    "GOLD": -0.41175915626238585,
    "NIFTY": 0.07068990217971999,
    "RELIANCE": 0.0,
    "EURUSD": 0.0,
    "SENSEX": -0.022111633701381632,
    "NASDAQ": 0.0,
    "SPY": 0.0
  },
  "start_equity": 10000.0,
  "bh_units": {
    "ETHUSDT": 1.3908205841446453,
    "SOLUSDT": 32.04306588054345,
    "BTCUSDT": 0.03895415874598772,
    "XRPUSDT": 2254.059561269847
  }
}