{
  "cash": 12913.106745586578,
  "units": {
    "ETHUSDT": -0.8389091082609127,
    "SOLUSDT": 19.539719620440007,
    "BTCUSDT": -0.023748284195009142,
    "XRPUSDT": -1383.6576086809107
  },
  "start_equity": 10000.0,
  "bh_units": {
    "ETHUSDT": 1.3908205841446453,
    "SOLUSDT": 32.04306588054345,
    "BTCUSDT": 0.03895415874598772,
    "XRPUSDT": 2254.059561269847
  }
}