{
  "cash": 21614.35543317001,
  "units": {
    "ETHUSDT": 0.0,
    "SOLUSDT": 0.0,
    "BTCUSDT": -0.025792768692257273,
    "XRPUSDT": 0.0,
    "AAPL": 0.0,
    "GOLD": -0.4125433992737318,
    "NIFTY": -0.07095866530029543,
    "RELIANCE": -1.3135790788388795,
    "EURUSD": -1495.822346306184,
    "SENSEX": -0.022055106285335278,
    "NASDAQ": 0.0,
    "SPY": 0.0
  },
  "start_equity": 10000.0,
  "bh_units": {
    "ETHUSDT": 1.3908205841446453,
    "SOLUSDT": 32.04306588054345,
    "BTCUSDT": 0.03895415874598772,
    "XRPUSDT": 2254.059561269847
  }
}