{
  "cash": 8351.811118756767,
  "units": {
    "ETHUSDT": -0.8362739576594396,
    "SOLUSDT": 0.0,
    "BTCUSDT": 0.02377291196314332,
    "XRPUSDT": 1391.2638035974514,
    "AAPL": 0.0
  },
  "start_equity": 10000.0,
  "bh_units": {
    "ETHUSDT": 1.3908205841446453,
    "SOLUSDT": 32.04306588054345,
    "BTCUSDT": 0.03895415874598772,
    "XRPUSDT": 2254.059561269847
  }
}