{
  "cash": 7169.289991775672,
  "units": {
    "ETHUSDT": -0.7986572143074058,
    "SOLUSDT": 19.658940179242407,
    "BTCUSDT": -0.023492646865170306,
    "XRPUSDT": 1366.6025956867722,
    "AAPL": 0.0,
    "GOLD": 0.37962158356300246,
    "NIFTY": 0.0633649529469094,
    "RELIANCE": -1.1668204852817883,
    "EURUSD": 1346.0640595666243,
    "SENSEX": 0.0,
    "NASDAQ": 0.0,
    "SPY": 0.0
  },
  "start_equity": 10000.0,
  "bh_units": {
    "ETHUSDT": 1.3908205841446453,
    "SOLUSDT": 32.04306588054345,
    "BTCUSDT": 0.03895415874598772,
    "XRPUSDT": 2254.059561269847
  }
}