{
  "cash": 5327.908075008686,
  "units": {
    "ETHUSDT": 0.6169968620396529,
    "SOLUSDT": -15.192665482945003,
    "BTCUSDT": -0.01797894805534174,
    "XRPUSDT": 1046.82894262417,
    "AAPL": 0.0,
    "GOLD": 0.2854248421940189,
    "NIFTY": 0.047254728474349444,
    "RELIANCE": 0.8731630540538228,
    "EURUSD": -998.5003855300337,
    "SENSEX": 0.0,
    "NASDAQ": 0.0,
    "SPY": 0.0
  },
  "start_equity": 10000.0,
  "bh_units": {
    "ETHUSDT": 1.3908205841446453,
    "SOLUSDT": 32.04306588054345,
    "BTCUSDT": 0.03895415874598772,
    "XRPUSDT": 2254.059561269847
  }
}