{
  "cash": 757.2914804015759,
  "units": {
    "ETHUSDT": 0.6222766720562757,
    "SOLUSDT": -15.276570590214625,
    "BTCUSDT": 0.0,
    "XRPUSDT": 1048.164415686156,
    "AAPL": 0.0,
    "GOLD": 0.2845253631085642,
    "NIFTY": 0.04679957595174126,
    "RELIANCE": 0.8598988751725496,
    "EURUSD": 993.9247002038119,
    "SENSEX": 0.014565922935791077,
    "NASDAQ": 0.0,
    "SPY": 0.0
  },
  "start_equity": 10000.0,
  "bh_units": {
    "ETHUSDT": 1.3908205841446453,
    "SOLUSDT": 32.04306588054345,
    "BTCUSDT": 0.03895415874598772,
    "XRPUSDT": 2254.059561269847
  }
}