{
  "cash": 12765.415804360138,
  "units": {
    "ETHUSDT": 0.6436386352374804,
    "SOLUSDT": -15.70093302485134,
    "BTCUSDT": 0.018678637047321818,
    "XRPUSDT": 0.0,
    "AAPL": 0.0,
    "GOLD": -0.29762285773611785,
    "NIFTY": -0.049384636138085414,
    "RELIANCE": -0.9054074077714742,
    "EURUSD": -1046.7288683234226,
    "SENSEX": -0.015395372045422014,
    "NASDAQ": 0.0,
    "SPY": 0.0
  },
  "start_equity": 10000.0,
  "bh_units": {
    "ETHUSDT": 1.3908205841446453,
    "SOLUSDT": 32.04306588054345,
    "BTCUSDT": 0.03895415874598772,
    "XRPUSDT": 2254.059561269847
  }
}