{
  "cash": 13857.820113264299,
  "units": {
    "ETHUSDT": -0.6221796503854321,
    "SOLUSDT": -15.370928940422708,
    "BTCUSDT": 0.0,
    "XRPUSDT": -1070.0140419369332,
    "AAPL": 3.6287873299297893,
    "GOLD": -0.293880600820353,
    "NIFTY": 0.0,
    "RELIANCE": 0.0,
    "EURUSD": 0.0,
    "SENSEX": 0.0,
    "NASDAQ": -0.04558465252215181,
    "SPY": -1.5827653411270712
  },
  "start_equity": 10000.0,
  "bh_units": {
    "ETHUSDT": 1.3908205841446453,
    "SOLUSDT": 32.04306588054345,
    "BTCUSDT": 0.03895415874598772,
    "XRPUSDT": 2254.059561269847
  }
}