{
  "cash": 14384.84596980195,
  "units": {
    "ETHUSDT": -0.8345004709280511,
    "SOLUSDT": -19.48624708401196,
    "BTCUSDT": -0.023630663900628707,
    "XRPUSDT": 0.0
  },
  "start_equity": 10000.0,
  "bh_units": {
    "ETHUSDT": 1.3908205841446453,
    "SOLUSDT": 32.04306588054345,
    "BTCUSDT": 0.03895415874598772,
    "XRPUSDT": 2254.059561269847
  }
}