{
  "cash": 9773.215751955584,
  "units": {
    "ETHUSDT": 0.8211260955266155,
    "SOLUSDT": 0.0,
    "BTCUSDT": 0.0,
    "XRPUSDT": 1371.7444344182818,
    "AAPL": 0.0,
    "GOLD": 0.0,
    "NIFTY": -0.06097187016252722,
    "RELIANCE": 0.0,
    "EURUSD": -1286.0299589266947,
    "SENSEX": 0.0
  },
  "start_equity": 10000.0,
  "bh_units": {
    "ETHUSDT": 1.3908205841446453,
    "SOLUSDT": 32.04306588054345,
    "BTCUSDT": 0.03895415874598772,
    "XRPUSDT": 2254.059561269847
  }
}