{
  "cash": -2769.7558760472025,
  "units": {
    "ETHUSDT": 0.615857883770247,
    "SOLUSDT": 15.193685787403812,
    "BTCUSDT": 0.018161507910154685,
    "XRPUSDT": 1056.5965955730044,
    "AAPL": 3.6444676660564226,
    "GOLD": 0.2913192946956037,
    "NIFTY": 0.0,
    "RELIANCE": 0.0,
    "EURUSD": 1036.8206246741338,
    "SENSEX": 0.0,
    "NASDAQ": 0.04516901078622181,
    "SPY": 1.5715315063996362
  },
  "start_equity": 10000.0,
  "bh_units": {
    "ETHUSDT": 1.3908205841446453,
    "SOLUSDT": 32.04306588054345,
    "BTCUSDT": 0.03895415874598772,
    "XRPUSDT": 2254.059561269847
  }
}