{
  "cash": 4480.618341963249,
  "units": {
    "ETHUSDT": 0.6547488138851421,
    "SOLUSDT": 16.07463022488499,
    "BTCUSDT": 0.018903285787171608,
    "XRPUSDT": 1113.356899754041,
    "AAPL": 0.0,
    "GOLD": -0.30560729564102074,
    "NIFTY": 0.0,
    "RELIANCE": 0.0,
    "EURUSD": 0.0,
    "SENSEX": 0.0,
    "NASDAQ": 0.0,
    "SPY": 0.0
  },
  "start_equity": 10000.0,
  "bh_units": {
    "ETHUSDT": 1.3908205841446453,
    "SOLUSDT": 32.04306588054345,
    "BTCUSDT": 0.03895415874598772,
    "XRPUSDT": 2254.059561269847
  }
}