{
  "cash": 7188.224509490066,
  "units": {
    "ETHUSDT": 0.0,
    "SOLUSDT": -19.884244146712124,
    "BTCUSDT": 0.02366721060040431,
    "XRPUSDT": 1382.977075527961,
    "AAPL": 4.694074878686131,
    "GOLD": 0.3840744999573065,
    "NIFTY": 0.0,
    "RELIANCE": 0.0,
    "EURUSD": 1349.474583051955,
    "SENSEX": 0.0,
    "NASDAQ": -0.06033713731281471,
    "SPY": -2.0760867699597436
  },
  "start_equity": 10000.0,
  "bh_units": {
    "ETHUSDT": 1.3908205841446453,
    "SOLUSDT": 32.04306588054345,
    "BTCUSDT": 0.03895415874598772,
    "XRPUSDT": 2254.059561269847
  }
}