{
  "cash": 8907.340423849202,
  "units": {
    "ETHUSDT": 0.0,
    "SOLUSDT": 15.282146987401449,
    "BTCUSDT": -0.018133300931933185,
    "XRPUSDT": -1049.5813224123037,
    "AAPL": 0.0,
    "GOLD": 0.287324314341313,
    "NIFTY": 0.0,
    "RELIANCE": 0.0,
    "EURUSD": -1013.566905296124,
    "SENSEX": 0.0,
    "NASDAQ": 0.0,
    "SPY": 0.0
  },
  "start_equity": 10000.0,
  "bh_units": {
    "ETHUSDT": 1.3908205841446453,
    "SOLUSDT": 32.04306588054345,
    "BTCUSDT": 0.03895415874598772,
    "XRPUSDT": 2254.059561269847
  }
}