{
  "cash": 4376.360919345409,
  "units": {
    "ETHUSDT": 0.0,
    "SOLUSDT": 15.385154037427478,
    "BTCUSDT": 0.018475325393317962,
    "XRPUSDT": 1083.7191911823804,
    "AAPL": 0.0,
    "GOLD": -0.295525642224717,
    "NIFTY": 0.049532149339791366,
    "RELIANCE": 0.9207601826378367,
    "EURUSD": -1043.9253408329662,
    "SENSEX": 0.0,
    "NASDAQ": 0.0,
    "SPY": 0.0
  },
  "start_equity": 10000.0,
  "bh_units": {
    "ETHUSDT": 1.3908205841446453,
    "SOLUSDT": 32.04306588054345,
    "BTCUSDT": 0.03895415874598772,
    "XRPUSDT": 2254.059561269847
  }
}