{
  "cash": 5621.919004113649,
  "units": {
    "ETHUSDT": 0.0,
    "SOLUSDT": 19.695741750501675,
    "BTCUSDT": 0.023483198885210003,
    "XRPUSDT": 1377.2751432788582,
    "AAPL": 0.0,
    "GOLD": 0.3823319916182608,
    "NIFTY": 0.0,
    "RELIANCE": 0.0,
    "EURUSD": -1343.9893853925025,
    "SENSEX": 0.0,
    "NASDAQ": 0.0,
    "SPY": 0.0
  },
  "start_equity": 10000.0,
  "bh_units": {
    "ETHUSDT": 1.3908205841446453,
    "SOLUSDT": 32.04306588054345,
    "BTCUSDT": 0.03895415874598772,
    "XRPUSDT": 2254.059561269847
  }
}