{
  "cash": 14752.82154568794,
  "units": {
    "ETHUSDT": 0.7871653668562698,
    "SOLUSDT": -19.479279734044667,
    "BTCUSDT": -0.0230757805688051,
    "XRPUSDT": -1346.5026991634293,
    "AAPL": 0.0,
    "GOLD": -0.37526998784672994,
    "NIFTY": 0.0,
    "RELIANCE": -1.1690550884796485,
    "EURUSD": 0.0,
    "SENSEX": 0.01970702434558112,
    "NASDAQ": 0.0,
    "SPY": 0.0
  },
  "start_equity": 10000.0,
  "bh_units": {
    "ETHUSDT": 1.3908205841446453,
    "SOLUSDT": 32.04306588054345,
    "BTCUSDT": 0.03895415874598772,
    "XRPUSDT": 2254.059561269847
  }
}