{
  "cash": 7936.066731853712,
  "units": {
    "ETHUSDT": -0.8890215919425138,
    "SOLUSDT": 0.0,
    "BTCUSDT": -0.025864928019256616,
    "XRPUSDT": -1505.098165237001,
    "AAPL": 0.0,
    "GOLD": 0.41259449182055274,
    "NIFTY": 0.07093182471167749,
    "RELIANCE": 1.3182756835971001,
    "EURUSD": 1490.320070788103,
    "SENSEX": 0.022158897542304157,
    "NASDAQ": 0.0,
    "SPY": 0.0
  },
  "start_equity": 10000.0,
  "bh_units": {
    "ETHUSDT": 1.3908205841446453,
    "SOLUSDT": 32.04306588054345,
    "BTCUSDT": 0.03895415874598772,
    "XRPUSDT": 2254.059561269847
  }
}