{
  "cash": 7717.187741707308,
  "units": {
    "ETHUSDT": 0.0,
    "SOLUSDT": -15.136892909209232,
    "BTCUSDT": 0.01797112650364132,
    "XRPUSDT": 0.0,
    "AAPL": 3.5289593730202005,
    "GOLD": -0.29004007647744845,
    "NIFTY": 0.0,
    "RELIANCE": 0.0,
    "EURUSD": -1011.0641108700161,
    "SENSEX": 0.0,
    "NASDAQ": 0.0,
    "SPY": 1.5382138717300005
  },
  "start_equity": 10000.0,
  "bh_units": {
    "ETHUSDT": 1.3908205841446453,
    "SOLUSDT": 32.04306588054345,
    "BTCUSDT": 0.03895415874598772,
    "XRPUSDT": 2254.059561269847
  }
}