{
  "cash": 14524.950790712765,
  "units": {
    "ETHUSDT": -0.6216807969086091,
    "SOLUSDT": -15.326816332232298,
    "BTCUSDT": -0.01809014525686013,
    "XRPUSDT": -1054.9505970245443,
    "AAPL": 0.0,
    "GOLD": -0.288157703783702,
    "NIFTY": 0.0,
    "RELIANCE": 0.0,
    "EURUSD": -1002.2307271260446,
    "SENSEX": 0.0,
    "NASDAQ": 0.0,
    "SPY": 0.0
  },
  "start_equity": 10000.0,
  "bh_units": {
    "ETHUSDT": 1.3908205841446453,
    "SOLUSDT": 32.04306588054345,
    "BTCUSDT": 0.03895415874598772,
    "XRPUSDT": 2254.059561269847
  }
}