{
  "cash": 3026.2204307623897,
  "units": {
    "ETHUSDT": 0.6194272087864982,
    "SOLUSDT": 0.0,
    "BTCUSDT": 0.0,
    "XRPUSDT": -1046.8363801216312,
    "AAPL": 0.0,
    "GOLD": 0.283704873804195,
    "NIFTY": 0.046661092255075816,
    "RELIANCE": 0.8556039608368095,
    "EURUSD": 0.0,
    "SENSEX": 0.014531833901543917,
    "NASDAQ": 0.0,
    "SPY": 0.0
  },
  "start_equity": 10000.0,
  "bh_units": {
    "ETHUSDT": 1.3908205841446453,
    "SOLUSDT": 32.04306588054345,
    "BTCUSDT": 0.03895415874598772,
    "XRPUSDT": 2254.059561269847
  }
}