{
  "cash": 9918.744834322251,
  "units": {
    "ETHUSDT": 0.8366486488960325,
    "SOLUSDT": -19.571327181423502,
    "BTCUSDT": -0.023687883779901203,
    "XRPUSDT": 1381.7877205351524
  },
  "start_equity": 10000.0,
  "bh_units": {
    "ETHUSDT": 1.3908205841446453,
    "SOLUSDT": 32.04306588054345,
    "BTCUSDT": 0.03895415874598772,
    "XRPUSDT": 2254.059561269847
  }
}