{
  "cash": 2980.6590494906864,
  "units": {
    "ETHUSDT": -0.6087068487899486,
    "SOLUSDT": 14.9216423386494,
    "BTCUSDT": -0.01748037783150366,
    "XRPUSDT": 1027.1648542264627,
    "AAPL": 3.351043007376319,
    "GOLD": 0.2783486630532797,
    "NIFTY": 0.0,
    "RELIANCE": 0.0,
    "EURUSD": 977.2606547376552,
    "SENSEX": 0.0,
    "NASDAQ": 0.0438231348133573,
    "SPY": 0.0
  },
  "start_equity": 10000.0,
  "bh_units": {
    "ETHUSDT": 1.3908205841446453,
    "SOLUSDT": 32.04306588054345,
    "BTCUSDT": 0.03895415874598772,
    "XRPUSDT": 2254.059561269847
  }
}