{
  "cash": 12999.501509117295,
  "units": {
    "ETHUSDT": 0.8853327282386151,
    "SOLUSDT": -21.992188183190173,
    "BTCUSDT": 0.02573426205967476,
    "XRPUSDT": 1499.0964700298186,
    "AAPL": 0.0,
    "GOLD": -0.4120331294228229,
    "NIFTY": 0.0,
    "RELIANCE": 0.0,
    "EURUSD": -1486.958675267222,
    "SENSEX": -0.022119662917632676,
    "NASDAQ": 0.0,
    "SPY": 0.0
  },
  "start_equity": 10000.0,
  "bh_units": {
    "ETHUSDT": 1.3908205841446453,
    "SOLUSDT": 32.04306588054345,
    "BTCUSDT": 0.03895415874598772,
    "XRPUSDT": 2254.059561269847
  }
}