{
  "cash": 16270.197368713018,
  "units": {
    "ETHUSDT": -0.6374971024394511,
    "SOLUSDT": 0.0,
    "BTCUSDT": -0.018445312539946378,
    "XRPUSDT": -1079.0190216747499,
    "AAPL": 0.0,
    "GOLD": -0.2956884610743621,
    "NIFTY": -0.04947226306692148,
    "RELIANCE": 0.0,
    "EURUSD": -1042.0003400279352,
    "SENSEX": -0.015431993819318611,
    "NASDAQ": 0.0,
    "SPY": 0.0
  },
  "start_equity": 10000.0,
  "bh_units": {
    "ETHUSDT": 1.3908205841446453,
    "SOLUSDT": 32.04306588054345,
    "BTCUSDT": 0.03895415874598772,
    "XRPUSDT": 2254.059561269847
  }
}