{
  "cash": 12283.800273761062,
  "units": {
    "ETHUSDT": -0.6128711591501672,
    "SOLUSDT": 15.087356161788174,
    "BTCUSDT": 0.0,
    "XRPUSDT": 1036.4157017825153,
    "AAPL": -3.4779827557401535,
    "GOLD": -0.28847587271224495,
    "NIFTY": 0.0,
    "RELIANCE": 0.0,
    "EURUSD": -1006.790882334711,
    "SENSEX": 0.0,
    "NASDAQ": -0.044268413664640384,
    "SPY": -1.531648141427843
  },
  "start_equity": 10000.0,
  "bh_units": {
    "ETHUSDT": 1.3908205841446453,
    "SOLUSDT": 32.04306588054345,
    "BTCUSDT": 0.03895415874598772,
    "XRPUSDT": 2254.059561269847
  }
}