{
  "cash": 11777.419627394514,
  "units": {
    "ETHUSDT": -0.8036538252642358,
    "SOLUSDT": -19.694772031597267,
    "BTCUSDT": 0.023471513669770856,
    "XRPUSDT": -1375.6489439522456,
    "AAPL": 0.0,
    "GOLD": 0.38116392079607536,
    "NIFTY": 0.0,
    "RELIANCE": 0.0,
    "EURUSD": 0.0,
    "SENSEX": 0.0,
    "NASDAQ": 0.0,
    "SPY": 0.0
  },
  "start_equity": 10000.0,
  "bh_units": {
    "ETHUSDT": 1.3908205841446453,
    "SOLUSDT": 32.04306588054345,
    "BTCUSDT": 0.03895415874598772,
    "XRPUSDT": 2254.059561269847
  }
}