{
  "cash": 14829.481854338559,
  "units": {
    "ETHUSDT": -0.8091573287580045,
    "SOLUSDT": -19.771175400232636,
    "BTCUSDT": 0.0,
    "XRPUSDT": -1382.4377245276692,
    "AAPL": 0.0,
    "GOLD": -0.3825852104777947,
    "NIFTY": 0.0,
    "RELIANCE": 0.0,
    "EURUSD": 1343.9411449352247,
    "SENSEX": 0.0,
    "NASDAQ": 0.0,
    "SPY": 0.0
  },
  "start_equity": 10000.0,
  "bh_units": {
    "ETHUSDT": 1.3908205841446453,
    "SOLUSDT": 32.04306588054345,
    "BTCUSDT": 0.03895415874598772,
    "XRPUSDT": 2254.059561269847
  }
}