{
  "cash": 14864.266000956568,
  "units": {
    "ETHUSDT": -0.894744821657056,
    "SOLUSDT": 22.04323788333215,
    "BTCUSDT": 0.025910501806221703,
    "XRPUSDT": -1506.9618139722643,
    "AAPL": 0.0,
    "GOLD": -0.42012313489282843,
    "NIFTY": 0.0,
    "RELIANCE": 0.0,
    "EURUSD": -1504.3451478390841,
    "SENSEX": 0.0,
    "NASDAQ": 0.0,
    "SPY": 0.0
  },
  "start_equity": 10000.0,
  "bh_units": {
    "ETHUSDT": 1.3908205841446453,
    "SOLUSDT": 32.04306588054345,
    "BTCUSDT": 0.03895415874598772,
    "XRPUSDT": 2254.059561269847
  }
}