{
  "cash": 17665.215524148647,
  "units": {
    "ETHUSDT": -0.784865513290458,
    "SOLUSDT": -19.357741603681305,
    "BTCUSDT": -0.02283563648242194,
    "XRPUSDT": -1329.5306296943036,
    "AAPL": -4.660539100126048,
    "GOLD": -0.37337867685250203,
    "NIFTY": 0.0,
    "RELIANCE": 0.0,
    "EURUSD": -1327.048683821167,
    "SENSEX": 0.0,
    "NASDAQ": 0.058880508041457676,
    "SPY": 2.0329377741317662
  },
  "start_equity": 10000.0,
  "bh_units": {
    "ETHUSDT": 1.3908205841446453,
    "SOLUSDT": 32.04306588054345,
    "BTCUSDT": 0.03895415874598772,
    "XRPUSDT": 2254.059561269847
  }
}