{
  "cash": 11551.085068502916,
  "units": {
    "ETHUSDT": 0.0,
    "SOLUSDT": 22.208902732131733,
    "BTCUSDT": 0.0,
    "XRPUSDT": -1508.0071426718066,
    "AAPL": -5.2841743600224405,
    "GOLD": -0.4247788758432333,
    "NIFTY": 0.0,
    "RELIANCE": 0.0,
    "EURUSD": 1518.470973554898,
    "SENSEX": 0.0,
    "NASDAQ": 0.0,
    "SPY": 2.315139346827619
  },
  "start_equity": 10000.0,
  "bh_units": {
    "ETHUSDT": 1.3908205841446453,
    "SOLUSDT": 32.04306588054345,
    "BTCUSDT": 0.03895415874598772,
    "XRPUSDT": 2254.059561269847
  }
}