{
  "cash": 12242.50106113276,
  "units": {
    "ETHUSDT": -0.6300005943996698,
    "SOLUSDT": -15.447309325401326,
    "BTCUSDT": -0.018282441028343026,
    "XRPUSDT": -1062.727509400382,
    "AAPL": 0.0,
    "GOLD": 0.28753759967865483,
    "NIFTY": -0.04734079973590765,
    "RELIANCE": 0.0,
    "EURUSD": 1003.0019076092968,
    "SENSEX": -0.014745307653583077,
    "NASDAQ": 0.0,
    "SPY": 0.0
  },
  "start_equity": 10000.0,
  "bh_units": {
    "ETHUSDT": 1.3908205841446453,
    "SOLUSDT": 32.04306588054345,
    "BTCUSDT": 0.03895415874598772,
    "XRPUSDT": 2254.059561269847
  }
}