{
  "cash": 14967.804396806263,
  "units": {
    "ETHUSDT": -0.8989299369835513,
    "SOLUSDT": 22.212052531353653,
    "BTCUSDT": -0.026070311094006055,
    "XRPUSDT": 1492.9214122418941,
    "AAPL": 0.0,
    "GOLD": -0.4242763865149035,
    "NIFTY": 0.0,
    "RELIANCE": 0.0,
    "EURUSD": -1514.8210836376038,
    "SENSEX": 0.0,
    "NASDAQ": 0.06678707164638983,
    "SPY": -2.308462648167674
  },
  "start_equity": 10000.0,
  "bh_units": {
    "ETHUSDT": 1.3908205841446453,
    "SOLUSDT": 32.04306588054345,
    "BTCUSDT": 0.03895415874598772,
    "XRPUSDT": 2254.059561269847
  }
}