{
  "cash": 6457.641290729985,
  "units": {
    "ETHUSDT": 0.0,
    "SOLUSDT": -15.309324962981577,
    "BTCUSDT": 0.018151587185122362,
    "XRPUSDT": 0.0,
    "AAPL": 0.0,
    "GOLD": -0.28553334247039175,
    "NIFTY": 0.04690305984636287,
    "RELIANCE": 0.8616483690914225,
    "EURUSD": 996.3232714419863,
    "SENSEX": -0.014637920174132686,
    "NASDAQ": 0.0,
    "SPY": 0.0
  },
  "start_equity": 10000.0,
  "bh_units": {
    "ETHUSDT": 1.3908205841446453,
    "SOLUSDT": 32.04306588054345,
    "BTCUSDT": 0.03895415874598772,
    "XRPUSDT": 2254.059561269847
  }
}