{
  "cash": 5333.106442984417,
  "units": {
    "ETHUSDT": 0.6160014638010127,
    "SOLUSDT": 0.0,
    "BTCUSDT": -0.017969049080795267,
    "XRPUSDT": 1045.0628124448624,
    "AAPL": 0.0,
    "GOLD": 0.28548210068285046,
    "NIFTY": 0.0,
    "RELIANCE": 0.0,
    "EURUSD": 0.0,
    "SENSEX": 0.0,
    "NASDAQ": 0.0,
    "SPY": 0.0
  },
  "start_equity": 10000.0,
  "bh_units": {
    "ETHUSDT": 1.3908205841446453,
    "SOLUSDT": 32.04306588054345,
    "BTCUSDT": 0.03895415874598772,
    "XRPUSDT": 2254.059561269847
  }
}