{
  "cash": 7632.323484998346,
  "units": {
    "ETHUSDT": -0.6197344832379299,
    "SOLUSDT": -15.283254554596892,
    "BTCUSDT": -0.01805344083044903,
    "XRPUSDT": 0.0,
    "AAPL": 0.0,
    "GOLD": -0.2867428206026243,
    "NIFTY": 0.047239293743711996,
    "RELIANCE": 0.8680981283020465,
    "EURUSD": 1000.7179087837783,
    "SENSEX": 0.014741460621344146,
    "NASDAQ": 0.0,
    "SPY": 0.0
  },
  "start_equity": 10000.0,
  "bh_units": {
    "ETHUSDT": 1.3908205841446453,
    "SOLUSDT": 32.04306588054345,
    "BTCUSDT": 0.03895415874598772,
    "XRPUSDT": 2254.059561269847
  }
}