{
  "cash": -4057.1218529144303,
  "units": {
    "ETHUSDT": 0.901035884441382,
    "SOLUSDT": 22.268969667374154,
    "BTCUSDT": 0.026068104400750178,
    "XRPUSDT": 1507.53722163486,
    "AAPL": 5.295688238156816,
    "GOLD": 0.42625970885445974,
    "NIFTY": 0.0,
    "RELIANCE": 0.0,
    "EURUSD": 1522.6495821461665,
    "SENSEX": 0.0,
    "NASDAQ": 0.06725222942587444,
    "SPY": 2.324565665097296
  },
  "start_equity": 10000.0,
  "bh_units": {
    "ETHUSDT": 1.3908205841446453,
    "SOLUSDT": 32.04306588054345,
    "BTCUSDT": 0.03895415874598772,
    "XRPUSDT": 2254.059561269847
  }
}