{
  "cash": 9799.979513085313,
  "units": {
    "ETHUSDT": 0.8246828722550108,
    "SOLUSDT": -19.547835369608467,
    "BTCUSDT": 0.023544818845413665,
    "XRPUSDT": -1380.2272400985473,
    "AAPL": 0.0
  },
  "start_equity": 10000.0,
  "bh_units": {
    "ETHUSDT": 1.3908205841446453,
    "SOLUSDT": 32.04306588054345,
    "BTCUSDT": 0.03895415874598772,
    "XRPUSDT": 2254.059561269847
  }
}