{
  "cash": 12888.807141230942,
  "units": {
    "ETHUSDT": -0.8484542368919588,
    "SOLUSDT": 19.943282639455887,
    "BTCUSDT": -0.024035468636652315,
    "XRPUSDT": -1406.6537270858323,
    "AAPL": 0.0
  },
  "start_equity": 10000.0,
  "bh_units": {
    "ETHUSDT": 1.3908205841446453,
    "SOLUSDT": 32.04306588054345,
    "BTCUSDT": 0.03895415874598772,
    "XRPUSDT": 2254.059561269847
  }
}