{
  "cash": 1983.3215241808712,
  "units": {
    "ETHUSDT": 0.6321675451461483,
    "SOLUSDT": 15.219476019872415,
    "BTCUSDT": 0.018369182216006506,
    "XRPUSDT": 1075.2801138620757,
    "AAPL": 0.0,
    "GOLD": 0.0,
    "NIFTY": 0.0,
    "RELIANCE": 0.914008707073991,
    "EURUSD": -1041.7175433734762,
    "SENSEX": 0.015362062950132394,
    "NASDAQ": 0.0,
    "SPY": 0.0
  },
  "start_equity": 10000.0,
  "bh_units": {
    "ETHUSDT": 1.3908205841446453,
    "SOLUSDT": 32.04306588054345,
    "BTCUSDT": 0.03895415874598772,
    "XRPUSDT": 2254.059561269847
  }
}