{
  "cash": 13956.85303039704,
  "units": {
    "ETHUSDT": 0.0,
    "SOLUSDT": 18.607771403753226,
    "BTCUSDT": 0.022305646410293513,
    "XRPUSDT": 0.0,
    "AAPL": -4.602725354873567,
    "GOLD": -0.35378694828152496,
    "NIFTY": 0.0,
    "RELIANCE": 0.0,
    "EURUSD": -1263.08283022241,
    "SENSEX": 0.0,
    "NASDAQ": -0.05533046885938714,
    "SPY": -1.9224301335663392
  },
  "start_equity": 10000.0,
  "bh_units": {
    "ETHUSDT": 1.3908205841446453,
    "SOLUSDT": 32.04306588054345,
    "BTCUSDT": 0.03895415874598772,
    "XRPUSDT": 2254.059561269847
  }
}