{
  "cash": 7962.660601145798,
  "units": {
    "ETHUSDT": 0.0,
    "SOLUSDT": -15.639067295245637,
    "BTCUSDT": -0.018613180086685378,
    "XRPUSDT": 1096.1064579820668,
    "AAPL": 0.0,
    "GOLD": 0.29679726490207053,
    "NIFTY": 0.0,
    "RELIANCE": 0.0,
    "EURUSD": 0.0,
    "SENSEX": 0.0,
    "NASDAQ": 0.0,
    "SPY": 0.0
  },
  "start_equity": 10000.0,
  "bh_units": {
    "ETHUSDT": 1.3908205841446453,
    "SOLUSDT": 32.04306588054345,
    "BTCUSDT": 0.03895415874598772,
    "XRPUSDT": 2254.059561269847
  }
}