{
  "cash": 13567.208884128071,
  "units": {
    "ETHUSDT": -0.6168861433275041,
    "SOLUSDT": -15.269876016294784,
    "BTCUSDT": 0.0,
    "XRPUSDT": -1050.8111874738063,
    "AAPL": 0.0,
    "GOLD": -0.28831658007760086,
    "NIFTY": 0.0,
    "RELIANCE": 0.0,
    "EURUSD": -1014.4397744251663,
    "SENSEX": 0.0,
    "NASDAQ": 0.0,
    "SPY": 0.0
  },
  "start_equity": 10000.0,
  "bh_units": {
    "ETHUSDT": 1.3908205841446453,
    "SOLUSDT": 32.04306588054345,
    "BTCUSDT": 0.03895415874598772,
    "XRPUSDT": 2254.059561269847
  }
}