{
  "cash": 7173.595350072502,
  "units": {
    "ETHUSDT": 0.8087197921041372,
    "SOLUSDT": 19.758778271115723,
    "BTCUSDT": 0.023563654618799286,
    "XRPUSDT": -1381.0404344407664,
    "AAPL": 0.0,
    "GOLD": 0.0,
    "NIFTY": 0.0,
    "RELIANCE": 0.0,
    "EURUSD": 0.0,
    "SENSEX": 0.0,
    "NASDAQ": 0.0,
    "SPY": 0.0
  },
  "start_equity": 10000.0,
  "bh_units": {
    "ETHUSDT": 1.3908205841446453,
    "SOLUSDT": 32.04306588054345,
    "BTCUSDT": 0.03895415874598772,
    "XRPUSDT": 2254.059561269847
  }
}