{
  "cash": 3088.3102501868993,
  "units": {
    "ETHUSDT": 0.0,
    "SOLUSDT": -15.131483706290272,
    "BTCUSDT": 0.01791624568591167,
    "XRPUSDT": 1039.4877974682297,
    "AAPL": 3.5030352254533357,
    "GOLD": 0.289402852704223,
    "NIFTY": 0.0,
    "RELIANCE": 0.0,
    "EURUSD": -1012.0253469237633,
    "SENSEX": 0.0,
    "NASDAQ": 0.0443088631424339,
    "SPY": 1.53638066111706
  },
  "start_equity": 10000.0,
  "bh_units": {
    "ETHUSDT": 1.3908205841446453,
    "SOLUSDT": 32.04306588054345,
    "BTCUSDT": 0.03895415874598772,
    "XRPUSDT": 2254.059561269847
  }
}