{
  "cash": 12620.101246297108,
  "units": {
    "ETHUSDT": -0.6144370216148324,
    "SOLUSDT": -15.19798571121521,
    "BTCUSDT": 0.018135204072026855,
    "XRPUSDT": -1052.0269057303753,
    "AAPL": 3.6216021400707774,
    "GOLD": -0.29191858793131115,
    "NIFTY": 0.0,
    "RELIANCE": 0.0,
    "EURUSD": -1034.5896908229117,
    "SENSEX": 0.0,
    "NASDAQ": 0.0,
    "SPY": -1.5735084126633097
  },
  "start_equity": 10000.0,
  "bh_units": {
    "ETHUSDT": 1.3908205841446453,
    "SOLUSDT": 32.04306588054345,
    "BTCUSDT": 0.03895415874598772,
    "XRPUSDT": 2254.059561269847
  }
}