{
  "cash": 2551.211558907099,
  "units": {
    "ETHUSDT": 0.7918463803165006,
    "SOLUSDT": 19.500123348435082,
    "BTCUSDT": 0.023273834784576106,
    "XRPUSDT": 1350.7471219872764,
    "AAPL": 0.0,
    "GOLD": 0.37603965181974863,
    "NIFTY": 0.0634347095932844,
    "RELIANCE": -1.1696207002676646,
    "EURUSD": 1342.1054613346182,
    "SENSEX": -0.019797542146338255,
    "NASDAQ": 0.0,
    "SPY": 0.0
  },
  "start_equity": 10000.0,
  "bh_units": {
    "ETHUSDT": 1.3908205841446453,
    "SOLUSDT": 32.04306588054345,
    "BTCUSDT": 0.03895415874598772,
    "XRPUSDT": 2254.059561269847
  }
}