{
  "cash": 1021.466571502421,
  "units": {
    "ETHUSDT": 0.7961128628682905,
    "SOLUSDT": 19.579771569383976,
    "BTCUSDT": 0.023379320754570665,
    "XRPUSDT": 1358.4395704810777,
    "AAPL": 0.0,
    "GOLD": 0.3776610892489981,
    "NIFTY": 0.0,
    "RELIANCE": -1.1695709821011782,
    "EURUSD": 1345.3701045968205,
    "SENSEX": 0.01982176683076221,
    "NASDAQ": 0.0,
    "SPY": 0.0
  },
  "start_equity": 10000.0,
  "bh_units": {
    "ETHUSDT": 1.3908205841446453,
    "SOLUSDT": 32.04306588054345,
    "BTCUSDT": 0.03895415874598772,
    "XRPUSDT": 2254.059561269847
  }
}