{
  "cash": 1026.2647576942047,
  "units": {
    "ETHUSDT": 0.8079158760980504,
    "SOLUSDT": 19.808408635055166,
    "BTCUSDT": 0.023542793142358232,
    "XRPUSDT": 0.0,
    "AAPL": 4.74264400769841,
    "GOLD": -0.38494933846917334,
    "NIFTY": 0.0,
    "RELIANCE": 0.0,
    "EURUSD": 1351.2672522196942,
    "SENSEX": 0.0,
    "NASDAQ": 0.06014690615326376,
    "SPY": 2.0720048192853455
  },
  "start_equity": 10000.0,
  "bh_units": {
    "ETHUSDT": 1.3908205841446453,
    "SOLUSDT": 32.04306588054345,
    "BTCUSDT": 0.03895415874598772,
    "XRPUSDT": 2254.059561269847
  }
}