{
  "cash": 16693.559538857524,
  "units": {
    "ETHUSDT": -0.900608758934248,
    "SOLUSDT": 22.19580491852987,
    "BTCUSDT": -0.026102846200205438,
    "XRPUSDT": 1492.13239468205,
    "AAPL": -5.279207600470664,
    "GOLD": 0.4237574001521048,
    "NIFTY": 0.0,
    "RELIANCE": 0.0,
    "EURUSD": -1514.4914851030198,
    "SENSEX": 0.0,
    "NASDAQ": -0.06682710870396763,
    "SPY": -2.3087315896010083
  },
  "start_equity": 10000.0,
  "bh_units": {
    "ETHUSDT": 1.3908205841446453,
    "SOLUSDT": 32.04306588054345,
    "BTCUSDT": 0.03895415874598772,
    "XRPUSDT": 2254.059561269847
  }
}