{
  "cash": 12360.648603643507,
  "units": {
    "ETHUSDT": 0.0,
    "SOLUSDT": -18.496312725713594,
    "BTCUSDT": -0.022130966848064194,
    "XRPUSDT": 1278.5912643034865,
    "AAPL": -4.525877666211628,
    "GOLD": -0.3519066626369581,
    "NIFTY": 0.0,
    "RELIANCE": 0.0,
    "EURUSD": 0.0,
    "SENSEX": 0.0,
    "NASDAQ": 0.0,
    "SPY": 1.897045104054601
  },
  "start_equity": 10000.0,
  "bh_units": {
    "ETHUSDT": 1.3908205841446453,
    "SOLUSDT": 32.04306588054345,
    "BTCUSDT": 0.03895415874598772,
    "XRPUSDT": 2254.059561269847
  }
}