{
  "cash": 3165.581384991013,
  "units": {
    "ETHUSDT": 0.6158489915191738,
    "SOLUSDT": -15.19372582326539,
    "BTCUSDT": 0.018240405657728637,
    "XRPUSDT": 1060.56068011612,
    "AAPL": 0.0,
    "GOLD": 0.2917577599553897,
    "NIFTY": 0.0,
    "RELIANCE": 0.0,
    "EURUSD": 1038.8781474467876,
    "SENSEX": 0.0,
    "NASDAQ": 0.0,
    "SPY": 0.0
  },
  "start_equity": 10000.0,
  "bh_units": {
    "ETHUSDT": 1.3908205841446453,
    "SOLUSDT": 32.04306588054345,
    "BTCUSDT": 0.03895415874598772,
    "XRPUSDT": 2254.059561269847
  }
}