{
  "cash": 2574.6119259987877,
  "units": {
    "ETHUSDT": 0.8124141253411935,
    "SOLUSDT": -19.875261860282304,
    "BTCUSDT": 0.0236117977311482,
    "XRPUSDT": 0.0,
    "AAPL": 0.0,
    "GOLD": 0.38430151285998726,
    "NIFTY": 0.0,
    "RELIANCE": 0.0,
    "EURUSD": 1353.6203825853006,
    "SENSEX": 0.0,
    "NASDAQ": 0.06004840139635261,
    "SPY": 2.0706226672482613
  },
  "start_equity": 10000.0,
  "bh_units": {
    "ETHUSDT": 1.3908205841446453,
    "SOLUSDT": 32.04306588054345,
    "BTCUSDT": 0.03895415874598772,
    "XRPUSDT": 2254.059561269847
  }
}