{
  "cash": 19912.67694252482,
  "units": {
    "ETHUSDT": -0.7816946114721813,
    "SOLUSDT": -18.967440195055275,
    "BTCUSDT": -0.022819983332824013,
    "XRPUSDT": -1329.2937478074189,
    "AAPL": 0.0,
    "GOLD": 0.0,
    "NIFTY": 0.0,
    "RELIANCE": 0.0,
    "EURUSD": -1272.5578653136647,
    "SENSEX": 0.0,
    "NASDAQ": -0.056036871875681404,
    "SPY": -1.940779141127304
  },
  "start_equity": 10000.0,
  "bh_units": {
    "ETHUSDT": 1.3908205841446453,
    "SOLUSDT": 32.04306588054345,
    "BTCUSDT": 0.03895415874598772,
    "XRPUSDT": 2254.059561269847
  }
}