{
  "cash": 19443.51334248588,
  "units": {
    "ETHUSDT": -0.8107290004133675,
    "SOLUSDT": -19.82945537564909,
    "BTCUSDT": -0.023589736092791108,
    "XRPUSDT": -1385.6939183337267,
    "AAPL": 0.0,
    "GOLD": -0.3828038188666349,
    "NIFTY": 0.0,
    "RELIANCE": 0.0,
    "EURUSD": -1345.0117707926693,
    "SENSEX": 0.0,
    "NASDAQ": 0.0,
    "SPY": 0.0
  },
  "start_equity": 10000.0,
  "bh_units": {
    "ETHUSDT": 1.3908205841446453,
    "SOLUSDT": 32.04306588054345,
    "BTCUSDT": 0.03895415874598772,
    "XRPUSDT": 2254.059561269847
  }
}