{
  "cash": 8549.050406703445,
  "units": {
    "ETHUSDT": -0.6974264124724416,
    "SOLUSDT": 17.123219984151135,
    "BTCUSDT": -0.02005000069753711,
    "XRPUSDT": 1178.962898421512,
    "AAPL": 0.0,
    "GOLD": 0.0,
    "NIFTY": 0.0,
    "RELIANCE": 0.0,
    "EURUSD": 0.0,
    "SENSEX": 0.0,
    "NASDAQ": 0.0,
    "SPY": 0.0
  },
  "start_equity": 10000.0,
  "bh_units": {
    "ETHUSDT": 1.3908205841446453,
    "SOLUSDT": 32.04306588054345,
    "BTCUSDT": 0.03895415874598772,
    "XRPUSDT": 2254.059561269847
  }
}