{
  "cash": 7113.427804156623,
  "units": {
    "ETHUSDT": 0.6764722099254524,
    "SOLUSDT": -16.667097061219167,
    "BTCUSDT": 0.0,
    "XRPUSDT": 1149.0709940252048,
    "AAPL": 0.0,
    "GOLD": 0.0,
    "NIFTY": 0.0,
    "RELIANCE": 0.0,
    "EURUSD": 0.0,
    "SENSEX": 0.0,
    "NASDAQ": 0.0,
    "SPY": 0.0
  },
  "start_equity": 10000.0,
  "bh_units": {
    "ETHUSDT": 1.3908205841446453,
    "SOLUSDT": 32.04306588054345,
    "BTCUSDT": 0.03895415874598772,
    "XRPUSDT": 2254.059561269847
  }
}