{
  "cash": 9813.513518213318,
  "units": {
    "ETHUSDT": -0.6249102292749623,
    "SOLUSDT": 0.0,
    "BTCUSDT": -0.01804935467623457,
    "XRPUSDT": 0.0,
    "AAPL": 0.0,
    "GOLD": -0.2846898792174692,
    "NIFTY": 0.0,
    "RELIANCE": 0.0,
    "EURUSD": 990.6620088479831,
    "SENSEX": 0.0,
    "NASDAQ": 0.0,
    "SPY": 0.0
  },
  "start_equity": 10000.0,
  "bh_units": {
    "ETHUSDT": 1.3908205841446453,
    "SOLUSDT": 32.04306588054345,
    "BTCUSDT": 0.03895415874598772,
    "XRPUSDT": 2254.059561269847
  }
}