{
  "cash": 14838.455443726047,
  "units": {
    "ETHUSDT": -0.6145518369977392,
    "SOLUSDT": -15.36379592494348,
    "BTCUSDT": -0.018253304001311612,
    "XRPUSDT": -1059.7446406318704,
    "AAPL": 0.0,
    "GOLD": -0.2907519361828895,
    "NIFTY": -0.04856752931670493,
    "RELIANCE": 0.0,
    "EURUSD": 1020.9507469816921,
    "SENSEX": -0.01513727472712228,
    "NASDAQ": 0.0,
    "SPY": 0.0
  },
  "start_equity": 10000.0,
  "bh_units": {
    "ETHUSDT": 1.3908205841446453,
    "SOLUSDT": 32.04306588054345,
    "BTCUSDT": 0.03895415874598772,
    "XRPUSDT": 2254.059561269847
  }
}