{
  "cash": 9032.000938096679,
  "units": {
    "ETHUSDT": -0.6174299047373423,
    "SOLUSDT": 15.353681094738992,
    "BTCUSDT": 0.018299653452773432,
    "XRPUSDT": -1065.5972065100887,
    "AAPL": 0.0,
    "GOLD": -0.29076587710632995,
    "NIFTY": 0.0,
    "RELIANCE": 0.0,
    "EURUSD": 0.0,
    "SENSEX": 0.0,
    "NASDAQ": 0.0,
    "SPY": 0.0
  },
  "start_equity": 10000.0,
  "bh_units": {
    "ETHUSDT": 1.3908205841446453,
    "SOLUSDT": 32.04306588054345,
    "BTCUSDT": 0.03895415874598772,
    "XRPUSDT": 2254.059561269847
  }
}