{
  "cash": 12465.787330483912,
  "units": {
    "ETHUSDT": 0.0,
    "SOLUSDT": -15.363777915352342,
    "BTCUSDT": -0.018252449376409123,
    "XRPUSDT": -1057.6483557047409,
    "AAPL": 0.0,
    "GOLD": 0.2891374745852039,
    "NIFTY": 0.0,
    "RELIANCE": -0.8986026341848782,
    "EURUSD": -1019.116311493593,
    "SENSEX": 0.0,
    "NASDAQ": 0.0,
    "SPY": 0.0
  },
  "start_equity": 10000.0,
  "bh_units": {
    "ETHUSDT": 1.3908205841446453,
    "SOLUSDT": 32.04306588054345,
    "BTCUSDT": 0.03895415874598772,
    "XRPUSDT": 2254.059561269847
  }
}