{
  "cash": 19620.33195060027,
  "units": {
    "ETHUSDT": -0.8735396720017498,
    "SOLUSDT": -21.699888369114674,
    "BTCUSDT": -0.02549986882084904,
    "XRPUSDT": -1477.705268387053,
    "AAPL": 0.0,
    "GOLD": -0.40783963205493123,
    "NIFTY": 0.0,
    "RELIANCE": 0.0,
    "EURUSD": 0.0,
    "SENSEX": 0.0,
    "NASDAQ": 0.0,
    "SPY": 0.0
  },
  "start_equity": 10000.0,
  "bh_units": {
    "ETHUSDT": 1.3908205841446453,
    "SOLUSDT": 32.04306588054345,
    "BTCUSDT": 0.03895415874598772,
    "XRPUSDT": 2254.059561269847
  }
}