{
  "cash": 12821.435378869004,
  "units": {
    "ETHUSDT": -0.6394268086112312,
    "SOLUSDT": -15.49725925214793,
    "BTCUSDT": -0.01855613973093427,
    "XRPUSDT": -1083.9599283947978,
    "AAPL": 0.0,
    "GOLD": 0.0,
    "NIFTY": 0.0,
    "RELIANCE": 0.0,
    "EURUSD": 0.0,
    "SENSEX": 0.0,
    "NASDAQ": 0.0,
    "SPY": 0.0
  },
  "start_equity": 10000.0,
  "bh_units": {
    "ETHUSDT": 1.3908205841446453,
    "SOLUSDT": 32.04306588054345,
    "BTCUSDT": 0.03895415874598772,
    "XRPUSDT": 2254.059561269847
  }
}