{
  "cash": 3361.487505706764,
  "units": {
    "ETHUSDT": 0.6855627099597759,
    "SOLUSDT": 16.89212563734579,
    "BTCUSDT": 0.019705764759313675,
    "XRPUSDT": 1161.8626055454092,
    "AAPL": 0.0,
    "GOLD": 0.0,
    "NIFTY": 0.0,
    "RELIANCE": 0.0,
    "EURUSD": 0.0,
    "SENSEX": 0.0,
    "NASDAQ": 0.0,
    "SPY": 0.0
  },
  "start_equity": 10000.0,
  "bh_units": {
    "ETHUSDT": 1.3908205841446453,
    "SOLUSDT": 32.04306588054345,
    "BTCUSDT": 0.03895415874598772,
    "XRPUSDT": 2254.059561269847
  }
}