{
  "cash": 6637.562231737114,
  "units": {
    "ETHUSDT": -0.6194924413308603,
    "SOLUSDT": 15.361820562331928,
    "BTCUSDT": 0.018263878260495643,
    "XRPUSDT": 1058.2063351599134,
    "AAPL": 0.0,
    "GOLD": 0.2903132103397235,
    "NIFTY": 0.0,
    "RELIANCE": 0.0,
    "EURUSD": -1021.398356105881,
    "SENSEX": -0.015178354908857746,
    "NASDAQ": 0.0,
    "SPY": 0.0
  },
  "start_equity": 10000.0,
  "bh_units": {
    "ETHUSDT": 1.3908205841446453,
    "SOLUSDT": 32.04306588054345,
    "BTCUSDT": 0.03895415874598772,
    "XRPUSDT": 2254.059561269847
  }
}