{
  "cash": -1923.3739221823248,
  "units": {
    "ETHUSDT": 0.7700039054017723,
    "SOLUSDT": 18.639947177428894,
    "BTCUSDT": 0.022266963876000235,
    "XRPUSDT": 1304.7878691995647,
    "AAPL": 4.597437633176787,
    "GOLD": 0.0,
    "NIFTY": 0.0,
    "RELIANCE": 0.0,
    "EURUSD": 1261.1389834230358,
    "SENSEX": 0.0,
    "NASDAQ": 0.055235671766983664,
    "SPY": 1.9193726888056373
  },
  "start_equity": 10000.0,
  "bh_units": {
    "ETHUSDT": 1.3908205841446453,
    "SOLUSDT": 32.04306588054345,
    "BTCUSDT": 0.03895415874598772,
    "XRPUSDT": 2254.059561269847
  }
}