{
  "cash": 11099.79293444191,
  "units": {
    "ETHUSDT": -0.6964851927775959,
    "SOLUSDT": -17.090646526082043,
    "BTCUSDT": -0.020048432162174456,
    "XRPUSDT": 1176.857093667138,
    "AAPL": 0.0,
    "GOLD": 0.0,
    "NIFTY": 0.0,
    "RELIANCE": 0.0,
    "EURUSD": 0.0,
    "SENSEX": 0.0,
    "NASDAQ": 0.0,
    "SPY": 0.0
  },
  "start_equity": 10000.0,
  "bh_units": {
    "ETHUSDT": 1.3908205841446453,
    "SOLUSDT": 32.04306588054345,
    "BTCUSDT": 0.03895415874598772,
    "XRPUSDT": 2254.059561269847
  }
}