{
  "cash": 5708.083600631694,
  "units": {
    "ETHUSDT": 0.6538526048843264,
    "SOLUSDT": 16.06979747202574,
    "BTCUSDT": 0.018897176430469512,
    "XRPUSDT": 1113.415334619481,
    "AAPL": 0.0,
    "GOLD": -0.30581214184454886,
    "NIFTY": 0.0,
    "RELIANCE": 0.0,
    "EURUSD": -1070.4762725459666,
    "SENSEX": 0.0,
    "NASDAQ": 0.0,
    "SPY": 0.0
  },
  "start_equity": 10000.0,
  "bh_units": {
    "ETHUSDT": 1.3908205841446453,
    "SOLUSDT": 32.04306588054345,
    "BTCUSDT": 0.03895415874598772,
    "XRPUSDT": 2254.059561269847
  }
}