{
  "cash": 10492.12755092733,
  "units": {
    "ETHUSDT": -0.6463094544075783,
    "SOLUSDT": -15.741087686695622,
    "BTCUSDT": 0.0,
    "XRPUSDT": -1091.2360897900285,
    "AAPL": 0.0,
    "GOLD": 0.0,
    "NIFTY": 0.0,
    "RELIANCE": 0.0,
    "EURUSD": 1060.060644739047,
    "SENSEX": 0.0,
    "NASDAQ": 0.0,
    "SPY": 0.0
  },
  "start_equity": 10000.0,
  "bh_units": {
    "ETHUSDT": 1.3908205841446453,
    "SOLUSDT": 32.04306588054345,
    "BTCUSDT": 0.03895415874598772,
    "XRPUSDT": 2254.059561269847
  }
}