{
  "cash": 13150.515168916396,
  "units": {
    "ETHUSDT": -0.8931219294983422,
    "SOLUSDT": 22.01063128278696,
    "BTCUSDT": -0.02590346236701671,
    "XRPUSDT": -1503.091685224491,
    "AAPL": 0.0,
    "GOLD": 0.4201794362154442,
    "NIFTY": 0.0,
    "RELIANCE": 0.0,
    "EURUSD": 0.0,
    "SENSEX": 0.0,
    "NASDAQ": 0.0,
    "SPY": 0.0
  },
  "start_equity": 10000.0,
  "bh_units": {
    "ETHUSDT": 1.3908205841446453,
    "SOLUSDT": 32.04306588054345,
    "BTCUSDT": 0.03895415874598772,
    "XRPUSDT": 2254.059561269847
  }
}