{
  "cash": 7451.394631714367,
  "units": {
    "ETHUSDT": -0.6080957989560166,
    "SOLUSDT": 14.903291601713304,
    "BTCUSDT": -0.017469998061822745,
    "XRPUSDT": 1027.0861835457229,
    "AAPL": 0.0,
    "GOLD": 0.27829369905675966,
    "NIFTY": 0.0,
    "RELIANCE": 0.0,
    "EURUSD": 977.0557860355955,
    "SENSEX": 0.0,
    "NASDAQ": -0.043810119368785504,
    "SPY": -1.504184014261637
  },
  "start_equity": 10000.0,
  "bh_units": {
    "ETHUSDT": 1.3908205841446453,
    "SOLUSDT": 32.04306588054345,
    "BTCUSDT": 0.03895415874598772,
    "XRPUSDT": 2254.059561269847
  }
}