{
  "cash": 8663.770714898783,
  "units": {
    "ETHUSDT": 0.790356048009323,
    "SOLUSDT": 19.45777966813946,
    "BTCUSDT": 0.023107123796547214,
    "XRPUSDT": 1347.715350337853,
    "AAPL": 0.0,
    "GOLD": 0.0,
    "NIFTY": 0.0,
    "RELIANCE": -1.1710121418714154,
    "EURUSD": -1338.7974264441511,
    "SENSEX": -0.019771487606853055,
    "NASDAQ": 0.0,
    "SPY": 0.0
  },
  "start_equity": 10000.0,
  "bh_units": {
    "ETHUSDT": 1.3908205841446453,
    "SOLUSDT": 32.04306588054345,
    "BTCUSDT": 0.03895415874598772,
    "XRPUSDT": 2254.059561269847
  }
}