{
  "cash": 15688.436711360935,
  "units": {
    "ETHUSDT": -0.8260553745010718,
    "SOLUSDT": -19.5714117671212,
    "BTCUSDT": -0.023593063751991633,
    "XRPUSDT": -1378.3459325996967,
    "AAPL": 0.0
  },
  "start_equity": 10000.0,
  "bh_units": {
    "ETHUSDT": 1.3908205841446453,
    "SOLUSDT": 32.04306588054345,
    "BTCUSDT": 0.03895415874598772,
    "XRPUSDT": 2254.059561269847
  }
}