{
  "cash": 14667.263185746033,
  "units": {
    "ETHUSDT": 0.7819543391429579,
    "SOLUSDT": 0.0,
    "BTCUSDT": -0.0228469832885178,
    "XRPUSDT": -1334.5608977272534,
    "AAPL": 0.0,
    "GOLD": -0.37346354789734426,
    "NIFTY": 0.0,
    "RELIANCE": 0.0,
    "EURUSD": -1328.5897864520707,
    "SENSEX": 0.0,
    "NASDAQ": 0.0,
    "SPY": 0.0
  },
  "start_equity": 10000.0,
  "bh_units": {
    "ETHUSDT": 1.3908205841446453,
    "SOLUSDT": 32.04306588054345,
    "BTCUSDT": 0.03895415874598772,
    "XRPUSDT": 2254.059561269847
  }
}