{
  "cash": 5431.916702495262,
  "units": {
    "ETHUSDT": 0.6172693850373164,
    "SOLUSDT": -15.292680771297551,
    "BTCUSDT": 0.018152830546797886,
    "XRPUSDT": 1050.55159863102,
    "AAPL": 0.0,
    "GOLD": 0.28827608258279663,
    "NIFTY": 0.0,
    "RELIANCE": 0.0,
    "EURUSD": -1015.2889047866769,
    "SENSEX": 0.0,
    "NASDAQ": 0.0,
    "SPY": 0.0
  },
  "start_equity": 10000.0,
  "bh_units": {
    "ETHUSDT": 1.3908205841446453,
    "SOLUSDT": 32.04306588054345,
    "BTCUSDT": 0.03895415874598772,
    "XRPUSDT": 2254.059561269847
  }
}