{
  "cash": 2392.319653358125,
  "units": {
    "ETHUSDT": 0.7684778754250128,
    "SOLUSDT": 18.62529591962763,
    "BTCUSDT": 0.022233950609249185,
    "XRPUSDT": 1304.630426731931,
    "AAPL": 0.0,
    "GOLD": 0.0,
    "NIFTY": 0.0,
    "RELIANCE": 0.0,
    "EURUSD": 1256.079137821795,
    "SENSEX": 0.0,
    "NASDAQ": 0.0,
    "SPY": 0.0
  },
  "start_equity": 10000.0,
  "bh_units": {
    "ETHUSDT": 1.3908205841446453,
    "SOLUSDT": 32.04306588054345,
    "BTCUSDT": 0.03895415874598772,
    "XRPUSDT": 2254.059561269847
  }
}