{
  "cash": 7902.983362053138,
  "units": {
    "ETHUSDT": -0.6193911998196335,
    "SOLUSDT": -15.30415752947892,
    "BTCUSDT": 0.018243616023481707,
    "XRPUSDT": -1065.528921630552,
    "AAPL": 0.0,
    "GOLD": -0.29393145532677845,
    "NIFTY": 0.0,
    "RELIANCE": 0.0,
    "EURUSD": 1036.4140235360155,
    "SENSEX": 0.0,
    "NASDAQ": 0.04541382411181046,
    "SPY": 1.5779371105747497
  },
  "start_equity": 10000.0,
  "bh_units": {
    "ETHUSDT": 1.3908205841446453,
    "SOLUSDT": 32.04306588054345,
    "BTCUSDT": 0.03895415874598772,
    "XRPUSDT": 2254.059561269847
  }
}