{
  "cash": 7510.601338790191,
  "units": {
    "ETHUSDT": 0.6205558494015188,
    "SOLUSDT": -15.214383995047362,
    "BTCUSDT": 0.0,
    "XRPUSDT": -1047.3224435768796,
    "AAPL": 3.3707098451026174,
    "GOLD": 0.2810367895740936,
    "NIFTY": 0.0,
    "RELIANCE": 0.0,
    "EURUSD": -984.7338539961185,
    "SENSEX": 0.0,
    "NASDAQ": 0.0,
    "SPY": 0.0
  },
  "start_equity": 10000.0,
  "bh_units": {
    "ETHUSDT": 1.3908205841446453,
    "SOLUSDT": 32.04306588054345,
    "BTCUSDT": 0.03895415874598772,
    "XRPUSDT": 2254.059561269847
  }
}