{
  "cash": 4129.420718604752,
  "units": {
    "ETHUSDT": 0.6144399978654529,
    "SOLUSDT": 0.0,
    "BTCUSDT": 0.01776480391116907,
    "XRPUSDT": 1038.9569249430226,
    "AAPL": -3.397007965046137,
    "GOLD": 0.2799208823960885,
    "NIFTY": 0.0,
    "RELIANCE": 0.0,
    "EURUSD": 0.0,
    "SENSEX": 0.0,
    "NASDAQ": 0.0,
    "SPY": 0.0
  },
  "start_equity": 10000.0,
  "bh_units": {
    "ETHUSDT": 1.3908205841446453,
    "SOLUSDT": 32.04306588054345,
    "BTCUSDT": 0.03895415874598772,
    "XRPUSDT": 2254.059561269847
  }
}