{
  "cash": 10921.07892797077,
  "units": {
    "ETHUSDT": 0.0,
    "SOLUSDT": -15.122354141919683,
    "BTCUSDT": 0.017879116781661715,
    "XRPUSDT": -1044.5406573401112,
    "AAPL": 0.0,
    "GOLD": -0.28293119199845723,
    "NIFTY": 0.0,
    "RELIANCE": 0.0,
    "EURUSD": -988.0572765689391,
    "SENSEX": 0.0,
    "NASDAQ": 0.0,
    "SPY": 0.0
  },
  "start_equity": 10000.0,
  "bh_units": {
    "ETHUSDT": 1.3908205841446453,
    "SOLUSDT": 32.04306588054345,
    "BTCUSDT": 0.03895415874598772,
    "XRPUSDT": 2254.059561269847
  }
}