{
  "cash": 9022.445856349426,
  "units": {
    "ETHUSDT": 0.6118308509011564,
    "SOLUSDT": -15.28861814488782,
    "BTCUSDT": -0.018209240245593807,
    "XRPUSDT": -1055.5979521525696,
    "AAPL": 0.0,
    "GOLD": 0.0,
    "NIFTY": 0.0,
    "RELIANCE": 0.0,
    "EURUSD": 1025.9046589901188,
    "SENSEX": 0.0,
    "NASDAQ": 0.0,
    "SPY": 0.0
  },
  "start_equity": 10000.0,
  "bh_units": {
    "ETHUSDT": 1.3908205841446453,
    "SOLUSDT": 32.04306588054345,
    "BTCUSDT": 0.03895415874598772,
    "XRPUSDT": 2254.059561269847
  }
}