{
  "cash": 5609.886446934677,
  "units": {
    "ETHUSDT": 0.0,
    "SOLUSDT": 19.470395523699423,
    "BTCUSDT": 0.023234863176390324,
    "XRPUSDT": 1348.7332941460672,
    "AAPL": 0.0,
    "GOLD": 0.37471309242030015,
    "NIFTY": 0.0,
    "RELIANCE": -1.168075102448502,
    "EURUSD": 0.0,
    "SENSEX": 0.0,
    "NASDAQ": 0.0,
    "SPY": 0.0
  },
  "start_equity": 10000.0,
  "bh_units": {
    "ETHUSDT": 1.3908205841446453,
    "SOLUSDT": 32.04306588054345,
    "BTCUSDT": 0.03895415874598772,
    "XRPUSDT": 2254.059561269847
  }
}