{
  "cash": 13366.363033525055,
  "units": {
    "ETHUSDT": -0.620256457816571,
    "SOLUSDT": -15.27854019040899,
    "BTCUSDT": -0.01805790141342154,
    "XRPUSDT": -1053.5906873620822,
    "AAPL": 0.0,
    "GOLD": -0.2874909615032168,
    "NIFTY": 0.0,
    "RELIANCE": 0.0,
    "EURUSD": 0.0,
    "SENSEX": 0.0,
    "NASDAQ": 0.0,
    "SPY": 0.0
  },
  "start_equity": 10000.0,
  "bh_units": {
    "ETHUSDT": 1.3908205841446453,
    "SOLUSDT": 32.04306588054345,
    "BTCUSDT": 0.03895415874598772,
    "XRPUSDT": 2254.059561269847
  }
}