{
  "cash": 1911.1125386462118,
  "units": {
    "ETHUSDT": 0.6129534873252727,
    "SOLUSDT": 15.10104023394628,
    "BTCUSDT": 0.017864147340698765,
    "XRPUSDT": -1038.0771106057232,
    "AAPL": 3.45885049033104,
    "GOLD": 0.28741396382012946,
    "NIFTY": 0.0,
    "RELIANCE": 0.0,
    "EURUSD": -1004.5790385625653,
    "SENSEX": 0.0,
    "NASDAQ": 0.044126118698341314,
    "SPY": 1.5262047106603693
  },
  "start_equity": 10000.0,
  "bh_units": {
    "ETHUSDT": 1.3908205841446453,
    "SOLUSDT": 32.04306588054345,
    "BTCUSDT": 0.03895415874598772,
    "XRPUSDT": 2254.059561269847
  }
}