{
  "cash": 7547.845086136138,
  "units": {
    "ETHUSDT": -0.6165323951332117,
    "SOLUSDT": 0.0,
    "BTCUSDT": 0.017932842516703518,
    "XRPUSDT": 1041.7733136394231,
    "AAPL": 0.0,
    "GOLD": 0.0,
    "NIFTY": 0.0,
    "RELIANCE": 0.0,
    "EURUSD": -990.5185405145161,
    "SENSEX": 0.0,
    "NASDAQ": 0.0,
    "SPY": 0.0
  },
  "start_equity": 10000.0,
  "bh_units": {
    "ETHUSDT": 1.3908205841446453,
    "SOLUSDT": 32.04306588054345,
    "BTCUSDT": 0.03895415874598772,
    "XRPUSDT": 2254.059561269847
  }
}