{
  "cash": 5611.608285131018,
  "units": {
    "ETHUSDT": -0.7926378264248721,
    "SOLUSDT": 0.0,
    "BTCUSDT": 0.0,
    "XRPUSDT": 1350.9855134979387,
    "AAPL": 0.0,
    "GOLD": 0.3752127126998734,
    "NIFTY": 0.063351097627929,
    "RELIANCE": -1.167894270517288,
    "EURUSD": 1340.6506221299105,
    "SENSEX": 0.01976923873687248,
    "NASDAQ": 0.0,
    "SPY": 0.0
  },
  "start_equity": 10000.0,
  "bh_units": {
    "ETHUSDT": 1.3908205841446453,
    "SOLUSDT": 32.04306588054345,
    "BTCUSDT": 0.03895415874598772,
    "XRPUSDT": 2254.059561269847
  }
}