{
  "cash": 16198.769422983716,
  "units": {
    "ETHUSDT": -0.6151658435559486,
    "SOLUSDT": -15.273329003323767,
    "BTCUSDT": -0.018266142693437876,
    "XRPUSDT": -1064.8440179916613,
    "AAPL": 3.6095099389401875,
    "GOLD": -0.2912082210902733,
    "NIFTY": 0.0,
    "RELIANCE": 0.0,
    "EURUSD": -1033.266269131762,
    "SENSEX": 0.0,
    "NASDAQ": -0.04519031490929831,
    "SPY": -1.5728505174194012
  },
  "start_equity": 10000.0,
  "bh_units": {
    "ETHUSDT": 1.3908205841446453,
    "SOLUSDT": 32.04306588054345,
    "BTCUSDT": 0.03895415874598772,
    "XRPUSDT": 2254.059561269847
  }
}