{
  "cash": 3054.115801363728,
  "units": {
    "ETHUSDT": 0.0,
    "SOLUSDT": 15.390822647184118,
    "BTCUSDT": -0.018275896331533648,
    "XRPUSDT": 1059.5863571561442,
    "AAPL": 0.0,
    "GOLD": 0.2870625297507454,
    "NIFTY": 0.04722846522153597,
    "RELIANCE": 0.0,
    "EURUSD": 1000.8335334752019,
    "SENSEX": 0.0,
    "NASDAQ": 0.0,
    "SPY": 0.0
  },
  "start_equity": 10000.0,
  "bh_units": {
    "ETHUSDT": 1.3908205841446453,
    "SOLUSDT": 32.04306588054345,
    "BTCUSDT": 0.03895415874598772,
    "XRPUSDT": 2254.059561269847
  }
}