{
  "cash": 11165.868133080696,
  "units": {
    "ETHUSDT": 0.0,
    "SOLUSDT": -19.351770409191104,
    "BTCUSDT": 0.02317741397542905,
    "XRPUSDT": -1359.6383514727759,
    "AAPL": 0.0,
    "GOLD": -0.36106483533285766,
    "NIFTY": 0.0,
    "RELIANCE": 0.0,
    "EURUSD": 1275.7118222979632,
    "SENSEX": 0.0
  },
  "start_equity": 10000.0,
  "bh_units": {
    "ETHUSDT": 1.3908205841446453,
    "SOLUSDT": 32.04306588054345,
    "BTCUSDT": 0.03895415874598772,
    "XRPUSDT": 2254.059561269847
  }
}