{
  "cash": 8736.721913143781,
  "units": {
    "ETHUSDT": 0.0,
    "SOLUSDT": -19.920510289287783,
    "BTCUSDT": 0.023590960155031166,
    "XRPUSDT": 1387.493770408018,
    "AAPL": -4.751777090761023,
    "GOLD": 0.3839757722843046,
    "NIFTY": 0.0,
    "RELIANCE": 0.0,
    "EURUSD": 0.0,
    "SENSEX": 0.0,
    "NASDAQ": 0.0,
    "SPY": 0.0
  },
  "start_equity": 10000.0,
  "bh_units": {
    "ETHUSDT": 1.3908205841446453,
    "SOLUSDT": 32.04306588054345,
    "BTCUSDT": 0.03895415874598772,
    "XRPUSDT": 2254.059561269847
  }
}