{
  "cash": 9220.967012030744,
  "units": {
    "ETHUSDT": 0.0,
    "SOLUSDT": 15.856693052892258,
    "BTCUSDT": -0.018787175517666985,
    "XRPUSDT": 1107.0477051814073,
    "AAPL": 0.0,
    "GOLD": -0.29978220770716174,
    "NIFTY": -0.049711650237503534,
    "RELIANCE": 0.0,
    "EURUSD": 0.0,
    "SENSEX": 0.0,
    "NASDAQ": 0.0,
    "SPY": 0.0
  },
  "start_equity": 10000.0,
  "bh_units": {
    "ETHUSDT": 1.3908205841446453,
    "SOLUSDT": 32.04306588054345,
    "BTCUSDT": 0.03895415874598772,
    "XRPUSDT": 2254.059561269847
  }
}