{
  "cash": 8827.312431071045,
  "units": {
    "ETHUSDT": -0.613129782400256,
    "SOLUSDT": 15.059679605633901,
    "BTCUSDT": 0.0,
    "XRPUSDT": 1035.0146443555723,
    "AAPL": 3.4737733630078442,
    "GOLD": -0.28713709020714023,
    "NIFTY": 0.0,
    "RELIANCE": 0.0,
    "EURUSD": 0.0,
    "SENSEX": 0.0,
    "NASDAQ": -0.04420806825091681,
    "SPY": -1.5295877717351902
  },
  "start_equity": 10000.0,
  "bh_units": {
    "ETHUSDT": 1.3908205841446453,
    "SOLUSDT": 32.04306588054345,
    "BTCUSDT": 0.03895415874598772,
    "XRPUSDT": 2254.059561269847
  }
}