{
  "cash": 5705.887580433414,
  "units": {
    "ETHUSDT": 0.6581384729768601,
    "SOLUSDT": 16.142855218363117,
    "BTCUSDT": 0.01899439688699565,
    "XRPUSDT": -1119.2052598354408,
    "AAPL": 0.0,
    "GOLD": 0.0,
    "NIFTY": 0.0,
    "RELIANCE": 0.0,
    "EURUSD": 0.0,
    "SENSEX": 0.0,
    "NASDAQ": 0.0,
    "SPY": 0.0
  },
  "start_equity": 10000.0,
  "bh_units": {
    "ETHUSDT": 1.3908205841446453,
    "SOLUSDT": 32.04306588054345,
    "BTCUSDT": 0.03895415874598772,
    "XRPUSDT": 2254.059561269847
  }
}