{
  "cash": 15861.815287635422,
  "units": {
    "ETHUSDT": -0.834996562077926,
    "SOLUSDT": -19.53810770469818,
    "BTCUSDT": -0.023681329066544233,
    "XRPUSDT": -1379.166939404369,
    "AAPL": 0.0
  },
  "start_equity": 10000.0,
  "bh_units": {
    "ETHUSDT": 1.3908205841446453,
    "SOLUSDT": 32.04306588054345,
    "BTCUSDT": 0.03895415874598772,
    "XRPUSDT": 2254.059561269847
  }
}