{
  "cash": 9058.024097674315,
  "units": {
    "ETHUSDT": -0.6145710555760283,
    "SOLUSDT": 15.244946052845176,
    "BTCUSDT": -0.018218532024175976,
    "XRPUSDT": -1061.3431373668689,
    "AAPL": 0.0,
    "GOLD": 0.29055664614833027,
    "NIFTY": 0.0,
    "RELIANCE": 0.0,
    "EURUSD": 0.0,
    "SENSEX": 0.0,
    "NASDAQ": 0.0,
    "SPY": 0.0
  },
  "start_equity": 10000.0,
  "bh_units": {
    "ETHUSDT": 1.3908205841446453,
    "SOLUSDT": 32.04306588054345,
    "BTCUSDT": 0.03895415874598772,
    "XRPUSDT": 2254.059561269847
  }
}