{
  "cash": 4340.919271319777,
  "units": {
    "ETHUSDT": 0.6149992199568174,
    "SOLUSDT": 0.0,
    "BTCUSDT": 0.01815484029738913,
    "XRPUSDT": 1054.6128145694743,
    "AAPL": 3.6478479639444727,
    "GOLD": 0.29132019501593337,
    "NIFTY": 0.0,
    "RELIANCE": 0.0,
    "EURUSD": 0.0,
    "SENSEX": 0.0,
    "NASDAQ": -0.0451912982126162,
    "SPY": -1.5707415814945769
  },
  "start_equity": 10000.0,
  "bh_units": {
    "ETHUSDT": 1.3908205841446453,
    "SOLUSDT": 32.04306588054345,
    "BTCUSDT": 0.03895415874598772,
    "XRPUSDT": 2254.059561269847
  }
}