{
  "cash": 12731.519195712795,
  "units": {
    "ETHUSDT": -0.8235376358549079,
    "SOLUSDT": -19.560526459394964,
    "BTCUSDT": -0.02345115073449146,
    "XRPUSDT": 1375.9434544566298,
    "AAPL": 0.0
  },
  "start_equity": 10000.0,
  "bh_units": {
    "ETHUSDT": 1.3908205841446453,
    "SOLUSDT": 32.04306588054345,
    "BTCUSDT": 0.03895415874598772,
    "XRPUSDT": 2254.059561269847
  }
}