{
  "cash": 2544.8235480565804,
  "units": {
    "ETHUSDT": 0.7860271380241604,
    "SOLUSDT": 0.0,
    "BTCUSDT": 0.0,
    "XRPUSDT": 1346.4600622541916,
    "AAPL": 0.0,
    "GOLD": -0.3752664369454573,
    "NIFTY": 0.0632046470480619,
    "RELIANCE": 1.1680469003824325,
    "EURUSD": 1337.188349339728,
    "SENSEX": 0.01972172249956092,
    "NASDAQ": 0.0,
    "SPY": 0.0
  },
  "start_equity": 10000.0,
  "bh_units": {
    "ETHUSDT": 1.3908205841446453,
    "SOLUSDT": 32.04306588054345,
    "BTCUSDT": 0.03895415874598772,
    "XRPUSDT": 2254.059561269847
  }
}