{
  "cash": 5205.166797442902,
  "units": {
    "ETHUSDT": -0.6052699661938087,
    "SOLUSDT": 14.857652473297675,
    "BTCUSDT": -0.017405678785676004,
    "XRPUSDT": 1024.3081500176204,
    "AAPL": 0.0,
    "GOLD": 0.27728375533064614,
    "NIFTY": 0.0,
    "RELIANCE": 0.0,
    "EURUSD": 974.5872337018952,
    "SENSEX": 0.0,
    "NASDAQ": 0.0,
    "SPY": 0.0
  },
  "start_equity": 10000.0,
  "bh_units": {
    "ETHUSDT": 1.3908205841446453,
    "SOLUSDT": 32.04306588054345,
    "BTCUSDT": 0.03895415874598772,
    "XRPUSDT": 2254.059561269847
  }
}