{
  "cash": 15973.116710380624,
  "units": {
    "ETHUSDT": -0.6210249060126528,
    "SOLUSDT": -15.3639994492247,
    "BTCUSDT": -0.01825226149024867,
    "XRPUSDT": -1056.9226884794973,
    "AAPL": 0.0,
    "GOLD": 0.0,
    "NIFTY": -0.04856173401177866,
    "RELIANCE": -0.9015063073399778,
    "EURUSD": -1019.5316860854907,
    "SENSEX": 0.0,
    "NASDAQ": 0.0,
    "SPY": 0.0
  },
  "start_equity": 10000.0,
  "bh_units": {
    "ETHUSDT": 1.3908205841446453,
    "SOLUSDT": 32.04306588054345,
    "BTCUSDT": 0.03895415874598772,
    "XRPUSDT": 2254.059561269847
  }
}