{
  "cash": 2558.041253425326,
  "units": {
    "ETHUSDT": 0.7978005439489386,
    "SOLUSDT": 19.597745299659657,
    "BTCUSDT": 0.023431989236662103,
    "XRPUSDT": 1356.6684046227113,
    "AAPL": 0.0,
    "GOLD": 0.37869992520543094,
    "NIFTY": -0.06347375703715052,
    "RELIANCE": 1.166277246107063,
    "EURUSD": 1344.149331794202,
    "SENSEX": -0.019814613385038773,
    "NASDAQ": 0.0,
    "SPY": 0.0
  },
  "start_equity": 10000.0,
  "bh_units": {
    "ETHUSDT": 1.3908205841446453,
    "SOLUSDT": 32.04306588054345,
    "BTCUSDT": 0.03895415874598772,
    "XRPUSDT": 2254.059561269847
  }
}