{
  "cash": 4087.3320426647856,
  "units": {
    "ETHUSDT": 0.8079489378521585,
    "SOLUSDT": 19.784845087171952,
    "BTCUSDT": 0.023549769532419388,
    "XRPUSDT": 1380.8020948578303,
    "AAPL": 0.0,
    "GOLD": -0.3825853321662324,
    "NIFTY": 0.0,
    "RELIANCE": 0.0,
    "EURUSD": 1343.0196148338673,
    "SENSEX": 0.0,
    "NASDAQ": 0.0,
    "SPY": 0.0
  },
  "start_equity": 10000.0,
  "bh_units": {
    "ETHUSDT": 1.3908205841446453,
    "SOLUSDT": 32.04306588054345,
    "BTCUSDT": 0.03895415874598772,
    "XRPUSDT": 2254.059561269847
  }
}