{
  "cash": 12381.869113832867,
  "units": {
    "ETHUSDT": 0.0,
    "SOLUSDT": 0.0,
    "BTCUSDT": -0.01814913649510888,
    "XRPUSDT": -1053.5779891362708,
    "AAPL": 0.0,
    "GOLD": -0.2895631164165508,
    "NIFTY": 0.0,
    "RELIANCE": 0.0,
    "EURUSD": -1013.3571550333209,
    "SENSEX": 0.0,
    "NASDAQ": 0.0,
    "SPY": 0.0
  },
  "start_equity": 10000.0,
  "bh_units": {
    "ETHUSDT": 1.3908205841446453,
    "SOLUSDT": 32.04306588054345,
    "BTCUSDT": 0.03895415874598772,
    "XRPUSDT": 2254.059561269847
  }
}