{
  "cash": 9732.185610737923,
  "units": {
    "ETHUSDT": 0.8934364947477692,
    "SOLUSDT": 22.055458879201574,
    "BTCUSDT": 0.0,
    "XRPUSDT": -1494.9047504729592,
    "AAPL": 0.0,
    "GOLD": -0.42048701311981657,
    "NIFTY": 0.0,
    "RELIANCE": 0.0,
    "EURUSD": 1506.268910215704,
    "SENSEX": 0.0,
    "NASDAQ": 0.0,
    "SPY": 0.0
  },
  "start_equity": 10000.0,
  "bh_units": {
    "ETHUSDT": 1.3908205841446453,
    "SOLUSDT": 32.04306588054345,
    "BTCUSDT": 0.03895415874598772,
    "XRPUSDT": 2254.059561269847
  }
}