{
  "cash": 6776.838289338961,
  "units": {
    "ETHUSDT": 0.6419040033473337,
    "SOLUSDT": 0.0,
    "BTCUSDT": 0.018634987144397177,
    "XRPUSDT": 1096.7878447393764,
    "AAPL": 0.0,
    "GOLD": 0.0,
    "NIFTY": 0.0,
    "RELIANCE": 0.0,
    "EURUSD": -1046.111526882475,
    "SENSEX": -0.015394714726459004,
    "NASDAQ": 0.0,
    "SPY": 0.0
  },
  "start_equity": 10000.0,
  "bh_units": {
    "ETHUSDT": 1.3908205841446453,
    "SOLUSDT": 32.04306588054345,
    "BTCUSDT": 0.03895415874598772,
    "XRPUSDT": 2254.059561269847
  }
}