{
  "cash": 9676.101831319407,
  "units": {
    "ETHUSDT": -0.6075424333429131,
    "SOLUSDT": 14.91188886539717,
    "BTCUSDT": -0.01746983913638119,
    "XRPUSDT": 1027.0156620410955,
    "AAPL": 0.0,
    "GOLD": -0.278093803108423,
    "NIFTY": 0.0,
    "RELIANCE": 0.0,
    "EURUSD": -976.0509075532694,
    "SENSEX": 0.0,
    "NASDAQ": 0.0,
    "SPY": 0.0
  },
  "start_equity": 10000.0,
  "bh_units": {
    "ETHUSDT": 1.3908205841446453,
    "SOLUSDT": 32.04306588054345,
    "BTCUSDT": 0.03895415874598772,
    "XRPUSDT": 2254.059561269847
  }
}