{
  "cash": 11808.132767795682,
  "units": {
    "ETHUSDT": -0.8131826244885147,
    "SOLUSDT": -19.84404436211571,
    "BTCUSDT": 0.02363517082191909,
    "XRPUSDT": 1382.364489838425,
    "AAPL": 4.692905513407185,
    "GOLD": 0.0,
    "NIFTY": 0.0,
    "RELIANCE": 0.0,
    "EURUSD": 0.0,
    "SENSEX": 0.0,
    "NASDAQ": -0.060252590455596965,
    "SPY": -2.0736769920189566
  },
  "start_equity": 10000.0,
  "bh_units": {
    "ETHUSDT": 1.3908205841446453,
    "SOLUSDT": 32.04306588054345,
    "BTCUSDT": 0.03895415874598772,
    "XRPUSDT": 2254.059561269847
  }
}