{
  "cash": 9912.302970942303,
  "units": {
    "ETHUSDT": -0.839362295118218,
    "SOLUSDT": -19.597289700440378,
    "BTCUSDT": 0.02377204568753256,
    "XRPUSDT": 1384.6585673052816,
    "AAPL": 0.0
  },
  "start_equity": 10000.0,
  "bh_units": {
    "ETHUSDT": 1.3908205841446453,
    "SOLUSDT": 32.04306588054345,
    "BTCUSDT": 0.03895415874598772,
    "XRPUSDT": 2254.059561269847
  }
}