{
  "cash": 14789.774105584704,
  "units": {
    "ETHUSDT": -0.8898166265644055,
    "SOLUSDT": -22.03125796524027,
    "BTCUSDT": -0.025883170801517152,
    "XRPUSDT": -1506.2529708812065,
    "AAPL": 0.0,
    "GOLD": 0.0,
    "NIFTY": 0.07107493540634138,
    "RELIANCE": 1.32289979056681,
    "EURUSD": -1496.23328635098,
    "SENSEX": 0.02220611861197977,
    "NASDAQ": 0.0,
    "SPY": 0.0
  },
  "start_equity": 10000.0,
  "bh_units": {
    "ETHUSDT": 1.3908205841446453,
    "SOLUSDT": 32.04306588054345,
    "BTCUSDT": 0.03895415874598772,
    "XRPUSDT": 2254.059561269847
  }
}