{
  "cash": 14030.097023171977,
  "units": {
    "ETHUSDT": -0.7761413721625275,
    "SOLUSDT": -18.865864234707033,
    "BTCUSDT": -0.022719355051156034,
    "XRPUSDT": -1322.2981709861708,
    "AAPL": 0.0,
    "GOLD": 0.0,
    "NIFTY": 0.0,
    "RELIANCE": 0.0,
    "EURUSD": -1267.6094613731195,
    "SENSEX": 0.0,
    "NASDAQ": 0.05578085199222167,
    "SPY": 1.933736004234199
  },
  "start_equity": 10000.0,
  "bh_units": {
    "ETHUSDT": 1.3908205841446453,
    "SOLUSDT": 32.04306588054345,
    "BTCUSDT": 0.03895415874598772,
    "XRPUSDT": 2254.059561269847
  }
}