{
  "cash": 15200.113217990827,
  "units": {
    "ETHUSDT": -0.7599408889991786,
    "SOLUSDT": -18.510975732556613,
    "BTCUSDT": 0.022114488563866063,
    "XRPUSDT": -1281.082438057234,
    "AAPL": -4.526917142243725,
    "GOLD": 0.3509146514862522,
    "NIFTY": 0.0,
    "RELIANCE": 0.0,
    "EURUSD": -1248.8665814750889,
    "SENSEX": 0.0,
    "NASDAQ": -0.05459626516400727,
    "SPY": -1.8957586936488964
  },
  "start_equity": 10000.0,
  "bh_units": {
    "ETHUSDT": 1.3908205841446453,
    "SOLUSDT": 32.04306588054345,
    "BTCUSDT": 0.03895415874598772,
    "XRPUSDT": 2254.059561269847
  }
}