{
  "cash": 9156.29764353932,
  "units": {
    "ETHUSDT": -0.6409325363956669,
    "SOLUSDT": -15.631171071500136,
    "BTCUSDT": -0.018598221450845925,
    "XRPUSDT": 1095.0963467747285,
    "AAPL": 0.0,
    "GOLD": 0.2967177059034917,
    "NIFTY": 0.0,
    "RELIANCE": 0.0,
    "EURUSD": 0.0,
    "SENSEX": 0.0,
    "NASDAQ": 0.0,
    "SPY": 0.0
  },
  "start_equity": 10000.0,
  "bh_units": {
    "ETHUSDT": 1.3908205841446453,
    "SOLUSDT": 32.04306588054345,
    "BTCUSDT": 0.03895415874598772,
    "XRPUSDT": 2254.059561269847
  }
}