{
  "cash": 11449.603256569666,
  "units": {
    "ETHUSDT": -0.6169928156877696,
    "SOLUSDT": -15.259902178545895,
    "BTCUSDT": 0.0,
    "XRPUSDT": -1057.3337910196608,
    "AAPL": 3.623707461137676,
    "GOLD": 0.292456970848891,
    "NIFTY": 0.0,
    "RELIANCE": 0.0,
    "EURUSD": -1035.6029426702664,
    "SENSEX": 0.0,
    "NASDAQ": 0.0,
    "SPY": -1.5755731790342982
  },
  "start_equity": 10000.0,
  "bh_units": {
    "ETHUSDT": 1.3908205841446453,
    "SOLUSDT": 32.04306588054345,
    "BTCUSDT": 0.03895415874598772,
    "XRPUSDT": 2254.059561269847
  }
}