{
  "cash": 15863.622384322947,
  "units": {
    "ETHUSDT": -0.8353268520810951,
    "SOLUSDT": -19.52275053636775,
    "BTCUSDT": -0.023689941889152532,
    "XRPUSDT": -1380.8779189566815,
    "AAPL": 0.0
  },
  "start_equity": 10000.0,
  "bh_units": {
    "ETHUSDT": 1.3908205841446453,
    "SOLUSDT": 32.04306588054345,
    "BTCUSDT": 0.03895415874598772,
    "XRPUSDT": 2254.059561269847
  }
}