{
  "cash": 6958.757416314482,
  "units": {
    "ETHUSDT": 0.0,
    "SOLUSDT": 19.65159058662111,
    "BTCUSDT": 0.023848300633531272,
    "XRPUSDT": 0.0,
    "AAPL": 0.0
  },
  "start_equity": 10000.0,
  "bh_units": {
    "ETHUSDT": 1.3908205841446453,
    "SOLUSDT": 32.04306588054345,
    "BTCUSDT": 0.03895415874598772,
    "XRPUSDT": 2254.059561269847
  }
}