{
  "cash": 13089.159672633528,
  "units": {
    "ETHUSDT": 0.882637848411193,
    "SOLUSDT": 21.882723079266736,
    "BTCUSDT": -0.02574011167542356,
    "XRPUSDT": -1497.441937783096,
    "AAPL": 0.0,
    "GOLD": -0.4131932516588377,
    "NIFTY": 0.071013294623502,
    "RELIANCE": -1.31931992359856,
    "EURUSD": 1496.431571246036,
    "SENSEX": -0.022211761118199405,
    "NASDAQ": 0.0,
    "SPY": 0.0
  },
  "start_equity": 10000.0,
  "bh_units": {
    "ETHUSDT": 1.3908205841446453,
    "SOLUSDT": 32.04306588054345,
    "BTCUSDT": 0.03895415874598772,
    "XRPUSDT": 2254.059561269847
  }
}