{
  "cash": 12310.939969003823,
  "units": {
    "ETHUSDT": -0.6909339165563955,
    "SOLUSDT": -17.014489941966424,
    "BTCUSDT": 0.0,
    "XRPUSDT": -1171.7994149212373,
    "AAPL": 0.0,
    "GOLD": 0.0,
    "NIFTY": 0.0,
    "RELIANCE": 0.0,
    "EURUSD": 0.0,
    "SENSEX": 0.0,
    "NASDAQ": 0.0,
    "SPY": 0.0
  },
  "start_equity": 10000.0,
  "bh_units": {
    "ETHUSDT": 1.3908205841446453,
    "SOLUSDT": 32.04306588054345,
    "BTCUSDT": 0.03895415874598772,
    "XRPUSDT": 2254.059561269847
  }
}