{
  "cash": 9910.084699354915,
  "units": {
    "ETHUSDT": -0.8413115332786979,
    "SOLUSDT": -19.673284120568177,
    "BTCUSDT": 0.023870529404729605,
    "XRPUSDT": 1389.5894817949347,
    "AAPL": 0.0
  },
  "start_equity": 10000.0,
  "bh_units": {
    "ETHUSDT": 1.3908205841446453,
    "SOLUSDT": 32.04306588054345,
    "BTCUSDT": 0.03895415874598772,
    "XRPUSDT": 2254.059561269847
  }
}