{
  "cash": 10367.674222817355,
  "units": {
    "ETHUSDT": 0.6424706390242773,
    "SOLUSDT": 0.0,
    "BTCUSDT": 0.018650467255779655,
    "XRPUSDT": 1098.7618576974378,
    "AAPL": 0.0,
    "GOLD": -0.29733307420622523,
    "NIFTY": -0.049374826369817736,
    "RELIANCE": -0.904793786577183,
    "EURUSD": -1046.3606996597946,
    "SENSEX": -0.015394842817047706,
    "NASDAQ": 0.0,
    "SPY": 0.0
  },
  "start_equity": 10000.0,
  "bh_units": {
    "ETHUSDT": 1.3908205841446453,
    "SOLUSDT": 32.04306588054345,
    "BTCUSDT": 0.03895415874598772,
    "XRPUSDT": 2254.059561269847
  }
}