{
  "cash": 9568.450947183552,
  "units": {
    "ETHUSDT": 0.0,
    "SOLUSDT": -21.822716379873196,
    "BTCUSDT": -0.025592299038995032,
    "XRPUSDT": 1488.5767817189947,
    "AAPL": 0.0,
    "GOLD": 0.40955620407932314,
    "NIFTY": 0.07043284100006188,
    "RELIANCE": 0.0,
    "EURUSD": 0.0,
    "SENSEX": 0.0,
    "NASDAQ": 0.0,
    "SPY": 0.0
  },
  "start_equity": 10000.0,
  "bh_units": {
    "ETHUSDT": 1.3908205841446453,
    "SOLUSDT": 32.04306588054345,
    "BTCUSDT": 0.03895415874598772,
    "XRPUSDT": 2254.059561269847
  }
}