{
  "cash": 8273.75195706837,
  "units": {
    "ETHUSDT": 0.6645160504533305,
    "SOLUSDT": -16.31076912801283,
    "BTCUSDT": -0.019195668784958573,
    "XRPUSDT": 1132.5166108354633,
    "AAPL": 0.0,
    "GOLD": 0.0,
    "NIFTY": 0.0,
    "RELIANCE": 0.0,
    "EURUSD": 0.0,
    "SENSEX": 0.0,
    "NASDAQ": 0.0,
    "SPY": 0.0
  },
  "start_equity": 10000.0,
  "bh_units": {
    "ETHUSDT": 1.3908205841446453,
    "SOLUSDT": 32.04306588054345,
    "BTCUSDT": 0.03895415874598772,
    "XRPUSDT": 2254.059561269847
  }
}