{
  "cash": 6502.3399117112185,
  "units": {
    "ETHUSDT": 0.6128565166210272,
    "SOLUSDT": 15.16350194731598,
    "BTCUSDT": 0.017897004528514424,
    "XRPUSDT": 0.0,
    "AAPL": -3.4630147485450946,
    "GOLD": 0.0,
    "NIFTY": 0.0,
    "RELIANCE": 0.0,
    "EURUSD": 1003.211668303937,
    "SENSEX": 0.0,
    "NASDAQ": -0.0442373871565433,
    "SPY": -1.5283052250331257
  },
  "start_equity": 10000.0,
  "bh_units": {
    "ETHUSDT": 1.3908205841446453,
    "SOLUSDT": 32.04306588054345,
    "BTCUSDT": 0.03895415874598772,
    "XRPUSDT": 2254.059561269847
  }
}