{
  "cash": 7621.0142015441315,
  "units": {
    "ETHUSDT": 0.0,
    "SOLUSDT": 15.182707631397157,
    "BTCUSDT": 0.01793555727314897,
    "XRPUSDT": 0.0,
    "AAPL": 0.0,
    "GOLD": -0.2869140097662652,
    "NIFTY": 0.0,
    "RELIANCE": 0.0,
    "EURUSD": -998.9600836279222,
    "SENSEX": 0.0,
    "NASDAQ": 0.0,
    "SPY": 0.0
  },
  "start_equity": 10000.0,
  "bh_units": {
    "ETHUSDT": 1.3908205841446453,
    "SOLUSDT": 32.04306588054345,
    "BTCUSDT": 0.03895415874598772,
    "XRPUSDT": 2254.059561269847
  }
}