{
  "cash": 12880.515734761502,
  "units": {
    "ETHUSDT": -0.8339730431177528,
    "SOLUSDT": 19.45245942629409,
    "BTCUSDT": -0.02356546953738617,
    "XRPUSDT": -1376.5053468747576
  },
  "start_equity": 10000.0,
  "bh_units": {
    "ETHUSDT": 1.3908205841446453,
    "SOLUSDT": 32.04306588054345,
    "BTCUSDT": 0.03895415874598772,
    "XRPUSDT": 2254.059561269847
  }
}