{
  "cash": 11259.860897601033,
  "units": {
    "ETHUSDT": -0.8802876352091693,
    "SOLUSDT": -21.854592506208498,
    "BTCUSDT": -0.025660125170574102,
    "XRPUSDT": 1491.0239896294124,
    "AAPL": 0.0,
    "GOLD": 0.0,
    "NIFTY": 0.07040364073580577,
    "RELIANCE": 0.0,
    "EURUSD": 1479.817800218918,
    "SENSEX": 0.0,
    "NASDAQ": 0.0,
    "SPY": 0.0
  },
  "start_equity": 10000.0,
  "bh_units": {
    "ETHUSDT": 1.3908205841446453,
    "SOLUSDT": 32.04306588054345,
    "BTCUSDT": 0.03895415874598772,
    "XRPUSDT": 2254.059561269847
  }
}