{
  "cash": 8050.490827977789,
  "units": {
    "ETHUSDT": -0.8995859585784233,
    "SOLUSDT": 22.173609453001113,
    "BTCUSDT": -0.02606316426978102,
    "XRPUSDT": 0.0,
    "AAPL": 5.262691673778654,
    "GOLD": 0.42237771805430435,
    "NIFTY": 0.0,
    "RELIANCE": 0.0,
    "EURUSD": 0.0,
    "SENSEX": 0.0,
    "NASDAQ": 0.0,
    "SPY": 2.3065566925435586
  },
  "start_equity": 10000.0,
  "bh_units": {
    "ETHUSDT": 1.3908205841446453,
    "SOLUSDT": 32.04306588054345,
    "BTCUSDT": 0.03895415874598772,
    "XRPUSDT": 2254.059561269847
  }
}