{
  "cash": 9913.166921751917,
  "units": {
    "ETHUSDT": 0.8362718352379866,
    "SOLUSDT": -19.499855390022997,
    "BTCUSDT": -0.023669752867221235,
    "XRPUSDT": 1381.490256402859
  },
  "start_equity": 10000.0,
  "bh_units": {
    "ETHUSDT": 1.3908205841446453,
    "SOLUSDT": 32.04306588054345,
    "BTCUSDT": 0.03895415874598772,
    "XRPUSDT": 2254.059561269847
  }
}