{
  "cash": 8762.686886060126,
  "units": {
    "ETHUSDT": 0.0,
    "SOLUSDT": 0.0,
    "BTCUSDT": -0.01800242570062541,
    "XRPUSDT": 0.0,
    "AAPL": 0.0,
    "GOLD": -0.2868590351122061,
    "NIFTY": 0.04713098446313871,
    "RELIANCE": 0.0,
    "EURUSD": -999.4178813345454,
    "SENSEX": 0.014704881021683169,
    "NASDAQ": 0.0,
    "SPY": 0.0
  },
  "start_equity": 10000.0,
  "bh_units": {
    "ETHUSDT": 1.3908205841446453,
    "SOLUSDT": 32.04306588054345,
    "BTCUSDT": 0.03895415874598772,
    "XRPUSDT": 2254.059561269847
  }
}