{
  "cash": 9826.106458406011,
  "units": {
    "ETHUSDT": -0.8384204602729214,
    "SOLUSDT": -19.79356803015742,
    "BTCUSDT": 0.023801886211723477,
    "XRPUSDT": 1392.1807074167903,
    "AAPL": 0.0
  },
  "start_equity": 10000.0,
  "bh_units": {
    "ETHUSDT": 1.3908205841446453,
    "SOLUSDT": 32.04306588054345,
    "BTCUSDT": 0.03895415874598772,
    "XRPUSDT": 2254.059561269847
  }
}