{
  "cash": 10119.463867844368,
  "units": {
    "ETHUSDT": 0.7850734578962093,
    "SOLUSDT": 0.0,
    "BTCUSDT": 0.0,
    "XRPUSDT": 1337.5458761387922,
    "AAPL": 0.0,
    "GOLD": -0.37388316399833754,
    "NIFTY": 0.0,
    "RELIANCE": 0.0,
    "EURUSD": -1329.4423763463913,
    "SENSEX": 0.0,
    "NASDAQ": 0.0,
    "SPY": 0.0
  },
  "start_equity": 10000.0,
  "bh_units": {
    "ETHUSDT": 1.3908205841446453,
    "SOLUSDT": 32.04306588054345,
    "BTCUSDT": 0.03895415874598772,
    "XRPUSDT": 2254.059561269847
  }
}