{
  "cash": 12809.805992913902,
  "units": {
    "ETHUSDT": -0.6503125054721359,
    "SOLUSDT": 0.0,
    "BTCUSDT": -0.01882848370075438,
    "XRPUSDT": 0.0,
    "AAPL": 0.0,
    "GOLD": -0.2996775003388124,
    "NIFTY": 0.0,
    "RELIANCE": 0.0,
    "EURUSD": 0.0,
    "SENSEX": -0.015488284611231636,
    "NASDAQ": 0.0,
    "SPY": 0.0
  },
  "start_equity": 10000.0,
  "bh_units": {
    "ETHUSDT": 1.3908205841446453,
    "SOLUSDT": 32.04306588054345,
    "BTCUSDT": 0.03895415874598772,
    "XRPUSDT": 2254.059561269847
  }
}