{
  "cash": 3176.0164020651896,
  "units": {
    "ETHUSDT": 0.6347171715497464,
    "SOLUSDT": 15.579270669167979,
    "BTCUSDT": 0.01849977950969481,
    "XRPUSDT": 1085.9225647702074,
    "AAPL": 0.0,
    "GOLD": -0.2961067540001822,
    "NIFTY": 0.0,
    "RELIANCE": 0.0,
    "EURUSD": 1042.0679996544875,
    "SENSEX": 0.0,
    "NASDAQ": 0.0,
    "SPY": 0.0
  },
  "start_equity": 10000.0,
  "bh_units": {
    "ETHUSDT": 1.3908205841446453,
    "SOLUSDT": 32.04306588054345,
    "BTCUSDT": 0.03895415874598772,
    "XRPUSDT": 2254.059561269847
  }
}