{
  "cash": 9535.234436286975,
  "units": {
    "ETHUSDT": 0.0,
    "SOLUSDT": -21.6842846216754,
    "BTCUSDT": -0.025510536426300353,
    "XRPUSDT": 1477.7946111194037,
    "AAPL": 0.0,
    "GOLD": 0.40821065491231195,
    "NIFTY": 0.0,
    "RELIANCE": 0.0,
    "EURUSD": 1475.2687986102592,
    "SENSEX": 0.0,
    "NASDAQ": 0.0,
    "SPY": 0.0
  },
  "start_equity": 10000.0,
  "bh_units": {
    "ETHUSDT": 1.3908205841446453,
    "SOLUSDT": 32.04306588054345,
    "BTCUSDT": 0.03895415874598772,
    "XRPUSDT": 2254.059561269847
  }
}