{
  "cash": 7152.2692770536105,
  "units": {
    "ETHUSDT": 0.7977661163650185,
    "SOLUSDT": 19.628210985881733,
    "BTCUSDT": 0.023426513669216963,
    "XRPUSDT": 1363.045983176045,
    "AAPL": 0.0,
    "GOLD": 0.0,
    "NIFTY": -0.06338679897712404,
    "RELIANCE": -1.1667640439238287,
    "EURUSD": 1343.0914005311774,
    "SENSEX": -0.019776416437587912,
    "NASDAQ": 0.0,
    "SPY": 0.0
  },
  "start_equity": 10000.0,
  "bh_units": {
    "ETHUSDT": 1.3908205841446453,
    "SOLUSDT": 32.04306588054345,
    "BTCUSDT": 0.03895415874598772,
    "XRPUSDT": 2254.059561269847
  }
}