{
  "cash": 16133.166581201545,
  "units": {
    "ETHUSDT": -0.7811585426998915,
    "SOLUSDT": -19.278068904279888,
    "BTCUSDT": 0.0,
    "XRPUSDT": -1325.9555602375672,
    "AAPL": -4.688355607928212,
    "GOLD": -0.3729736366893031,
    "NIFTY": 0.0,
    "RELIANCE": 0.0,
    "EURUSD": -1325.1772264147537,
    "SENSEX": 0.0,
    "NASDAQ": 0.05882064222746832,
    "SPY": 2.030714363124698
  },
  "start_equity": 10000.0,
  "bh_units": {
    "ETHUSDT": 1.3908205841446453,
    "SOLUSDT": 32.04306588054345,
    "BTCUSDT": 0.03895415874598772,
    "XRPUSDT": 2254.059561269847
  }
}