{
  "cash": 3153.1464586405327,
  "units": {
    "ETHUSDT": 0.6160801972175101,
    "SOLUSDT": 15.260920896111717,
    "BTCUSDT": 0.018261273310036578,
    "XRPUSDT": 1060.7783863847362,
    "AAPL": 0.0,
    "GOLD": 0.2907395793677324,
    "NIFTY": 0.0,
    "RELIANCE": 0.0,
    "EURUSD": -1031.3662731342047,
    "SENSEX": 0.0,
    "NASDAQ": 0.0,
    "SPY": 0.0
  },
  "start_equity": 10000.0,
  "bh_units": {
    "ETHUSDT": 1.3908205841446453,
    "SOLUSDT": 32.04306588054345,
    "BTCUSDT": 0.03895415874598772,
    "XRPUSDT": 2254.059561269847
  }
}