{
  "cash": 7223.34044426127,
  "units": {
    "ETHUSDT": 0.0,
    "SOLUSDT": 20.140487846897166,
    "BTCUSDT": -0.023968237134997326,
    "XRPUSDT": 1409.2971868955972,
    "AAPL": -4.686172721823851,
    "GOLD": 0.385341605609532,
    "NIFTY": 0.0,
    "RELIANCE": 0.0,
    "EURUSD": -1356.3390099189003,
    "SENSEX": 0.0,
    "NASDAQ": 0.060025746344762494,
    "SPY": 2.069126842513182
  },
  "start_equity": 10000.0,
  "bh_units": {
    "ETHUSDT": 1.3908205841446453,
    "SOLUSDT": 32.04306588054345,
    "BTCUSDT": 0.03895415874598772,
    "XRPUSDT": 2254.059561269847
  }
}