{
  "cash": 14845.691746597922,
  "units": {
    "ETHUSDT": -0.8044821328029966,
    "SOLUSDT": -19.706974119144604,
    "BTCUSDT": -0.02353688953800328,
    "XRPUSDT": -1378.0049988673197,
    "AAPL": 0.0,
    "GOLD": 0.0,
    "NIFTY": 0.0,
    "RELIANCE": 0.0,
    "EURUSD": 1345.2654633394536,
    "SENSEX": 0.0,
    "NASDAQ": 0.0,
    "SPY": 0.0
  },
  "start_equity": 10000.0,
  "bh_units": {
    "ETHUSDT": 1.3908205841446453,
    "SOLUSDT": 32.04306588054345,
    "BTCUSDT": 0.03895415874598772,
    "XRPUSDT": 2254.059561269847
  }
}