{
  "cash": 12894.274968306312,
  "units": {
    "ETHUSDT": -0.832895500913411,
    "SOLUSDT": 19.471289533851934,
    "BTCUSDT": -0.02362939510325942,
    "XRPUSDT": -1378.2573399059047
  },
  "start_equity": 10000.0,
  "bh_units": {
    "ETHUSDT": 1.3908205841446453,
    "SOLUSDT": 32.04306588054345,
    "BTCUSDT": 0.03895415874598772,
    "XRPUSDT": 2254.059561269847
  }
}