{
  "cash": 10230.115917093857,
  "units": {
    "ETHUSDT": -0.803070869931402,
    "SOLUSDT": 19.686361461337896,
    "BTCUSDT": -0.023504483268897057,
    "XRPUSDT": 1374.8779334270096,
    "AAPL": 0.0,
    "GOLD": 0.38059485171132107,
    "NIFTY": 0.0,
    "RELIANCE": 0.0,
    "EURUSD": -1344.1484844332654,
    "SENSEX": 0.0,
    "NASDAQ": 0.0,
    "SPY": 0.0
  },
  "start_equity": 10000.0,
  "bh_units": {
    "ETHUSDT": 1.3908205841446453,
    "SOLUSDT": 32.04306588054345,
    "BTCUSDT": 0.03895415874598772,
    "XRPUSDT": 2254.059561269847
  }
}