{
  "cash": 8255.987738161157,
  "units": {
    "ETHUSDT": 0.8114396081191225,
    "SOLUSDT": -19.32280923578096,
    "BTCUSDT": 0.0,
    "XRPUSDT": -1361.9696712047753,
    "AAPL": 0.0,
    "GOLD": 0.36133523880307644,
    "NIFTY": 0.0,
    "RELIANCE": 0.0,
    "EURUSD": 1277.5691129234342,
    "SENSEX": 0.0
  },
  "start_equity": 10000.0,
  "bh_units": {
    "ETHUSDT": 1.3908205841446453,
    "SOLUSDT": 32.04306588054345,
    "BTCUSDT": 0.03895415874598772,
    "XRPUSDT": 2254.059561269847
  }
}