{
  "cash": 13149.908387196416,
  "units": {
    "ETHUSDT": -0.6592887367482617,
    "SOLUSDT": -16.180653745184074,
    "BTCUSDT": -0.019136976231691628,
    "XRPUSDT": -1127.7537472858935,
    "AAPL": 0.0,
    "GOLD": 0.0,
    "NIFTY": 0.0,
    "RELIANCE": 0.0,
    "EURUSD": 0.0,
    "SENSEX": 0.0,
    "NASDAQ": 0.0,
    "SPY": 0.0
  },
  "start_equity": 10000.0,
  "bh_units": {
    "ETHUSDT": 1.3908205841446453,
    "SOLUSDT": 32.04306588054345,
    "BTCUSDT": 0.03895415874598772,
    "XRPUSDT": 2254.059561269847
  }
}