{
  "cash": 13052.921774419103,
  "units": {
    "ETHUSDT": -0.6572734546054309,
    "SOLUSDT": -16.122684028779855,
    "BTCUSDT": -0.019005571276568115,
    "XRPUSDT": -1119.6308353319346,
    "AAPL": 0.0,
    "GOLD": 0.0,
    "NIFTY": 0.0,
    "RELIANCE": 0.0,
    "EURUSD": 0.0,
    "SENSEX": 0.0,
    "NASDAQ": 0.0,
    "SPY": 0.0
  },
  "start_equity": 10000.0,
  "bh_units": {
    "ETHUSDT": 1.3908205841446453,
    "SOLUSDT": 32.04306588054345,
    "BTCUSDT": 0.03895415874598772,
    "XRPUSDT": 2254.059561269847
  }
}