{
  "cash": 3917.800174688369,
  "units": {
    "ETHUSDT": 0.8242389972220148,
    "SOLUSDT": 19.54896321293219,
    "BTCUSDT": 0.023537998258911213,
    "XRPUSDT": 1380.7626787793638,
    "AAPL": 0.0
  },
  "start_equity": 10000.0,
  "bh_units": {
    "ETHUSDT": 1.3908205841446453,
    "SOLUSDT": 32.04306588054345,
    "BTCUSDT": 0.03895415874598772,
    "XRPUSDT": 2254.059561269847
  }
}