{
  "cash": 6780.466807423642,
  "units": {
    "ETHUSDT": -0.6378780931738294,
    "SOLUSDT": -15.412922498636064,
    "BTCUSDT": -0.018471810548972786,
    "XRPUSDT": 1082.4304205169503,
    "AAPL": 0.0,
    "GOLD": -0.29643759978054496,
    "NIFTY": 0.049440865928110776,
    "RELIANCE": 0.918881442673811,
    "EURUSD": 1046.0308590857553,
    "SENSEX": 0.015419112783868845,
    "NASDAQ": 0.0,
    "SPY": 0.0
  },
  "start_equity": 10000.0,
  "bh_units": {
    "ETHUSDT": 1.3908205841446453,
    "SOLUSDT": 32.04306588054345,
    "BTCUSDT": 0.03895415874598772,
    "XRPUSDT": 2254.059561269847
  }
}