{
  "cash": 16597.63862617015,
  "units": {
    "ETHUSDT": -0.8940363932702575,
    "SOLUSDT": 22.03935691072849,
    "BTCUSDT": -0.0258866336541716,
    "XRPUSDT": -1497.7289193821473,
    "AAPL": 0.0,
    "GOLD": -0.4206276754972458,
    "NIFTY": 0.0,
    "RELIANCE": 0.0,
    "EURUSD": 0.0,
    "SENSEX": 0.0,
    "NASDAQ": 0.0,
    "SPY": 0.0
  },
  "start_equity": 10000.0,
  "bh_units": {
    "ETHUSDT": 1.3908205841446453,
    "SOLUSDT": 32.04306588054345,
    "BTCUSDT": 0.03895415874598772,
    "XRPUSDT": 2254.059561269847
  }
}