{
  "cash": 8260.013266373677,
  "units": {
    "ETHUSDT": 0.0,
    "SOLUSDT": -19.389640987805404,
    "BTCUSDT": 0.02324172787069711,
    "XRPUSDT": -1362.3644845701815,
    "AAPL": 0.0,
    "GOLD": 0.36101107019440576,
    "NIFTY": 0.0,
    "RELIANCE": 0.0,
    "EURUSD": 1277.9690619504631,
    "SENSEX": 0.0
  },
  "start_equity": 10000.0,
  "bh_units": {
    "ETHUSDT": 1.3908205841446453,
    "SOLUSDT": 32.04306588054345,
    "BTCUSDT": 0.03895415874598772,
    "XRPUSDT": 2254.059561269847
  }
}