{
  "cash": 1022.980623434245,
  "units": {
    "ETHUSDT": 0.8029995066104613,
    "SOLUSDT": 19.672048844740154,
    "BTCUSDT": 0.023456925219432205,
    "XRPUSDT": 1376.7966813752919,
    "AAPL": 0.0,
    "GOLD": 0.3815528603796462,
    "NIFTY": 0.0,
    "RELIANCE": 0.0,
    "EURUSD": 1345.927882073131,
    "SENSEX": 0.0,
    "NASDAQ": 0.0,
    "SPY": 0.0
  },
  "start_equity": 10000.0,
  "bh_units": {
    "ETHUSDT": 1.3908205841446453,
    "SOLUSDT": 32.04306588054345,
    "BTCUSDT": 0.03895415874598772,
    "XRPUSDT": 2254.059561269847
  }
}