{
  "cash": -401.43667723005586,
  "units": {
    "ETHUSDT": 0.6376418880242963,
    "SOLUSDT": 15.398879348814177,
    "BTCUSDT": 0.01848531316517625,
    "XRPUSDT": 1084.4359820425889,
    "AAPL": 0.0,
    "GOLD": -0.29657835709464225,
    "NIFTY": 0.04946393657361436,
    "RELIANCE": 0.915570845565441,
    "EURUSD": 1046.4238466580543,
    "SENSEX": 0.015508046098841577,
    "NASDAQ": 0.0,
    "SPY": 0.0
  },
  "start_equity": 10000.0,
  "bh_units": {
    "ETHUSDT": 1.3908205841446453,
    "SOLUSDT": 32.04306588054345,
    "BTCUSDT": 0.03895415874598772,
    "XRPUSDT": 2254.059561269847
  }
}