{
  "cash": 9020.712889163286,
  "units": {
    "ETHUSDT": 0.0,
    "SOLUSDT": -15.286684726334423,
    "BTCUSDT": -0.018203388144283218,
    "XRPUSDT": -1056.9667056556295,
    "AAPL": 0.0,
    "GOLD": 0.29135334993946954,
    "NIFTY": 0.04874977143995291,
    "RELIANCE": 0.0,
    "EURUSD": 0.0,
    "SENSEX": 0.0,
    "NASDAQ": 0.0,
    "SPY": 0.0
  },
  "start_equity": 10000.0,
  "bh_units": {
    "ETHUSDT": 1.3908205841446453,
    "SOLUSDT": 32.04306588054345,
    "BTCUSDT": 0.03895415874598772,
    "XRPUSDT": 2254.059561269847
  }
}