{
  "cash": 5497.702717914624,
  "units": {
    "ETHUSDT": 0.8219338543114458,
    "SOLUSDT": 0.0,
    "BTCUSDT": 0.023315704686546368,
    "XRPUSDT": 1346.1107057892
  },
  "start_equity": 10000.0,
  "bh_units": {
    "ETHUSDT": 1.3908205841446453,
    "SOLUSDT": 32.04306588054345,
    "BTCUSDT": 0.03895415874598772,
    "XRPUSDT": 2254.059561269847
  }
}