{
  "cash": 1022.3130939131112,
  "units": {
    "ETHUSDT": 0.8076540833951842,
    "SOLUSDT": 19.75062450269227,
    "BTCUSDT": 0.02354981238178761,
    "XRPUSDT": 1378.408489719301,
    "AAPL": 0.0,
    "GOLD": 0.3825369603557568,
    "NIFTY": 0.0,
    "RELIANCE": 0.0,
    "EURUSD": 1344.1565418754396,
    "SENSEX": 0.0,
    "NASDAQ": 0.0,
    "SPY": 0.0
  },
  "start_equity": 10000.0,
  "bh_units": {
    "ETHUSDT": 1.3908205841446453,
    "SOLUSDT": 32.04306588054345,
    "BTCUSDT": 0.03895415874598772,
    "XRPUSDT": 2254.059561269847
  }
}