{
  "cash": 9791.745861049512,
  "units": {
    "ETHUSDT": 0.0,
    "SOLUSDT": -19.55741849882603,
    "BTCUSDT": 0.0,
    "XRPUSDT": 1378.4075165518605,
    "AAPL": 0.0
  },
  "start_equity": 10000.0,
  "bh_units": {
    "ETHUSDT": 1.3908205841446453,
    "SOLUSDT": 32.04306588054345,
    "BTCUSDT": 0.03895415874598772,
    "XRPUSDT": 2254.059561269847
  }
}