{
  "cash": 3937.233235639367,
  "units": {
    "ETHUSDT": 0.8386614432915629,
    "SOLUSDT": 19.844939125198877,
    "BTCUSDT": 0.02380701523613784,
    "XRPUSDT": 1393.665786536654,
    "AAPL": 0.0
  },
  "start_equity": 10000.0,
  "bh_units": {
    "ETHUSDT": 1.3908205841446453,
    "SOLUSDT": 32.04306588054345,
    "BTCUSDT": 0.03895415874598772,
    "XRPUSDT": 2254.059561269847
  }
}