{
  "cash": 16488.034959571083,
  "units": {
    "ETHUSDT": -0.6122303027741748,
    "SOLUSDT": -14.998744240675935,
    "BTCUSDT": 0.0,
    "XRPUSDT": -1034.7959064454787,
    "AAPL": -3.3722325801849578,
    "GOLD": -0.2804503349540852,
    "NIFTY": 0.0,
    "RELIANCE": 0.0,
    "EURUSD": -983.2189571305138,
    "SENSEX": 0.0,
    "NASDAQ": -0.044107027863639854,
    "SPY": -1.5140293261431652
  },
  "start_equity": 10000.0,
  "bh_units": {
    "ETHUSDT": 1.3908205841446453,
    "SOLUSDT": 32.04306588054345,
    "BTCUSDT": 0.03895415874598772,
    "XRPUSDT": 2254.059561269847
  }
}