{
  "cash": 10071.99549977688,
  "units": {
    "ETHUSDT": -0.7799141823163568,
    "SOLUSDT": -19.27460996536777,
    "BTCUSDT": 0.022652735630769836,
    "XRPUSDT": 1326.7576440089472,
    "AAPL": 0.0,
    "GOLD": -0.37297566297002155,
    "NIFTY": 0.0,
    "RELIANCE": 0.0,
    "EURUSD": 1324.2008230411654,
    "SENSEX": 0.0,
    "NASDAQ": 0.0,
    "SPY": 0.0
  },
  "start_equity": 10000.0,
  "bh_units": {
    "ETHUSDT": 1.3908205841446453,
    "SOLUSDT": 32.04306588054345,
    "BTCUSDT": 0.03895415874598772,
    "XRPUSDT": 2254.059561269847
  }
}