{
  "cash": 5580.099292327987,
  "units": {
    "ETHUSDT": -0.6377966536831927,
    "SOLUSDT": -15.394752111673823,
    "BTCUSDT": -0.018475984400086562,
    "XRPUSDT": 1084.1138999632233,
    "AAPL": 0.0,
    "GOLD": 0.0,
    "NIFTY": 0.04944493103237656,
    "RELIANCE": 0.9176641730371214,
    "EURUSD": 1045.825975913657,
    "SENSEX": 0.0154561931139933,
    "NASDAQ": 0.0,
    "SPY": 0.0
  },
  "start_equity": 10000.0,
  "bh_units": {
    "ETHUSDT": 1.3908205841446453,
    "SOLUSDT": 32.04306588054345,
    "BTCUSDT": 0.03895415874598772,
    "XRPUSDT": 2254.059561269847
  }
}