{
  "cash": 7732.041948172378,
  "units": {
    "ETHUSDT": 0.6171423003358614,
    "SOLUSDT": -15.208872003556904,
    "BTCUSDT": 0.0,
    "XRPUSDT": 1046.5644755012179,
    "AAPL": 3.5139216252500223,
    "GOLD": 0.0,
    "NIFTY": 0.0,
    "RELIANCE": 0.0,
    "EURUSD": 0.0,
    "SENSEX": 0.0,
    "NASDAQ": -0.044553780601516976,
    "SPY": -1.543122570820243
  },
  "start_equity": 10000.0,
  "bh_units": {
    "ETHUSDT": 1.3908205841446453,
    "SOLUSDT": 32.04306588054345,
    "BTCUSDT": 0.03895415874598772,
    "XRPUSDT": 2254.059561269847
  }
}