{
  "cash": 9161.541899957407,
  "units": {
    "ETHUSDT": -0.6419369670100559,
    "SOLUSDT": -15.64931414995064,
    "BTCUSDT": -0.018637977225774822,
    "XRPUSDT": 1097.0789413349382,
    "AAPL": 0.0,
    "GOLD": 0.0,
    "NIFTY": 0.049320999080341196,
    "RELIANCE": 0.0,
    "EURUSD": 0.0,
    "SENSEX": 0.0,
    "NASDAQ": 0.0,
    "SPY": 0.0
  },
  "start_equity": 10000.0,
  "bh_units": {
    "ETHUSDT": 1.3908205841446453,
    "SOLUSDT": 32.04306588054345,
    "BTCUSDT": 0.03895415874598772,
    "XRPUSDT": 2254.059561269847
  }
}