{
  "cash": 16507.17668665614,
  "units": {
    "ETHUSDT": 0.8830943554467046,
    "SOLUSDT": 21.863114384366117,
    "BTCUSDT": 0.0,
    "XRPUSDT": -1496.077745856516,
    "AAPL": 0.0,
    "GOLD": -0.41319328927240195,
    "NIFTY": -0.07109711692563535,
    "RELIANCE": -1.318301578325488,
    "EURUSD": 0.0,
    "SENSEX": -0.022203347786395204,
    "NASDAQ": 0.0,
    "SPY": 0.0
  },
  "start_equity": 10000.0,
  "bh_units": {
    "ETHUSDT": 1.3908205841446453,
    "SOLUSDT": 32.04306588054345,
    "BTCUSDT": 0.03895415874598772,
    "XRPUSDT": 2254.059561269847
  }
}