{
  "cash": 8423.394840875108,
  "units": {
    "ETHUSDT": -0.8384731531812044,
    "SOLUSDT": 0.0,
    "BTCUSDT": 0.023759575837719562,
    "XRPUSDT": 1384.5958764159484,
    "AAPL": 0.0
  },
  "start_equity": 10000.0,
  "bh_units": {
    "ETHUSDT": 1.3908205841446453,
    "SOLUSDT": 32.04306588054345,
    "BTCUSDT": 0.03895415874598772,
    "XRPUSDT": 2254.059561269847
  }
}