{
  "cash": 13204.693243091462,
  "units": {
    "ETHUSDT": -0.7865032921927101,
    "SOLUSDT": 19.505080365946146,
    "BTCUSDT": 0.02304515882680008,
    "XRPUSDT": -1347.2407114815555,
    "AAPL": 0.0,
    "GOLD": -0.37491318574418103,
    "NIFTY": 0.0,
    "RELIANCE": 0.0,
    "EURUSD": 0.0,
    "SENSEX": -0.019690714800190395,
    "NASDAQ": 0.0,
    "SPY": 0.0
  },
  "start_equity": 10000.0,
  "bh_units": {
    "ETHUSDT": 1.3908205841446453,
    "SOLUSDT": 32.04306588054345,
    "BTCUSDT": 0.03895415874598772,
    "XRPUSDT": 2254.059561269847
  }
}