{
  "cash": 4426.170033065619,
  "units": {
    "ETHUSDT": 0.6442424367104697,
    "SOLUSDT": 0.0,
    "BTCUSDT": 0.01867174494200064,
    "XRPUSDT": 1098.9766283671183,
    "AAPL": 0.0,
    "GOLD": -0.2998094457829631,
    "NIFTY": 0.04988176108177957,
    "RELIANCE": -0.908540812228239,
    "EURUSD": 1054.8850870141293,
    "SENSEX": 0.0,
    "NASDAQ": 0.0,
    "SPY": 0.0
  },
  "start_equity": 10000.0,
  "bh_units": {
    "ETHUSDT": 1.3908205841446453,
    "SOLUSDT": 32.04306588054345,
    "BTCUSDT": 0.03895415874598772,
    "XRPUSDT": 2254.059561269847
  }
}