{
  "cash": 5409.639719115692,
  "units": {
    "ETHUSDT": 0.0,
    "SOLUSDT": 19.784853757759908,
    "BTCUSDT": 0.023748193878730884,
    "XRPUSDT": 1390.651935334907,
    "AAPL": 0.0
  },
  "start_equity": 10000.0,
  "bh_units": {
    "ETHUSDT": 1.3908205841446453,
    "SOLUSDT": 32.04306588054345,
    "BTCUSDT": 0.03895415874598772,
    "XRPUSDT": 2254.059561269847
  }
}