{
  "cash": 783.3147339190323,
  "units": {
    "ETHUSDT": 0.6242622487772869,
    "SOLUSDT": 15.19429240168919,
    "BTCUSDT": 0.01819585967630525,
    "XRPUSDT": 1062.0445892015193,
    "AAPL": 0.0,
    "GOLD": 0.2916751430245679,
    "NIFTY": 0.0,
    "RELIANCE": 0.0,
    "EURUSD": 1033.4407090125353,
    "SENSEX": 0.0,
    "NASDAQ": 0.0,
    "SPY": 0.0
  },
  "start_equity": 10000.0,
  "bh_units": {
    "ETHUSDT": 1.3908205841446453,
    "SOLUSDT": 32.04306588054345,
    "BTCUSDT": 0.03895415874598772,
    "XRPUSDT": 2254.059561269847
  }
}