{
  "cash": 9945.244436536037,
  "units": {
    "ETHUSDT": -0.8296323760778318,
    "SOLUSDT": 19.505959800475523,
    "BTCUSDT": -0.023382818222454436,
    "XRPUSDT": 1367.2618902701265
  },
  "start_equity": 10000.0,
  "bh_units": {
    "ETHUSDT": 1.3908205841446453,
    "SOLUSDT": 32.04306588054345,
    "BTCUSDT": 0.03895415874598772,
    "XRPUSDT": 2254.059561269847
  }
}