{
  "cash": 5380.353714393709,
  "units": {
    "ETHUSDT": 0.8251729305217179,
    "SOLUSDT": 0.0,
    "BTCUSDT": 0.023516112886901714,
    "XRPUSDT": 1379.904710664368,
    "AAPL": 0.0
  },
  "start_equity": 10000.0,
  "bh_units": {
    "ETHUSDT": 1.3908205841446453,
    "SOLUSDT": 32.04306588054345,
    "BTCUSDT": 0.03895415874598772,
    "XRPUSDT": 2254.059561269847
  }
}