{
  "cash": 14104.089034786804,
  "units": {
    "ETHUSDT": -0.6453507776228998,
    "SOLUSDT": -15.680576020675206,
    "BTCUSDT": -0.01873253934271562,
    "XRPUSDT": -1093.6011875061188,
    "AAPL": 0.0,
    "GOLD": 0.0,
    "NIFTY": 0.0,
    "RELIANCE": 0.0,
    "EURUSD": -1058.5967579708151,
    "SENSEX": 0.0,
    "NASDAQ": 0.0,
    "SPY": 0.0
  },
  "start_equity": 10000.0,
  "bh_units": {
    "ETHUSDT": 1.3908205841446453,
    "SOLUSDT": 32.04306588054345,
    "BTCUSDT": 0.03895415874598772,
    "XRPUSDT": 2254.059561269847
  }
}