{
  "cash": 5493.771101126149,
  "units": {
    "ETHUSDT": 0.613367863801145,
    "SOLUSDT": 15.294750435150549,
    "BTCUSDT": 0.018213050435409096,
    "XRPUSDT": 1058.4188418117506,
    "AAPL": 0.0,
    "GOLD": -0.2910926613405711,
    "NIFTY": 0.0,
    "RELIANCE": 0.0,
    "EURUSD": -1026.6302790560196,
    "SENSEX": 0.0,
    "NASDAQ": 0.0,
    "SPY": 0.0
  },
  "start_equity": 10000.0,
  "bh_units": {
    "ETHUSDT": 1.3908205841446453,
    "SOLUSDT": 32.04306588054345,
    "BTCUSDT": 0.03895415874598772,
    "XRPUSDT": 2254.059561269847
  }
}