{
  "cash": 12877.129254400435,
  "units": {
    "ETHUSDT": -0.8316976367960343,
    "SOLUSDT": -19.39433787083626,
    "BTCUSDT": -0.023551321282862216,
    "XRPUSDT": 1376.7618800966095
  },
  "start_equity": 10000.0,
  "bh_units": {
    "ETHUSDT": 1.3908205841446453,
    "SOLUSDT": 32.04306588054345,
    "BTCUSDT": 0.03895415874598772,
    "XRPUSDT": 2254.059561269847
  }
}