{
  "cash": 12740.505452199477,
  "units": {
    "ETHUSDT": -0.8260159818742444,
    "SOLUSDT": -19.599296687638716,
    "BTCUSDT": -0.023511006629454344,
    "XRPUSDT": 1375.5082752056328,
    "AAPL": 0.0
  },
  "start_equity": 10000.0,
  "bh_units": {
    "ETHUSDT": 1.3908205841446453,
    "SOLUSDT": 32.04306588054345,
    "BTCUSDT": 0.03895415874598772,
    "XRPUSDT": 2254.059561269847
  }
}