{
  "cash": 11396.085803702095,
  "units": {
    "ETHUSDT": -0.8447227606867814,
    "SOLUSDT": 19.878886256440197,
    "BTCUSDT": 0.0,
    "XRPUSDT": -1404.5191933641324,
    "AAPL": 0.0
  },
  "start_equity": 10000.0,
  "bh_units": {
    "ETHUSDT": 1.3908205841446453,
    "SOLUSDT": 32.04306588054345,
    "BTCUSDT": 0.03895415874598772,
    "XRPUSDT": 2254.059561269847
  }
}