{
  "cash": 4435.230961968312,
  "units": {
    "ETHUSDT": 0.6449070404325792,
    "SOLUSDT": 15.662743601704525,
    "BTCUSDT": 0.018722109857935973,
    "XRPUSDT": 1090.6255424881183,
    "AAPL": 0.0,
    "GOLD": 0.0,
    "NIFTY": 0.0,
    "RELIANCE": 0.0,
    "EURUSD": -1058.9862349415346,
    "SENSEX": 0.0,
    "NASDAQ": 0.0,
    "SPY": 0.0
  },
  "start_equity": 10000.0,
  "bh_units": {
    "ETHUSDT": 1.3908205841446453,
    "SOLUSDT": 32.04306588054345,
    "BTCUSDT": 0.03895415874598772,
    "XRPUSDT": 2254.059561269847
  }
}