{
  "cash": 9062.060747525227,
  "units": {
    "ETHUSDT": -0.6153492260400273,
    "SOLUSDT": 0.0,
    "BTCUSDT": 0.018239776904526224,
    "XRPUSDT": 1059.834299447772,
    "AAPL": 0.0,
    "GOLD": -0.2908216390377825,
    "NIFTY": 0.0,
    "RELIANCE": 0.0,
    "EURUSD": -1030.9473692875686,
    "SENSEX": 0.0,
    "NASDAQ": 0.0,
    "SPY": 0.0
  },
  "start_equity": 10000.0,
  "bh_units": {
    "ETHUSDT": 1.3908205841446453,
    "SOLUSDT": 32.04306588054345,
    "BTCUSDT": 0.03895415874598772,
    "XRPUSDT": 2254.059561269847
  }
}