{
  "cash": 18425.225749159894,
  "units": {
    "ETHUSDT": -0.8971700952939995,
    "SOLUSDT": -22.185030425233492,
    "BTCUSDT": -0.025998708461496094,
    "XRPUSDT": 1491.6173160414949,
    "AAPL": -5.28297380946715,
    "GOLD": -0.42414880803171334,
    "NIFTY": 0.0,
    "RELIANCE": 0.0,
    "EURUSD": -1514.2595701289958,
    "SENSEX": 0.0,
    "NASDAQ": 0.0,
    "SPY": 2.3079401692676984
  },
  "start_equity": 10000.0,
  "bh_units": {
    "ETHUSDT": 1.3908205841446453,
    "SOLUSDT": 32.04306588054345,
    "BTCUSDT": 0.03895415874598772,
    "XRPUSDT": 2254.059561269847
  }
}