{
  "cash": 11235.894517360817,
  "units": {
    "ETHUSDT": -0.6173727351654775,
    "SOLUSDT": -15.262893495997252,
    "BTCUSDT": -0.018117104528441806,
    "XRPUSDT": -1050.5919966655317,
    "AAPL": 0.0,
    "GOLD": 0.287588026614746,
    "NIFTY": 0.0,
    "RELIANCE": 0.0,
    "EURUSD": 0.0,
    "SENSEX": 0.0,
    "NASDAQ": 0.0,
    "SPY": 0.0
  },
  "start_equity": 10000.0,
  "bh_units": {
    "ETHUSDT": 1.3908205841446453,
    "SOLUSDT": 32.04306588054345,
    "BTCUSDT": 0.03895415874598772,
    "XRPUSDT": 2254.059561269847
  }
}