{
  "cash": 11249.037216600069,
  "units": {
    "ETHUSDT": -0.8228189396303192,
    "SOLUSDT": 0.0,
    "BTCUSDT": 0.0,
    "XRPUSDT": 1374.691553271608,
    "AAPL": 0.0,
    "GOLD": 0.0,
    "NIFTY": -0.061015554796252924,
    "RELIANCE": -1.136288940553196,
    "EURUSD": 0.0,
    "SENSEX": 0.019032974983133347
  },
  "start_equity": 10000.0,
  "bh_units": {
    "ETHUSDT": 1.3908205841446453,
    "SOLUSDT": 32.04306588054345,
    "BTCUSDT": 0.03895415874598772,
    "XRPUSDT": 2254.059561269847
  }
}