{
  "cash": 3198.866612850191,
  "units": {
    "ETHUSDT": 0.6345617641813451,
    "SOLUSDT": 15.418708984683997,
    "BTCUSDT": -0.018458416307755507,
    "XRPUSDT": 1079.4442125893468,
    "AAPL": 0.0,
    "GOLD": 0.2954765158402914,
    "NIFTY": 0.0,
    "RELIANCE": 0.0,
    "EURUSD": 1049.497426953994,
    "SENSEX": 0.0,
    "NASDAQ": 0.0,
    "SPY": 0.0
  },
  "start_equity": 10000.0,
  "bh_units": {
    "ETHUSDT": 1.3908205841446453,
    "SOLUSDT": 32.04306588054345,
    "BTCUSDT": 0.03895415874598772,
    "XRPUSDT": 2254.059561269847
  }
}