{
  "cash": 8254.001356938186,
  "units": {
    "ETHUSDT": 0.8094573308046803,
    "SOLUSDT": -19.294281530475438,
    "BTCUSDT": 0.0,
    "XRPUSDT": -1360.50806833007,
    "AAPL": 0.0,
    "GOLD": 0.36159122048328785,
    "NIFTY": 0.0,
    "RELIANCE": 0.0,
    "EURUSD": 1278.273656620322,
    "SENSEX": 0.0
  },
  "start_equity": 10000.0,
  "bh_units": {
    "ETHUSDT": 1.3908205841446453,
    "SOLUSDT": 32.04306588054345,
    "BTCUSDT": 0.03895415874598772,
    "XRPUSDT": 2254.059561269847
  }
}