{
  "cash": 5465.8177492774485,
  "units": {
    "ETHUSDT": 0.8377888691322606,
    "SOLUSDT": 19.526823878006695,
    "BTCUSDT": 0.02376150051561379,
    "XRPUSDT": 0.0
  },
  "start_equity": 10000.0,
  "bh_units": {
    "ETHUSDT": 1.3908205841446453,
    "SOLUSDT": 32.04306588054345,
    "BTCUSDT": 0.03895415874598772,
    "XRPUSDT": 2254.059561269847
  }
}