{
  "cash": 9800.167247275234,
  "units": {
    "ETHUSDT": 0.8240058400547879,
    "SOLUSDT": -19.553424031095258,
    "BTCUSDT": 0.023538123367296073,
    "XRPUSDT": -1378.4814645940507,
    "AAPL": 0.0
  },
  "start_equity": 10000.0,
  "bh_units": {
    "ETHUSDT": 1.3908205841446453,
    "SOLUSDT": 32.04306588054345,
    "BTCUSDT": 0.03895415874598772,
    "XRPUSDT": 2254.059561269847
  }
}