{
  "cash": 1976.8022863601423,
  "units": {
    "ETHUSDT": 0.6148577096001966,
    "SOLUSDT": -15.16869058116436,
    "BTCUSDT": 0.018181792920156564,
    "XRPUSDT": 1052.6767999842998,
    "AAPL": 3.654723465864871,
    "GOLD": 0.0,
    "NIFTY": 0.0,
    "RELIANCE": 0.0,
    "EURUSD": 1037.8647582599908,
    "SENSEX": 0.0,
    "NASDAQ": 0.04510862977672754,
    "SPY": 0.0
  },
  "start_equity": 10000.0,
  "bh_units": {
    "ETHUSDT": 1.3908205841446453,
    "SOLUSDT": 32.04306588054345,
    "BTCUSDT": 0.03895415874598772,
    "XRPUSDT": 2254.059561269847
  }
}