{
  "cash": 15865.735960601793,
  "units": {
    "ETHUSDT": -0.8333312735223073,
    "SOLUSDT": -19.461114616118884,
    "BTCUSDT": -0.02359961588065379,
    "XRPUSDT": -1378.2679510651194
  },
  "start_equity": 10000.0,
  "bh_units": {
    "ETHUSDT": 1.3908205841446453,
    "SOLUSDT": 32.04306588054345,
    "BTCUSDT": 0.03895415874598772,
    "XRPUSDT": 2254.059561269847
  }
}