{
  "cash": 7154.508297078639,
  "units": {
    "ETHUSDT": 0.0,
    "SOLUSDT": 19.80500628720509,
    "BTCUSDT": 0.023558705534674068,
    "XRPUSDT": 1381.6824013175656,
    "AAPL": 0.0,
    "GOLD": -0.38311210124289036,
    "NIFTY": 0.0,
    "RELIANCE": 0.0,
    "EURUSD": 0.0,
    "SENSEX": 0.0,
    "NASDAQ": 0.0,
    "SPY": 0.0
  },
  "start_equity": 10000.0,
  "bh_units": {
    "ETHUSDT": 1.3908205841446453,
    "SOLUSDT": 32.04306588054345,
    "BTCUSDT": 0.03895415874598772,
    "XRPUSDT": 2254.059561269847
  }
}