{
  "cash": 2998.4231689374883,
  "units": {
    "ETHUSDT": 0.6177580615491791,
    "SOLUSDT": 0.0,
    "BTCUSDT": 0.01781419116561029,
    "XRPUSDT": 0.0,
    "AAPL": 0.0,
    "GOLD": 0.28043815140879774,
    "NIFTY": 0.0,
    "RELIANCE": 0.0,
    "EURUSD": 0.0,
    "SENSEX": 0.0,
    "NASDAQ": 0.044121469941564864,
    "SPY": 0.0
  },
  "start_equity": 10000.0,
  "bh_units": {
    "ETHUSDT": 1.3908205841446453,
    "SOLUSDT": 32.04306588054345,
    "BTCUSDT": 0.03895415874598772,
    "XRPUSDT": 2254.059561269847
  }
}