{
  "cash": 13445.951900074697,
  "units": {
    "ETHUSDT": -0.6837481227911697,
    "SOLUSDT": -16.82763368279002,
    "BTCUSDT": -0.019676542819333797,
    "XRPUSDT": -1157.9731939277417,
    "AAPL": 0.0,
    "GOLD": 0.0,
    "NIFTY": 0.0,
    "RELIANCE": 0.0,
    "EURUSD": 0.0,
    "SENSEX": 0.0,
    "NASDAQ": 0.0,
    "SPY": 0.0
  },
  "start_equity": 10000.0,
  "bh_units": {
    "ETHUSDT": 1.3908205841446453,
    "SOLUSDT": 32.04306588054345,
    "BTCUSDT": 0.03895415874598772,
    "XRPUSDT": 2254.059561269847
  }
}