{
  "cash": 12911.76391489072,
  "units": {
    "ETHUSDT": -0.8385315855483974,
    "SOLUSDT": 19.530926429520683,
    "BTCUSDT": -0.02373759708173477,
    "XRPUSDT": -1383.03494030304
  },
  "start_equity": 10000.0,
  "bh_units": {
    "ETHUSDT": 1.3908205841446453,
    "SOLUSDT": 32.04306588054345,
    "BTCUSDT": 0.03895415874598772,
    "XRPUSDT": 2254.059561269847
  }
}