{
  "cash": 8263.069118928435,
  "units": {
    "ETHUSDT": 0.8133999272752478,
    "SOLUSDT": 0.0,
    "BTCUSDT": 0.0,
    "XRPUSDT": -1364.479043696541,
    "AAPL": 0.0,
    "GOLD": 0.3621280301770279,
    "NIFTY": 0.0,
    "RELIANCE": 0.0,
    "EURUSD": 0.0,
    "SENSEX": 0.0
  },
  "start_equity": 10000.0,
  "bh_units": {
    "ETHUSDT": 1.3908205841446453,
    "SOLUSDT": 32.04306588054345,
    "BTCUSDT": 0.03895415874598772,
    "XRPUSDT": 2254.059561269847
  }
}