{
  "cash": 12927.774466508496,
  "units": {
    "ETHUSDT": 0.0,
    "SOLUSDT": 21.78460430316161,
    "BTCUSDT": 0.0,
    "XRPUSDT": 1487.3177303734237,
    "AAPL": 0.0,
    "GOLD": -0.40925415159011147,
    "NIFTY": 0.0,
    "RELIANCE": -1.309003500848831,
    "EURUSD": -1478.8549107432962,
    "SENSEX": 0.0,
    "NASDAQ": 0.0,
    "SPY": 0.0
  },
  "start_equity": 10000.0,
  "bh_units": {
    "ETHUSDT": 1.3908205841446453,
    "SOLUSDT": 32.04306588054345,
    "BTCUSDT": 0.03895415874598772,
    "XRPUSDT": 2254.059561269847
  }
}