{
  "cash": 16005.303160610922,
  "units": {
    "ETHUSDT": -0.6097713459353304,
    "SOLUSDT": -15.15002976681649,
    "BTCUSDT": -0.018097448991371664,
    "XRPUSDT": -1050.9563387403612,
    "AAPL": 0.0,
    "GOLD": -0.29057477455407926,
    "NIFTY": -0.04852915797515979,
    "RELIANCE": -0.8981280586401218,
    "EURUSD": 0.0,
    "SENSEX": 0.0,
    "NASDAQ": 0.0,
    "SPY": 0.0
  },
  "start_equity": 10000.0,
  "bh_units": {
    "ETHUSDT": 1.3908205841446453,
    "SOLUSDT": 32.04306588054345,
    "BTCUSDT": 0.03895415874598772,
    "XRPUSDT": 2254.059561269847
  }
}