{
  "cash": 15041.521383828747,
  "units": {
    "ETHUSDT": -0.6336477589310728,
    "SOLUSDT": 0.0,
    "BTCUSDT": -0.018332833631093667,
    "XRPUSDT": -1072.6386699199907,
    "AAPL": 0.0,
    "GOLD": 0.2941891175655511,
    "NIFTY": -0.04916966514324939,
    "RELIANCE": -0.9136656637856723,
    "EURUSD": -1038.6414463780102,
    "SENSEX": -0.015325669824398971,
    "NASDAQ": 0.0,
    "SPY": 0.0
  },
  "start_equity": 10000.0,
  "bh_units": {
    "ETHUSDT": 1.3908205841446453,
    "SOLUSDT": 32.04306588054345,
    "BTCUSDT": 0.03895415874598772,
    "XRPUSDT": 2254.059561269847
  }
}