{
  "cash": 12723.190854102128,
  "units": {
    "ETHUSDT": 0.0,
    "SOLUSDT": 19.52287021880343,
    "BTCUSDT": -0.023469008841445652,
    "XRPUSDT": 1374.0163285292438,
    "AAPL": 0.0,
    "GOLD": -0.36458138480314983,
    "NIFTY": -0.06101213827653617,
    "RELIANCE": -1.1326969599291874,
    "EURUSD": 1287.656817641152,
    "SENSEX": -0.019051440166093503
  },
  "start_equity": 10000.0,
  "bh_units": {
    "ETHUSDT": 1.3908205841446453,
    "SOLUSDT": 32.04306588054345,
    "BTCUSDT": 0.03895415874598772,
    "XRPUSDT": 2254.059561269847
  }
}