{
  "cash": 17894.914502371714,
  "units": {
    "ETHUSDT": -0.8087207166774192,
    "SOLUSDT": -19.760163021946784,
    "BTCUSDT": -0.023539598186074467,
    "XRPUSDT": -1380.6716728414176,
    "AAPL": 0.0,
    "GOLD": -0.38251993800651557,
    "NIFTY": 0.0,
    "RELIANCE": 0.0,
    "EURUSD": 0.0,
    "SENSEX": 0.0,
    "NASDAQ": 0.0,
    "SPY": 0.0
  },
  "start_equity": 10000.0,
  "bh_units": {
    "ETHUSDT": 1.3908205841446453,
    "SOLUSDT": 32.04306588054345,
    "BTCUSDT": 0.03895415874598772,
    "XRPUSDT": 2254.059561269847
  }
}