{
  "cash": 6293.4579758604805,
  "units": {
    "ETHUSDT": 0.8860625693323899,
    "SOLUSDT": 21.901794044760692,
    "BTCUSDT": 0.025789262159581244,
    "XRPUSDT": 1499.690518624277,
    "AAPL": 0.0,
    "GOLD": 0.0,
    "NIFTY": 0.0,
    "RELIANCE": 0.0,
    "EURUSD": -1505.5683061019188,
    "SENSEX": 0.0,
    "NASDAQ": 0.0,
    "SPY": 0.0
  },
  "start_equity": 10000.0,
  "bh_units": {
    "ETHUSDT": 1.3908205841446453,
    "SOLUSDT": 32.04306588054345,
    "BTCUSDT": 0.03895415874598772,
    "XRPUSDT": 2254.059561269847
  }
}