{
  "cash": 6491.852577308593,
  "units": {
    "ETHUSDT": 0.6110185386021404,
    "SOLUSDT": 15.151062546300562,
    "BTCUSDT": 0.017846430344496303,
    "XRPUSDT": 1049.407429012952,
    "AAPL": 3.443588855174803,
    "GOLD": -0.2876355623326995,
    "NIFTY": 0.0,
    "RELIANCE": 0.0,
    "EURUSD": -1001.7713033235792,
    "SENSEX": 0.0,
    "NASDAQ": -0.044188837732380304,
    "SPY": -1.5262138794401008
  },
  "start_equity": 10000.0,
  "bh_units": {
    "ETHUSDT": 1.3908205841446453,
    "SOLUSDT": 32.04306588054345,
    "BTCUSDT": 0.03895415874598772,
    "XRPUSDT": 2254.059561269847
  }
}