{
  "cash": 4092.180850567312,
  "units": {
    "ETHUSDT": 0.797461101668698,
    "SOLUSDT": 19.58708515311789,
    "BTCUSDT": 0.023408110576469056,
    "XRPUSDT": 0.0,
    "AAPL": 0.0,
    "GOLD": 0.3781292432529457,
    "NIFTY": 0.0,
    "RELIANCE": 0.0,
    "EURUSD": 1344.1579315004037,
    "SENSEX": -0.019816526094744522,
    "NASDAQ": 0.0,
    "SPY": 0.0
  },
  "start_equity": 10000.0,
  "bh_units": {
    "ETHUSDT": 1.3908205841446453,
    "SOLUSDT": 32.04306588054345,
    "BTCUSDT": 0.03895415874598772,
    "XRPUSDT": 2254.059561269847
  }
}