{
  "cash": 5705.166261552757,
  "units": {
    "ETHUSDT": 0.0,
    "SOLUSDT": 16.120478395175322,
    "BTCUSDT": 0.018978364432336903,
    "XRPUSDT": 1115.6869808089027,
    "AAPL": 0.0,
    "GOLD": 0.0,
    "NIFTY": 0.0,
    "RELIANCE": 0.0,
    "EURUSD": -1069.950744328538,
    "SENSEX": 0.0,
    "NASDAQ": 0.0,
    "SPY": 0.0
  },
  "start_equity": 10000.0,
  "bh_units": {
    "ETHUSDT": 1.3908205841446453,
    "SOLUSDT": 32.04306588054345,
    "BTCUSDT": 0.03895415874598772,
    "XRPUSDT": 2254.059561269847
  }
}