{
  "cash": 5570.2551709263835,
  "units": {
    "ETHUSDT": -0.6403915584936032,
    "SOLUSDT": 15.467766059250366,
    "BTCUSDT": -0.018527819936000507,
    "XRPUSDT": 1086.9119264584222,
    "AAPL": 0.0,
    "GOLD": 0.2950626849746067,
    "NIFTY": 0.0,
    "RELIANCE": 0.0,
    "EURUSD": 1043.5741151998607,
    "SENSEX": 0.0,
    "NASDAQ": 0.0,
    "SPY": 0.0
  },
  "start_equity": 10000.0,
  "bh_units": {
    "ETHUSDT": 1.3908205841446453,
    "SOLUSDT": 32.04306588054345,
    "BTCUSDT": 0.03895415874598772,
    "XRPUSDT": 2254.059561269847
  }
}