{
  "cash": 9167.423571422478,
  "units": {
    "ETHUSDT": -0.6415816472239542,
    "SOLUSDT": -15.690215041005649,
    "BTCUSDT": 0.0,
    "XRPUSDT": -1097.9592460824365,
    "AAPL": 0.0,
    "GOLD": 0.29717911396686314,
    "NIFTY": 0.04931397145777891,
    "RELIANCE": 0.0,
    "EURUSD": -1045.0089046010578,
    "SENSEX": 0.015385938031149274,
    "NASDAQ": 0.0,
    "SPY": 0.0
  },
  "start_equity": 10000.0,
  "bh_units": {
    "ETHUSDT": 1.3908205841446453,
    "SOLUSDT": 32.04306588054345,
    "BTCUSDT": 0.03895415874598772,
    "XRPUSDT": 2254.059561269847
  }
}