{
  "cash": 2400.9274411746574,
  "units": {
    "ETHUSDT": 0.7705319948833393,
    "SOLUSDT": 18.634202819335695,
    "BTCUSDT": 0.022285559572285476,
    "XRPUSDT": 1304.6703893553758,
    "AAPL": 0.0,
    "GOLD": -0.354856491338447,
    "NIFTY": 0.0,
    "RELIANCE": 0.0,
    "EURUSD": 1262.432612517653,
    "SENSEX": 0.0,
    "NASDAQ": 0.0,
    "SPY": 1.922233633974485
  },
  "start_equity": 10000.0,
  "bh_units": {
    "ETHUSDT": 1.3908205841446453,
    "SOLUSDT": 32.04306588054345,
    "BTCUSDT": 0.03895415874598772,
    "XRPUSDT": 2254.059561269847
  }
}