{
  "cash": 12643.411009845238,
  "units": {
    "ETHUSDT": -0.6152207079521075,
    "SOLUSDT": -15.239760261764802,
    "BTCUSDT": 0.0,
    "XRPUSDT": -1064.0342352735363,
    "AAPL": 0.0,
    "GOLD": 0.29061555673447265,
    "NIFTY": 0.0,
    "RELIANCE": 0.0,
    "EURUSD": 0.0,
    "SENSEX": 0.0,
    "NASDAQ": -0.04518986123134017,
    "SPY": -1.5722447483013884
  },
  "start_equity": 10000.0,
  "bh_units": {
    "ETHUSDT": 1.3908205841446453,
    "SOLUSDT": 32.04306588054345,
    "BTCUSDT": 0.03895415874598772,
    "XRPUSDT": 2254.059561269847
  }
}