{
  "cash": 8352.765157276275,
  "units": {
    "ETHUSDT": 0.8353061226864751,
    "SOLUSDT": -19.734246925262262,
    "BTCUSDT": 0.0,
    "XRPUSDT": 1385.4776741701983,
    "AAPL": 0.0
  },
  "start_equity": 10000.0,
  "bh_units": {
    "ETHUSDT": 1.3908205841446453,
    "SOLUSDT": 32.04306588054345,
    "BTCUSDT": 0.03895415874598772,
    "XRPUSDT": 2254.059561269847
  }
}