{
  "cash": 12421.051269859465,
  "units": {
    "ETHUSDT": -0.7671739269682235,
    "SOLUSDT": 0.0,
    "BTCUSDT": -0.022236097690896087,
    "XRPUSDT": -1298.8717473439176,
    "AAPL": 0.0,
    "GOLD": -0.3524929645509837,
    "NIFTY": 0.0,
    "RELIANCE": 0.0,
    "EURUSD": 0.0,
    "SENSEX": 0.0,
    "NASDAQ": 0.0548120484772545,
    "SPY": 1.9053179990142013
  },
  "start_equity": 10000.0,
  "bh_units": {
    "ETHUSDT": 1.3908205841446453,
    "SOLUSDT": 32.04306588054345,
    "BTCUSDT": 0.03895415874598772,
    "XRPUSDT": 2254.059561269847
  }
}