{
  "cash": 12486.570878373594,
  "units": {
    "ETHUSDT": -0.609711839904576,
    "SOLUSDT": -15.15323692704475,
    "BTCUSDT": 0.0,
    "XRPUSDT": 1051.720201339023,
    "AAPL": 0.0,
    "GOLD": -0.2902626781409424,
    "NIFTY": 0.0,
    "RELIANCE": -0.8970279762144701,
    "EURUSD": 0.0,
    "SENSEX": -0.015122254603681105,
    "NASDAQ": 0.0,
    "SPY": 0.0
  },
  "start_equity": 10000.0,
  "bh_units": {
    "ETHUSDT": 1.3908205841446453,
    "SOLUSDT": 32.04306588054345,
    "BTCUSDT": 0.03895415874598772,
    "XRPUSDT": 2254.059561269847
  }
}