{
  "cash": 14421.237942731525,
  "units": {
    "ETHUSDT": -0.8185299141795661,
    "SOLUSDT": -19.249711246240995,
    "BTCUSDT": -0.023256416748514017,
    "XRPUSDT": 0.0
  },
  "start_equity": 10000.0,
  "bh_units": {
    "ETHUSDT": 1.3908205841446453,
    "SOLUSDT": 32.04306588054345,
    "BTCUSDT": 0.03895415874598772,
    "XRPUSDT": 2254.059561269847
  }
}