{
  "cash": 15975.606960214956,
  "units": {
    "ETHUSDT": -0.6211878752881572,
    "SOLUSDT": -15.384597727231371,
    "BTCUSDT": -0.018263952215158755,
    "XRPUSDT": -1058.3892350869216,
    "AAPL": 0.0,
    "GOLD": -0.2893464957163429,
    "NIFTY": -0.04859051242395752,
    "RELIANCE": -0.9045772061995604,
    "EURUSD": 1019.1575113698125,
    "SENSEX": -0.01513823436786758,
    "NASDAQ": 0.0,
    "SPY": 0.0
  },
  "start_equity": 10000.0,
  "bh_units": {
    "ETHUSDT": 1.3908205841446453,
    "SOLUSDT": 32.04306588054345,
    "BTCUSDT": 0.03895415874598772,
    "XRPUSDT": 2254.059561269847
  }
}