{
  "cash": 16582.17236858744,
  "units": {
    "ETHUSDT": -0.8885767870472121,
    "SOLUSDT": -21.92034685756897,
    "BTCUSDT": -0.025852379478779143,
    "XRPUSDT": -1501.677502296388,
    "AAPL": 0.0,
    "GOLD": 0.41619834661394234,
    "NIFTY": 0.0,
    "RELIANCE": 0.0,
    "EURUSD": 0.0,
    "SENSEX": 0.0,
    "NASDAQ": 0.0,
    "SPY": 0.0
  },
  "start_equity": 10000.0,
  "bh_units": {
    "ETHUSDT": 1.3908205841446453,
    "SOLUSDT": 32.04306588054345,
    "BTCUSDT": 0.03895415874598772,
    "XRPUSDT": 2254.059561269847
  }
}