{
  "cash": 3941.2010177670873,
  "units": {
    "ETHUSDT": 0.8378553248335681,
    "SOLUSDT": 19.79681464582649,
    "BTCUSDT": 0.023808980134389875,
    "XRPUSDT": 1394.5285462574896,
    "AAPL": 0.0
  },
  "start_equity": 10000.0,
  "bh_units": {
    "ETHUSDT": 1.3908205841446453,
    "SOLUSDT": 32.04306588054345,
    "BTCUSDT": 0.03895415874598772,
    "XRPUSDT": 2254.059561269847
  }
}