{
  "cash": 6939.902348785441,
  "units": {
    "ETHUSDT": 0.8400298576713625,
    "SOLUSDT": -19.618054193862857,
    "BTCUSDT": 0.023768250251333178,
    "XRPUSDT": 1386.4904959673024
  },
  "start_equity": 10000.0,
  "bh_units": {
    "ETHUSDT": 1.3908205841446453,
    "SOLUSDT": 32.04306588054345,
    "BTCUSDT": 0.03895415874598772,
    "XRPUSDT": 2254.059561269847
  }
}