{
  "cash": 13912.838771203109,
  "units": {
    "ETHUSDT": -0.6354666514825734,
    "SOLUSDT": -15.530411054008926,
    "BTCUSDT": 0.0,
    "XRPUSDT": -1082.8546074631088,
    "AAPL": 0.0,
    "GOLD": -0.29675033961315456,
    "NIFTY": 0.0,
    "RELIANCE": 0.0,
    "EURUSD": -1044.1995139106432,
    "SENSEX": 0.0,
    "NASDAQ": 0.0,
    "SPY": 0.0
  },
  "start_equity": 10000.0,
  "bh_units": {
    "ETHUSDT": 1.3908205841446453,
    "SOLUSDT": 32.04306588054345,
    "BTCUSDT": 0.03895415874598772,
    "XRPUSDT": 2254.059561269847
  }
}