{
  "cash": 11238.301343207573,
  "units": {
    "ETHUSDT": -0.6164263079326284,
    "SOLUSDT": -15.266587474035239,
    "BTCUSDT": 0.018116004768117103,
    "XRPUSDT": -1050.1768522987163,
    "AAPL": 0.0,
    "GOLD": -0.28832596885942663,
    "NIFTY": 0.0,
    "RELIANCE": 0.0,
    "EURUSD": 0.0,
    "SENSEX": 0.0,
    "NASDAQ": 0.0,
    "SPY": 0.0
  },
  "start_equity": 10000.0,
  "bh_units": {
    "ETHUSDT": 1.3908205841446453,
    "SOLUSDT": 32.04306588054345,
    "BTCUSDT": 0.03895415874598772,
    "XRPUSDT": 2254.059561269847
  }
}