{
  "cash": 10246.21288873097,
  "units": {
    "ETHUSDT": -0.7985813822553758,
    "SOLUSDT": 0.0,
    "BTCUSDT": -0.023482019904335558,
    "XRPUSDT": 1368.56000289846,
    "AAPL": 0.0,
    "GOLD": 0.37942567870694316,
    "NIFTY": -0.06349130990629252,
    "RELIANCE": 0.0,
    "EURUSD": 1346.8016251368913,
    "SENSEX": 0.0,
    "NASDAQ": 0.0,
    "SPY": 0.0
  },
  "start_equity": 10000.0,
  "bh_units": {
    "ETHUSDT": 1.3908205841446453,
    "SOLUSDT": 32.04306588054345,
    "BTCUSDT": 0.03895415874598772,
    "XRPUSDT": 2254.059561269847
  }
}