{
  "cash": 19308.569303939483,
  "units": {
    "ETHUSDT": 0.0,
    "SOLUSDT": 0.0,
    "BTCUSDT": -0.023040115294338557,
    "XRPUSDT": 0.0,
    "AAPL": 0.0,
    "GOLD": -0.37487493579991343,
    "NIFTY": -0.06306742131414492,
    "RELIANCE": -1.167783522720098,
    "EURUSD": -1334.3907123948254,
    "SENSEX": -0.019696932438333776,
    "NASDAQ": 0.0,
    "SPY": 0.0
  },
  "start_equity": 10000.0,
  "bh_units": {
    "ETHUSDT": 1.3908205841446453,
    "SOLUSDT": 32.04306588054345,
    "BTCUSDT": 0.03895415874598772,
    "XRPUSDT": 2254.059561269847
  }
}