{
  "cash": 12906.844633495788,
  "units": {
    "ETHUSDT": -0.6458767340330294,
    "SOLUSDT": -15.711330964962878,
    "BTCUSDT": 0.018786188324347124,
    "XRPUSDT": -1090.4178109822508,
    "AAPL": 0.0,
    "GOLD": -0.29828798073376145,
    "NIFTY": 0.0,
    "RELIANCE": 0.0,
    "EURUSD": -1059.479842625484,
    "SENSEX": 0.0,
    "NASDAQ": 0.0,
    "SPY": 0.0
  },
  "start_equity": 10000.0,
  "bh_units": {
    "ETHUSDT": 1.3908205841446453,
    "SOLUSDT": 32.04306588054345,
    "BTCUSDT": 0.03895415874598772,
    "XRPUSDT": 2254.059561269847
  }
}