{
  "cash": 5525.720347801782,
  "units": {
    "ETHUSDT": 0.6153958646475554,
    "SOLUSDT": 0.0,
    "BTCUSDT": -0.018252607953637336,
    "XRPUSDT": 1062.672814151547,
    "AAPL": 0.0,
    "GOLD": 0.0,
    "NIFTY": 0.0,
    "RELIANCE": 0.0,
    "EURUSD": 1032.4205974089818,
    "SENSEX": 0.0,
    "NASDAQ": 0.0,
    "SPY": 0.0
  },
  "start_equity": 10000.0,
  "bh_units": {
    "ETHUSDT": 1.3908205841446453,
    "SOLUSDT": 32.04306588054345,
    "BTCUSDT": 0.03895415874598772,
    "XRPUSDT": 2254.059561269847
  }
}