{
  "cash": 14742.802389926595,
  "units": {
    "ETHUSDT": 0.7859012268859837,
    "SOLUSDT": 0.0,
    "BTCUSDT": 0.0,
    "XRPUSDT": 0.0,
    "AAPL": 0.0,
    "GOLD": -0.3750778044035678,
    "NIFTY": -0.06312522340276781,
    "RELIANCE": -1.1685878679671173,
    "EURUSD": 0.0,
    "SENSEX": -0.019709709872261758,
    "NASDAQ": 0.0,
    "SPY": 0.0
  },
  "start_equity": 10000.0,
  "bh_units": {
    "ETHUSDT": 1.3908205841446453,
    "SOLUSDT": 32.04306588054345,
    "BTCUSDT": 0.03895415874598772,
    "XRPUSDT": 2254.059561269847
  }
}