{
  "cash": 9913.610057382524,
  "units": {
    "ETHUSDT": 0.8401366744840667,
    "SOLUSDT": -19.602450749232773,
    "BTCUSDT": -0.023761875231089278,
    "XRPUSDT": 1387.3212615561426
  },
  "start_equity": 10000.0,
  "bh_units": {
    "ETHUSDT": 1.3908205841446453,
    "SOLUSDT": 32.04306588054345,
    "BTCUSDT": 0.03895415874598772,
    "XRPUSDT": 2254.059561269847
  }
}