{
  "cash": 3973.438590105543,
  "units": {
    "ETHUSDT": 0.8327689208717185,
    "SOLUSDT": 19.395149151379847,
    "BTCUSDT": 0.023358200410514042,
    "XRPUSDT": 1356.084460087924
  },
  "start_equity": 10000.0,
  "bh_units": {
    "ETHUSDT": 1.3908205841446453,
    "SOLUSDT": 32.04306588054345,
    "BTCUSDT": 0.03895415874598772,
    "XRPUSDT": 2254.059561269847
  }
}