{
  "cash": 13151.22767628732,
  "units": {
    "ETHUSDT": -0.892334153443109,
    "SOLUSDT": 21.994892864227193,
    "BTCUSDT": 0.0,
    "XRPUSDT": -1502.2781465934513,
    "AAPL": 0.0,
    "GOLD": 0.4201507710454096,
    "NIFTY": 0.0,
    "RELIANCE": 0.0,
    "EURUSD": -1504.517796553294,
    "SENSEX": 0.0,
    "NASDAQ": 0.0,
    "SPY": 0.0
  },
  "start_equity": 10000.0,
  "bh_units": {
    "ETHUSDT": 1.3908205841446453,
    "SOLUSDT": 32.04306588054345,
    "BTCUSDT": 0.03895415874598772,
    "XRPUSDT": 2254.059561269847
  }
}