{
  "cash": 12887.822157466633,
  "units": {
    "ETHUSDT": -0.834768827147288,
    "SOLUSDT": -19.492163962251652,
    "BTCUSDT": -0.02359172478987481,
    "XRPUSDT": 1381.2018768392209
  },
  "start_equity": 10000.0,
  "bh_units": {
    "ETHUSDT": 1.3908205841446453,
    "SOLUSDT": 32.04306588054345,
    "BTCUSDT": 0.03895415874598772,
    "XRPUSDT": 2254.059561269847
  }
}