{
  "cash": 4102.583891394898,
  "units": {
    "ETHUSDT": 0.8122776862243326,
    "SOLUSDT": -19.872448542316295,
    "BTCUSDT": 0.023656804583280944,
    "XRPUSDT": 1380.6077134850498,
    "AAPL": 4.685879936171457,
    "GOLD": 0.3832925222879554,
    "NIFTY": 0.0,
    "RELIANCE": 0.0,
    "EURUSD": 0.0,
    "SENSEX": 0.0,
    "NASDAQ": 0.0,
    "SPY": 0.0
  },
  "start_equity": 10000.0,
  "bh_units": {
    "ETHUSDT": 1.3908205841446453,
    "SOLUSDT": 32.04306588054345,
    "BTCUSDT": 0.03895415874598772,
    "XRPUSDT": 2254.059561269847
  }
}