{
  "cash": 788.4678364656512,
  "units": {
    "ETHUSDT": 0.6162108204063659,
    "SOLUSDT": 15.25213029854644,
    "BTCUSDT": 0.0,
    "XRPUSDT": 1063.9364402992155,
    "AAPL": -3.6252576714263043,
    "GOLD": 0.2929054721890048,
    "NIFTY": 0.0,
    "RELIANCE": 0.0,
    "EURUSD": 1033.938930678349,
    "SENSEX": 0.0,
    "NASDAQ": 0.045264370222160455,
    "SPY": 1.574227743793515
  },
  "start_equity": 10000.0,
  "bh_units": {
    "ETHUSDT": 1.3908205841446453,
    "SOLUSDT": 32.04306588054345,
    "BTCUSDT": 0.03895415874598772,
    "XRPUSDT": 2254.059561269847
  }
}