{
  "cash": 5562.011791008883,
  "units": {
    "ETHUSDT": 0.638314105768192,
    "SOLUSDT": 0.0,
    "BTCUSDT": 0.018551369909683275,
    "XRPUSDT": -1091.624705504017,
    "AAPL": 0.0,
    "GOLD": 0.29604259244109116,
    "NIFTY": 0.0,
    "RELIANCE": 0.0,
    "EURUSD": 0.0,
    "SENSEX": 0.0,
    "NASDAQ": 0.0,
    "SPY": 0.0
  },
  "start_equity": 10000.0,
  "bh_units": {
    "ETHUSDT": 1.3908205841446453,
    "SOLUSDT": 32.04306588054345,
    "BTCUSDT": 0.03895415874598772,
    "XRPUSDT": 2254.059561269847
  }
}