{
  "cash": 1887.0880877309792,
  "units": {
    "ETHUSDT": -0.6204643073298738,
    "SOLUSDT": 15.2067071240595,
    "BTCUSDT": 0.017905233524621793,
    "XRPUSDT": 1044.8298400368556,
    "AAPL": -3.420602055510107,
    "GOLD": 0.2829932403677856,
    "NIFTY": 0.0,
    "RELIANCE": 0.0,
    "EURUSD": 989.7715167350796,
    "SENSEX": 0.0,
    "NASDAQ": 0.04427894148440013,
    "SPY": 1.5165575996892846
  },
  "start_equity": 10000.0,
  "bh_units": {
    "ETHUSDT": 1.3908205841446453,
    "SOLUSDT": 32.04306588054345,
    "BTCUSDT": 0.03895415874598772,
    "XRPUSDT": 2254.059561269847
  }
}