{
  "cash": 13104.210077004755,
  "units": {
    "ETHUSDT": -0.8857572416125085,
    "SOLUSDT": -21.848980559116164,
    "BTCUSDT": 0.0,
    "XRPUSDT": -1494.7100199729414,
    "AAPL": 0.0,
    "GOLD": 0.4138308958525186,
    "NIFTY": 0.0,
    "RELIANCE": 0.0,
    "EURUSD": 1498.0243200172283,
    "SENSEX": 0.0,
    "NASDAQ": 0.0,
    "SPY": 0.0
  },
  "start_equity": 10000.0,
  "bh_units": {
    "ETHUSDT": 1.3908205841446453,
    "SOLUSDT": 32.04306588054345,
    "BTCUSDT": 0.03895415874598772,
    "XRPUSDT": 2254.059561269847
  }
}