{
  "cash": 4206.126693583927,
  "units": {
    "ETHUSDT": 0.6124285151961383,
    "SOLUSDT": 15.155846828589496,
    "BTCUSDT": 0.017889743602866135,
    "XRPUSDT": 1050.651105187641,
    "AAPL": 0.0,
    "GOLD": 0.2874266954645604,
    "NIFTY": 0.0,
    "RELIANCE": 0.0,
    "EURUSD": 0.0,
    "SENSEX": 0.0,
    "NASDAQ": -0.044258616350921744,
    "SPY": -1.528889025494642
  },
  "start_equity": 10000.0,
  "bh_units": {
    "ETHUSDT": 1.3908205841446453,
    "SOLUSDT": 32.04306588054345,
    "BTCUSDT": 0.03895415874598772,
    "XRPUSDT": 2254.059561269847
  }
}