{
  "cash": 5333.687697077741,
  "units": {
    "ETHUSDT": 0.0,
    "SOLUSDT": 15.233456888025602,
    "BTCUSDT": -0.01804246653225616,
    "XRPUSDT": 1050.177971891,
    "AAPL": 0.0,
    "GOLD": -0.2869174129316475,
    "NIFTY": 0.047119026238227765,
    "RELIANCE": 0.0,
    "EURUSD": 0.0,
    "SENSEX": 0.014680957270542834,
    "NASDAQ": 0.0,
    "SPY": 0.0
  },
  "start_equity": 10000.0,
  "bh_units": {
    "ETHUSDT": 1.3908205841446453,
    "SOLUSDT": 32.04306588054345,
    "BTCUSDT": 0.03895415874598772,
    "XRPUSDT": 2254.059561269847
  }
}