{
  "cash": 10411.360123302438,
  "units": {
    "ETHUSDT": 0.0,
    "SOLUSDT": 15.870015587421515,
    "BTCUSDT": -0.01880105278175603,
    "XRPUSDT": 1106.37097617282,
    "AAPL": 0.0,
    "GOLD": -0.2995708786585426,
    "NIFTY": -0.049685572806877826,
    "RELIANCE": 0.9012292830210641,
    "EURUSD": -1050.3705569749827,
    "SENSEX": -0.01548921135207517,
    "NASDAQ": 0.0,
    "SPY": 0.0
  },
  "start_equity": 10000.0,
  "bh_units": {
    "ETHUSDT": 1.3908205841446453,
    "SOLUSDT": 32.04306588054345,
    "BTCUSDT": 0.03895415874598772,
    "XRPUSDT": 2254.059561269847
  }
}