{
  "cash": 7196.014578679626,
  "units": {
    "ETHUSDT": 0.0,
    "SOLUSDT": 20.24711788228115,
    "BTCUSDT": 0.0,
    "XRPUSDT": 1412.7060301891051,
    "AAPL": 0.0,
    "GOLD": 0.38448684990899484,
    "NIFTY": 0.0,
    "RELIANCE": 0.0,
    "EURUSD": -1352.2923855112838,
    "SENSEX": 0.0,
    "NASDAQ": 0.0,
    "SPY": 0.0
  },
  "start_equity": 10000.0,
  "bh_units": {
    "ETHUSDT": 1.3908205841446453,
    "SOLUSDT": 32.04306588054345,
    "BTCUSDT": 0.03895415874598772,
    "XRPUSDT": 2254.059561269847
  }
}