{
  "cash": 2865.848531791411,
  "units": {
    "ETHUSDT": 0.8957372367320114,
    "SOLUSDT": 22.114087811875905,
    "BTCUSDT": 0.0,
    "XRPUSDT": 1485.9946897164236,
    "AAPL": -5.2558478642713755,
    "GOLD": 0.42134431785538207,
    "NIFTY": 0.0,
    "RELIANCE": 0.0,
    "EURUSD": 0.0,
    "SENSEX": 0.0,
    "NASDAQ": 0.06667594780294606,
    "SPY": 2.3021720317194454
  },
  "start_equity": 10000.0,
  "bh_units": {
    "ETHUSDT": 1.3908205841446453,
    "SOLUSDT": 32.04306588054345,
    "BTCUSDT": 0.03895415874598772,
    "XRPUSDT": 2254.059561269847
  }
}