{
  "cash": 15341.03422476025,
  "units": {
    "ETHUSDT": -0.6096875215162996,
    "SOLUSDT": -14.955457828614586,
    "BTCUSDT": 0.017518323703800166,
    "XRPUSDT": -1030.5397686711626,
    "AAPL": -3.373168258108149,
    "GOLD": -0.2798974379434027,
    "NIFTY": 0.0,
    "RELIANCE": 0.0,
    "EURUSD": -981.3416073221531,
    "SENSEX": 0.0,
    "NASDAQ": -0.04394551128034356,
    "SPY": -1.5098273902028392
  },
  "start_equity": 10000.0,
  "bh_units": {
    "ETHUSDT": 1.3908205841446453,
    "SOLUSDT": 32.04306588054345,
    "BTCUSDT": 0.03895415874598772,
    "XRPUSDT": 2254.059561269847
  }
}