{
  "cash": 8072.978189168329,
  "units": {
    "ETHUSDT": 0.6461560394232181,
    "SOLUSDT": -15.791649229450094,
    "BTCUSDT": 0.018726047771352054,
    "XRPUSDT": -1102.3312181681704,
    "AAPL": 0.0,
    "GOLD": 0.30066265257510794,
    "NIFTY": 0.0,
    "RELIANCE": 0.0,
    "EURUSD": -1058.3882347944968,
    "SENSEX": 0.0,
    "NASDAQ": 0.0,
    "SPY": 0.0
  },
  "start_equity": 10000.0,
  "bh_units": {
    "ETHUSDT": 1.3908205841446453,
    "SOLUSDT": 32.04306588054345,
    "BTCUSDT": 0.03895415874598772,
    "XRPUSDT": 2254.059561269847
  }
}