{
  "cash": 13929.726261523654,
  "units": {
    "ETHUSDT": -0.6379036996914556,
    "SOLUSDT": -15.351351826722375,
    "BTCUSDT": -0.018487700628357456,
    "XRPUSDT": -1085.9836333959074,
    "AAPL": 0.0,
    "GOLD": -0.29579313426374676,
    "NIFTY": 0.0,
    "RELIANCE": 0.0,
    "EURUSD": -1043.730896051107,
    "SENSEX": 0.015391197178533503,
    "NASDAQ": 0.0,
    "SPY": 0.0
  },
  "start_equity": 10000.0,
  "bh_units": {
    "ETHUSDT": 1.3908205841446453,
    "SOLUSDT": 32.04306588054345,
    "BTCUSDT": 0.03895415874598772,
    "XRPUSDT": 2254.059561269847
  }
}