{
  "cash": 6769.7328916217975,
  "units": {
    "ETHUSDT": 0.6331217059347913,
    "SOLUSDT": 0.0,
    "BTCUSDT": 0.01841503508825542,
    "XRPUSDT": -1082.9026469273117,
    "AAPL": 0.0,
    "GOLD": 0.29635484107585974,
    "NIFTY": 0.0,
    "RELIANCE": 0.0,
    "EURUSD": -1045.3818510518824,
    "SENSEX": 0.0,
    "NASDAQ": 0.0,
    "SPY": 0.0
  },
  "start_equity": 10000.0,
  "bh_units": {
    "ETHUSDT": 1.3908205841446453,
    "SOLUSDT": 32.04306588054345,
    "BTCUSDT": 0.03895415874598772,
    "XRPUSDT": 2254.059561269847
  }
}