{
  "cash": 14863.875793818212,
  "units": {
    "ETHUSDT": -0.8945664638256573,
    "SOLUSDT": 22.03884379910756,
    "BTCUSDT": 0.025888131510612238,
    "XRPUSDT": -1506.4364416433611,
    "AAPL": 0.0,
    "GOLD": -0.4198954154600441,
    "NIFTY": 0.0,
    "RELIANCE": 0.0,
    "EURUSD": -1504.0452726883716,
    "SENSEX": 0.0,
    "NASDAQ": 0.0,
    "SPY": 0.0
  },
  "start_equity": 10000.0,
  "bh_units": {
    "ETHUSDT": 1.3908205841446453,
    "SOLUSDT": 32.04306588054345,
    "BTCUSDT": 0.03895415874598772,
    "XRPUSDT": 2254.059561269847
  }
}