{
  "cash": 967.7105485950517,
  "units": {
    "ETHUSDT": 0.8168782429338548,
    "SOLUSDT": 19.43224530795545,
    "BTCUSDT": 0.023314971420018395,
    "XRPUSDT": 1365.5376137465655,
    "AAPL": 0.0,
    "GOLD": 0.3625544911474595,
    "NIFTY": -0.06071554129036204,
    "RELIANCE": 0.0,
    "EURUSD": 1280.657050682147,
    "SENSEX": 0.018949904057414608
  },
  "start_equity": 10000.0,
  "bh_units": {
    "ETHUSDT": 1.3908205841446453,
    "SOLUSDT": 32.04306588054345,
    "BTCUSDT": 0.03895415874598772,
    "XRPUSDT": 2254.059561269847
  }
}