{
  "cash": 5524.011953848456,
  "units": {
    "ETHUSDT": 0.615817510097646,
    "SOLUSDT": 0.0,
    "BTCUSDT": -0.01825228151315359,
    "XRPUSDT": 1063.7461545288802,
    "AAPL": 0.0,
    "GOLD": 0.0,
    "NIFTY": 0.0,
    "RELIANCE": 0.0,
    "EURUSD": 1032.1425724991143,
    "SENSEX": 0.0,
    "NASDAQ": 0.0,
    "SPY": 0.0
  },
  "start_equity": 10000.0,
  "bh_units": {
    "ETHUSDT": 1.3908205841446453,
    "SOLUSDT": 32.04306588054345,
    "BTCUSDT": 0.03895415874598772,
    "XRPUSDT": 2254.059561269847
  }
}