{
  "cash": 14187.457952811114,
  "units": {
    "ETHUSDT": -0.8253489250865944,
    "SOLUSDT": -19.597492097871122,
    "BTCUSDT": 0.0,
    "XRPUSDT": 0.0,
    "AAPL": 0.0,
    "GOLD": -0.3643251353893847,
    "NIFTY": -0.06095975803969835,
    "RELIANCE": -1.1287468345775225,
    "EURUSD": 1288.1004940348562,
    "SENSEX": 0.019018855294854826
  },
  "start_equity": 10000.0,
  "bh_units": {
    "ETHUSDT": 1.3908205841446453,
    "SOLUSDT": 32.04306588054345,
    "BTCUSDT": 0.03895415874598772,
    "XRPUSDT": 2254.059561269847
  }
}