{
  "cash": 12890.311812736923,
  "units": {
    "ETHUSDT": -0.8347891396938877,
    "SOLUSDT": 19.45257402815328,
    "BTCUSDT": -0.02364578957715457,
    "XRPUSDT": -1379.5716712356693
  },
  "start_equity": 10000.0,
  "bh_units": {
    "ETHUSDT": 1.3908205841446453,
    "SOLUSDT": 32.04306588054345,
    "BTCUSDT": 0.03895415874598772,
    "XRPUSDT": 2254.059561269847
  }
}