{
  "cash": 4271.570880038844,
  "units": {
    "ETHUSDT": 0.6169588951964099,
    "SOLUSDT": 15.28485736945694,
    "BTCUSDT": 0.018158906663481793,
    "XRPUSDT": 1051.8267538811485,
    "AAPL": 0.0,
    "GOLD": 0.0,
    "NIFTY": 0.0,
    "RELIANCE": 0.0,
    "EURUSD": 0.0,
    "SENSEX": -0.0151052752902427,
    "NASDAQ": 0.0,
    "SPY": 0.0
  },
  "start_equity": 10000.0,
  "bh_units": {
    "ETHUSDT": 1.3908205841446453,
    "SOLUSDT": 32.04306588054345,
    "BTCUSDT": 0.03895415874598772,
    "XRPUSDT": 2254.059561269847
  }
}