{
  "cash": 6937.919309254185,
  "units": {
    "ETHUSDT": -0.8376658230540595,
    "SOLUSDT": 19.571631379767744,
    "BTCUSDT": 0.023745258251288877,
    "XRPUSDT": 1382.1197976546837,
    "AAPL": 0.0
  },
  "start_equity": 10000.0,
  "bh_units": {
    "ETHUSDT": 1.3908205841446453,
    "SOLUSDT": 32.04306588054345,
    "BTCUSDT": 0.03895415874598772,
    "XRPUSDT": 2254.059561269847
  }
}