{
  "cash": 6948.001874007036,
  "units": {
    "ETHUSDT": -0.8397773225592788,
    "SOLUSDT": 19.766088745611484,
    "BTCUSDT": 0.02391023290989964,
    "XRPUSDT": 1392.3919608927165,
    "AAPL": 0.0
  },
  "start_equity": 10000.0,
  "bh_units": {
    "ETHUSDT": 1.3908205841446453,
    "SOLUSDT": 32.04306588054345,
    "BTCUSDT": 0.03895415874598772,
    "XRPUSDT": 2254.059561269847
  }
}