{
  "cash": 4091.2300181383225,
  "units": {
    "ETHUSDT": 0.7980297588462476,
    "SOLUSDT": 19.631634182749977,
    "BTCUSDT": 0.023432388602833355,
    "XRPUSDT": 1356.8093843748936,
    "AAPL": 0.0,
    "GOLD": 0.37851875342492625,
    "NIFTY": -0.06348494970866388,
    "RELIANCE": 0.0,
    "EURUSD": 1343.3256381944761,
    "SENSEX": -0.019794815396712594,
    "NASDAQ": 0.0,
    "SPY": 0.0
  },
  "start_equity": 10000.0,
  "bh_units": {
    "ETHUSDT": 1.3908205841446453,
    "SOLUSDT": 32.04306588054345,
    "BTCUSDT": 0.03895415874598772,
    "XRPUSDT": 2254.059561269847
  }
}