{
  "cash": 8498.833016578646,
  "units": {
    "ETHUSDT": 0.8221657559934402,
    "SOLUSDT": -19.183867639846937,
    "BTCUSDT": 0.023320242751593515
  },
  "start_equity": 10000.0,
  "bh_units": {
    "ETHUSDT": 1.3908205841446453,
    "SOLUSDT": 32.04306588054345,
    "BTCUSDT": 0.03895415874598772,
    "XRPUSDT": 2254.059561269847
  }
}