{
  "cash": 3967.016734155528,
  "units": {
    "ETHUSDT": 0.8407224620834711,
    "SOLUSDT": 19.783414617674875,
    "BTCUSDT": 0.023907939477710728,
    "XRPUSDT": 1393.5922873851034,
    "AAPL": 0.0
  },
  "start_equity": 10000.0,
  "bh_units": {
    "ETHUSDT": 1.3908205841446453,
    "SOLUSDT": 32.04306588054345,
    "BTCUSDT": 0.03895415874598772,
    "XRPUSDT": 2254.059561269847
  }
}