{
  "cash": 2391.8169965872316,
  "units": {
    "ETHUSDT": 0.7689419798052353,
    "SOLUSDT": 18.644647173886025,
    "BTCUSDT": 0.0,
    "XRPUSDT": 1303.7528416909581,
    "AAPL": 4.5640048877611195,
    "GOLD": 0.0,
    "NIFTY": 0.0,
    "RELIANCE": 0.0,
    "EURUSD": -1256.6785811690108,
    "SENSEX": 0.0,
    "NASDAQ": 0.054922545414327326,
    "SPY": 1.909069136464885
  },
  "start_equity": 10000.0,
  "bh_units": {
    "ETHUSDT": 1.3908205841446453,
    "SOLUSDT": 32.04306588054345,
    "BTCUSDT": 0.03895415874598772,
    "XRPUSDT": 2254.059561269847
  }
}