{
  "cash": 9175.645441788341,
  "units": {
    "ETHUSDT": -0.6437820026981796,
    "SOLUSDT": -15.732100207835297,
    "BTCUSDT": -0.018653530874253692,
    "XRPUSDT": -1100.3318784572036,
    "AAPL": 0.0,
    "GOLD": 0.29767555360440145,
    "NIFTY": 0.0493967638751207,
    "RELIANCE": 0.8998047244445363,
    "EURUSD": -1046.1035705210068,
    "SENSEX": 0.015406968833222345,
    "NASDAQ": 0.0,
    "SPY": 0.0
  },
  "start_equity": 10000.0,
  "bh_units": {
    "ETHUSDT": 1.3908205841446453,
    "SOLUSDT": 32.04306588054345,
    "BTCUSDT": 0.03895415874598772,
    "XRPUSDT": 2254.059561269847
  }
}