{
  "cash": 12230.583181503844,
  "units": {
    "ETHUSDT": -0.6119455287817723,
    "SOLUSDT": 0.0,
    "BTCUSDT": -0.017859530376030452,
    "XRPUSDT": 1046.3771570254248,
    "AAPL": 0.0,
    "GOLD": 0.0,
    "NIFTY": 0.0,
    "RELIANCE": 0.0,
    "EURUSD": -1002.4693822748171,
    "SENSEX": 0.0,
    "NASDAQ": -0.044398259417619955,
    "SPY": -1.5315086061317296
  },
  "start_equity": 10000.0,
  "bh_units": {
    "ETHUSDT": 1.3908205841446453,
    "SOLUSDT": 32.04306588054345,
    "BTCUSDT": 0.03895415874598772,
    "XRPUSDT": 2254.059561269847
  }
}