{
  "cash": 9795.880914400585,
  "units": {
    "ETHUSDT": 0.8237833650181462,
    "SOLUSDT": -19.52148781962093,
    "BTCUSDT": 0.023541758334126944,
    "XRPUSDT": -1376.5479916275083,
    "AAPL": 0.0
  },
  "start_equity": 10000.0,
  "bh_units": {
    "ETHUSDT": 1.3908205841446453,
    "SOLUSDT": 32.04306588054345,
    "BTCUSDT": 0.03895415874598772,
    "XRPUSDT": 2254.059561269847
  }
}