{
  "cash": 9786.103515435401,
  "units": {
    "ETHUSDT": 0.0,
    "SOLUSDT": 19.512708859466123,
    "BTCUSDT": 0.0,
    "XRPUSDT": 1373.6561449374342,
    "AAPL": 0.0,
    "GOLD": 0.0,
    "NIFTY": -0.06101319951236488,
    "RELIANCE": -1.1343090586310987,
    "EURUSD": 1287.499968943463,
    "SENSEX": -0.01904120124028987
  },
  "start_equity": 10000.0,
  "bh_units": {
    "ETHUSDT": 1.3908205841446453,
    "SOLUSDT": 32.04306588054345,
    "BTCUSDT": 0.03895415874598772,
    "XRPUSDT": 2254.059561269847
  }
}