{
  "cash": 8762.888960036738,
  "units": {
    "ETHUSDT": -0.6257502395498723,
    "SOLUSDT": 0.0,
    "BTCUSDT": 0.018208408247678737,
    "XRPUSDT": -1055.4023063563025,
    "AAPL": 0.0,
    "GOLD": 0.0,
    "NIFTY": -0.04713381724656036,
    "RELIANCE": 0.8646653151311869,
    "EURUSD": 0.0,
    "SENSEX": 0.0,
    "NASDAQ": 0.0,
    "SPY": 0.0
  },
  "start_equity": 10000.0,
  "bh_units": {
    "ETHUSDT": 1.3908205841446453,
    "SOLUSDT": 32.04306588054345,
    "BTCUSDT": 0.03895415874598772,
    "XRPUSDT": 2254.059561269847
  }
}