{
  "cash": 3917.5125374867534,
  "units": {
    "ETHUSDT": 0.8252263045508207,
    "SOLUSDT": 19.582349604923635,
    "BTCUSDT": 0.023517503119428997,
    "XRPUSDT": 1378.2417368996819,
    "AAPL": 0.0
  },
  "start_equity": 10000.0,
  "bh_units": {
    "ETHUSDT": 1.3908205841446453,
    "SOLUSDT": 32.04306588054345,
    "BTCUSDT": 0.03895415874598772,
    "XRPUSDT": 2254.059561269847
  }
}