{
  "cash": 12879.134547729684,
  "units": {
    "ETHUSDT": -0.8325232888713936,
    "SOLUSDT": -19.402716681491544,
    "BTCUSDT": -0.023571323191933342,
    "XRPUSDT": 1378.030277205313
  },
  "start_equity": 10000.0,
  "bh_units": {
    "ETHUSDT": 1.3908205841446453,
    "SOLUSDT": 32.04306588054345,
    "BTCUSDT": 0.03895415874598772,
    "XRPUSDT": 2254.059561269847
  }
}