{
  "cash": 5581.948075061716,
  "units": {
    "ETHUSDT": 0.0,
    "SOLUSDT": 15.43061717451445,
    "BTCUSDT": 0.018494132694788508,
    "XRPUSDT": -1081.3605171502115,
    "AAPL": 0.0,
    "GOLD": 0.0,
    "NIFTY": 0.0,
    "RELIANCE": 0.0,
    "EURUSD": 1046.4751743625673,
    "SENSEX": 0.0,
    "NASDAQ": 0.0,
    "SPY": 0.0
  },
  "start_equity": 10000.0,
  "bh_units": {
    "ETHUSDT": 1.3908205841446453,
    "SOLUSDT": 32.04306588054345,
    "BTCUSDT": 0.03895415874598772,
    "XRPUSDT": 2254.059561269847
  }
}