{
  "cash": 2036.64853680529,
  "units": {
    "ETHUSDT": 0.6545273377702356,
    "SOLUSDT": 16.067155260112727,
    "BTCUSDT": 0.018920215449922492,
    "XRPUSDT": 1113.5999564716574,
    "AAPL": 0.0,
    "GOLD": 0.0,
    "NIFTY": 0.0,
    "RELIANCE": 0.0,
    "EURUSD": 1070.3473991278524,
    "SENSEX": 0.0,
    "NASDAQ": 0.0,
    "SPY": 0.0
  },
  "start_equity": 10000.0,
  "bh_units": {
    "ETHUSDT": 1.3908205841446453,
    "SOLUSDT": 32.04306588054345,
    "BTCUSDT": 0.03895415874598772,
    "XRPUSDT": 2254.059561269847
  }
}