{
  "cash": 10942.808438653083,
  "units": {
    "ETHUSDT": 0.6171354716019286,
    "SOLUSDT": -15.148846635977222,
    "BTCUSDT": -0.017955452253113895,
    "XRPUSDT": -1044.7817905095085,
    "AAPL": 0.0,
    "GOLD": -0.28326618518868457,
    "NIFTY": 0.0,
    "RELIANCE": 0.0,
    "EURUSD": 0.0,
    "SENSEX": 0.0,
    "NASDAQ": 0.0,
    "SPY": 0.0
  },
  "start_equity": 10000.0,
  "bh_units": {
    "ETHUSDT": 1.3908205841446453,
    "SOLUSDT": 32.04306588054345,
    "BTCUSDT": 0.03895415874598772,
    "XRPUSDT": 2254.059561269847
  }
}