{
  "cash": 4355.817553985642,
  "units": {
    "ETHUSDT": 0.0,
    "SOLUSDT": 15.324668163056575,
    "BTCUSDT": 0.0,
    "XRPUSDT": 1072.8762047775351,
    "AAPL": 0.0,
    "GOLD": 0.2944262170428918,
    "NIFTY": 0.0,
    "RELIANCE": -0.916171757412033,
    "EURUSD": 0.0,
    "SENSEX": 0.01538836495977426,
    "NASDAQ": 0.0,
    "SPY": 0.0
  },
  "start_equity": 10000.0,
  "bh_units": {
    "ETHUSDT": 1.3908205841446453,
    "SOLUSDT": 32.04306588054345,
    "BTCUSDT": 0.03895415874598772,
    "XRPUSDT": 2254.059561269847
  }
}