{
  "cash": 767.4902433951426,
  "units": {
    "ETHUSDT": -0.6137068511217069,
    "SOLUSDT": 15.053806778983557,
    "BTCUSDT": 0.017842325304895556,
    "XRPUSDT": 1034.5650869956937,
    "AAPL": 3.4756309685658535,
    "GOLD": 0.2868229914926988,
    "NIFTY": 0.0,
    "RELIANCE": 0.0,
    "EURUSD": 1006.9616255042364,
    "SENSEX": 0.0,
    "NASDAQ": 0.04422918247198965,
    "SPY": 0.0
  },
  "start_equity": 10000.0,
  "bh_units": {
    "ETHUSDT": 1.3908205841446453,
    "SOLUSDT": 32.04306588054345,
    "BTCUSDT": 0.03895415874598772,
    "XRPUSDT": 2254.059561269847
  }
}