{
  "cash": 15618.085001041713,
  "units": {
    "ETHUSDT": -0.6264707231260822,
    "SOLUSDT": -15.361163174716555,
    "BTCUSDT": 0.01821888315317889,
    "XRPUSDT": -1056.5992143474432,
    "AAPL": 0.0,
    "GOLD": -0.2860036386884164,
    "NIFTY": -0.047135971137759934,
    "RELIANCE": -0.8677173640565727,
    "EURUSD": -998.7507997893138,
    "SENSEX": -0.014670191251377002,
    "NASDAQ": 0.0,
    "SPY": 0.0
  },
  "start_equity": 10000.0,
  "bh_units": {
    "ETHUSDT": 1.3908205841446453,
    "SOLUSDT": 32.04306588054345,
    "BTCUSDT": 0.03895415874598772,
    "XRPUSDT": 2254.059561269847
  }
}