{
  "cash": 14595.916616842671,
  "units": {
    "ETHUSDT": -0.8764282805551673,
    "SOLUSDT": -21.80969417139095,
    "BTCUSDT": -0.02559723658562801,
    "XRPUSDT": -1482.599947105313,
    "AAPL": 0.0,
    "GOLD": 0.40704400819693276,
    "NIFTY": 0.0,
    "RELIANCE": 0.0,
    "EURUSD": 1475.2492851391112,
    "SENSEX": 0.0,
    "NASDAQ": 0.0,
    "SPY": 0.0
  },
  "start_equity": 10000.0,
  "bh_units": {
    "ETHUSDT": 1.3908205841446453,
    "SOLUSDT": 32.04306588054345,
    "BTCUSDT": 0.03895415874598772,
    "XRPUSDT": 2254.059561269847
  }
}