{
  "cash": 8206.857667728471,
  "units": {
    "ETHUSDT": 0.0,
    "SOLUSDT": -18.74065846772916,
    "BTCUSDT": -0.02255836213453337,
    "XRPUSDT": -1314.5432020793305,
    "AAPL": 0.0,
    "GOLD": 0.3541505682814971,
    "NIFTY": 0.0,
    "RELIANCE": 0.0,
    "EURUSD": 1264.8676325464628,
    "SENSEX": 0.0,
    "NASDAQ": 0.05540003030925954,
    "SPY": 1.923918482217703
  },
  "start_equity": 10000.0,
  "bh_units": {
    "ETHUSDT": 1.3908205841446453,
    "SOLUSDT": 32.04306588054345,
    "BTCUSDT": 0.03895415874598772,
    "XRPUSDT": 2254.059561269847
  }
}