{
  "cash": 18458.158686049726,
  "units": {
    "ETHUSDT": -0.7817195377664184,
    "SOLUSDT": -18.955275264101942,
    "BTCUSDT": -0.022837466303680512,
    "XRPUSDT": -1327.1661891225797,
    "AAPL": 0.0,
    "GOLD": 0.0,
    "NIFTY": 0.0,
    "RELIANCE": 0.0,
    "EURUSD": 0.0,
    "SENSEX": 0.0,
    "NASDAQ": -0.056122736092296066,
    "SPY": -1.9430420830722097
  },
  "start_equity": 10000.0,
  "bh_units": {
    "ETHUSDT": 1.3908205841446453,
    "SOLUSDT": 32.04306588054345,
    "BTCUSDT": 0.03895415874598772,
    "XRPUSDT": 2254.059561269847
  }
}