{
  "cash": 7161.660395651179,
  "units": {
    "ETHUSDT": 0.0,
    "SOLUSDT": 19.699318993419357,
    "BTCUSDT": 0.0,
    "XRPUSDT": 1376.3716327279901,
    "AAPL": 0.0,
    "GOLD": 0.37976469877217056,
    "NIFTY": 0.0,
    "RELIANCE": 0.0,
    "EURUSD": -1344.578605437313,
    "SENSEX": 0.0,
    "NASDAQ": 0.0,
    "SPY": 0.0
  },
  "start_equity": 10000.0,
  "bh_units": {
    "ETHUSDT": 1.3908205841446453,
    "SOLUSDT": 32.04306588054345,
    "BTCUSDT": 0.03895415874598772,
    "XRPUSDT": 2254.059561269847
  }
}