{
  "cash": 16568.404723319753,
  "units": {
    "ETHUSDT": -0.8865073507450796,
    "SOLUSDT": -21.882573249912056,
    "BTCUSDT": -0.025816130170428667,
    "XRPUSDT": 0.0,
    "AAPL": 0.0,
    "GOLD": 0.41583259647394744,
    "NIFTY": 0.0,
    "RELIANCE": 0.0,
    "EURUSD": -1502.9039567431928,
    "SENSEX": 0.0,
    "NASDAQ": 0.0,
    "SPY": 0.0
  },
  "start_equity": 10000.0,
  "bh_units": {
    "ETHUSDT": 1.3908205841446453,
    "SOLUSDT": 32.04306588054345,
    "BTCUSDT": 0.03895415874598772,
    "XRPUSDT": 2254.059561269847
  }
}