{
  "cash": 15840.630846043812,
  "units": {
    "ETHUSDT": -0.8423001828277872,
    "SOLUSDT": -19.877652956012202,
    "BTCUSDT": -0.023975000037836546,
    "XRPUSDT": -1398.6508055752336,
    "AAPL": 0.0
  },
  "start_equity": 10000.0,
  "bh_units": {
    "ETHUSDT": 1.3908205841446453,
    "SOLUSDT": 32.04306588054345,
    "BTCUSDT": 0.03895415874598772,
    "XRPUSDT": 2254.059561269847
  }
}