{
  "cash": 14577.004080314933,
  "units": {
    "ETHUSDT": -0.6135142445270335,
    "SOLUSDT": 0.0,
    "BTCUSDT": 0.0,
    "XRPUSDT": 0.0,
    "AAPL": -3.4754136024782283,
    "GOLD": -0.28806946056282595,
    "NIFTY": 0.0,
    "RELIANCE": 0.0,
    "EURUSD": -1006.0775548362893,
    "SENSEX": 0.0,
    "NASDAQ": -0.04425060228976534,
    "SPY": -1.530624007889773
  },
  "start_equity": 10000.0,
  "bh_units": {
    "ETHUSDT": 1.3908205841446453,
    "SOLUSDT": 32.04306588054345,
    "BTCUSDT": 0.03895415874598772,
    "XRPUSDT": 2254.059561269847
  }
}