{
  "cash": 14829.534171804613,
  "units": {
    "ETHUSDT": -0.8068190734943761,
    "SOLUSDT": -19.734120026549903,
    "BTCUSDT": -0.023508838170935173,
    "XRPUSDT": 1375.3510089407891,
    "AAPL": 0.0,
    "GOLD": 0.0,
    "NIFTY": 0.0,
    "RELIANCE": 0.0,
    "EURUSD": -1344.0152698530617,
    "SENSEX": 0.0,
    "NASDAQ": 0.0,
    "SPY": 0.0
  },
  "start_equity": 10000.0,
  "bh_units": {
    "ETHUSDT": 1.3908205841446453,
    "SOLUSDT": 32.04306588054345,
    "BTCUSDT": 0.03895415874598772,
    "XRPUSDT": 2254.059561269847
  }
}