{
  "cash": 12879.430930204642,
  "units": {
    "ETHUSDT": -0.832729145612474,
    "SOLUSDT": -19.400632287989833,
    "BTCUSDT": -0.023573737837246526,
    "XRPUSDT": 1378.087700195685
  },
  "start_equity": 10000.0,
  "bh_units": {
    "ETHUSDT": 1.3908205841446453,
    "SOLUSDT": 32.04306588054345,
    "BTCUSDT": 0.03895415874598772,
    "XRPUSDT": 2254.059561269847
  }
}