{
  "cash": 9778.176491649041,
  "units": {
    "ETHUSDT": 0.8220038965328254,
    "SOLUSDT": 0.0,
    "BTCUSDT": 0.0,
    "XRPUSDT": 1373.7133397413124,
    "AAPL": 0.0,
    "GOLD": -0.3646948910871904,
    "NIFTY": -0.061007787952138216,
    "RELIANCE": -1.136542955314557,
    "EURUSD": 1286.5207850163026,
    "SENSEX": 0.0
  },
  "start_equity": 10000.0,
  "bh_units": {
    "ETHUSDT": 1.3908205841446453,
    "SOLUSDT": 32.04306588054345,
    "BTCUSDT": 0.03895415874598772,
    "XRPUSDT": 2254.059561269847
  }
}