{
  "cash": 1883.9124481326658,
  "units": {
    "ETHUSDT": -0.6205229757609219,
    "SOLUSDT": 15.205022211376717,
    "BTCUSDT": 0.017885575712252376,
    "XRPUSDT": 1043.204346440737,
    "AAPL": 3.3978136823873935,
    "GOLD": 0.2826801057056998,
    "NIFTY": 0.0,
    "RELIANCE": 0.0,
    "EURUSD": 989.2568209727004,
    "SENSEX": 0.0,
    "NASDAQ": 0.0,
    "SPY": 0.0
  },
  "start_equity": 10000.0,
  "bh_units": {
    "ETHUSDT": 1.3908205841446453,
    "SOLUSDT": 32.04306588054345,
    "BTCUSDT": 0.03895415874598772,
    "XRPUSDT": 2254.059561269847
  }
}