{
  "cash": 11359.474074055868,
  "units": {
    "ETHUSDT": 0.8903687605924095,
    "SOLUSDT": 0.0,
    "BTCUSDT": -0.025889071608269785,
    "XRPUSDT": -1508.2008993832899,
    "AAPL": 0.0,
    "GOLD": 0.0,
    "NIFTY": 0.0,
    "RELIANCE": -1.3222908598929788,
    "EURUSD": 1493.0211268413188,
    "SENSEX": 0.02216267482353746,
    "NASDAQ": 0.0,
    "SPY": 0.0
  },
  "start_equity": 10000.0,
  "bh_units": {
    "ETHUSDT": 1.3908205841446453,
    "SOLUSDT": 32.04306588054345,
    "BTCUSDT": 0.03895415874598772,
    "XRPUSDT": 2254.059561269847
  }
}