{
  "cash": 789.1378068846803,
  "units": {
    "ETHUSDT": 0.6205266170344698,
    "SOLUSDT": 15.201188835943936,
    "BTCUSDT": 0.018223079493433415,
    "XRPUSDT": 1060.8965778385818,
    "AAPL": 0.0,
    "GOLD": 0.2911255717301905,
    "NIFTY": 0.0,
    "RELIANCE": 0.0,
    "EURUSD": 1035.6225500043347,
    "SENSEX": 0.0,
    "NASDAQ": 0.0,
    "SPY": 0.0
  },
  "start_equity": 10000.0,
  "bh_units": {
    "ETHUSDT": 1.3908205841446453,
    "SOLUSDT": 32.04306588054345,
    "BTCUSDT": 0.03895415874598772,
    "XRPUSDT": 2254.059561269847
  }
}