{
  "cash": 12937.410040515842,
  "units": {
    "ETHUSDT": -0.8211103125882407,
    "SOLUSDT": -19.29901161325691,
    "BTCUSDT": -0.023306820532489527,
    "XRPUSDT": 1358.9244863772615
  },
  "start_equity": 10000.0,
  "bh_units": {
    "ETHUSDT": 1.3908205841446453,
    "SOLUSDT": 32.04306588054345,
    "BTCUSDT": 0.03895415874598772,
    "XRPUSDT": 2254.059561269847
  }
}