{
  "cash": 5527.419498488335,
  "units": {
    "ETHUSDT": 0.6146331082557999,
    "SOLUSDT": 0.0,
    "BTCUSDT": 0.01812661775265751,
    "XRPUSDT": 1053.5646260278907,
    "AAPL": 0.0,
    "GOLD": 0.0,
    "NIFTY": 0.0,
    "RELIANCE": 0.0,
    "EURUSD": 1035.7795635848463,
    "SENSEX": 0.0,
    "NASDAQ": -0.04526309032283854,
    "SPY": -1.572088716849934
  },
  "start_equity": 10000.0,
  "bh_units": {
    "ETHUSDT": 1.3908205841446453,
    "SOLUSDT": 32.04306588054345,
    "BTCUSDT": 0.03895415874598772,
    "XRPUSDT": 2254.059561269847
  }
}