{
  "cash": 9904.885420397266,
  "units": {
    "ETHUSDT": -0.8310714822452374,
    "SOLUSDT": -19.378662105561872,
    "BTCUSDT": 0.023535792737178228,
    "XRPUSDT": 1377.1346316606591
  },
  "start_equity": 10000.0,
  "bh_units": {
    "ETHUSDT": 1.3908205841446453,
    "SOLUSDT": 32.04306588054345,
    "BTCUSDT": 0.03895415874598772,
    "XRPUSDT": 2254.059561269847
  }
}