{
  "cash": 5574.809869955858,
  "units": {
    "ETHUSDT": 0.7829038159521423,
    "SOLUSDT": 19.400835888160994,
    "BTCUSDT": 0.022931531210056266,
    "XRPUSDT": -1341.7538074221488,
    "AAPL": 0.0,
    "GOLD": 0.0,
    "NIFTY": 0.0,
    "RELIANCE": 0.0,
    "EURUSD": 1330.8474351490263,
    "SENSEX": 0.0,
    "NASDAQ": 0.0,
    "SPY": 0.0
  },
  "start_equity": 10000.0,
  "bh_units": {
    "ETHUSDT": 1.3908205841446453,
    "SOLUSDT": 32.04306588054345,
    "BTCUSDT": 0.03895415874598772,
    "XRPUSDT": 2254.059561269847
  }
}