{
  "cash": 6800.6686128223155,
  "units": {
    "ETHUSDT": 0.8160257151961409,
    "SOLUSDT": 19.433638266721214,
    "BTCUSDT": 0.02328857772546285,
    "XRPUSDT": 1365.1624087209257,
    "AAPL": 0.0,
    "GOLD": 0.0,
    "NIFTY": 0.06061485581351383,
    "RELIANCE": -1.1275417964187358,
    "EURUSD": -1279.2064076243093,
    "SENSEX": -0.01892041629997279
  },
  "start_equity": 10000.0,
  "bh_units": {
    "ETHUSDT": 1.3908205841446453,
    "SOLUSDT": 32.04306588054345,
    "BTCUSDT": 0.03895415874598772,
    "XRPUSDT": 2254.059561269847
  }
}