{
  "cash": 18222.02709463442,
  "units": {
    "ETHUSDT": 0.8833941002052283,
    "SOLUSDT": 21.88567576719051,
    "BTCUSDT": -0.025765716769276695,
    "XRPUSDT": -1499.2372602143826,
    "AAPL": 0.0,
    "GOLD": -0.41333491009070245,
    "NIFTY": -0.07114492003826656,
    "RELIANCE": -1.318817238217455,
    "EURUSD": 0.0,
    "SENSEX": -0.02221904975207558,
    "NASDAQ": 0.0,
    "SPY": 0.0
  },
  "start_equity": 10000.0,
  "bh_units": {
    "ETHUSDT": 1.3908205841446453,
    "SOLUSDT": 32.04306588054345,
    "BTCUSDT": 0.03895415874598772,
    "XRPUSDT": 2254.059561269847
  }
}