{
  "cash": 16188.3900655506,
  "units": {
    "ETHUSDT": 0.7852800271978513,
    "SOLUSDT": -19.381336728465865,
    "BTCUSDT": -0.02288890335313861,
    "XRPUSDT": -1336.4438529097706,
    "AAPL": 0.0,
    "GOLD": -0.37385077274424217,
    "NIFTY": 0.0,
    "RELIANCE": 0.0,
    "EURUSD": -1328.9671621199846,
    "SENSEX": 0.0,
    "NASDAQ": 0.0,
    "SPY": 0.0
  },
  "start_equity": 10000.0,
  "bh_units": {
    "ETHUSDT": 1.3908205841446453,
    "SOLUSDT": 32.04306588054345,
    "BTCUSDT": 0.03895415874598772,
    "XRPUSDT": 2254.059561269847
  }
}