{
  "cash": 9902.780137165651,
  "units": {
    "ETHUSDT": -0.8415168248649438,
    "SOLUSDT": 19.817631415876274,
    "BTCUSDT": 0.023955519108141737,
    "XRPUSDT": -1398.9091936625032,
    "AAPL": 0.0
  },
  "start_equity": 10000.0,
  "bh_units": {
    "ETHUSDT": 1.3908205841446453,
    "SOLUSDT": 32.04306588054345,
    "BTCUSDT": 0.03895415874598772,
    "XRPUSDT": 2254.059561269847
  }
}