{
  "cash": 13452.965774465316,
  "units": {
    "ETHUSDT": -0.685033767137081,
    "SOLUSDT": -16.840908915423686,
    "BTCUSDT": -0.019686500720769214,
    "XRPUSDT": -1160.7525366306934,
    "AAPL": 0.0,
    "GOLD": 0.0,
    "NIFTY": 0.0,
    "RELIANCE": 0.0,
    "EURUSD": 0.0,
    "SENSEX": 0.0,
    "NASDAQ": 0.0,
    "SPY": 0.0
  },
  "start_equity": 10000.0,
  "bh_units": {
    "ETHUSDT": 1.3908205841446453,
    "SOLUSDT": 32.04306588054345,
    "BTCUSDT": 0.03895415874598772,
    "XRPUSDT": 2254.059561269847
  }
}