{
  "cash": 3050.910880441339,
  "units": {
    "ETHUSDT": 0.6145740164598704,
    "SOLUSDT": 15.207562993000487,
    "BTCUSDT": 0.017955245138340157,
    "XRPUSDT": -1054.0810378091883,
    "AAPL": 0.0,
    "GOLD": 0.2872794153748034,
    "NIFTY": 0.0,
    "RELIANCE": 0.0,
    "EURUSD": 999.5818260726783,
    "SENSEX": 0.0,
    "NASDAQ": 0.0,
    "SPY": 0.0
  },
  "start_equity": 10000.0,
  "bh_units": {
    "ETHUSDT": 1.3908205841446453,
    "SOLUSDT": 32.04306588054345,
    "BTCUSDT": 0.03895415874598772,
    "XRPUSDT": 2254.059561269847
  }
}