{
  "cash": 6656.323327411047,
  "units": {
    "ETHUSDT": -0.6130741222021464,
    "SOLUSDT": 0.0,
    "BTCUSDT": -0.018200860587102678,
    "XRPUSDT": 1056.511096204884,
    "AAPL": 0.0,
    "GOLD": -0.29099649681759754,
    "NIFTY": 0.0,
    "RELIANCE": 0.8998671633609662,
    "EURUSD": 1024.4629481213824,
    "SENSEX": 0.015190153561975965,
    "NASDAQ": 0.0,
    "SPY": 0.0
  },
  "start_equity": 10000.0,
  "bh_units": {
    "ETHUSDT": 1.3908205841446453,
    "SOLUSDT": 32.04306588054345,
    "BTCUSDT": 0.03895415874598772,
    "XRPUSDT": 2254.059561269847
  }
}