{
  "cash": 6938.188899213121,
  "units": {
    "ETHUSDT": 0.8404494838222193,
    "SOLUSDT": -19.62972190231722,
    "BTCUSDT": 0.023788462805508982,
    "XRPUSDT": 1387.0407755287445
  },
  "start_equity": 10000.0,
  "bh_units": {
    "ETHUSDT": 1.3908205841446453,
    "SOLUSDT": 32.04306588054345,
    "BTCUSDT": 0.03895415874598772,
    "XRPUSDT": 2254.059561269847
  }
}