{
  "cash": 1903.210591967347,
  "units": {
    "ETHUSDT": 0.6139046385226742,
    "SOLUSDT": 15.149595325260165,
    "BTCUSDT": 0.01791953982394337,
    "XRPUSDT": 1048.4730521593826,
    "AAPL": 0.0,
    "GOLD": 0.0,
    "NIFTY": 0.0,
    "RELIANCE": 0.0,
    "EURUSD": 998.9893004052146,
    "SENSEX": 0.0,
    "NASDAQ": 0.0,
    "SPY": 0.0
  },
  "start_equity": 10000.0,
  "bh_units": {
    "ETHUSDT": 1.3908205841446453,
    "SOLUSDT": 32.04306588054345,
    "BTCUSDT": 0.03895415874598772,
    "XRPUSDT": 2254.059561269847
  }
}