{
  "cash": 16200.828822092259,
  "units": {
    "ETHUSDT": -0.6158191211683443,
    "SOLUSDT": -15.293000389076102,
    "BTCUSDT": -0.018267896174820934,
    "XRPUSDT": -1066.1475144440262,
    "AAPL": 0.0,
    "GOLD": -0.2914456302483417,
    "NIFTY": 0.0,
    "RELIANCE": 0.0,
    "EURUSD": 0.0,
    "SENSEX": 0.0,
    "NASDAQ": -0.04521482961624387,
    "SPY": -1.5728412850070042
  },
  "start_equity": 10000.0,
  "bh_units": {
    "ETHUSDT": 1.3908205841446453,
    "SOLUSDT": 32.04306588054345,
    "BTCUSDT": 0.03895415874598772,
    "XRPUSDT": 2254.059561269847
  }
}