{
  "cash": 10189.24025890744,
  "units": {
    "ETHUSDT": -0.6134662177336635,
    "SOLUSDT": 0.0,
    "BTCUSDT": -0.018201922310213593,
    "XRPUSDT": 1056.4764689051735,
    "AAPL": 0.0,
    "GOLD": -0.2910847775374785,
    "NIFTY": 0.0,
    "RELIANCE": 0.0,
    "EURUSD": -1025.5109381474313,
    "SENSEX": 0.015190941199732228,
    "NASDAQ": 0.0,
    "SPY": 0.0
  },
  "start_equity": 10000.0,
  "bh_units": {
    "ETHUSDT": 1.3908205841446453,
    "SOLUSDT": 32.04306588054345,
    "BTCUSDT": 0.03895415874598772,
    "XRPUSDT": 2254.059561269847
  }
}