{
  "cash": 12887.582971408548,
  "units": {
    "ETHUSDT": -0.834848060536278,
    "SOLUSDT": -19.48525747160996,
    "BTCUSDT": 0.0,
    "XRPUSDT": 0.0
  },
  "start_equity": 10000.0,
  "bh_units": {
    "ETHUSDT": 1.3908205841446453,
    "SOLUSDT": 32.04306588054345,
    "BTCUSDT": 0.03895415874598772,
    "XRPUSDT": 2254.059561269847
  }
}