{
  "cash": 9767.901604005978,
  "units": {
    "ETHUSDT": 0.8981856911327925,
    "SOLUSDT": -22.177495754956645,
    "BTCUSDT": -0.026002677497369953,
    "XRPUSDT": 1489.2218076668635,
    "AAPL": 5.259201865363359,
    "GOLD": -0.42213386677936715,
    "NIFTY": 0.0,
    "RELIANCE": 0.0,
    "EURUSD": 1512.46437511664,
    "SENSEX": 0.0,
    "NASDAQ": -0.06676609994292944,
    "SPY": 2.304840421454187
  },
  "start_equity": 10000.0,
  "bh_units": {
    "ETHUSDT": 1.3908205841446453,
    "SOLUSDT": 32.04306588054345,
    "BTCUSDT": 0.03895415874598772,
    "XRPUSDT": 2254.059561269847
  }
}