{
  "cash": 17403.35352508443,
  "units": {
    "ETHUSDT": -0.6318479095560053,
    "SOLUSDT": -15.329719144001208,
    "BTCUSDT": -0.01836728514947272,
    "XRPUSDT": -1070.9953510682517,
    "AAPL": 0.0,
    "GOLD": -0.2941752544527959,
    "NIFTY": 0.0,
    "RELIANCE": -0.9162087391423205,
    "EURUSD": -1039.0277199344484,
    "SENSEX": -0.015379351874725196,
    "NASDAQ": 0.0,
    "SPY": 0.0
  },
  "start_equity": 10000.0,
  "bh_units": {
    "ETHUSDT": 1.3908205841446453,
    "SOLUSDT": 32.04306588054345,
    "BTCUSDT": 0.03895415874598772,
    "XRPUSDT": 2254.059561269847
  }
}