{
  "cash": 10227.928566721692,
  "units": {
    "ETHUSDT": -0.6146947585672755,
    "SOLUSDT": 15.285765269384395,
    "BTCUSDT": -0.018235127722399942,
    "XRPUSDT": -1060.7234408386907,
    "AAPL": 0.0,
    "GOLD": -0.29063581965355817,
    "NIFTY": 0.0,
    "RELIANCE": 0.0,
    "EURUSD": 1028.3296475116922,
    "SENSEX": 0.0,
    "NASDAQ": 0.0,
    "SPY": 0.0
  },
  "start_equity": 10000.0,
  "bh_units": {
    "ETHUSDT": 1.3908205841446453,
    "SOLUSDT": 32.04306588054345,
    "BTCUSDT": 0.03895415874598772,
    "XRPUSDT": 2254.059561269847
  }
}