{
  "cash": 8481.831809547217,
  "units": {
    "ETHUSDT": 0.0,
    "SOLUSDT": 19.531131143256072,
    "BTCUSDT": -0.023475079163389347,
    "XRPUSDT": 1380.4707346953585
  },
  "start_equity": 10000.0,
  "bh_units": {
    "ETHUSDT": 1.3908205841446453,
    "SOLUSDT": 32.04306588054345,
    "BTCUSDT": 0.03895415874598772,
    "XRPUSDT": 2254.059561269847
  }
}