{
  "cash": 9913.221458764514,
  "units": {
    "ETHUSDT": -0.8419114503307374,
    "SOLUSDT": -19.62497035204103,
    "BTCUSDT": 0.023842863155792395,
    "XRPUSDT": 1385.8450330613325,
    "AAPL": 0.0
  },
  "start_equity": 10000.0,
  "bh_units": {
    "ETHUSDT": 1.3908205841446453,
    "SOLUSDT": 32.04306588054345,
    "BTCUSDT": 0.03895415874598772,
    "XRPUSDT": 2254.059561269847
  }
}