{
  "cash": 16284.520406666932,
  "units": {
    "ETHUSDT": -0.6388225872415825,
    "SOLUSDT": 0.0,
    "BTCUSDT": -0.0184812297906465,
    "XRPUSDT": -1080.5870629997587,
    "AAPL": 0.0,
    "GOLD": 0.0,
    "NIFTY": -0.04960972264010441,
    "RELIANCE": -0.9197960416686406,
    "EURUSD": -1043.1548384677612,
    "SENSEX": -0.015388760946989738,
    "NASDAQ": 0.0,
    "SPY": 0.0
  },
  "start_equity": 10000.0,
  "bh_units": {
    "ETHUSDT": 1.3908205841446453,
    "SOLUSDT": 32.04306588054345,
    "BTCUSDT": 0.03895415874598772,
    "XRPUSDT": 2254.059561269847
  }
}