{
  "cash": 15825.882614296388,
  "units": {
    "ETHUSDT": -0.8394688163789523,
    "SOLUSDT": -19.81671144741766,
    "BTCUSDT": -0.023912535635950107,
    "XRPUSDT": -1397.4279339827453,
    "AAPL": 0.0
  },
  "start_equity": 10000.0,
  "bh_units": {
    "ETHUSDT": 1.3908205841446453,
    "SOLUSDT": 32.04306588054345,
    "BTCUSDT": 0.03895415874598772,
    "XRPUSDT": 2254.059561269847
  }
}