{
  "cash": 6393.903423339523,
  "units": {
    "ETHUSDT": 0.6120041686764569,
    "SOLUSDT": -14.995159275038354,
    "BTCUSDT": 0.017647708873450095,
    "XRPUSDT": 0.0,
    "AAPL": -3.4211528391165813,
    "GOLD": 0.0,
    "NIFTY": 0.0,
    "RELIANCE": 0.0,
    "EURUSD": -986.6547360022615,
    "SENSEX": 0.0,
    "NASDAQ": 0.04392764172772857,
    "SPY": 1.5113844929480595
  },
  "start_equity": 10000.0,
  "bh_units": {
    "ETHUSDT": 1.3908205841446453,
    "SOLUSDT": 32.04306588054345,
    "BTCUSDT": 0.03895415874598772,
    "XRPUSDT": 2254.059561269847
  }
}