{
  "cash": 12598.983240942382,
  "units": {
    "ETHUSDT": -0.6178524563401647,
    "SOLUSDT": -15.388357556424268,
    "BTCUSDT": -0.018311634980174355,
    "XRPUSDT": -1065.0745924683752,
    "AAPL": 0.0,
    "GOLD": 0.2906163921838177,
    "NIFTY": 0.0,
    "RELIANCE": 0.0,
    "EURUSD": -1029.5566338630933,
    "SENSEX": 0.0,
    "NASDAQ": 0.0,
    "SPY": 0.0
  },
  "start_equity": 10000.0,
  "bh_units": {
    "ETHUSDT": 1.3908205841446453,
    "SOLUSDT": 32.04306588054345,
    "BTCUSDT": 0.03895415874598772,
    "XRPUSDT": 2254.059561269847
  }
}