{
  "cash": 5410.9046257237405,
  "units": {
    "ETHUSDT": 0.6172722773401367,
    "SOLUSDT": 0.0,
    "BTCUSDT": 0.0,
    "XRPUSDT": 1047.601816700159,
    "AAPL": 3.5200985147864685,
    "GOLD": 0.2903356602952431,
    "NIFTY": 0.0,
    "RELIANCE": 0.0,
    "EURUSD": 0.0,
    "SENSEX": 0.0,
    "NASDAQ": -0.04458925879709224,
    "SPY": -1.5436941080041853
  },
  "start_equity": 10000.0,
  "bh_units": {
    "ETHUSDT": 1.3908205841446453,
    "SOLUSDT": 32.04306588054345,
    "BTCUSDT": 0.03895415874598772,
    "XRPUSDT": 2254.059561269847
  }
}