{
  "cash": 7844.795396678987,
  "units": {
    "ETHUSDT": -0.6139542702320602,
    "SOLUSDT": 0.0,
    "BTCUSDT": -0.018225742484692657,
    "XRPUSDT": -1058.3286521209366,
    "AAPL": 0.0,
    "GOLD": 0.29123218618128655,
    "NIFTY": 0.04876159162897534,
    "RELIANCE": 0.9022482959442786,
    "EURUSD": -1026.3084199920706,
    "SENSEX": 0.01522761249089771,
    "NASDAQ": 0.0,
    "SPY": 0.0
  },
  "start_equity": 10000.0,
  "bh_units": {
    "ETHUSDT": 1.3908205841446453,
    "SOLUSDT": 32.04306588054345,
    "BTCUSDT": 0.03895415874598772,
    "XRPUSDT": 2254.059561269847
  }
}