{
  "cash": 7956.180555721229,
  "units": {
    "ETHUSDT": 0.8885225221878703,
    "SOLUSDT": 22.06986427927619,
    "BTCUSDT": -0.025855277761208457,
    "XRPUSDT": -1505.2284603135,
    "AAPL": 0.0,
    "GOLD": 0.4120397843183618,
    "NIFTY": 0.07091047544390706,
    "RELIANCE": -1.3228561573355724,
    "EURUSD": 1493.6893425390622,
    "SENSEX": 0.0,
    "NASDAQ": 0.0,
    "SPY": 0.0
  },
  "start_equity": 10000.0,
  "bh_units": {
    "ETHUSDT": 1.3908205841446453,
    "SOLUSDT": 32.04306588054345,
    "BTCUSDT": 0.03895415874598772,
    "XRPUSDT": 2254.059561269847
  }
}