{
  "cash": 8352.182608967063,
  "units": {
    "ETHUSDT": -0.8370285897464279,
    "SOLUSDT": 0.0,
    "BTCUSDT": 0.02377662863923822,
    "XRPUSDT": 1391.9521393877733,
    "AAPL": 0.0
  },
  "start_equity": 10000.0,
  "bh_units": {
    "ETHUSDT": 1.3908205841446453,
    "SOLUSDT": 32.04306588054345,
    "BTCUSDT": 0.03895415874598772,
    "XRPUSDT": 2254.059561269847
  }
}