{
  "cash": 14584.369249547215,
  "units": {
    "ETHUSDT": -0.8753402019790328,
    "SOLUSDT": -21.76521583299217,
    "BTCUSDT": -0.025561220732698786,
    "XRPUSDT": -1481.2536988262336,
    "AAPL": 0.0,
    "GOLD": 0.40766946189150904,
    "NIFTY": 0.0,
    "RELIANCE": 0.0,
    "EURUSD": 1474.8546620796394,
    "SENSEX": 0.0,
    "NASDAQ": 0.0,
    "SPY": 0.0
  },
  "start_equity": 10000.0,
  "bh_units": {
    "ETHUSDT": 1.3908205841446453,
    "SOLUSDT": 32.04306588054345,
    "BTCUSDT": 0.03895415874598772,
    "XRPUSDT": 2254.059561269847
  }
}