{
  "cash": 6489.956401153295,
  "units": {
    "ETHUSDT": -0.6259766047493621,
    "SOLUSDT": 15.375040892058438,
    "BTCUSDT": 0.018221092928954467,
    "XRPUSDT": -1054.8541497880992,
    "AAPL": 0.0,
    "GOLD": -0.28612141402254243,
    "NIFTY": 0.0,
    "RELIANCE": 0.8671816431054993,
    "EURUSD": 0.0,
    "SENSEX": 0.014678696458916644,
    "NASDAQ": 0.0,
    "SPY": 0.0
  },
  "start_equity": 10000.0,
  "bh_units": {
    "ETHUSDT": 1.3908205841446453,
    "SOLUSDT": 32.04306588054345,
    "BTCUSDT": 0.03895415874598772,
    "XRPUSDT": 2254.059561269847
  }
}