{
  "cash": 12222.517831676632,
  "units": {
    "ETHUSDT": -0.6212469209216084,
    "SOLUSDT": -15.31368679471116,
    "BTCUSDT": -0.018100038214693588,
    "XRPUSDT": -1053.6985663999037,
    "AAPL": 0.0,
    "GOLD": -0.2871652016327194,
    "NIFTY": 0.0,
    "RELIANCE": 0.866926111736901,
    "EURUSD": -1001.8149647868735,
    "SENSEX": 0.014739606307876536,
    "NASDAQ": 0.0,
    "SPY": 0.0
  },
  "start_equity": 10000.0,
  "bh_units": {
    "ETHUSDT": 1.3908205841446453,
    "SOLUSDT": 32.04306588054345,
    "BTCUSDT": 0.03895415874598772,
    "XRPUSDT": 2254.059561269847
  }
}