{
  "cash": 2015.1786773477288,
  "units": {
    "ETHUSDT": 0.6450922656291023,
    "SOLUSDT": 0.0,
    "BTCUSDT": 0.018685245845367064,
    "XRPUSDT": 1100.9523069674842,
    "AAPL": 0.0,
    "GOLD": 0.3004414383936715,
    "NIFTY": -0.05006581179062391,
    "RELIANCE": 0.9098548390083118,
    "EURUSD": 1058.2646751456975,
    "SENSEX": 0.0,
    "NASDAQ": 0.0,
    "SPY": 0.0
  },
  "start_equity": 10000.0,
  "bh_units": {
    "ETHUSDT": 1.3908205841446453,
    "SOLUSDT": 32.04306588054345,
    "BTCUSDT": 0.03895415874598772,
    "XRPUSDT": 2254.059561269847
  }
}