{
  "cash": 7986.5756952839365,
  "units": {
    "ETHUSDT": 0.0,
    "SOLUSDT": 21.842684619836433,
    "BTCUSDT": 0.02578631985673109,
    "XRPUSDT": -1494.8800115377546,
    "AAPL": 0.0,
    "GOLD": 0.0,
    "NIFTY": 0.0,
    "RELIANCE": 0.0,
    "EURUSD": 1500.0813030765846,
    "SENSEX": 0.0,
    "NASDAQ": 0.0,
    "SPY": 0.0
  },
  "start_equity": 10000.0,
  "bh_units": {
    "ETHUSDT": 1.3908205841446453,
    "SOLUSDT": 32.04306588054345,
    "BTCUSDT": 0.03895415874598772,
    "XRPUSDT": 2254.059561269847
  }
}