{
  "cash": 9710.01743791975,
  "units": {
    "ETHUSDT": -0.8877403510230024,
    "SOLUSDT": 0.0,
    "BTCUSDT": 0.02581377392612366,
    "XRPUSDT": -1498.8439052414356,
    "AAPL": 0.0,
    "GOLD": 0.4156694902251116,
    "NIFTY": 0.0,
    "RELIANCE": 0.0,
    "EURUSD": 1502.970489952052,
    "SENSEX": 0.0,
    "NASDAQ": 0.0,
    "SPY": 0.0
  },
  "start_equity": 10000.0,
  "bh_units": {
    "ETHUSDT": 1.3908205841446453,
    "SOLUSDT": 32.04306588054345,
    "BTCUSDT": 0.03895415874598772,
    "XRPUSDT": 2254.059561269847
  }
}