{
  "cash": 6277.8298312520365,
  "units": {
    "ETHUSDT": 0.8852626006715695,
    "SOLUSDT": 21.839261327888245,
    "BTCUSDT": 0.0257728780549972,
    "XRPUSDT": -1495.9756694141697,
    "AAPL": 0.0,
    "GOLD": 0.0,
    "NIFTY": 0.0,
    "RELIANCE": 0.0,
    "EURUSD": 1501.6406544175613,
    "SENSEX": 0.0,
    "NASDAQ": 0.0,
    "SPY": 0.0
  },
  "start_equity": 10000.0,
  "bh_units": {
    "ETHUSDT": 1.3908205841446453,
    "SOLUSDT": 32.04306588054345,
    "BTCUSDT": 0.03895415874598772,
    "XRPUSDT": 2254.059561269847
  }
}