{
  "cash": 1145.452815416827,
  "units": {
    "ETHUSDT": 0.8863925577925732,
    "SOLUSDT": 21.898844430603162,
    "BTCUSDT": 0.025774167589594287,
    "XRPUSDT": 1500.452649985699,
    "AAPL": 0.0,
    "GOLD": 0.41887499305812526,
    "NIFTY": 0.0,
    "RELIANCE": 0.0,
    "EURUSD": 1505.9894241608588,
    "SENSEX": 0.0,
    "NASDAQ": 0.0,
    "SPY": 0.0
  },
  "start_equity": 10000.0,
  "bh_units": {
    "ETHUSDT": 1.3908205841446453,
    "SOLUSDT": 32.04306588054345,
    "BTCUSDT": 0.03895415874598772,
    "XRPUSDT": 2254.059561269847
  }
}