{
  "cash": 6393.943436797444,
  "units": {
    "ETHUSDT": 0.6113448227160769,
    "SOLUSDT": 0.0,
    "BTCUSDT": 0.017630171573046898,
    "XRPUSDT": 0.0,
    "AAPL": -3.415375549235475,
    "GOLD": -0.28083676564237353,
    "NIFTY": 0.0,
    "RELIANCE": 0.0,
    "EURUSD": -986.5744756830825,
    "SENSEX": 0.0,
    "NASDAQ": 0.043915214755745,
    "SPY": 1.5109080405578543
  },
  "start_equity": 10000.0,
  "bh_units": {
    "ETHUSDT": 1.3908205841446453,
    "SOLUSDT": 32.04306588054345,
    "BTCUSDT": 0.03895415874598772,
    "XRPUSDT": 2254.059561269847
  }
}