{
  "cash": 5467.338430300308,
  "units": {
    "ETHUSDT": 0.8380691562025937,
    "SOLUSDT": 19.509258703593545,
    "BTCUSDT": 0.023750699140116512,
    "XRPUSDT": 0.0
  },
  "start_equity": 10000.0,
  "bh_units": {
    "ETHUSDT": 1.3908205841446453,
    "SOLUSDT": 32.04306588054345,
    "BTCUSDT": 0.03895415874598772,
    "XRPUSDT": 2254.059561269847
  }
}