{
  "cash": 9897.353973118217,
  "units": {
    "ETHUSDT": -0.6081004767699876,
    "SOLUSDT": -15.04391880228386,
    "BTCUSDT": -0.017809117374624067,
    "XRPUSDT": -1040.8208171299605,
    "AAPL": 0.0,
    "GOLD": 0.2866731044575665,
    "NIFTY": 0.0,
    "RELIANCE": 0.0,
    "EURUSD": 997.6714845120464,
    "SENSEX": 0.0,
    "NASDAQ": 0.0,
    "SPY": 0.0
  },
  "start_equity": 10000.0,
  "bh_units": {
    "ETHUSDT": 1.3908205841446453,
    "SOLUSDT": 32.04306588054345,
    "BTCUSDT": 0.03895415874598772,
    "XRPUSDT": 2254.059561269847
  }
}