{
  "cash": 18315.934506726408,
  "units": {
    "ETHUSDT": -0.8944493476226567,
    "SOLUSDT": 22.084629514016015,
    "BTCUSDT": -0.025901397033705708,
    "XRPUSDT": -1498.5922897024016,
    "AAPL": 0.0,
    "GOLD": -0.4206827925894691,
    "NIFTY": 0.0,
    "RELIANCE": 0.0,
    "EURUSD": -1506.5979274605488,
    "SENSEX": 0.0,
    "NASDAQ": 0.0,
    "SPY": 0.0
  },
  "start_equity": 10000.0,
  "bh_units": {
    "ETHUSDT": 1.3908205841446453,
    "SOLUSDT": 32.04306588054345,
    "BTCUSDT": 0.03895415874598772,
    "XRPUSDT": 2254.059561269847
  }
}