{
  "cash": 16499.78279111079,
  "units": {
    "ETHUSDT": 0.8838413953745919,
    "SOLUSDT": 21.88025661213763,
    "BTCUSDT": -0.025756040662640284,
    "XRPUSDT": -1498.1848063295563,
    "AAPL": 0.0,
    "GOLD": -0.4128939355369043,
    "NIFTY": -0.07106711719301945,
    "RELIANCE": -1.3158508080501727,
    "EURUSD": 1496.3334123094646,
    "SENSEX": -0.022139415164116404,
    "NASDAQ": 0.0,
    "SPY": 0.0
  },
  "start_equity": 10000.0,
  "bh_units": {
    "ETHUSDT": 1.3908205841446453,
    "SOLUSDT": 32.04306588054345,
    "BTCUSDT": 0.03895415874598772,
    "XRPUSDT": 2254.059561269847
  }
}