{
  "cash": 3972.2683305809614,
  "units": {
    "ETHUSDT": 0.8367024935353758,
    "SOLUSDT": 19.591995016914336,
    "BTCUSDT": 0.023751847192121398,
    "XRPUSDT": 1388.009632066416
  },
  "start_equity": 10000.0,
  "bh_units": {
    "ETHUSDT": 1.3908205841446453,
    "SOLUSDT": 32.04306588054345,
    "BTCUSDT": 0.03895415874598772,
    "XRPUSDT": 2254.059561269847
  }
}