{
  "cash": 971.2634226882794,
  "units": {
    "ETHUSDT": 0.7905878403330523,
    "SOLUSDT": 19.06632790822826,
    "BTCUSDT": 0.02291519339801677,
    "XRPUSDT": 1341.5427674958962,
    "AAPL": 0.0,
    "GOLD": 0.35601838574517497,
    "NIFTY": 0.0,
    "RELIANCE": 0.0,
    "EURUSD": 1272.8084636771846,
    "SENSEX": 0.0
  },
  "start_equity": 10000.0,
  "bh_units": {
    "ETHUSDT": 1.3908205841446453,
    "SOLUSDT": 32.04306588054345,
    "BTCUSDT": 0.03895415874598772,
    "XRPUSDT": 2254.059561269847
  }
}