{
  "cash": 11463.06846765308,
  "units": {
    "ETHUSDT": -0.6325795104729346,
    "SOLUSDT": -15.343470155047358,
    "BTCUSDT": -0.01836179930763506,
    "XRPUSDT": -1072.6855729178596,
    "AAPL": 0.0,
    "GOLD": 0.29363329989442405,
    "NIFTY": 0.0,
    "RELIANCE": 0.0,
    "EURUSD": -1038.7114025432343,
    "SENSEX": 0.015364257325295855,
    "NASDAQ": 0.0,
    "SPY": 0.0
  },
  "start_equity": 10000.0,
  "bh_units": {
    "ETHUSDT": 1.3908205841446453,
    "SOLUSDT": 32.04306588054345,
    "BTCUSDT": 0.03895415874598772,
    "XRPUSDT": 2254.059561269847
  }
}