{
  "cash": 9861.577836747878,
  "units": {
    "ETHUSDT": -0.9013444228898753,
    "SOLUSDT": -22.329521681111455,
    "BTCUSDT": 0.026110229288250426,
    "XRPUSDT": 1517.194497265296,
    "AAPL": 5.324196179623877,
    "GOLD": 0.42709579796894487,
    "NIFTY": 0.0,
    "RELIANCE": 0.0,
    "EURUSD": -1525.4918624387712,
    "SENSEX": 0.0,
    "NASDAQ": 0.0,
    "SPY": 0.0
  },
  "start_equity": 10000.0,
  "bh_units": {
    "ETHUSDT": 1.3908205841446453,
    "SOLUSDT": 32.04306588054345,
    "BTCUSDT": 0.03895415874598772,
    "XRPUSDT": 2254.059561269847
  }
}