{
  "cash": 6606.116265087565,
  "units": {
    "ETHUSDT": 0.6182130622546063,
    "SOLUSDT": -15.314473022154814,
    "BTCUSDT": 0.018182907224177765,
    "XRPUSDT": 0.0,
    "AAPL": 0.0,
    "GOLD": -0.28888432228618227,
    "NIFTY": 0.04844469870027684,
    "RELIANCE": 0.8994270558669515,
    "EURUSD": 0.0,
    "SENSEX": -0.015108749980885211,
    "NASDAQ": 0.0,
    "SPY": 0.0
  },
  "start_equity": 10000.0,
  "bh_units": {
    "ETHUSDT": 1.3908205841446453,
    "SOLUSDT": 32.04306588054345,
    "BTCUSDT": 0.03895415874598772,
    "XRPUSDT": 2254.059561269847
  }
}