{
  "cash": 15840.831804304838,
  "units": {
    "ETHUSDT": -0.8421342936093567,
    "SOLUSDT": -19.852398651004858,
    "BTCUSDT": -0.02397321562756312,
    "XRPUSDT": -1400.988914629212,
    "AAPL": 0.0
  },
  "start_equity": 10000.0,
  "bh_units": {
    "ETHUSDT": 1.3908205841446453,
    "SOLUSDT": 32.04306588054345,
    "BTCUSDT": 0.03895415874598772,
    "XRPUSDT": 2254.059561269847
  }
}