{
  "cash": 3148.594543658754,
  "units": {
    "ETHUSDT": 0.6293609232905345,
    "SOLUSDT": 15.287267072254126,
    "BTCUSDT": 0.018288962894106975,
    "XRPUSDT": 1068.3476672533511,
    "AAPL": 0.0,
    "GOLD": -0.2932951680537305,
    "NIFTY": 0.0,
    "RELIANCE": 0.0,
    "EURUSD": 1036.1503756791806,
    "SENSEX": 0.0,
    "NASDAQ": 0.0,
    "SPY": 0.0
  },
  "start_equity": 10000.0,
  "bh_units": {
    "ETHUSDT": 1.3908205841446453,
    "SOLUSDT": 32.04306588054345,
    "BTCUSDT": 0.03895415874598772,
    "XRPUSDT": 2254.059561269847
  }
}