{
  "cash": 15668.462674464341,
  "units": {
    "ETHUSDT": -0.8239389821371247,
    "SOLUSDT": -19.536087476447214,
    "BTCUSDT": -0.023465900146235757,
    "XRPUSDT": -1373.8481269678882,
    "AAPL": 0.0
  },
  "start_equity": 10000.0,
  "bh_units": {
    "ETHUSDT": 1.3908205841446453,
    "SOLUSDT": 32.04306588054345,
    "BTCUSDT": 0.03895415874598772,
    "XRPUSDT": 2254.059561269847
  }
}