{
  "cash": 8433.163007471527,
  "units": {
    "ETHUSDT": -0.8400139590950902,
    "SOLUSDT": 19.762803515133193,
    "BTCUSDT": 0.0,
    "XRPUSDT": 1394.108911402955,
    "AAPL": 0.0
  },
  "start_equity": 10000.0,
  "bh_units": {
    "ETHUSDT": 1.3908205841446453,
    "SOLUSDT": 32.04306588054345,
    "BTCUSDT": 0.03895415874598772,
    "XRPUSDT": 2254.059561269847
  }
}