{
  "cash": 8383.610824936693,
  "units": {
    "ETHUSDT": 0.0,
    "SOLUSDT": 0.0,
    "BTCUSDT": 0.0,
    "XRPUSDT": 1394.1397031450133,
    "AAPL": 0.0
  },
  "start_equity": 10000.0,
  "bh_units": {
    "ETHUSDT": 1.3908205841446453,
    "SOLUSDT": 32.04306588054345,
    "BTCUSDT": 0.03895415874598772,
    "XRPUSDT": 2254.059561269847
  }
}