{
  "cash": 11398.228962009931,
  "units": {
    "ETHUSDT": 0.887523202799987,
    "SOLUSDT": 0.0,
    "BTCUSDT": -0.02583770443375442,
    "XRPUSDT": -1501.4408243346518,
    "AAPL": 0.0,
    "GOLD": 0.41277209424644196,
    "NIFTY": 0.0,
    "RELIANCE": 0.0,
    "EURUSD": 0.0,
    "SENSEX": 0.0,
    "NASDAQ": 0.0,
    "SPY": 0.0
  },
  "start_equity": 10000.0,
  "bh_units": {
    "ETHUSDT": 1.3908205841446453,
    "SOLUSDT": 32.04306588054345,
    "BTCUSDT": 0.03895415874598772,
    "XRPUSDT": 2254.059561269847
  }
}