{
  "cash": 3911.6938654491055,
  "units": {
    "ETHUSDT": 0.8258097589514317,
    "SOLUSDT": 19.592438557839294,
    "BTCUSDT": 0.02353078931047062,
    "XRPUSDT": 1381.2354637201422,
    "AAPL": 0.0
  },
  "start_equity": 10000.0,
  "bh_units": {
    "ETHUSDT": 1.3908205841446453,
    "SOLUSDT": 32.04306588054345,
    "BTCUSDT": 0.03895415874598772,
    "XRPUSDT": 2254.059561269847
  }
}