{
  "cash": 15798.532878576914,
  "units": {
    "ETHUSDT": -0.8361257244426522,
    "SOLUSDT": -19.74027866556996,
    "BTCUSDT": -0.023817468695167952,
    "XRPUSDT": -1388.2528735649546,
    "AAPL": 0.0
  },
  "start_equity": 10000.0,
  "bh_units": {
    "ETHUSDT": 1.3908205841446453,
    "SOLUSDT": 32.04306588054345,
    "BTCUSDT": 0.03895415874598772,
    "XRPUSDT": 2254.059561269847
  }
}