{
  "cash": 797.243277494237,
  "units": {
    "ETHUSDT": 0.0,
    "SOLUSDT": 0.0,
    "BTCUSDT": 0.0,
    "XRPUSDT": 1099.1487371272258,
    "AAPL": 0.0,
    "GOLD": 0.2977045583981952,
    "NIFTY": 0.049402424135409496,
    "RELIANCE": 0.8990132400810232,
    "EURUSD": 1046.2701480177682,
    "SENSEX": 0.015444279751031843,
    "NASDAQ": 0.0,
    "SPY": 0.0
  },
  "start_equity": 10000.0,
  "bh_units": {
    "ETHUSDT": 1.3908205841446453,
    "SOLUSDT": 32.04306588054345,
    "BTCUSDT": 0.03895415874598772,
    "XRPUSDT": 2254.059561269847
  }
}