{
  "cash": 20056.59135112385,
  "units": {
    "ETHUSDT": 0.0,
    "SOLUSDT": -22.07701585150395,
    "BTCUSDT": -0.025898440662584798,
    "XRPUSDT": -1490.5679108505624,
    "AAPL": 0.0,
    "GOLD": 0.0,
    "NIFTY": 0.0,
    "RELIANCE": 0.0,
    "EURUSD": 0.0,
    "SENSEX": 0.0,
    "NASDAQ": -0.0665543595588193,
    "SPY": -2.2979190248471815
  },
  "start_equity": 10000.0,
  "bh_units": {
    "ETHUSDT": 1.3908205841446453,
    "SOLUSDT": 32.04306588054345,
    "BTCUSDT": 0.03895415874598772,
    "XRPUSDT": 2254.059561269847
  }
}