{
  "cash": 4245.377582645698,
  "units": {
    "ETHUSDT": 0.614071155591531,
    "SOLUSDT": -15.127138278910786,
    "BTCUSDT": 0.01791587230940847,
    "XRPUSDT": 1041.3649120987118,
    "AAPL": 0.0,
    "GOLD": 0.0,
    "NIFTY": 0.0,
    "RELIANCE": 0.0,
    "EURUSD": -1010.941381182076,
    "SENSEX": 0.0,
    "NASDAQ": 0.04432156654597417,
    "SPY": 1.5356156473508513
  },
  "start_equity": 10000.0,
  "bh_units": {
    "ETHUSDT": 1.3908205841446453,
    "SOLUSDT": 32.04306588054345,
    "BTCUSDT": 0.03895415874598772,
    "XRPUSDT": 2254.059561269847
  }
}