{
  "cash": 15660.081337069008,
  "units": {
    "ETHUSDT": -0.8225755699763456,
    "SOLUSDT": -19.517852662772952,
    "BTCUSDT": -0.023427153847159342,
    "XRPUSDT": -1371.843202883396,
    "AAPL": 0.0
  },
  "start_equity": 10000.0,
  "bh_units": {
    "ETHUSDT": 1.3908205841446453,
    "SOLUSDT": 32.04306588054345,
    "BTCUSDT": 0.03895415874598772,
    "XRPUSDT": 2254.059561269847
  }
}