{
  "cash": 11140.04085752346,
  "units": {
    "ETHUSDT": -0.7770048375144998,
    "SOLUSDT": -18.863491435532392,
    "BTCUSDT": 0.0,
    "XRPUSDT": -1323.3018808008578,
    "AAPL": 4.6012302165805465,
    "GOLD": 0.0,
    "NIFTY": 0.0,
    "RELIANCE": 0.0,
    "EURUSD": -1269.4268186377838,
    "SENSEX": 0.0,
    "NASDAQ": 0.05572765672335949,
    "SPY": 1.9331347164334414
  },
  "start_equity": 10000.0,
  "bh_units": {
    "ETHUSDT": 1.3908205841446453,
    "SOLUSDT": 32.04306588054345,
    "BTCUSDT": 0.03895415874598772,
    "XRPUSDT": 2254.059561269847
  }
}