{
  "cash": 15714.437805811482,
  "units": {
    "ETHUSDT": -0.8308615342322311,
    "SOLUSDT": -19.68688881151811,
    "BTCUSDT": -0.023670063275616347,
    "XRPUSDT": -1382.0284953934615,
    "AAPL": 0.0
  },
  "start_equity": 10000.0,
  "bh_units": {
    "ETHUSDT": 1.3908205841446453,
    "SOLUSDT": 32.04306588054345,
    "BTCUSDT": 0.03895415874598772,
    "XRPUSDT": 2254.059561269847
  }
}