{
  "cash": 9741.972366841037,
  "units": {
    "ETHUSDT": 0.0,
    "SOLUSDT": -19.49159042308143,
    "BTCUSDT": 0.0,
    "XRPUSDT": 0.0,
    "AAPL": 0.0,
    "GOLD": 0.0,
    "NIFTY": -0.06081355132780842,
    "RELIANCE": 1.128484252574358,
    "EURUSD": 1282.0626075371256,
    "SENSEX": 0.0
  },
  "start_equity": 10000.0,
  "bh_units": {
    "ETHUSDT": 1.3908205841446453,
    "SOLUSDT": 32.04306588054345,
    "BTCUSDT": 0.03895415874598772,
    "XRPUSDT": 2254.059561269847
  }
}