{
  "cash": 3939.0529438244776,
  "units": {
    "ETHUSDT": 0.8384297626218363,
    "SOLUSDT": 19.822135745936006,
    "BTCUSDT": 0.023796142662700782,
    "XRPUSDT": 1394.5728946924135,
    "AAPL": 0.0
  },
  "start_equity": 10000.0,
  "bh_units": {
    "ETHUSDT": 1.3908205841446453,
    "SOLUSDT": 32.04306588054345,
    "BTCUSDT": 0.03895415874598772,
    "XRPUSDT": 2254.059561269847
  }
}