{
  "cash": 3896.8443023813425,
  "units": {
    "ETHUSDT": 0.0,
    "SOLUSDT": 18.936925413546355,
    "BTCUSDT": 0.022905323043977584,
    "XRPUSDT": 1328.0624303751877,
    "AAPL": -4.6405816048551545,
    "GOLD": 0.0,
    "NIFTY": 0.0,
    "RELIANCE": 0.0,
    "EURUSD": 0.0,
    "SENSEX": 0.0,
    "NASDAQ": 0.056189213978167604,
    "SPY": 1.9471613292806351
  },
  "start_equity": 10000.0,
  "bh_units": {
    "ETHUSDT": 1.3908205841446453,
    "SOLUSDT": 32.04306588054345,
    "BTCUSDT": 0.03895415874598772,
    "XRPUSDT": 2254.059561269847
  }
}