{
  "cash": 3156.9995968506087,
  "units": {
    "ETHUSDT": 0.6153463061614523,
    "SOLUSDT": 15.308111131568825,
    "BTCUSDT": 0.0,
    "XRPUSDT": 1064.900111800059,
    "AAPL": 0.0,
    "GOLD": 0.2912282144271022,
    "NIFTY": 0.0,
    "RELIANCE": 0.0,
    "EURUSD": 0.0,
    "SENSEX": 0.0,
    "NASDAQ": 0.0,
    "SPY": 0.0
  },
  "start_equity": 10000.0,
  "bh_units": {
    "ETHUSDT": 1.3908205841446453,
    "SOLUSDT": 32.04306588054345,
    "BTCUSDT": 0.03895415874598772,
    "XRPUSDT": 2254.059561269847
  }
}