{
  "cash": 795.663987096612,
  "units": {
    "ETHUSDT": 0.6332053411769071,
    "SOLUSDT": 15.521383229965554,
    "BTCUSDT": 0.018446868258401583,
    "XRPUSDT": 1082.7400653462512,
    "AAPL": 0.0,
    "GOLD": 0.29622604707185635,
    "NIFTY": 0.0,
    "RELIANCE": 0.0,
    "EURUSD": 1044.9355035751792,
    "SENSEX": 0.0,
    "NASDAQ": 0.0,
    "SPY": 0.0
  },
  "start_equity": 10000.0,
  "bh_units": {
    "ETHUSDT": 1.3908205841446453,
    "SOLUSDT": 32.04306588054345,
    "BTCUSDT": 0.03895415874598772,
    "XRPUSDT": 2254.059561269847
  }
}