{
  "cash": 9219.77565470663,
  "units": {
    "ETHUSDT": 0.6482210235560711,
    "SOLUSDT": 15.844264069844836,
    "BTCUSDT": -0.018769777476217,
    "XRPUSDT": 1105.3832901944272,
    "AAPL": 0.0,
    "GOLD": 0.0,
    "NIFTY": -0.04972666176949955,
    "RELIANCE": 0.0,
    "EURUSD": -1051.2978782246903,
    "SENSEX": -0.015491981712572152,
    "NASDAQ": 0.0,
    "SPY": 0.0
  },
  "start_equity": 10000.0,
  "bh_units": {
    "ETHUSDT": 1.3908205841446453,
    "SOLUSDT": 32.04306588054345,
    "BTCUSDT": 0.03895415874598772,
    "XRPUSDT": 2254.059561269847
  }
}