{
  "cash": 14754.161664846497,
  "units": {
    "ETHUSDT": 0.0,
    "SOLUSDT": 22.057260489037795,
    "BTCUSDT": -0.02584748883649599,
    "XRPUSDT": -1503.187132192209,
    "AAPL": 0.0,
    "GOLD": 0.0,
    "NIFTY": -0.0710079381234497,
    "RELIANCE": 1.3199472340094793,
    "EURUSD": 0.0,
    "SENSEX": -0.022190990024335375,
    "NASDAQ": 0.0,
    "SPY": 0.0
  },
  "start_equity": 10000.0,
  "bh_units": {
    "ETHUSDT": 1.3908205841446453,
    "SOLUSDT": 32.04306588054345,
    "BTCUSDT": 0.03895415874598772,
    "XRPUSDT": 2254.059561269847
  }
}