{
  "cash": 9580.016701051452,
  "units": {
    "ETHUSDT": -0.8807536068581994,
    "SOLUSDT": -21.85101798180044,
    "BTCUSDT": -0.025654638829890525,
    "XRPUSDT": 1491.0065599238158,
    "AAPL": 0.0,
    "GOLD": 0.41011718115875573,
    "NIFTY": 0.07051080813834529,
    "RELIANCE": 1.3097075508874734,
    "EURUSD": 0.0,
    "SENSEX": 0.0,
    "NASDAQ": 0.0,
    "SPY": 0.0
  },
  "start_equity": 10000.0,
  "bh_units": {
    "ETHUSDT": 1.3908205841446453,
    "SOLUSDT": 32.04306588054345,
    "BTCUSDT": 0.03895415874598772,
    "XRPUSDT": 2254.059561269847
  }
}