{
  "cash": 4144.653712799735,
  "units": {
    "ETHUSDT": 0.6154472376367817,
    "SOLUSDT": 0.0,
    "BTCUSDT": 0.017877772665862848,
    "XRPUSDT": -1043.4350675283254,
    "AAPL": 0.0,
    "GOLD": 0.2827056886084557,
    "NIFTY": 0.0,
    "RELIANCE": 0.0,
    "EURUSD": 988.6542703565507,
    "SENSEX": 0.0,
    "NASDAQ": 0.0,
    "SPY": 0.0
  },
  "start_equity": 10000.0,
  "bh_units": {
    "ETHUSDT": 1.3908205841446453,
    "SOLUSDT": 32.04306588054345,
    "BTCUSDT": 0.03895415874598772,
    "XRPUSDT": 2254.059561269847
  }
}