{
  "cash": 7639.090276532381,
  "units": {
    "ETHUSDT": -0.6109860629918799,
    "SOLUSDT": 0.0,
    "BTCUSDT": -0.01784622098359342,
    "XRPUSDT": 1048.3543263239872,
    "AAPL": 3.4413407896782995,
    "GOLD": -0.28755079356426444,
    "NIFTY": 0.0,
    "RELIANCE": 0.0,
    "EURUSD": 1002.1303482056117,
    "SENSEX": 0.0,
    "NASDAQ": 0.0,
    "SPY": 0.0
  },
  "start_equity": 10000.0,
  "bh_units": {
    "ETHUSDT": 1.3908205841446453,
    "SOLUSDT": 32.04306588054345,
    "BTCUSDT": 0.03895415874598772,
    "XRPUSDT": 2254.059561269847
  }
}