{
  "cash": 3919.841082760983,
  "units": {
    "ETHUSDT": 0.8245593394305257,
    "SOLUSDT": 19.562708735730613,
    "BTCUSDT": 0.02351305160923281,
    "XRPUSDT": 1378.815985894998,
    "AAPL": 0.0
  },
  "start_equity": 10000.0,
  "bh_units": {
    "ETHUSDT": 1.3908205841446453,
    "SOLUSDT": 32.04306588054345,
    "BTCUSDT": 0.03895415874598772,
    "XRPUSDT": 2254.059561269847
  }
}