{
  "cash": 14524.046108069402,
  "units": {
    "ETHUSDT": -0.6118808369364128,
    "SOLUSDT": 0.0,
    "BTCUSDT": -0.017862886729742216,
    "XRPUSDT": 1044.586234493734,
    "AAPL": -3.4492145716854097,
    "GOLD": -0.2880135317097906,
    "NIFTY": 0.0,
    "RELIANCE": 0.0,
    "EURUSD": -1002.3827591805344,
    "SENSEX": 0.0,
    "NASDAQ": -0.0443834877683823,
    "SPY": -1.5309478612372418
  },
  "start_equity": 10000.0,
  "bh_units": {
    "ETHUSDT": 1.3908205841446453,
    "SOLUSDT": 32.04306588054345,
    "BTCUSDT": 0.03895415874598772,
    "XRPUSDT": 2254.059561269847
  }
}