{
  "cash": 12944.034072710061,
  "units": {
    "ETHUSDT": -0.8794309121916977,
    "SOLUSDT": -21.81479443987208,
    "BTCUSDT": -0.025650235248583547,
    "XRPUSDT": 0.0,
    "AAPL": 0.0,
    "GOLD": 0.0,
    "NIFTY": 0.07030541076805054,
    "RELIANCE": 0.0,
    "EURUSD": 0.0,
    "SENSEX": 0.02201042018840358,
    "NASDAQ": 0.0,
    "SPY": 0.0
  },
  "start_equity": 10000.0,
  "bh_units": {
    "ETHUSDT": 1.3908205841446453,
    "SOLUSDT": 32.04306588054345,
    "BTCUSDT": 0.03895415874598772,
    "XRPUSDT": 2254.059561269847
  }
}