{
  "cash": 12082.216604018617,
  "units": {
    "ETHUSDT": -0.6265114027802955,
    "SOLUSDT": 0.0,
    "BTCUSDT": -0.01807957757604341,
    "XRPUSDT": 0.0,
    "AAPL": -3.4085100476791874,
    "GOLD": 0.28487529725354127,
    "NIFTY": 0.0,
    "RELIANCE": 0.0,
    "EURUSD": 0.0,
    "SENSEX": 0.0,
    "NASDAQ": -0.04454631059706419,
    "SPY": -1.5263123024918603
  },
  "start_equity": 10000.0,
  "bh_units": {
    "ETHUSDT": 1.3908205841446453,
    "SOLUSDT": 32.04306588054345,
    "BTCUSDT": 0.03895415874598772,
    "XRPUSDT": 2254.059561269847
  }
}