{
  "cash": -482.78226551127483,
  "units": {
    "ETHUSDT": 0.7613298046031044,
    "SOLUSDT": 0.0,
    "BTCUSDT": 0.0,
    "XRPUSDT": 1277.9474289146299,
    "AAPL": 4.535694757052945,
    "GOLD": 0.3523519134088967,
    "NIFTY": 0.0,
    "RELIANCE": 0.0,
    "EURUSD": 1252.42650450067,
    "SENSEX": 0.0,
    "NASDAQ": 0.054736159241411286,
    "SPY": 1.9022366806578264
  },
  "start_equity": 10000.0,
  "bh_units": {
    "ETHUSDT": 1.3908205841446453,
    "SOLUSDT": 32.04306588054345,
    "BTCUSDT": 0.03895415874598772,
    "XRPUSDT": 2254.059561269847
  }
}