{
  "cash": 13775.091944714826,
  "units": {
    "ETHUSDT": -0.6172510595802727,
    "SOLUSDT": -15.354631740852657,
    "BTCUSDT": -0.01831345337120802,
    "XRPUSDT": -1063.369255944332,
    "AAPL": 0.0,
    "GOLD": 0.0,
    "NIFTY": 0.0,
    "RELIANCE": 0.0,
    "EURUSD": -1029.3974260712848,
    "SENSEX": 0.0,
    "NASDAQ": 0.0,
    "SPY": 0.0
  },
  "start_equity": 10000.0,
  "bh_units": {
    "ETHUSDT": 1.3908205841446453,
    "SOLUSDT": 32.04306588054345,
    "BTCUSDT": 0.03895415874598772,
    "XRPUSDT": 2254.059561269847
  }
}