{
  "cash": 10000.0,
  "units": {},
  "start_equity": 10000.0,
  "bh_units": {
    "BTCUSDT": 0.038986962759653174,
    "ETHUSDT": 1.391207568169171,
    "SOLUSDT": 32.108913434369384,
    "XRPUSDT": 2258.2539180705476
  }
}