{
  "cash": 9228.742582785639,
  "units": {
    "ETHUSDT": 0.6496365373910317,
    "SOLUSDT": -15.886862379164157,
    "BTCUSDT": 0.0,
    "XRPUSDT": 1107.305131427339,
    "AAPL": 0.0,
    "GOLD": -0.29997917700970766,
    "NIFTY": 0.0,
    "RELIANCE": 0.0,
    "EURUSD": -1051.997930000926,
    "SENSEX": 0.0,
    "NASDAQ": 0.0,
    "SPY": 0.0
  },
  "start_equity": 10000.0,
  "bh_units": {
    "ETHUSDT": 1.3908205841446453,
    "SOLUSDT": 32.04306588054345,
    "BTCUSDT": 0.03895415874598772,
    "XRPUSDT": 2254.059561269847
  }
}