{
  "cash": 7869.006914231326,
  "units": {
    "ETHUSDT": 0.0,
    "SOLUSDT": 21.749650329113223,
    "BTCUSDT": 0.025586077678298316,
    "XRPUSDT": 1483.7436358617435,
    "AAPL": 0.0,
    "GOLD": 0.40920720270424044,
    "NIFTY": -0.07030766790766527,
    "RELIANCE": -1.3092661617486518,
    "EURUSD": -1478.7627101668093,
    "SENSEX": 0.02198057816429424,
    "NASDAQ": 0.0,
    "SPY": 0.0
  },
  "start_equity": 10000.0,
  "bh_units": {
    "ETHUSDT": 1.3908205841446453,
    "SOLUSDT": 32.04306588054345,
    "BTCUSDT": 0.03895415874598772,
    "XRPUSDT": 2254.059561269847
  }
}