{
  "cash": 12728.561841682797,
  "units": {
    "ETHUSDT": -0.8265478535975604,
    "SOLUSDT": -19.625818992381294,
    "BTCUSDT": -0.02352923255184356,
    "XRPUSDT": 0.0,
    "AAPL": 0.0,
    "GOLD": 0.0,
    "NIFTY": 0.0,
    "RELIANCE": 0.0,
    "EURUSD": 1289.1013510306782
  },
  "start_equity": 10000.0,
  "bh_units": {
    "ETHUSDT": 1.3908205841446453,
    "SOLUSDT": 32.04306588054345,
    "BTCUSDT": 0.03895415874598772,
    "XRPUSDT": 2254.059561269847
  }
}