{
  "cash": 9028.532172851466,
  "units": {
    "ETHUSDT": -0.6155799579482681,
    "SOLUSDT": 15.335796009666947,
    "BTCUSDT": 0.018251241764433483,
    "XRPUSDT": 0.0,
    "AAPL": 0.0,
    "GOLD": -0.29103489919257247,
    "NIFTY": 0.0,
    "RELIANCE": 0.0,
    "EURUSD": -1026.4852131274372,
    "SENSEX": 0.0,
    "NASDAQ": 0.0,
    "SPY": 0.0
  },
  "start_equity": 10000.0,
  "bh_units": {
    "ETHUSDT": 1.3908205841446453,
    "SOLUSDT": 32.04306588054345,
    "BTCUSDT": 0.03895415874598772,
    "XRPUSDT": 2254.059561269847
  }
}