{
  "cash": 18221.879679639496,
  "units": {
    "ETHUSDT": 0.8880161203675064,
    "SOLUSDT": -22.00879834583386,
    "BTCUSDT": -0.02586311160271692,
    "XRPUSDT": -1506.146983891714,
    "AAPL": 0.0,
    "GOLD": 0.0,
    "NIFTY": -0.07115519711750963,
    "RELIANCE": -1.3264055706754776,
    "EURUSD": 0.0,
    "SENSEX": 0.0,
    "NASDAQ": 0.0,
    "SPY": 0.0
  },
  "start_equity": 10000.0,
  "bh_units": {
    "ETHUSDT": 1.3908205841446453,
    "SOLUSDT": 32.04306588054345,
    "BTCUSDT": 0.03895415874598772,
    "XRPUSDT": 2254.059561269847
  }
}