{
  "cash": 3072.3540369509515,
  "units": {
    "ETHUSDT": -0.6125459478218606,
    "SOLUSDT": 15.048524029528826,
    "BTCUSDT": 0.017821447210143535,
    "XRPUSDT": 1034.5547904724235,
    "AAPL": 3.4731025761902417,
    "GOLD": 0.2871509431017023,
    "NIFTY": 0.0,
    "RELIANCE": 0.0,
    "EURUSD": 1006.6082580101421,
    "SENSEX": 0.0,
    "NASDAQ": 0.0,
    "SPY": -1.529251745331723
  },
  "start_equity": 10000.0,
  "bh_units": {
    "ETHUSDT": 1.3908205841446453,
    "SOLUSDT": 32.04306588054345,
    "BTCUSDT": 0.03895415874598772,
    "XRPUSDT": 2254.059561269847
  }
}