{
  "cash": 14926.769207499325,
  "units": {
    "ETHUSDT": -0.8141174862646805,
    "SOLUSDT": -19.925034569679237,
    "BTCUSDT": 0.023636512794345296,
    "XRPUSDT": -1390.6860130780522,
    "AAPL": -4.750109713961801,
    "GOLD": 0.0,
    "NIFTY": 0.0,
    "RELIANCE": 0.0,
    "EURUSD": 0.0,
    "SENSEX": 0.0,
    "NASDAQ": 0.0,
    "SPY": 0.0
  },
  "start_equity": 10000.0,
  "bh_units": {
    "ETHUSDT": 1.3908205841446453,
    "SOLUSDT": 32.04306588054345,
    "BTCUSDT": 0.03895415874598772,
    "XRPUSDT": 2254.059561269847
  }
}