{
  "cash": 10082.429341687659,
  "units": {
    "ETHUSDT": -0.617660312070156,
    "SOLUSDT": -15.298158630050569,
    "BTCUSDT": 0.018135160691087646,
    "XRPUSDT": -1052.1591352614478,
    "AAPL": 0.0,
    "GOLD": -0.2889348243717642,
    "NIFTY": 0.0,
    "RELIANCE": 0.0,
    "EURUSD": 1014.5853002662822,
    "SENSEX": 0.0,
    "NASDAQ": 0.0,
    "SPY": 0.0
  },
  "start_equity": 10000.0,
  "bh_units": {
    "ETHUSDT": 1.3908205841446453,
    "SOLUSDT": 32.04306588054345,
    "BTCUSDT": 0.03895415874598772,
    "XRPUSDT": 2254.059561269847
  }
}