{
  "cash": 6995.20314206285,
  "units": {
    "ETHUSDT": 0.823288436326428,
    "SOLUSDT": 19.41293667893997,
    "BTCUSDT": 0.02349727691543115,
    "XRPUSDT": -1376.4678285962484
  },
  "start_equity": 10000.0,
  "bh_units": {
    "ETHUSDT": 1.3908205841446453,
    "SOLUSDT": 32.04306588054345,
    "BTCUSDT": 0.03895415874598772,
    "XRPUSDT": 2254.059561269847
  }
}