{
  "cash": 6870.790419569766,
  "units": {
    "ETHUSDT": -0.6463065648091922,
    "SOLUSDT": 15.787011806991362,
    "BTCUSDT": -0.01870661776703907,
    "XRPUSDT": 1101.9732793782264,
    "AAPL": 0.0,
    "GOLD": 0.0,
    "NIFTY": 0.0,
    "RELIANCE": 0.0,
    "EURUSD": 1059.7800881795197,
    "SENSEX": 0.0,
    "NASDAQ": 0.0,
    "SPY": 0.0
  },
  "start_equity": 10000.0,
  "bh_units": {
    "ETHUSDT": 1.3908205841446453,
    "SOLUSDT": 32.04306588054345,
    "BTCUSDT": 0.03895415874598772,
    "XRPUSDT": 2254.059561269847
  }
}