{
  "cash": 11263.711717876395,
  "units": {
    "ETHUSDT": -0.823862512329294,
    "SOLUSDT": -19.548648276850226,
    "BTCUSDT": 0.0,
    "XRPUSDT": 1373.0271979142724,
    "AAPL": 0.0
  },
  "start_equity": 10000.0,
  "bh_units": {
    "ETHUSDT": 1.3908205841446453,
    "SOLUSDT": 32.04306588054345,
    "BTCUSDT": 0.03895415874598772,
    "XRPUSDT": 2254.059561269847
  }
}