{
  "cash": 5451.760877249822,
  "units": {
    "ETHUSDT": 0.839997127168863,
    "SOLUSDT": -19.667331229031056,
    "BTCUSDT": 0.023782476597742384,
    "XRPUSDT": 1389.5297185772845,
    "AAPL": 4.628003405465161
  },
  "start_equity": 10000.0,
  "bh_units": {
    "ETHUSDT": 1.3908205841446453,
    "SOLUSDT": 32.04306588054345,
    "BTCUSDT": 0.03895415874598772,
    "XRPUSDT": 2254.059561269847
  }
}