{
  "cash": 2572.7272043302405,
  "units": {
    "ETHUSDT": 0.8157924390846591,
    "SOLUSDT": -19.92300838662071,
    "BTCUSDT": 0.023628275403851352,
    "XRPUSDT": 1391.4168771455656,
    "AAPL": 0.0,
    "GOLD": 0.0,
    "NIFTY": 0.0,
    "RELIANCE": 0.0,
    "EURUSD": 1353.2708245444828,
    "SENSEX": 0.0,
    "NASDAQ": 0.06001104261411829,
    "SPY": 2.0695867607662497
  },
  "start_equity": 10000.0,
  "bh_units": {
    "ETHUSDT": 1.3908205841446453,
    "SOLUSDT": 32.04306588054345,
    "BTCUSDT": 0.03895415874598772,
    "XRPUSDT": 2254.059561269847
  }
}