{
  "cash": 6932.130404752308,
  "units": {
    "ETHUSDT": 0.8420486250156138,
    "SOLUSDT": -19.680153410042983,
    "BTCUSDT": 0.023820686006896158,
    "XRPUSDT": 1391.7513603009795
  },
  "start_equity": 10000.0,
  "bh_units": {
    "ETHUSDT": 1.3908205841446453,
    "SOLUSDT": 32.04306588054345,
    "BTCUSDT": 0.03895415874598772,
    "XRPUSDT": 2254.059561269847
  }
}