{
  "cash": 10271.934219673527,
  "units": {
    "ETHUSDT": -0.6183193036249852,
    "SOLUSDT": -15.242548634231765,
    "BTCUSDT": -0.018274611680470856,
    "XRPUSDT": 0.0,
    "AAPL": 3.6929706066683075,
    "GOLD": -0.2914369303762406,
    "NIFTY": 0.0,
    "RELIANCE": 0.0,
    "EURUSD": -1037.0586360834034,
    "SENSEX": 0.0,
    "NASDAQ": 0.04527688937977166,
    "SPY": 1.5739335317232614
  },
  "start_equity": 10000.0,
  "bh_units": {
    "ETHUSDT": 1.3908205841446453,
    "SOLUSDT": 32.04306588054345,
    "BTCUSDT": 0.03895415874598772,
    "XRPUSDT": 2254.059561269847
  }
}