{
  "cash": 12895.801472585625,
  "units": {
    "ETHUSDT": -0.8331805745383019,
    "SOLUSDT": 19.468496507496447,
    "BTCUSDT": -0.023628436943309197,
    "XRPUSDT": -1379.0591003243371
  },
  "start_equity": 10000.0,
  "bh_units": {
    "ETHUSDT": 1.3908205841446453,
    "SOLUSDT": 32.04306588054345,
    "BTCUSDT": 0.03895415874598772,
    "XRPUSDT": 2254.059561269847
  }
}