{
  "cash": 5805.521624924833,
  "units": {
    "ETHUSDT": 0.6660463305815516,
    "SOLUSDT": 16.37422321129699,
    "BTCUSDT": -0.01923342344994855,
    "XRPUSDT": 1134.6934167869385,
    "AAPL": 0.0,
    "GOLD": 0.0,
    "NIFTY": 0.0,
    "RELIANCE": 0.0,
    "EURUSD": 0.0,
    "SENSEX": 0.0,
    "NASDAQ": 0.0,
    "SPY": 0.0
  },
  "start_equity": 10000.0,
  "bh_units": {
    "ETHUSDT": 1.3908205841446453,
    "SOLUSDT": 32.04306588054345,
    "BTCUSDT": 0.03895415874598772,
    "XRPUSDT": 2254.059561269847
  }
}