{
  "cash": 11300.72147358213,
  "units": {
    "ETHUSDT": 0.835003941262564,
    "SOLUSDT": -19.7560903015151,
    "BTCUSDT": -0.023761314243561732,
    "XRPUSDT": 0.0,
    "AAPL": 0.0
  },
  "start_equity": 10000.0,
  "bh_units": {
    "ETHUSDT": 1.3908205841446453,
    "SOLUSDT": 32.04306588054345,
    "BTCUSDT": 0.03895415874598772,
    "XRPUSDT": 2254.059561269847
  }
}