{
  "cash": 4205.60215907302,
  "units": {
    "ETHUSDT": 0.6136589757748871,
    "SOLUSDT": 15.115900146360064,
    "BTCUSDT": 0.01788041488519799,
    "XRPUSDT": -1039.9057539031505,
    "AAPL": 3.4525935031860633,
    "GOLD": 0.0,
    "NIFTY": 0.0,
    "RELIANCE": 0.0,
    "EURUSD": -1003.232617268913,
    "SENSEX": 0.0,
    "NASDAQ": 0.0,
    "SPY": 1.524768514577546
  },
  "start_equity": 10000.0,
  "bh_units": {
    "ETHUSDT": 1.3908205841446453,
    "SOLUSDT": 32.04306588054345,
    "BTCUSDT": 0.03895415874598772,
    "XRPUSDT": 2254.059561269847
  }
}