{
  "cash": 13243.752897436334,
  "units": {
    "ETHUSDT": -0.9002629007259517,
    "SOLUSDT": 22.202320214254005,
    "BTCUSDT": -0.02608567311954777,
    "XRPUSDT": 1490.484518830278,
    "AAPL": 5.276644756514924,
    "GOLD": 0.0,
    "NIFTY": 0.0,
    "RELIANCE": 0.0,
    "EURUSD": -1514.9360447814524,
    "SENSEX": 0.0,
    "NASDAQ": 0.0,
    "SPY": -2.30919323069852
  },
  "start_equity": 10000.0,
  "bh_units": {
    "ETHUSDT": 1.3908205841446453,
    "SOLUSDT": 32.04306588054345,
    "BTCUSDT": 0.03895415874598772,
    "XRPUSDT": 2254.059561269847
  }
}