{
  "cash": 12792.091394685858,
  "units": {
    "ETHUSDT": -0.6481943196866509,
    "SOLUSDT": -15.866185034128936,
    "BTCUSDT": -0.018772730081855347,
    "XRPUSDT": 1106.6367640743124,
    "AAPL": 0.0,
    "GOLD": 0.29904105820850824,
    "NIFTY": -0.049664869897797344,
    "RELIANCE": -0.9034977316813404,
    "EURUSD": 0.0,
    "SENSEX": -0.01547126463267139,
    "NASDAQ": 0.0,
    "SPY": 0.0
  },
  "start_equity": 10000.0,
  "bh_units": {
    "ETHUSDT": 1.3908205841446453,
    "SOLUSDT": 32.04306588054345,
    "BTCUSDT": 0.03895415874598772,
    "XRPUSDT": 2254.059561269847
  }
}