{
  "cash": 5454.436465105592,
  "units": {
    "ETHUSDT": 0.8417707374567673,
    "SOLUSDT": -19.75796582857749,
    "BTCUSDT": 0.023876111441217245,
    "XRPUSDT": 1392.4584130389112,
    "AAPL": 4.6033645280321815
  },
  "start_equity": 10000.0,
  "bh_units": {
    "ETHUSDT": 1.3908205841446453,
    "SOLUSDT": 32.04306588054345,
    "BTCUSDT": 0.03895415874598772,
    "XRPUSDT": 2254.059561269847
  }
}