{
  "cash": 14856.579032959033,
  "units": {
    "ETHUSDT": 0.8102932140036868,
    "SOLUSDT": 19.815988487366173,
    "BTCUSDT": 0.0,
    "XRPUSDT": -1380.03665457475,
    "AAPL": -4.706593058467786,
    "GOLD": -0.38319901951112956,
    "NIFTY": 0.0,
    "RELIANCE": 0.0,
    "EURUSD": 0.0,
    "SENSEX": 0.0,
    "NASDAQ": -0.06026038451534063,
    "SPY": -2.071012553003859
  },
  "start_equity": 10000.0,
  "bh_units": {
    "ETHUSDT": 1.3908205841446453,
    "SOLUSDT": 32.04306588054345,
    "BTCUSDT": 0.03895415874598772,
    "XRPUSDT": 2254.059561269847
  }
}