{
  "cash": 5584.358869903796,
  "units": {
    "ETHUSDT": 0.0,
    "SOLUSDT": 15.406830545492914,
    "BTCUSDT": 0.018487339767464386,
    "XRPUSDT": -1081.1005063497712,
    "AAPL": 0.0,
    "GOLD": 0.0,
    "NIFTY": 0.0,
    "RELIANCE": 0.0,
    "EURUSD": 1046.1128844028628,
    "SENSEX": 0.0,
    "NASDAQ": 0.0,
    "SPY": 0.0
  },
  "start_equity": 10000.0,
  "bh_units": {
    "ETHUSDT": 1.3908205841446453,
    "SOLUSDT": 32.04306588054345,
    "BTCUSDT": 0.03895415874598772,
    "XRPUSDT": 2254.059561269847
  }
}