{
  "cash": 3824.4687358360165,
  "units": {
    "ETHUSDT": 0.7688924602354652,
    "SOLUSDT": 18.640724883256894,
    "BTCUSDT": 0.022276881180316784,
    "XRPUSDT": 1304.3206128164109,
    "AAPL": 0.0,
    "GOLD": 0.0,
    "NIFTY": 0.0,
    "RELIANCE": 0.0,
    "EURUSD": 0.0,
    "SENSEX": 0.0,
    "NASDAQ": 0.0,
    "SPY": 0.0
  },
  "start_equity": 10000.0,
  "bh_units": {
    "ETHUSDT": 1.3908205841446453,
    "SOLUSDT": 32.04306588054345,
    "BTCUSDT": 0.03895415874598772,
    "XRPUSDT": 2254.059561269847
  }
}