{
  "cash": 16134.565483141536,
  "units": {
    "ETHUSDT": -0.7792534070506414,
    "SOLUSDT": -19.25762843751375,
    "BTCUSDT": -0.02273793668385325,
    "XRPUSDT": 0.0,
    "AAPL": 0.0,
    "GOLD": -0.37244533147032005,
    "NIFTY": 0.0,
    "RELIANCE": 0.0,
    "EURUSD": 0.0,
    "SENSEX": 0.0,
    "NASDAQ": 0.0,
    "SPY": 0.0
  },
  "start_equity": 10000.0,
  "bh_units": {
    "ETHUSDT": 1.3908205841446453,
    "SOLUSDT": 32.04306588054345,
    "BTCUSDT": 0.03895415874598772,
    "XRPUSDT": 2254.059561269847
  }
}