{
  "cash": 11730.975621570495,
  "units": {
    "ETHUSDT": -0.6473642326564291,
    "SOLUSDT": -15.810496703504528,
    "BTCUSDT": -0.018767125844109167,
    "XRPUSDT": -1103.5661140663146,
    "AAPL": 0.0,
    "GOLD": 0.30163884449992734,
    "NIFTY": 0.0,
    "RELIANCE": 0.0,
    "EURUSD": 0.0,
    "SENSEX": 0.0,
    "NASDAQ": 0.0,
    "SPY": 0.0
  },
  "start_equity": 10000.0,
  "bh_units": {
    "ETHUSDT": 1.3908205841446453,
    "SOLUSDT": 32.04306588054345,
    "BTCUSDT": 0.03895415874598772,
    "XRPUSDT": 2254.059561269847
  }
}