{
  "cash": 14108.250099791532,
  "units": {
    "ETHUSDT": -0.6461203029630329,
    "SOLUSDT": -15.680481833838334,
    "BTCUSDT": -0.018753450661811832,
    "XRPUSDT": -1094.7166605038813,
    "AAPL": 0.0,
    "GOLD": 0.0,
    "NIFTY": 0.0,
    "RELIANCE": 0.0,
    "EURUSD": -1058.7276825648855,
    "SENSEX": 0.0,
    "NASDAQ": 0.0,
    "SPY": 0.0
  },
  "start_equity": 10000.0,
  "bh_units": {
    "ETHUSDT": 1.3908205841446453,
    "SOLUSDT": 32.04306588054345,
    "BTCUSDT": 0.03895415874598772,
    "XRPUSDT": 2254.059561269847
  }
}