{
  "cash": 11521.109883873813,
  "units": {
    "ETHUSDT": -0.6370723691090803,
    "SOLUSDT": -15.554774926309399,
    "BTCUSDT": -0.01844886010622497,
    "XRPUSDT": 1084.1343956152011,
    "AAPL": 0.0,
    "GOLD": 0.0,
    "NIFTY": 0.0,
    "RELIANCE": 0.0,
    "EURUSD": -1043.5671533909028,
    "SENSEX": 0.0,
    "NASDAQ": 0.0,
    "SPY": 0.0
  },
  "start_equity": 10000.0,
  "bh_units": {
    "ETHUSDT": 1.3908205841446453,
    "SOLUSDT": 32.04306588054345,
    "BTCUSDT": 0.03895415874598772,
    "XRPUSDT": 2254.059561269847
  }
}