{
  "cash": 8940.864806818772,
  "units": {
    "ETHUSDT": 0.0,
    "SOLUSDT": -15.325550783276217,
    "BTCUSDT": 0.01819995827674788,
    "XRPUSDT": 0.0,
    "AAPL": 0.0,
    "GOLD": -0.28900087341400826,
    "NIFTY": 0.0,
    "RELIANCE": 0.0,
    "EURUSD": 1017.1601060449783,
    "SENSEX": -0.015113763513319342,
    "NASDAQ": 0.0,
    "SPY": 0.0
  },
  "start_equity": 10000.0,
  "bh_units": {
    "ETHUSDT": 1.3908205841446453,
    "SOLUSDT": 32.04306588054345,
    "BTCUSDT": 0.03895415874598772,
    "XRPUSDT": 2254.059561269847
  }
}