{
  "cash": 7925.481449244217,
  "units": {
    "ETHUSDT": 0.0,
    "SOLUSDT": 15.385429887994546,
    "BTCUSDT": -0.018428761982567567,
    "XRPUSDT": 0.0,
    "AAPL": 0.0,
    "GOLD": 0.0,
    "NIFTY": 0.0,
    "RELIANCE": 0.9146782410341882,
    "EURUSD": 0.0,
    "SENSEX": -0.015411674188951414,
    "NASDAQ": 0.0,
    "SPY": 0.0
  },
  "start_equity": 10000.0,
  "bh_units": {
    "ETHUSDT": 1.3908205841446453,
    "SOLUSDT": 32.04306588054345,
    "BTCUSDT": 0.03895415874598772,
    "XRPUSDT": 2254.059561269847
  }
}