{
  "cash": 16705.13924188627,
  "units": {
    "ETHUSDT": -0.7648057835742924,
    "SOLUSDT": 18.55955136756695,
    "BTCUSDT": -0.02218782948535331,
    "XRPUSDT": 0.0,
    "AAPL": 0.0,
    "GOLD": -0.35319915836403315,
    "NIFTY": 0.0,
    "RELIANCE": 0.0,
    "EURUSD": -1253.6065382663196,
    "SENSEX": 0.0,
    "NASDAQ": -0.054790726176039466,
    "SPY": -1.9039803574381555
  },
  "start_equity": 10000.0,
  "bh_units": {
    "ETHUSDT": 1.3908205841446453,
    "SOLUSDT": 32.04306588054345,
    "BTCUSDT": 0.03895415874598772,
    "XRPUSDT": 2254.059561269847
  }
}