{
  "cash": 7801.421617134694,
  "units": {
    "ETHUSDT": -0.6133530440461916,
    "SOLUSDT": 0.0,
    "BTCUSDT": 0.01824063104910225,
    "XRPUSDT": 1057.8702414027855,
    "AAPL": 0.0,
    "GOLD": 0.2903411262658769,
    "NIFTY": -0.04860341874886206,
    "RELIANCE": 0.0,
    "EURUSD": 0.0,
    "SENSEX": -0.015136294641175925,
    "NASDAQ": 0.0,
    "SPY": 0.0
  },
  "start_equity": 10000.0,
  "bh_units": {
    "ETHUSDT": 1.3908205841446453,
    "SOLUSDT": 32.04306588054345,
    "BTCUSDT": 0.03895415874598772,
    "XRPUSDT": 2254.059561269847
  }
}