{
  "cash": 19824.850874842454,
  "units": {
    "ETHUSDT": -0.8887542051066254,
    "SOLUSDT": 0.0,
    "BTCUSDT": -0.025831998334555344,
    "XRPUSDT": -1503.9197465913333,
    "AAPL": 0.0,
    "GOLD": 0.0,
    "NIFTY": -0.07087159641320383,
    "RELIANCE": -1.3183095457845173,
    "EURUSD": -1489.148047336721,
    "SENSEX": 0.02214687460036348,
    "NASDAQ": 0.0,
    "SPY": 0.0
  },
  "start_equity": 10000.0,
  "bh_units": {
    "ETHUSDT": 1.3908205841446453,
    "SOLUSDT": 32.04306588054345,
    "BTCUSDT": 0.03895415874598772,
    "XRPUSDT": 2254.059561269847
  }
}