{
  "cash": 10969.479275331665,
  "units": {
    "ETHUSDT": -0.6875583924346638,
    "SOLUSDT": -16.91610459633814,
    "BTCUSDT": 0.019753799684656438,
    "XRPUSDT": -1164.2996900629478,
    "AAPL": 0.0,
    "GOLD": 0.0,
    "NIFTY": 0.0,
    "RELIANCE": 0.0,
    "EURUSD": 0.0,
    "SENSEX": 0.0,
    "NASDAQ": 0.0,
    "SPY": 0.0
  },
  "start_equity": 10000.0,
  "bh_units": {
    "ETHUSDT": 1.3908205841446453,
    "SOLUSDT": 32.04306588054345,
    "BTCUSDT": 0.03895415874598772,
    "XRPUSDT": 2254.059561269847
  }
}