{
  "cash": 1144.2058375381994,
  "units": {
    "ETHUSDT": 0.8862744104978295,
    "SOLUSDT": 21.91095557526207,
    "BTCUSDT": 0.025787076546681182,
    "XRPUSDT": 1499.3145955750254,
    "AAPL": 0.0,
    "GOLD": 0.41925400496602067,
    "NIFTY": 0.0,
    "RELIANCE": 0.0,
    "EURUSD": 1505.4779626126685,
    "SENSEX": 0.0,
    "NASDAQ": 0.0,
    "SPY": 0.0
  },
  "start_equity": 10000.0,
  "bh_units": {
    "ETHUSDT": 1.3908205841446453,
    "SOLUSDT": 32.04306588054345,
    "BTCUSDT": 0.03895415874598772,
    "XRPUSDT": 2254.059561269847
  }
}