{
  "cash": 18014.321809555917,
  "units": {
    "ETHUSDT": 0.0,
    "SOLUSDT": -19.911679361119955,
    "BTCUSDT": 0.023626194829857474,
    "XRPUSDT": -1390.1539726069059,
    "AAPL": -4.764673663705248,
    "GOLD": -0.3844822494207842,
    "NIFTY": 0.0,
    "RELIANCE": 0.0,
    "EURUSD": 0.0,
    "SENSEX": 0.0,
    "NASDAQ": -0.06006081457027097,
    "SPY": -2.070398865357316
  },
  "start_equity": 10000.0,
  "bh_units": {
    "ETHUSDT": 1.3908205841446453,
    "SOLUSDT": 32.04306588054345,
    "BTCUSDT": 0.03895415874598772,
    "XRPUSDT": 2254.059561269847
  }
}