{
  "cash": 13500.994201856241,
  "units": {
    "ETHUSDT": -0.6168467212690568,
    "SOLUSDT": -15.205988942911633,
    "BTCUSDT": 0.017961167353845026,
    "XRPUSDT": 0.0,
    "AAPL": 0.0,
    "GOLD": -0.2894332562509389,
    "NIFTY": 0.0,
    "RELIANCE": 0.0,
    "EURUSD": -1011.1198833173198,
    "SENSEX": 0.0,
    "NASDAQ": -0.04443240108202387,
    "SPY": -1.5363336476526832
  },
  "start_equity": 10000.0,
  "bh_units": {
    "ETHUSDT": 1.3908205841446453,
    "SOLUSDT": 32.04306588054345,
    "BTCUSDT": 0.03895415874598772,
    "XRPUSDT": 2254.059561269847
  }
}