{
  "cash": 7847.851247221386,
  "units": {
    "ETHUSDT": 0.612344426000613,
    "SOLUSDT": -15.2843648951237,
    "BTCUSDT": -0.018229536701577436,
    "XRPUSDT": -1057.298395106981,
    "AAPL": 0.0,
    "GOLD": 0.29153265516191124,
    "NIFTY": 0.0,
    "RELIANCE": 0.0,
    "EURUSD": 1026.3748826356714,
    "SENSEX": 0.0,
    "NASDAQ": 0.0,
    "SPY": 0.0
  },
  "start_equity": 10000.0,
  "bh_units": {
    "ETHUSDT": 1.3908205841446453,
    "SOLUSDT": 32.04306588054345,
    "BTCUSDT": 0.03895415874598772,
    "XRPUSDT": 2254.059561269847
  }
}