{
  "cash": 11828.986842070206,
  "units": {
    "ETHUSDT": -0.8136411095282485,
    "SOLUSDT": -19.89320000713047,
    "BTCUSDT": 0.02358185432887435,
    "XRPUSDT": 1388.8219075565871,
    "AAPL": 0.0,
    "GOLD": 0.0,
    "NIFTY": 0.0,
    "RELIANCE": 0.0,
    "EURUSD": 1351.7688154096363,
    "SENSEX": 0.0,
    "NASDAQ": -0.06025412520220576,
    "SPY": -2.0742916273126824
  },
  "start_equity": 10000.0,
  "bh_units": {
    "ETHUSDT": 1.3908205841446453,
    "SOLUSDT": 32.04306588054345,
    "BTCUSDT": 0.03895415874598772,
    "XRPUSDT": 2254.059561269847
  }
}