{
  "cash": 6851.2690328210965,
  "units": {
    "ETHUSDT": 0.8244170007109642,
    "SOLUSDT": -19.569327979024752,
    "BTCUSDT": 0.023495970271978802,
    "XRPUSDT": 1379.1909433272847,
    "AAPL": 0.0
  },
  "start_equity": 10000.0,
  "bh_units": {
    "ETHUSDT": 1.3908205841446453,
    "SOLUSDT": 32.04306588054345,
    "BTCUSDT": 0.03895415874598772,
    "XRPUSDT": 2254.059561269847
  }
}