{
  "cash": 9475.626059213722,
  "units": {
    "ETHUSDT": -0.6596392287303231,
    "SOLUSDT": -16.23367463612923,
    "BTCUSDT": 0.0,
    "XRPUSDT": 1126.6870122554847,
    "AAPL": 0.0,
    "GOLD": 0.0,
    "NIFTY": 0.0,
    "RELIANCE": 0.0,
    "EURUSD": 0.0,
    "SENSEX": 0.0,
    "NASDAQ": 0.0,
    "SPY": 0.0
  },
  "start_equity": 10000.0,
  "bh_units": {
    "ETHUSDT": 1.3908205841446453,
    "SOLUSDT": 32.04306588054345,
    "BTCUSDT": 0.03895415874598772,
    "XRPUSDT": 2254.059561269847
  }
}