{
  "cash": 15863.761313456576,
  "units": {
    "ETHUSDT": -0.8352396676818866,
    "SOLUSDT": -19.532804731735844,
    "BTCUSDT": -0.023694043975821553,
    "XRPUSDT": -1380.2065373669352,
    "AAPL": 0.0
  },
  "start_equity": 10000.0,
  "bh_units": {
    "ETHUSDT": 1.3908205841446453,
    "SOLUSDT": 32.04306588054345,
    "BTCUSDT": 0.03895415874598772,
    "XRPUSDT": 2254.059561269847
  }
}