{
  "cash": 6862.238479035142,
  "units": {
    "ETHUSDT": 0.6463284695158757,
    "SOLUSDT": -15.792023551686635,
    "BTCUSDT": 0.018712767091762176,
    "XRPUSDT": -1102.414285877085,
    "AAPL": 0.0,
    "GOLD": 0.30055597125669387,
    "NIFTY": 0.0,
    "RELIANCE": 0.0,
    "EURUSD": 0.0,
    "SENSEX": 0.0,
    "NASDAQ": 0.0,
    "SPY": 0.0
  },
  "start_equity": 10000.0,
  "bh_units": {
    "ETHUSDT": 1.3908205841446453,
    "SOLUSDT": 32.04306588054345,
    "BTCUSDT": 0.03895415874598772,
    "XRPUSDT": 2254.059561269847
  }
}