{
  "cash": 8031.795473554032,
  "units": {
    "ETHUSDT": 0.8944582144158829,
    "SOLUSDT": 0.0,
    "BTCUSDT": 0.0,
    "XRPUSDT": 1486.7086095418008,
    "AAPL": -5.253106642789074,
    "GOLD": 0.0,
    "NIFTY": 0.0,
    "RELIANCE": 0.0,
    "EURUSD": 0.0,
    "SENSEX": 0.0,
    "NASDAQ": 0.06662021805868704,
    "SPY": 0.0
  },
  "start_equity": 10000.0,
  "bh_units": {
    "ETHUSDT": 1.3908205841446453,
    "SOLUSDT": 32.04306588054345,
    "BTCUSDT": 0.03895415874598772,
    "XRPUSDT": 2254.059561269847
  }
}