{
  "cash": 4046.734131639719,
  "units": {
    "ETHUSDT": 0.7862885544796143,
    "SOLUSDT": 19.394180663224194,
    "BTCUSDT": 0.02292446655614662,
    "XRPUSDT": 1340.1258377538456,
    "AAPL": 0.0,
    "GOLD": -0.37373953780417274,
    "NIFTY": 0.0,
    "RELIANCE": 0.0,
    "EURUSD": 1329.4986691848742,
    "SENSEX": 0.0,
    "NASDAQ": 0.0,
    "SPY": 0.0
  },
  "start_equity": 10000.0,
  "bh_units": {
    "ETHUSDT": 1.3908205841446453,
    "SOLUSDT": 32.04306588054345,
    "BTCUSDT": 0.03895415874598772,
    "XRPUSDT": 2254.059561269847
  }
}