{
  "cash": 13318.832411909643,
  "units": {
    "ETHUSDT": -0.8048164277422708,
    "SOLUSDT": -19.7161956435746,
    "BTCUSDT": 0.023487803561148657,
    "XRPUSDT": -1376.871243239749,
    "AAPL": 0.0,
    "GOLD": 0.38088660481205455,
    "NIFTY": 0.0,
    "RELIANCE": 0.0,
    "EURUSD": -1346.1307264751163,
    "SENSEX": 0.0,
    "NASDAQ": 0.0,
    "SPY": 0.0
  },
  "start_equity": 10000.0,
  "bh_units": {
    "ETHUSDT": 1.3908205841446453,
    "SOLUSDT": 32.04306588054345,
    "BTCUSDT": 0.03895415874598772,
    "XRPUSDT": 2254.059561269847
  }
}