{
  "cash": 12236.824482580634,
  "units": {
    "ETHUSDT": -0.6123887294333022,
    "SOLUSDT": 0.0,
    "BTCUSDT": -0.017869763326168023,
    "XRPUSDT": 1045.1185889643568,
    "AAPL": -3.4653566648341543,
    "GOLD": -0.2882254646518846,
    "NIFTY": 0.0,
    "RELIANCE": 0.0,
    "EURUSD": 1002.6306777884223,
    "SENSEX": 0.0,
    "NASDAQ": -0.04443199738891419,
    "SPY": -1.5309718235832557
  },
  "start_equity": 10000.0,
  "bh_units": {
    "ETHUSDT": 1.3908205841446453,
    "SOLUSDT": 32.04306588054345,
    "BTCUSDT": 0.03895415874598772,
    "XRPUSDT": 2254.059561269847
  }
}