{
  "cash": 4354.464052162355,
  "units": {
    "ETHUSDT": 0.6141791585128163,
    "SOLUSDT": -15.11729436604138,
    "BTCUSDT": 0.018182304860995868,
    "XRPUSDT": 1053.4760624842093,
    "AAPL": 3.722484535114651,
    "GOLD": -0.2921455146008292,
    "NIFTY": 0.0,
    "RELIANCE": 0.0,
    "EURUSD": -1039.42971498442,
    "SENSEX": 0.0,
    "NASDAQ": 0.04526213460312974,
    "SPY": 1.5745386842849276
  },
  "start_equity": 10000.0,
  "bh_units": {
    "ETHUSDT": 1.3908205841446453,
    "SOLUSDT": 32.04306588054345,
    "BTCUSDT": 0.03895415874598772,
    "XRPUSDT": 2254.059561269847
  }
}