{
  "cash": -1542.2657610744052,
  "units": {
    "ETHUSDT": 0.0,
    "SOLUSDT": 15.06289358272582,
    "BTCUSDT": 0.017829091435253845,
    "XRPUSDT": 1034.4655537431477,
    "AAPL": 3.4881387781972863,
    "GOLD": 0.287110402543669,
    "NIFTY": 0.0,
    "RELIANCE": 0.0,
    "EURUSD": 1007.7454747562635,
    "SENSEX": 0.0,
    "NASDAQ": 0.04420201998320109,
    "SPY": 1.5303059100930791
  },
  "start_equity": 10000.0,
  "bh_units": {
    "ETHUSDT": 1.3908205841446453,
    "SOLUSDT": 32.04306588054345,
    "BTCUSDT": 0.03895415874598772,
    "XRPUSDT": 2254.059561269847
  }
}