{
  "cash": 17728.23085069527,
  "units": {
    "ETHUSDT": -0.7864951698311188,
    "SOLUSDT": -19.452492847582928,
    "BTCUSDT": -0.022976797783413265,
    "XRPUSDT": -1345.226339568994,
    "AAPL": 0.0,
    "GOLD": 0.0,
    "NIFTY": 0.0,
    "RELIANCE": 0.0,
    "EURUSD": -1330.2610644916008,
    "SENSEX": 0.0,
    "NASDAQ": 0.0,
    "SPY": 0.0
  },
  "start_equity": 10000.0,
  "bh_units": {
    "ETHUSDT": 1.3908205841446453,
    "SOLUSDT": 32.04306588054345,
    "BTCUSDT": 0.03895415874598772,
    "XRPUSDT": 2254.059561269847
  }
}