{
  "cash": 15667.575160388351,
  "units": {
    "ETHUSDT": -0.8238926115116644,
    "SOLUSDT": -19.53498800110381,
    "BTCUSDT": -0.02346532921916728,
    "XRPUSDT": -1373.205702669118,
    "AAPL": 0.0
  },
  "start_equity": 10000.0,
  "bh_units": {
    "ETHUSDT": 1.3908205841446453,
    "SOLUSDT": 32.04306588054345,
    "BTCUSDT": 0.03895415874598772,
    "XRPUSDT": 2254.059561269847
  }
}