{
  "cash": 5457.564766412677,
  "units": {
    "ETHUSDT": 0.0,
    "SOLUSDT": 19.769324561015612,
    "BTCUSDT": 0.023895311879104878,
    "XRPUSDT": 1393.5483364485883,
    "AAPL": 0.0
  },
  "start_equity": 10000.0,
  "bh_units": {
    "ETHUSDT": 1.3908205841446453,
    "SOLUSDT": 32.04306588054345,
    "BTCUSDT": 0.03895415874598772,
    "XRPUSDT": 2254.059561269847
  }
}