{
  "cash": 3348.0482502892364,
  "units": {
    "ETHUSDT": 0.675991422203156,
    "SOLUSDT": 16.662493277477395,
    "BTCUSDT": 0.019440091484855718,
    "XRPUSDT": 1148.1444038133016,
    "AAPL": 0.0,
    "GOLD": 0.0,
    "NIFTY": 0.0,
    "RELIANCE": 0.0,
    "EURUSD": 0.0,
    "SENSEX": 0.0,
    "NASDAQ": 0.0,
    "SPY": 0.0
  },
  "start_equity": 10000.0,
  "bh_units": {
    "ETHUSDT": 1.3908205841446453,
    "SOLUSDT": 32.04306588054345,
    "BTCUSDT": 0.03895415874598772,
    "XRPUSDT": 2254.059561269847
  }
}