{
  "cash": 12074.706937305244,
  "units": {
    "ETHUSDT": 0.6171313254909271,
    "SOLUSDT": -15.15603146804134,
    "BTCUSDT": -0.01795036694017106,
    "XRPUSDT": -1043.966311314828,
    "AAPL": 0.0,
    "GOLD": -0.28326301587668784,
    "NIFTY": 0.0,
    "RELIANCE": 0.0,
    "EURUSD": -990.293054280472,
    "SENSEX": 0.0,
    "NASDAQ": 0.0,
    "SPY": 0.0
  },
  "start_equity": 10000.0,
  "bh_units": {
    "ETHUSDT": 1.3908205841446453,
    "SOLUSDT": 32.04306588054345,
    "BTCUSDT": 0.03895415874598772,
    "XRPUSDT": 2254.059561269847
  }
}