{
  "cash": 15682.764349525254,
  "units": {
    "ETHUSDT": -0.8251082838775844,
    "SOLUSDT": -19.540941667217805,
    "BTCUSDT": -0.023578113941361317,
    "XRPUSDT": -1377.7190616691507,
    "AAPL": 0.0
  },
  "start_equity": 10000.0,
  "bh_units": {
    "ETHUSDT": 1.3908205841446453,
    "SOLUSDT": 32.04306588054345,
    "BTCUSDT": 0.03895415874598772,
    "XRPUSDT": 2254.059561269847
  }
}