{
  "cash": 5276.685005385973,
  "units": {
    "ETHUSDT": -0.6224998326234332,
    "SOLUSDT": 0.0,
    "BTCUSDT": 0.01790678692118702,
    "XRPUSDT": 0.0,
    "AAPL": 3.3928733715594626,
    "GOLD": 0.0,
    "NIFTY": 0.0,
    "RELIANCE": 0.0,
    "EURUSD": 988.1899317462677,
    "SENSEX": 0.0,
    "NASDAQ": 0.0,
    "SPY": 0.0
  },
  "start_equity": 10000.0,
  "bh_units": {
    "ETHUSDT": 1.3908205841446453,
    "SOLUSDT": 32.04306588054345,
    "BTCUSDT": 0.03895415874598772,
    "XRPUSDT": 2254.059561269847
  }
}