{
  "cash": 4461.374758097063,
  "units": {
    "ETHUSDT": 0.6466020072693243,
    "SOLUSDT": 15.8224545271209,
    "BTCUSDT": -0.018763761335937157,
    "XRPUSDT": 1105.3628159257962,
    "AAPL": 0.0,
    "GOLD": 0.3037857550753578,
    "NIFTY": 0.0,
    "RELIANCE": 0.0,
    "EURUSD": 0.0,
    "SENSEX": 0.0,
    "NASDAQ": 0.0,
    "SPY": 0.0
  },
  "start_equity": 10000.0,
  "bh_units": {
    "ETHUSDT": 1.3908205841446453,
    "SOLUSDT": 32.04306588054345,
    "BTCUSDT": 0.03895415874598772,
    "XRPUSDT": 2254.059561269847
  }
}