{
  "cash": 14628.347388869857,
  "units": {
    "ETHUSDT": -0.7810871613536964,
    "SOLUSDT": -19.307470245631556,
    "BTCUSDT": -0.022758903379673658,
    "XRPUSDT": 0.0,
    "AAPL": 0.0,
    "GOLD": 0.3726211513504007,
    "NIFTY": 0.0,
    "RELIANCE": 0.0,
    "EURUSD": -1325.6657550626765,
    "SENSEX": 0.0,
    "NASDAQ": 0.0,
    "SPY": 0.0
  },
  "start_equity": 10000.0,
  "bh_units": {
    "ETHUSDT": 1.3908205841446453,
    "SOLUSDT": 32.04306588054345,
    "BTCUSDT": 0.03895415874598772,
    "XRPUSDT": 2254.059561269847
  }
}