{
  "cash": 8910.184951378786,
  "units": {
    "ETHUSDT": -0.6164279488248635,
    "SOLUSDT": -15.252951410882941,
    "BTCUSDT": 0.018101150872282826,
    "XRPUSDT": -1049.0792467815509,
    "AAPL": 0.0,
    "GOLD": 0.0,
    "NIFTY": 0.0,
    "RELIANCE": 0.0,
    "EURUSD": 1013.4939810858739,
    "SENSEX": 0.0,
    "NASDAQ": 0.0,
    "SPY": 0.0
  },
  "start_equity": 10000.0,
  "bh_units": {
    "ETHUSDT": 1.3908205841446453,
    "SOLUSDT": 32.04306588054345,
    "BTCUSDT": 0.03895415874598772,
    "XRPUSDT": 2254.059561269847
  }
}