{
  "cash": 6953.584241766838,
  "units": {
    "ETHUSDT": 0.8395142801457993,
    "SOLUSDT": 0.0,
    "BTCUSDT": 0.023740960372046895,
    "XRPUSDT": 0.0
  },
  "start_equity": 10000.0,
  "bh_units": {
    "ETHUSDT": 1.3908205841446453,
    "SOLUSDT": 32.04306588054345,
    "BTCUSDT": 0.03895415874598772,
    "XRPUSDT": 2254.059561269847
  }
}