{
  "cash": 21124.01036694043,
  "units": {
    "ETHUSDT": -0.8298256676676729,
    "SOLUSDT": 0.0,
    "BTCUSDT": -0.024039881040850013,
    "XRPUSDT": 0.0,
    "AAPL": -4.733692471448923,
    "GOLD": -0.3861684041183637,
    "NIFTY": 0.0,
    "RELIANCE": 0.0,
    "EURUSD": -1353.8725332088766,
    "SENSEX": 0.0,
    "NASDAQ": -0.06027411629138262,
    "SPY": -2.074759092045173
  },
  "start_equity": 10000.0,
  "bh_units": {
    "ETHUSDT": 1.3908205841446453,
    "SOLUSDT": 32.04306588054345,
    "BTCUSDT": 0.03895415874598772,
    "XRPUSDT": 2254.059561269847
  }
}