{
  "cash": 12031.70594173516,
  "units": {
    "ETHUSDT": 0.6227190834552024,
    "SOLUSDT": -15.269297726232761,
    "BTCUSDT": -0.017936613661149466,
    "XRPUSDT": -1047.6345057237602,
    "AAPL": 0.0,
    "GOLD": 0.0,
    "NIFTY": 0.0,
    "RELIANCE": 0.0,
    "EURUSD": 0.0,
    "SENSEX": 0.0,
    "NASDAQ": -0.044337932640429366,
    "SPY": -1.516404599311857
  },
  "start_equity": 10000.0,
  "bh_units": {
    "ETHUSDT": 1.3908205841446453,
    "SOLUSDT": 32.04306588054345,
    "BTCUSDT": 0.03895415874598772,
    "XRPUSDT": 2254.059561269847
  }
}