{
  "cash": 9775.8442377726,
  "units": {
    "ETHUSDT": 0.6918442898087976,
    "SOLUSDT": -16.983307756086784,
    "BTCUSDT": 0.01994988704406102,
    "XRPUSDT": -1172.3447135544739,
    "AAPL": 0.0,
    "GOLD": -0.3173277046393343,
    "NIFTY": 0.0,
    "RELIANCE": 0.0,
    "EURUSD": 0.0,
    "SENSEX": 0.0,
    "NASDAQ": 0.0,
    "SPY": 0.0
  },
  "start_equity": 10000.0,
  "bh_units": {
    "ETHUSDT": 1.3908205841446453,
    "SOLUSDT": 32.04306588054345,
    "BTCUSDT": 0.03895415874598772,
    "XRPUSDT": 2254.059561269847
  }
}