{
  "cash": 4244.476280016686,
  "units": {
    "ETHUSDT": 0.6129296718978927,
    "SOLUSDT": -15.114506614298376,
    "BTCUSDT": 0.017922635643641348,
    "XRPUSDT": 1042.0234486442143,
    "AAPL": 0.0,
    "GOLD": 0.0,
    "NIFTY": 0.0,
    "RELIANCE": 0.0,
    "EURUSD": -1011.5935611910118,
    "SENSEX": 0.0,
    "NASDAQ": 0.04433307398809777,
    "SPY": 1.5374288763950195
  },
  "start_equity": 10000.0,
  "bh_units": {
    "ETHUSDT": 1.3908205841446453,
    "SOLUSDT": 32.04306588054345,
    "BTCUSDT": 0.03895415874598772,
    "XRPUSDT": 2254.059561269847
  }
}