{
  "cash": 14796.882546971703,
  "units": {
    "ETHUSDT": -0.6202227181587406,
    "SOLUSDT": -15.352346047248618,
    "BTCUSDT": -0.01823666230949706,
    "XRPUSDT": -1056.4846355252698,
    "AAPL": 0.0,
    "GOLD": -0.28932258591803567,
    "NIFTY": -0.048534733076418354,
    "RELIANCE": -0.9008509015310506,
    "EURUSD": 0.0,
    "SENSEX": 0.015099851138306206,
    "NASDAQ": 0.0,
    "SPY": 0.0
  },
  "start_equity": 10000.0,
  "bh_units": {
    "ETHUSDT": 1.3908205841446453,
    "SOLUSDT": 32.04306588054345,
    "BTCUSDT": 0.03895415874598772,
    "XRPUSDT": 2254.059561269847
  }
}