{
  "cash": 13193.394496554572,
  "units": {
    "ETHUSDT": -0.6186191778062634,
    "SOLUSDT": -15.201069635287778,
    "BTCUSDT": 0.0,
    "XRPUSDT": -1047.213886372224,
    "AAPL": 0.0,
    "GOLD": -0.2837543168992676,
    "NIFTY": 0.0,
    "RELIANCE": 0.0,
    "EURUSD": -989.4659500134827,
    "SENSEX": 0.0,
    "NASDAQ": 0.0,
    "SPY": 0.0
  },
  "start_equity": 10000.0,
  "bh_units": {
    "ETHUSDT": 1.3908205841446453,
    "SOLUSDT": 32.04306588054345,
    "BTCUSDT": 0.03895415874598772,
    "XRPUSDT": 2254.059561269847
  }
}