{
  "cash": 6764.585054839914,
  "units": {
    "ETHUSDT": -0.6369820340718579,
    "SOLUSDT": 15.31125148309393,
    "BTCUSDT": -0.01844871577479457,
    "XRPUSDT": 1082.6754321366777,
    "AAPL": 0.0,
    "GOLD": 0.0,
    "NIFTY": 0.0,
    "RELIANCE": 0.9147346933833691,
    "EURUSD": 0.0,
    "SENSEX": 0.0,
    "NASDAQ": 0.0,
    "SPY": 0.0
  },
  "start_equity": 10000.0,
  "bh_units": {
    "ETHUSDT": 1.3908205841446453,
    "SOLUSDT": 32.04306588054345,
    "BTCUSDT": 0.03895415874598772,
    "XRPUSDT": 2254.059561269847
  }
}