{
  "cash": 12727.630322547668,
  "units": {
    "ETHUSDT": -0.8230527118593707,
    "SOLUSDT": -19.536689553953373,
    "BTCUSDT": -0.023434176194719394,
    "XRPUSDT": 1376.0990946127015,
    "AAPL": 0.0
  },
  "start_equity": 10000.0,
  "bh_units": {
    "ETHUSDT": 1.3908205841446453,
    "SOLUSDT": 32.04306588054345,
    "BTCUSDT": 0.03895415874598772,
    "XRPUSDT": 2254.059561269847
  }
}