{
  "cash": 16551.507295364594,
  "units": {
    "ETHUSDT": -0.6456529078280491,
    "SOLUSDT": -15.740673880252373,
    "BTCUSDT": -0.018804354013714934,
    "XRPUSDT": -1091.4475698217814,
    "AAPL": -3.846931509513498,
    "GOLD": 0.29833617120330547,
    "NIFTY": 0.0,
    "RELIANCE": 0.0,
    "EURUSD": -1060.3561718335113,
    "SENSEX": 0.0,
    "NASDAQ": -0.04639539142460982,
    "SPY": -1.6110621484716225
  },
  "start_equity": 10000.0,
  "bh_units": {
    "ETHUSDT": 1.3908205841446453,
    "SOLUSDT": 32.04306588054345,
    "BTCUSDT": 0.03895415874598772,
    "XRPUSDT": 2254.059561269847
  }
}