{
  "cash": -382.15600042119513,
  "units": {
    "ETHUSDT": 0.6121273691942327,
    "SOLUSDT": 15.009932513451139,
    "BTCUSDT": 0.01756605632406218,
    "XRPUSDT": 1033.2596205766856,
    "AAPL": 3.376320629043891,
    "GOLD": 0.0,
    "NIFTY": 0.0,
    "RELIANCE": 0.0,
    "EURUSD": 0.0,
    "SENSEX": 0.0,
    "NASDAQ": 0.044172811536736634,
    "SPY": 1.5181825071066402
  },
  "start_equity": 10000.0,
  "bh_units": {
    "ETHUSDT": 1.3908205841446453,
    "SOLUSDT": 32.04306588054345,
    "BTCUSDT": 0.03895415874598772,
    "XRPUSDT": 2254.059561269847
  }
}