{
  "cash": 14494.933547086546,
  "units": {
    "ETHUSDT": -0.6179929780704693,
    "SOLUSDT": -15.231433481872594,
    "BTCUSDT": -0.018004336089194103,
    "XRPUSDT": -1050.3328109160973,
    "AAPL": 0.0,
    "GOLD": -0.28711802426061017,
    "NIFTY": 0.0,
    "RELIANCE": 0.0,
    "EURUSD": -999.9454714200349,
    "SENSEX": 0.0,
    "NASDAQ": 0.0,
    "SPY": 0.0
  },
  "start_equity": 10000.0,
  "bh_units": {
    "ETHUSDT": 1.3908205841446453,
    "SOLUSDT": 32.04306588054345,
    "BTCUSDT": 0.03895415874598772,
    "XRPUSDT": 2254.059561269847
  }
}