{
  "cash": 4097.90557037192,
  "units": {
    "ETHUSDT": -0.6083421423970929,
    "SOLUSDT": 14.917804782365188,
    "BTCUSDT": 0.0,
    "XRPUSDT": 1027.5623173505357,
    "AAPL": 3.3528631171726877,
    "GOLD": 0.27869406408936587,
    "NIFTY": 0.0,
    "RELIANCE": 0.0,
    "EURUSD": 977.7914511754742,
    "SENSEX": 0.0,
    "NASDAQ": -0.04384693722854738,
    "SPY": 0.0
  },
  "start_equity": 10000.0,
  "bh_units": {
    "ETHUSDT": 1.3908205841446453,
    "SOLUSDT": 32.04306588054345,
    "BTCUSDT": 0.03895415874598772,
    "XRPUSDT": 2254.059561269847
  }
}