{
  "cash": 5706.850902064512,
  "units": {
    "ETHUSDT": 0.0,
    "SOLUSDT": 16.11407086030447,
    "BTCUSDT": 0.018971700423346716,
    "XRPUSDT": 1114.8358031857147,
    "AAPL": 0.0,
    "GOLD": 0.0,
    "NIFTY": 0.0,
    "RELIANCE": 0.0,
    "EURUSD": -1069.807398817694,
    "SENSEX": 0.0,
    "NASDAQ": 0.0,
    "SPY": 0.0
  },
  "start_equity": 10000.0,
  "bh_units": {
    "ETHUSDT": 1.3908205841446453,
    "SOLUSDT": 32.04306588054345,
    "BTCUSDT": 0.03895415874598772,
    "XRPUSDT": 2254.059561269847
  }
}