{
  "cash": 13311.143018879524,
  "units": {
    "ETHUSDT": 0.0,
    "SOLUSDT": -19.68826983632604,
    "BTCUSDT": 0.0,
    "XRPUSDT": -1376.4887114272788,
    "AAPL": 0.0,
    "GOLD": 0.38083969173158067,
    "NIFTY": 0.0,
    "RELIANCE": 0.0,
    "EURUSD": -1345.4312101516664,
    "SENSEX": 0.0,
    "NASDAQ": 0.0,
    "SPY": 0.0
  },
  "start_equity": 10000.0,
  "bh_units": {
    "ETHUSDT": 1.3908205841446453,
    "SOLUSDT": 32.04306588054345,
    "BTCUSDT": 0.03895415874598772,
    "XRPUSDT": 2254.059561269847
  }
}