{
  "cash": 20181.735792183743,
  "units": {
    "ETHUSDT": 0.0,
    "SOLUSDT": -22.191967495938904,
    "BTCUSDT": -0.026043350032114478,
    "XRPUSDT": -1504.1477521351726,
    "AAPL": 0.0,
    "GOLD": -0.4244880108897605,
    "NIFTY": 0.0,
    "RELIANCE": 0.0,
    "EURUSD": -1516.0232965154196,
    "SENSEX": 0.0,
    "NASDAQ": 0.06690768168386284,
    "SPY": -2.3115119424200152
  },
  "start_equity": 10000.0,
  "bh_units": {
    "ETHUSDT": 1.3908205841446453,
    "SOLUSDT": 32.04306588054345,
    "BTCUSDT": 0.03895415874598772,
    "XRPUSDT": 2254.059561269847
  }
}