{
  "cash": 5575.537727354189,
  "units": {
    "ETHUSDT": 0.7834921951845881,
    "SOLUSDT": 19.402853801381248,
    "BTCUSDT": 0.022922375935213356,
    "XRPUSDT": -1342.6353383199405,
    "AAPL": 0.0,
    "GOLD": 0.0,
    "NIFTY": 0.0,
    "RELIANCE": 0.0,
    "EURUSD": 1330.4765529917302,
    "SENSEX": 0.0,
    "NASDAQ": 0.0,
    "SPY": 0.0
  },
  "start_equity": 10000.0,
  "bh_units": {
    "ETHUSDT": 1.3908205841446453,
    "SOLUSDT": 32.04306588054345,
    "BTCUSDT": 0.03895415874598772,
    "XRPUSDT": 2254.059561269847
  }
}