{
  "cash": 5471.53411341638,
  "units": {
    "ETHUSDT": 0.0,
    "SOLUSDT": 19.46600555604589,
    "BTCUSDT": 0.02338091381373489,
    "XRPUSDT": 1364.5527194138674
  },
  "start_equity": 10000.0,
  "bh_units": {
    "ETHUSDT": 1.3908205841446453,
    "SOLUSDT": 32.04306588054345,
    "BTCUSDT": 0.03895415874598772,
    "XRPUSDT": 2254.059561269847
  }
}