{
  "cash": 3241.6647859223667,
  "units": {
    "ETHUSDT": 0.6472491597543497,
    "SOLUSDT": 15.849760503132318,
    "BTCUSDT": -0.018762407962891605,
    "XRPUSDT": 1105.968176082612,
    "AAPL": 0.0,
    "GOLD": 0.30379664335748785,
    "NIFTY": 0.0,
    "RELIANCE": 0.0,
    "EURUSD": 1063.6734770532348,
    "SENSEX": 0.0,
    "NASDAQ": 0.0,
    "SPY": 0.0
  },
  "start_equity": 10000.0,
  "bh_units": {
    "ETHUSDT": 1.3908205841446453,
    "SOLUSDT": 32.04306588054345,
    "BTCUSDT": 0.03895415874598772,
    "XRPUSDT": 2254.059561269847
  }
}