{
  "cash": 16704.21666284123,
  "units": {
    "ETHUSDT": -0.7656065208569531,
    "SOLUSDT": 18.57131896482238,
    "BTCUSDT": -0.022198079952992906,
    "XRPUSDT": 0.0,
    "AAPL": 0.0,
    "GOLD": -0.3524163677576531,
    "NIFTY": 0.0,
    "RELIANCE": 0.0,
    "EURUSD": -1254.0233942449017,
    "SENSEX": 0.0,
    "NASDAQ": -0.05479713936195563,
    "SPY": -1.9044467296514842
  },
  "start_equity": 10000.0,
  "bh_units": {
    "ETHUSDT": 1.3908205841446453,
    "SOLUSDT": 32.04306588054345,
    "BTCUSDT": 0.03895415874598772,
    "XRPUSDT": 2254.059561269847
  }
}