{
  "cash": 8426.087256789611,
  "units": {
    "ETHUSDT": -0.8416580099764466,
    "SOLUSDT": 19.815527801511035,
    "BTCUSDT": 0.0,
    "XRPUSDT": 1399.7657948633503,
    "AAPL": 0.0
  },
  "start_equity": 10000.0,
  "bh_units": {
    "ETHUSDT": 1.3908205841446453,
    "SOLUSDT": 32.04306588054345,
    "BTCUSDT": 0.03895415874598772,
    "XRPUSDT": 2254.059561269847
  }
}