{
  "cash": 5408.638150120665,
  "units": {
    "ETHUSDT": 0.8396609435946637,
    "SOLUSDT": 19.82376078871035,
    "BTCUSDT": 0.023797594533186393,
    "XRPUSDT": 0.0,
    "AAPL": 0.0
  },
  "start_equity": 10000.0,
  "bh_units": {
    "ETHUSDT": 1.3908205841446453,
    "SOLUSDT": 32.04306588054345,
    "BTCUSDT": 0.03895415874598772,
    "XRPUSDT": 2254.059561269847
  }
}