{
  "cash": 8711.919850589433,
  "units": {
    "ETHUSDT": 0.0,
    "SOLUSDT": 19.657482190878905,
    "BTCUSDT": -0.02350125822254844,
    "XRPUSDT": 1369.6281867423625,
    "AAPL": 0.0,
    "GOLD": 0.0,
    "NIFTY": 0.0,
    "RELIANCE": 0.0,
    "EURUSD": 0.0,
    "SENSEX": 0.0,
    "NASDAQ": 0.0,
    "SPY": 0.0
  },
  "start_equity": 10000.0,
  "bh_units": {
    "ETHUSDT": 1.3908205841446453,
    "SOLUSDT": 32.04306588054345,
    "BTCUSDT": 0.03895415874598772,
    "XRPUSDT": 2254.059561269847
  }
}