{
  "cash": 5530.890279935369,
  "units": {
    "ETHUSDT": -0.613330627858518,
    "SOLUSDT": -15.211669928460715,
    "BTCUSDT": 0.01822388411082328,
    "XRPUSDT": 0.0,
    "AAPL": 0.0,
    "GOLD": 0.29069997732287295,
    "NIFTY": 0.0,
    "RELIANCE": 0.0,
    "EURUSD": 1032.2583050548099,
    "SENSEX": 0.0,
    "NASDAQ": 0.0,
    "SPY": 1.5705424450515948
  },
  "start_equity": 10000.0,
  "bh_units": {
    "ETHUSDT": 1.3908205841446453,
    "SOLUSDT": 32.04306588054345,
    "BTCUSDT": 0.03895415874598772,
    "XRPUSDT": 2254.059561269847
  }
}