{
  "cash": 10228.29269780799,
  "units": {
    "ETHUSDT": -0.8051544340216301,
    "SOLUSDT": 19.74404820132033,
    "BTCUSDT": -0.023534086773732275,
    "XRPUSDT": 1379.1628773779444,
    "AAPL": 0.0,
    "GOLD": 0.0,
    "NIFTY": 0.0,
    "RELIANCE": 0.0,
    "EURUSD": 0.0,
    "SENSEX": 0.0,
    "NASDAQ": 0.0,
    "SPY": 0.0
  },
  "start_equity": 10000.0,
  "bh_units": {
    "ETHUSDT": 1.3908205841446453,
    "SOLUSDT": 32.04306588054345,
    "BTCUSDT": 0.03895415874598772,
    "XRPUSDT": 2254.059561269847
  }
}