{
  "cash": 12892.918435496043,
  "units": {
    "ETHUSDT": -0.8367896124888125,
    "SOLUSDT": -19.51009276173916,
    "BTCUSDT": 0.0,
    "XRPUSDT": 0.0
  },
  "start_equity": 10000.0,
  "bh_units": {
    "ETHUSDT": 1.3908205841446453,
    "SOLUSDT": 32.04306588054345,
    "BTCUSDT": 0.03895415874598772,
    "XRPUSDT": 2254.059561269847
  }
}