{
  "cash": 8460.757798779307,
  "units": {
    "ETHUSDT": 0.0,
    "SOLUSDT": 19.457182966012837,
    "BTCUSDT": -0.023353488038806557,
    "XRPUSDT": 1363.0826176945902
  },
  "start_equity": 10000.0,
  "bh_units": {
    "ETHUSDT": 1.3908205841446453,
    "SOLUSDT": 32.04306588054345,
    "BTCUSDT": 0.03895415874598772,
    "XRPUSDT": 2254.059561269847
  }
}