{
  "cash": 5811.832821113806,
  "units": {
    "ETHUSDT": 0.666841358551105,
    "SOLUSDT": 16.390660475085593,
    "BTCUSDT": -0.019242167954112592,
    "XRPUSDT": 1136.5327945083984,
    "AAPL": 0.0,
    "GOLD": 0.0,
    "NIFTY": 0.0,
    "RELIANCE": 0.0,
    "EURUSD": 0.0,
    "SENSEX": 0.0,
    "NASDAQ": 0.0,
    "SPY": 0.0
  },
  "start_equity": 10000.0,
  "bh_units": {
    "ETHUSDT": 1.3908205841446453,
    "SOLUSDT": 32.04306588054345,
    "BTCUSDT": 0.03895415874598772,
    "XRPUSDT": 2254.059561269847
  }
}