{
  "cash": 8790.213415047963,
  "units": {
    "ETHUSDT": -0.6172021147725778,
    "SOLUSDT": -15.291369636431156,
    "BTCUSDT": -0.017997046409629798,
    "XRPUSDT": 0.0,
    "AAPL": 0.0,
    "GOLD": 0.28788406533339334,
    "NIFTY": 0.0,
    "RELIANCE": 0.0,
    "EURUSD": 1001.7470158434281,
    "SENSEX": 0.0,
    "NASDAQ": 0.0,
    "SPY": 0.0
  },
  "start_equity": 10000.0,
  "bh_units": {
    "ETHUSDT": 1.3908205841446453,
    "SOLUSDT": 32.04306588054345,
    "BTCUSDT": 0.03895415874598772,
    "XRPUSDT": 2254.059561269847
  }
}