{
  "cash": 9911.212288622959,
  "units": {
    "ETHUSDT": -0.8458750262208369,
    "SOLUSDT": 19.88756732996743,
    "BTCUSDT": -0.02400688712762974,
    "XRPUSDT": 1402.5437316293876,
    "AAPL": 0.0
  },
  "start_equity": 10000.0,
  "bh_units": {
    "ETHUSDT": 1.3908205841446453,
    "SOLUSDT": 32.04306588054345,
    "BTCUSDT": 0.03895415874598772,
    "XRPUSDT": 2254.059561269847
  }
}