{
  "cash": 5306.374127273577,
  "units": {
    "ETHUSDT": 0.7716047409227988,
    "SOLUSDT": 0.0,
    "BTCUSDT": 0.0,
    "XRPUSDT": -1314.6885777180382,
    "AAPL": 4.588124870711434,
    "GOLD": 0.35288452860008424,
    "NIFTY": 0.0,
    "RELIANCE": 0.0,
    "EURUSD": -1265.18104401309,
    "SENSEX": 0.0,
    "NASDAQ": 0.05544398347934681,
    "SPY": 1.9266767664598412
  },
  "start_equity": 10000.0,
  "bh_units": {
    "ETHUSDT": 1.3908205841446453,
    "SOLUSDT": 32.04306588054345,
    "BTCUSDT": 0.03895415874598772,
    "XRPUSDT": 2254.059561269847
  }
}