{
  "cash": 4569.93868382587,
  "units": {
    "ETHUSDT": 0.8899172233631126,
    "SOLUSDT": 21.9494688424993,
    "BTCUSDT": 0.025784461977655153,
    "XRPUSDT": 1500.68046487957,
    "AAPL": 0.0,
    "GOLD": -0.4198664281632864,
    "NIFTY": 0.0,
    "RELIANCE": 0.0,
    "EURUSD": 1503.4568224252919,
    "SENSEX": 0.0,
    "NASDAQ": 0.0,
    "SPY": 0.0
  },
  "start_equity": 10000.0,
  "bh_units": {
    "ETHUSDT": 1.3908205841446453,
    "SOLUSDT": 32.04306588054345,
    "BTCUSDT": 0.03895415874598772,
    "XRPUSDT": 2254.059561269847
  }
}