{
  "cash": 11415.163253351046,
  "units": {
    "ETHUSDT": -0.6161964246130464,
    "SOLUSDT": 0.0,
    "BTCUSDT": -0.018246070914063058,
    "XRPUSDT": -1061.3096266544176,
    "AAPL": 0.0,
    "GOLD": -0.29052140219215805,
    "NIFTY": 0.0,
    "RELIANCE": 0.0,
    "EURUSD": 1029.3214048382317,
    "SENSEX": 0.0,
    "NASDAQ": 0.0,
    "SPY": 0.0
  },
  "start_equity": 10000.0,
  "bh_units": {
    "ETHUSDT": 1.3908205841446453,
    "SOLUSDT": 32.04306588054345,
    "BTCUSDT": 0.03895415874598772,
    "XRPUSDT": 2254.059561269847
  }
}