{
  "cash": 3152.939627739856,
  "units": {
    "ETHUSDT": 0.6157772579179166,
    "SOLUSDT": 15.282312913125569,
    "BTCUSDT": 0.018265562291524325,
    "XRPUSDT": 1060.8113085032933,
    "AAPL": 0.0,
    "GOLD": 0.0,
    "NIFTY": 0.0,
    "RELIANCE": 0.0,
    "EURUSD": 0.0,
    "SENSEX": 0.0,
    "NASDAQ": 0.0,
    "SPY": 0.0
  },
  "start_equity": 10000.0,
  "bh_units": {
    "ETHUSDT": 1.3908205841446453,
    "SOLUSDT": 32.04306588054345,
    "BTCUSDT": 0.03895415874598772,
    "XRPUSDT": 2254.059561269847
  }
}