{
  "cash": 4210.400584872358,
  "units": {
    "ETHUSDT": -0.6119352724559752,
    "SOLUSDT": 15.07610791883407,
    "BTCUSDT": 0.0,
    "XRPUSDT": 1036.927729977891,
    "AAPL": 3.465573443527615,
    "GOLD": 0.0,
    "NIFTY": 0.0,
    "RELIANCE": 0.0,
    "EURUSD": -1005.1617327245028,
    "SENSEX": 0.0,
    "NASDAQ": 0.04414719676795743,
    "SPY": 1.5272369685046312
  },
  "start_equity": 10000.0,
  "bh_units": {
    "ETHUSDT": 1.3908205841446453,
    "SOLUSDT": 32.04306588054345,
    "BTCUSDT": 0.03895415874598772,
    "XRPUSDT": 2254.059561269847
  }
}