{
  "cash": 13187.634995410597,
  "units": {
    "ETHUSDT": 0.8949092173044976,
    "SOLUSDT": -22.10539599470508,
    "BTCUSDT": -0.025913709035243652,
    "XRPUSDT": 0.0,
    "AAPL": -5.2499556628357285,
    "GOLD": 0.0,
    "NIFTY": 0.0,
    "RELIANCE": 0.0,
    "EURUSD": 0.0,
    "SENSEX": 0.0,
    "NASDAQ": 0.06657473197793845,
    "SPY": 0.0
  },
  "start_equity": 10000.0,
  "bh_units": {
    "ETHUSDT": 1.3908205841446453,
    "SOLUSDT": 32.04306588054345,
    "BTCUSDT": 0.03895415874598772,
    "XRPUSDT": 2254.059561269847
  }
}