{
  "cash": 8697.29648439884,
  "units": {
    "ETHUSDT": 0.6180760018541654,
    "SOLUSDT": -15.195402642639557,
    "BTCUSDT": -0.01801254546241768,
    "XRPUSDT": 1044.6987910183566,
    "AAPL": 0.0,
    "GOLD": -0.28384510562770066,
    "NIFTY": 0.0,
    "RELIANCE": 0.8552566134758701,
    "EURUSD": -992.3040278041568,
    "SENSEX": 0.0,
    "NASDAQ": 0.0,
    "SPY": 0.0
  },
  "start_equity": 10000.0,
  "bh_units": {
    "ETHUSDT": 1.3908205841446453,
    "SOLUSDT": 32.04306588054345,
    "BTCUSDT": 0.03895415874598772,
    "XRPUSDT": 2254.059561269847
  }
}