{
  "cash": 14522.210326362192,
  "units": {
    "ETHUSDT": -0.6210673950894553,
    "SOLUSDT": -15.308992006077373,
    "BTCUSDT": -0.018084015447413712,
    "XRPUSDT": -1055.1172568885831,
    "AAPL": 0.0,
    "GOLD": -0.2881570390668144,
    "NIFTY": 0.0,
    "RELIANCE": 0.0,
    "EURUSD": -1002.1769329852575,
    "SENSEX": 0.0,
    "NASDAQ": 0.0,
    "SPY": 0.0
  },
  "start_equity": 10000.0,
  "bh_units": {
    "ETHUSDT": 1.3908205841446453,
    "SOLUSDT": 32.04306588054345,
    "BTCUSDT": 0.03895415874598772,
    "XRPUSDT": 2254.059561269847
  }
}