{
  "cash": 13323.141212318325,
  "units": {
    "ETHUSDT": 0.8109693303511013,
    "SOLUSDT": 19.818121787706463,
    "BTCUSDT": 0.0,
    "XRPUSDT": -1380.1163181665547,
    "AAPL": -4.709527027600045,
    "GOLD": 0.0,
    "NIFTY": 0.0,
    "RELIANCE": 0.0,
    "EURUSD": -1346.9519502092116,
    "SENSEX": 0.0,
    "NASDAQ": -0.06029794929008741,
    "SPY": 0.0
  },
  "start_equity": 10000.0,
  "bh_units": {
    "ETHUSDT": 1.3908205841446453,
    "SOLUSDT": 32.04306588054345,
    "BTCUSDT": 0.03895415874598772,
    "XRPUSDT": 2254.059561269847
  }
}