{
  "cash": 3226.0250786178094,
  "units": {
    "ETHUSDT": 0.6446047186334304,
    "SOLUSDT": 15.673413437134872,
    "BTCUSDT": 0.018737418194790825,
    "XRPUSDT": 0.0,
    "AAPL": 0.0,
    "GOLD": 0.0,
    "NIFTY": 0.0,
    "RELIANCE": 0.0,
    "EURUSD": 1058.6993764518436,
    "SENSEX": 0.0,
    "NASDAQ": 0.0,
    "SPY": 0.0
  },
  "start_equity": 10000.0,
  "bh_units": {
    "ETHUSDT": 1.3908205841446453,
    "SOLUSDT": 32.04306588054345,
    "BTCUSDT": 0.03895415874598772,
    "XRPUSDT": 2254.059561269847
  }
}