{
  "cash": 8736.900736321553,
  "units": {
    "ETHUSDT": 0.0,
    "SOLUSDT": -19.91076485346578,
    "BTCUSDT": 0.023591198966077233,
    "XRPUSDT": 0.0,
    "AAPL": 0.0,
    "GOLD": 0.38412365604093884,
    "NIFTY": 0.0,
    "RELIANCE": 0.0,
    "EURUSD": 0.0,
    "SENSEX": 0.0,
    "NASDAQ": 0.0,
    "SPY": 0.0
  },
  "start_equity": 10000.0,
  "bh_units": {
    "ETHUSDT": 1.3908205841446453,
    "SOLUSDT": 32.04306588054345,
    "BTCUSDT": 0.03895415874598772,
    "XRPUSDT": 2254.059561269847
  }
}