{
  "cash": 6762.338137584428,
  "units": {
    "ETHUSDT": 0.0,
    "SOLUSDT": 15.41339548595516,
    "BTCUSDT": 0.01848719270830764,
    "XRPUSDT": 1084.6769601446056,
    "AAPL": 0.0,
    "GOLD": -0.2953449015015239,
    "NIFTY": 0.0,
    "RELIANCE": 0.0,
    "EURUSD": -1043.4159927238225,
    "SENSEX": 0.0,
    "NASDAQ": 0.0,
    "SPY": 0.0
  },
  "start_equity": 10000.0,
  "bh_units": {
    "ETHUSDT": 1.3908205841446453,
    "SOLUSDT": 32.04306588054345,
    "BTCUSDT": 0.03895415874598772,
    "XRPUSDT": 2254.059561269847
  }
}