{
  "cash": 12760.109000371995,
  "units": {
    "ETHUSDT": -0.6402079553034586,
    "SOLUSDT": 0.0,
    "BTCUSDT": 0.0,
    "XRPUSDT": -1085.1582616082442,
    "AAPL": 0.0,
    "GOLD": -0.29573499621005334,
    "NIFTY": 0.0,
    "RELIANCE": 0.0,
    "EURUSD": -1046.2440081030377,
    "SENSEX": 0.0,
    "NASDAQ": 0.0,
    "SPY": 0.0
  },
  "start_equity": 10000.0,
  "bh_units": {
    "ETHUSDT": 1.3908205841446453,
    "SOLUSDT": 32.04306588054345,
    "BTCUSDT": 0.03895415874598772,
    "XRPUSDT": 2254.059561269847
  }
}