{
  "cash": 4341.358448780898,
  "units": {
    "ETHUSDT": 0.6157683848417987,
    "SOLUSDT": 15.30747047146141,
    "BTCUSDT": -0.018238949002689804,
    "XRPUSDT": 1065.5452489422596,
    "AAPL": -3.616769664371554,
    "GOLD": 0.29142380737647533,
    "NIFTY": 0.0,
    "RELIANCE": 0.0,
    "EURUSD": 0.0,
    "SENSEX": 0.0,
    "NASDAQ": 0.0,
    "SPY": 1.5692585751138486
  },
  "start_equity": 10000.0,
  "bh_units": {
    "ETHUSDT": 1.3908205841446453,
    "SOLUSDT": 32.04306588054345,
    "BTCUSDT": 0.03895415874598772,
    "XRPUSDT": 2254.059561269847
  }
}