{
  "cash": 13348.008120917293,
  "units": {
    "ETHUSDT": -0.6261472173527973,
    "SOLUSDT": 15.344720691280608,
    "BTCUSDT": 0.0,
    "XRPUSDT": -1057.0054855551523,
    "AAPL": 0.0,
    "GOLD": 0.0,
    "NIFTY": -0.04714936013331031,
    "RELIANCE": -0.8667140784275278,
    "EURUSD": -999.6586907369914,
    "SENSEX": -0.014677099615655323,
    "NASDAQ": 0.0,
    "SPY": 0.0
  },
  "start_equity": 10000.0,
  "bh_units": {
    "ETHUSDT": 1.3908205841446453,
    "SOLUSDT": 32.04306588054345,
    "BTCUSDT": 0.03895415874598772,
    "XRPUSDT": 2254.059561269847
  }
}