{
  "cash": 4637.557649160738,
  "units": {
    "ETHUSDT": 0.0,
    "SOLUSDT": 0.0,
    "BTCUSDT": 0.026055541250684208,
    "XRPUSDT": 1512.616093044587,
    "AAPL": 5.321996453087046,
    "GOLD": 0.0,
    "NIFTY": 0.0,
    "RELIANCE": 0.0,
    "EURUSD": -1525.8753505221866,
    "SENSEX": 0.0,
    "NASDAQ": 0.06748304761443602,
    "SPY": 2.3312154812852692
  },
  "start_equity": 10000.0,
  "bh_units": {
    "ETHUSDT": 1.3908205841446453,
    "SOLUSDT": 32.04306588054345,
    "BTCUSDT": 0.03895415874598772,
    "XRPUSDT": 2254.059561269847
  }
}