{
  "cash": 9166.95872483347,
  "units": {
    "ETHUSDT": -0.6374941500580469,
    "SOLUSDT": -15.396534177702131,
    "BTCUSDT": -0.018467092442157704,
    "XRPUSDT": 1084.3081884333792,
    "AAPL": 0.0,
    "GOLD": 0.0,
    "NIFTY": 0.0,
    "RELIANCE": -0.9181658029509455,
    "EURUSD": 1045.27423083718,
    "SENSEX": 0.015420953996846726,
    "NASDAQ": 0.0,
    "SPY": 0.0
  },
  "start_equity": 10000.0,
  "bh_units": {
    "ETHUSDT": 1.3908205841446453,
    "SOLUSDT": 32.04306588054345,
    "BTCUSDT": 0.03895415874598772,
    "XRPUSDT": 2254.059561269847
  }
}