{
  "cash": 5650.361041215462,
  "units": {
    "ETHUSDT": 0.8192063411385385,
    "SOLUSDT": 20.03225480168512,
    "BTCUSDT": 0.023771110969960305,
    "XRPUSDT": 1396.1402035895028,
    "AAPL": -4.745665383902269,
    "GOLD": 0.0,
    "NIFTY": 0.0,
    "RELIANCE": 0.0,
    "EURUSD": 0.0,
    "SENSEX": 0.0,
    "NASDAQ": 0.0,
    "SPY": 0.0
  },
  "start_equity": 10000.0,
  "bh_units": {
    "ETHUSDT": 1.3908205841446453,
    "SOLUSDT": 32.04306588054345,
    "BTCUSDT": 0.03895415874598772,
    "XRPUSDT": 2254.059561269847
  }
}