{
  "cash": 11052.768456907817,
  "units": {
    "ETHUSDT": -0.6922056195007725,
    "SOLUSDT": -17.02014724900872,
    "BTCUSDT": 0.019959927901966122,
    "XRPUSDT": -1173.4414469445019,
    "AAPL": 0.0,
    "GOLD": 0.0,
    "NIFTY": 0.0,
    "RELIANCE": 0.0,
    "EURUSD": 0.0,
    "SENSEX": 0.0,
    "NASDAQ": 0.0,
    "SPY": 0.0
  },
  "start_equity": 10000.0,
  "bh_units": {
    "ETHUSDT": 1.3908205841446453,
    "SOLUSDT": 32.04306588054345,
    "BTCUSDT": 0.03895415874598772,
    "XRPUSDT": 2254.059561269847
  }
}