{
  "cash": 6759.583552644733,
  "units": {
    "ETHUSDT": 0.0,
    "SOLUSDT": -15.627859264152296,
    "BTCUSDT": -0.018589467968838074,
    "XRPUSDT": 1091.968391007439,
    "AAPL": 0.0,
    "GOLD": 0.2963890960572442,
    "NIFTY": 0.0,
    "RELIANCE": 0.0,
    "EURUSD": 1043.3600944167417,
    "SENSEX": 0.0,
    "NASDAQ": 0.0,
    "SPY": 0.0
  },
  "start_equity": 10000.0,
  "bh_units": {
    "ETHUSDT": 1.3908205841446453,
    "SOLUSDT": 32.04306588054345,
    "BTCUSDT": 0.03895415874598772,
    "XRPUSDT": 2254.059561269847
  }
}