{
  "cash": 10265.638981369802,
  "units": {
    "ETHUSDT": 0.8228767982841367,
    "SOLUSDT": 20.167915244670123,
    "BTCUSDT": -0.023877381132589887,
    "XRPUSDT": 1402.4010545946942,
    "AAPL": 0.0,
    "GOLD": 0.38405020353724856,
    "NIFTY": 0.0,
    "RELIANCE": 0.0,
    "EURUSD": -1349.8294482894357,
    "SENSEX": 0.0,
    "NASDAQ": -0.06015197716058385,
    "SPY": -2.0701024906775753
  },
  "start_equity": 10000.0,
  "bh_units": {
    "ETHUSDT": 1.3908205841446453,
    "SOLUSDT": 32.04306588054345,
    "BTCUSDT": 0.03895415874598772,
    "XRPUSDT": 2254.059561269847
  }
}