{
  "cash": 6488.510821778517,
  "units": {
    "ETHUSDT": -0.6261844567314085,
    "SOLUSDT": 15.381060162526156,
    "BTCUSDT": 0.018235441512082104,
    "XRPUSDT": -1054.8994778256847,
    "AAPL": 0.0,
    "GOLD": -0.28636035898898676,
    "NIFTY": 0.0,
    "RELIANCE": 0.8674256681121889,
    "EURUSD": 0.0,
    "SENSEX": 0.014693577809138885,
    "NASDAQ": 0.0,
    "SPY": 0.0
  },
  "start_equity": 10000.0,
  "bh_units": {
    "ETHUSDT": 1.3908205841446453,
    "SOLUSDT": 32.04306588054345,
    "BTCUSDT": 0.03895415874598772,
    "XRPUSDT": 2254.059561269847
  }
}