{
  "cash": 10236.10377137535,
  "units": {
    "ETHUSDT": -0.6153817903704206,
    "SOLUSDT": 15.251457025384406,
    "BTCUSDT": -0.018229911516390244,
    "XRPUSDT": -1059.7751180836374,
    "AAPL": 0.0,
    "GOLD": -0.2906200877392108,
    "NIFTY": 0.0,
    "RELIANCE": 0.0,
    "EURUSD": 1029.569725979275,
    "SENSEX": 0.0,
    "NASDAQ": 0.0,
    "SPY": 0.0
  },
  "start_equity": 10000.0,
  "bh_units": {
    "ETHUSDT": 1.3908205841446453,
    "SOLUSDT": 32.04306588054345,
    "BTCUSDT": 0.03895415874598772,
    "XRPUSDT": 2254.059561269847
  }
}