{
  "cash": 10397.75732681327,
  "units": {
    "ETHUSDT": -0.648240550132031,
    "SOLUSDT": -15.865781735317675,
    "BTCUSDT": -0.018772489839498013,
    "XRPUSDT": 1105.674209693685,
    "AAPL": 0.0,
    "GOLD": 0.0,
    "NIFTY": -0.0496604808214662,
    "RELIANCE": -0.9044296710071813,
    "EURUSD": 1048.8443720148828,
    "SENSEX": 0.015467290431401833,
    "NASDAQ": 0.0,
    "SPY": 0.0
  },
  "start_equity": 10000.0,
  "bh_units": {
    "ETHUSDT": 1.3908205841446453,
    "SOLUSDT": 32.04306588054345,
    "BTCUSDT": 0.03895415874598772,
    "XRPUSDT": 2254.059561269847
  }
}