{
  "cash": 5423.370752045114,
  "units": {
    "ETHUSDT": 0.0,
    "SOLUSDT": 19.77947444041889,
    "BTCUSDT": 0.02378892621586566,
    "XRPUSDT": 1393.9049831293592,
    "AAPL": 0.0
  },
  "start_equity": 10000.0,
  "bh_units": {
    "ETHUSDT": 1.3908205841446453,
    "SOLUSDT": 32.04306588054345,
    "BTCUSDT": 0.03895415874598772,
    "XRPUSDT": 2254.059561269847
  }
}