{
  "cash": 755.171555735357,
  "units": {
    "ETHUSDT": 0.0,
    "SOLUSDT": 15.195907367190722,
    "BTCUSDT": 0.017891645984728973,
    "XRPUSDT": 1045.2204003360114,
    "AAPL": -3.430414239521963,
    "GOLD": 0.2832408089329705,
    "NIFTY": 0.0,
    "RELIANCE": 0.0,
    "EURUSD": 991.0085580841227,
    "SENSEX": 0.0,
    "NASDAQ": 0.044325810252972435,
    "SPY": 1.5175971104881358
  },
  "start_equity": 10000.0,
  "bh_units": {
    "ETHUSDT": 1.3908205841446453,
    "SOLUSDT": 32.04306588054345,
    "BTCUSDT": 0.03895415874598772,
    "XRPUSDT": 2254.059561269847
  }
}