{
  "cash": 6712.118713508113,
  "units": {
    "ETHUSDT": 0.6145574511841043,
    "SOLUSDT": 15.18202601406759,
    "BTCUSDT": 0.018126266907438876,
    "XRPUSDT": 1053.544234021141,
    "AAPL": -3.650137126416655,
    "GOLD": -0.2911713425911958,
    "NIFTY": 0.0,
    "RELIANCE": 0.0,
    "EURUSD": 1035.487948031668,
    "SENSEX": 0.0,
    "NASDAQ": -0.045285858443257235,
    "SPY": -1.5728200054929442
  },
  "start_equity": 10000.0,
  "bh_units": {
    "ETHUSDT": 1.3908205841446453,
    "SOLUSDT": 32.04306588054345,
    "BTCUSDT": 0.03895415874598772,
    "XRPUSDT": 2254.059561269847
  }
}