{
  "cash": 5604.154981568622,
  "units": {
    "ETHUSDT": 0.790008216699937,
    "SOLUSDT": 19.460589370643053,
    "BTCUSDT": 0.02309401663078124,
    "XRPUSDT": 1345.8904684816873,
    "AAPL": 0.0,
    "GOLD": 0.0,
    "NIFTY": 0.06322849460211785,
    "RELIANCE": -1.1695409279052311,
    "EURUSD": 0.0,
    "SENSEX": -0.019758317231802203,
    "NASDAQ": 0.0,
    "SPY": 0.0
  },
  "start_equity": 10000.0,
  "bh_units": {
    "ETHUSDT": 1.3908205841446453,
    "SOLUSDT": 32.04306588054345,
    "BTCUSDT": 0.03895415874598772,
    "XRPUSDT": 2254.059561269847
  }
}