{
  "cash": 5345.533585646217,
  "units": {
    "ETHUSDT": -0.6279542492599759,
    "SOLUSDT": 15.40314487268491,
    "BTCUSDT": -0.018236794287344912,
    "XRPUSDT": 1060.1199075990698,
    "AAPL": 0.0,
    "GOLD": 0.28735395465171265,
    "NIFTY": 0.0472740048110385,
    "RELIANCE": 0.8671477746569383,
    "EURUSD": 0.0,
    "SENSEX": -0.014727121896349692,
    "NASDAQ": 0.0,
    "SPY": 0.0
  },
  "start_equity": 10000.0,
  "bh_units": {
    "ETHUSDT": 1.3908205841446453,
    "SOLUSDT": 32.04306588054345,
    "BTCUSDT": 0.03895415874598772,
    "XRPUSDT": 2254.059561269847
  }
}