{
  "cash": 7169.571024814423,
  "units": {
    "ETHUSDT": 0.7951760977450405,
    "SOLUSDT": 19.56710221936841,
    "BTCUSDT": 0.02336960998846552,
    "XRPUSDT": 1357.9141599210066,
    "AAPL": 0.0,
    "GOLD": 0.3778630837180128,
    "NIFTY": -0.06357054319794972,
    "RELIANCE": -1.1706876984777124,
    "EURUSD": -1345.7629623775404,
    "SENSEX": 0.0,
    "NASDAQ": 0.0,
    "SPY": 0.0
  },
  "start_equity": 10000.0,
  "bh_units": {
    "ETHUSDT": 1.3908205841446453,
    "SOLUSDT": 32.04306588054345,
    "BTCUSDT": 0.03895415874598772,
    "XRPUSDT": 2254.059561269847
  }
}