{
  "cash": 17900.00611382873,
  "units": {
    "ETHUSDT": -0.8083541754354528,
    "SOLUSDT": -19.76578508065924,
    "BTCUSDT": -0.023554970615141946,
    "XRPUSDT": -1380.3563262399373,
    "AAPL": 0.0,
    "GOLD": 0.0,
    "NIFTY": 0.0,
    "RELIANCE": 0.0,
    "EURUSD": -1344.3296791760793,
    "SENSEX": 0.0,
    "NASDAQ": 0.0,
    "SPY": 0.0
  },
  "start_equity": 10000.0,
  "bh_units": {
    "ETHUSDT": 1.3908205841446453,
    "SOLUSDT": 32.04306588054345,
    "BTCUSDT": 0.03895415874598772,
    "XRPUSDT": 2254.059561269847
  }
}