{
  "cash": 3157.7546106322766,
  "units": {
    "ETHUSDT": 0.6163387900358169,
    "SOLUSDT": 15.255674880216871,
    "BTCUSDT": -0.018230834350839362,
    "XRPUSDT": 1064.0944571738962,
    "AAPL": -3.6215874729018784,
    "GOLD": 0.0,
    "NIFTY": 0.0,
    "RELIANCE": 0.0,
    "EURUSD": 1033.0541156787651,
    "SENSEX": 0.0,
    "NASDAQ": 0.045223047004007456,
    "SPY": 1.5728021913073105
  },
  "start_equity": 10000.0,
  "bh_units": {
    "ETHUSDT": 1.3908205841446453,
    "SOLUSDT": 32.04306588054345,
    "BTCUSDT": 0.03895415874598772,
    "XRPUSDT": 2254.059561269847
  }
}