{
  "cash": 16464.82612470988,
  "units": {
    "ETHUSDT": 0.8895670784050889,
    "SOLUSDT": 0.0,
    "BTCUSDT": -0.025858283528540603,
    "XRPUSDT": -1506.7247429195531,
    "AAPL": 0.0,
    "GOLD": -0.41214864856216615,
    "NIFTY": -0.07097621495602473,
    "RELIANCE": 0.0,
    "EURUSD": -1492.7704096744294,
    "SENSEX": 0.022148003786644607,
    "NASDAQ": 0.0,
    "SPY": 0.0
  },
  "start_equity": 10000.0,
  "bh_units": {
    "ETHUSDT": 1.3908205841446453,
    "SOLUSDT": 32.04306588054345,
    "BTCUSDT": 0.03895415874598772,
    "XRPUSDT": 2254.059561269847
  }
}