{
  "cash": 15645.6455877056,
  "units": {
    "ETHUSDT": -0.8201171582301072,
    "SOLUSDT": -19.46105264023546,
    "BTCUSDT": -0.023371993012756092,
    "XRPUSDT": -1369.657149055053,
    "AAPL": 0.0
  },
  "start_equity": 10000.0,
  "bh_units": {
    "ETHUSDT": 1.3908205841446453,
    "SOLUSDT": 32.04306588054345,
    "BTCUSDT": 0.03895415874598772,
    "XRPUSDT": 2254.059561269847
  }
}