{
  "cash": 18456.297295732395,
  "units": {
    "ETHUSDT": 0.0,
    "SOLUSDT": -22.171481002777075,
    "BTCUSDT": -0.02604151654761398,
    "XRPUSDT": -1506.4643358457843,
    "AAPL": -5.276896292563887,
    "GOLD": -0.4246632781861644,
    "NIFTY": 0.0,
    "RELIANCE": 0.0,
    "EURUSD": 0.0,
    "SENSEX": 0.0,
    "NASDAQ": 0.06692723324327897,
    "SPY": 0.0
  },
  "start_equity": 10000.0,
  "bh_units": {
    "ETHUSDT": 1.3908205841446453,
    "SOLUSDT": 32.04306588054345,
    "BTCUSDT": 0.03895415874598772,
    "XRPUSDT": 2254.059561269847
  }
}