{
  "cash": 15893.62390004308,
  "units": {
    "ETHUSDT": -0.8385551472440989,
    "SOLUSDT": -19.65477695736762,
    "BTCUSDT": -0.0238149286546908,
    "XRPUSDT": -1386.8859342107833,
    "AAPL": 0.0
  },
  "start_equity": 10000.0,
  "bh_units": {
    "ETHUSDT": 1.3908205841446453,
    "SOLUSDT": 32.04306588054345,
    "BTCUSDT": 0.03895415874598772,
    "XRPUSDT": 2254.059561269847
  }
}