{
  "cash": 6379.10068026242,
  "units": {
    "ETHUSDT": -0.9008464778323697,
    "SOLUSDT": -22.282458386014948,
    "BTCUSDT": 0.026086194145206548,
    "XRPUSDT": 1516.9019372880143,
    "AAPL": 5.327250230648308,
    "GOLD": 0.42788104053770415,
    "NIFTY": 0.0,
    "RELIANCE": 0.0,
    "EURUSD": -1525.3291702729477,
    "SENSEX": 0.0,
    "NASDAQ": 0.06750265118218013,
    "SPY": 2.3305114993780967
  },
  "start_equity": 10000.0,
  "bh_units": {
    "ETHUSDT": 1.3908205841446453,
    "SOLUSDT": 32.04306588054345,
    "BTCUSDT": 0.03895415874598772,
    "XRPUSDT": 2254.059561269847
  }
}