{
  "cash": 7174.596071873042,
  "units": {
    "ETHUSDT": 0.0,
    "SOLUSDT": 19.66968391895573,
    "BTCUSDT": 0.0,
    "XRPUSDT": 1371.5404991211617,
    "AAPL": 0.0,
    "GOLD": 0.3801560579401596,
    "NIFTY": 0.0,
    "RELIANCE": 0.0,
    "EURUSD": -1347.2173766273281,
    "SENSEX": 0.0,
    "NASDAQ": 0.0,
    "SPY": 0.0
  },
  "start_equity": 10000.0,
  "bh_units": {
    "ETHUSDT": 1.3908205841446453,
    "SOLUSDT": 32.04306588054345,
    "BTCUSDT": 0.03895415874598772,
    "XRPUSDT": 2254.059561269847
  }
}