{
  "cash": 779.9418416471912,
  "units": {
    "ETHUSDT": 0.6097981613975273,
    "SOLUSDT": 15.162612766213487,
    "BTCUSDT": 0.01808288544007369,
    "XRPUSDT": 1051.540076329183,
    "AAPL": 0.0,
    "GOLD": -0.2909582449732858,
    "NIFTY": 0.048555646671353335,
    "RELIANCE": 0.8973270642939984,
    "EURUSD": 0.0,
    "SENSEX": 0.015137765236584293,
    "NASDAQ": 0.0,
    "SPY": 0.0
  },
  "start_equity": 10000.0,
  "bh_units": {
    "ETHUSDT": 1.3908205841446453,
    "SOLUSDT": 32.04306588054345,
    "BTCUSDT": 0.03895415874598772,
    "XRPUSDT": 2254.059561269847
  }
}