{
  "cash": 5646.54819158593,
  "units": {
    "ETHUSDT": 0.6468728090785719,
    "SOLUSDT": -15.841523820129208,
    "BTCUSDT": 0.018712023713429143,
    "XRPUSDT": 1102.965843267642,
    "AAPL": 0.0,
    "GOLD": 0.0,
    "NIFTY": -0.050058875778316164,
    "RELIANCE": 0.9065524757484594,
    "EURUSD": 1057.116537988353,
    "SENSEX": -0.01559457902656247,
    "NASDAQ": 0.0,
    "SPY": 0.0
  },
  "start_equity": 10000.0,
  "bh_units": {
    "ETHUSDT": 1.3908205841446453,
    "SOLUSDT": 32.04306588054345,
    "BTCUSDT": 0.03895415874598772,
    "XRPUSDT": 2254.059561269847
  }
}