{
  "cash": 4089.8986886289863,
  "units": {
    "ETHUSDT": -0.6055033798993221,
    "SOLUSDT": 14.856564484305647,
    "BTCUSDT": 0.0,
    "XRPUSDT": 1024.9436593318,
    "AAPL": 0.0,
    "GOLD": 0.2773003795989339,
    "NIFTY": 0.0,
    "RELIANCE": 0.0,
    "EURUSD": 974.6456640979477,
    "SENSEX": 0.0,
    "NASDAQ": 0.0,
    "SPY": 0.0
  },
  "start_equity": 10000.0,
  "bh_units": {
    "ETHUSDT": 1.3908205841446453,
    "SOLUSDT": 32.04306588054345,
    "BTCUSDT": 0.03895415874598772,
    "XRPUSDT": 2254.059561269847
  }
}