{
  "cash": 2895.267242125661,
  "units": {
    "ETHUSDT": 0.0,
    "SOLUSDT": -22.26641640619556,
    "BTCUSDT": 0.02607640166779596,
    "XRPUSDT": 1520.1416183697881,
    "AAPL": 5.340166547913908,
    "GOLD": 0.42746791744126544,
    "NIFTY": 0.0,
    "RELIANCE": 0.0,
    "EURUSD": 1523.4300662567853,
    "SENSEX": 0.0,
    "NASDAQ": 0.0,
    "SPY": 2.332143364239934
  },
  "start_equity": 10000.0,
  "bh_units": {
    "ETHUSDT": 1.3908205841446453,
    "SOLUSDT": 32.04306588054345,
    "BTCUSDT": 0.03895415874598772,
    "XRPUSDT": 2254.059561269847
  }
}