{
  "cash": 13098.840668801084,
  "units": {
    "ETHUSDT": 0.6095181263420544,
    "SOLUSDT": -14.959423026210132,
    "BTCUSDT": 0.01752214806571787,
    "XRPUSDT": -1031.5042738547554,
    "AAPL": -3.37213734262518,
    "GOLD": -0.27999259216201594,
    "NIFTY": 0.0,
    "RELIANCE": 0.0,
    "EURUSD": -981.6876135227598,
    "SENSEX": 0.0,
    "NASDAQ": -0.04403496603915819,
    "SPY": -1.5113558774166762
  },
  "start_equity": 10000.0,
  "bh_units": {
    "ETHUSDT": 1.3908205841446453,
    "SOLUSDT": 32.04306588054345,
    "BTCUSDT": 0.03895415874598772,
    "XRPUSDT": 2254.059561269847
  }
}