{
  "cash": 12886.27712003309,
  "units": {
    "ETHUSDT": -0.8460191164916565,
    "SOLUSDT": 19.878056112755164,
    "BTCUSDT": -0.024021820075837058,
    "XRPUSDT": -1404.5044133888312,
    "AAPL": 0.0
  },
  "start_equity": 10000.0,
  "bh_units": {
    "ETHUSDT": 1.3908205841446453,
    "SOLUSDT": 32.04306588054345,
    "BTCUSDT": 0.03895415874598772,
    "XRPUSDT": 2254.059561269847
  }
}