{
  "cash": 9165.310738364113,
  "units": {
    "ETHUSDT": -0.6376361244648816,
    "SOLUSDT": -15.373942355459683,
    "BTCUSDT": -0.01846335526636656,
    "XRPUSDT": 1084.1583367948526,
    "AAPL": 0.0,
    "GOLD": 0.29594839034259884,
    "NIFTY": 0.0,
    "RELIANCE": -0.9183037611245003,
    "EURUSD": 0.0,
    "SENSEX": 0.015415004104853554,
    "NASDAQ": 0.0,
    "SPY": 0.0
  },
  "start_equity": 10000.0,
  "bh_units": {
    "ETHUSDT": 1.3908205841446453,
    "SOLUSDT": 32.04306588054345,
    "BTCUSDT": 0.03895415874598772,
    "XRPUSDT": 2254.059561269847
  }
}