{
  "cash": 9818.120869695282,
  "units": {
    "ETHUSDT": 0.0,
    "SOLUSDT": 0.0,
    "BTCUSDT": -0.01811900449573662,
    "XRPUSDT": 0.0,
    "AAPL": 3.3921102000564134,
    "GOLD": -0.2854254322450753,
    "NIFTY": 0.0,
    "RELIANCE": 0.0,
    "EURUSD": 991.0390347055942,
    "SENSEX": 0.0,
    "NASDAQ": -0.04484286999690668,
    "SPY": -1.5285828847558212
  },
  "start_equity": 10000.0,
  "bh_units": {
    "ETHUSDT": 1.3908205841446453,
    "SOLUSDT": 32.04306588054345,
    "BTCUSDT": 0.03895415874598772,
    "XRPUSDT": 2254.059561269847
  }
}