{
  "cash": 8514.022682226252,
  "units": {
    "ETHUSDT": -0.6936776816172854,
    "SOLUSDT": 16.970493587480014,
    "BTCUSDT": -0.019979653459425043,
    "XRPUSDT": 1172.3340652565478,
    "AAPL": 0.0,
    "GOLD": 0.0,
    "NIFTY": 0.0,
    "RELIANCE": 0.0,
    "EURUSD": 0.0,
    "SENSEX": 0.0,
    "NASDAQ": 0.0,
    "SPY": 0.0
  },
  "start_equity": 10000.0,
  "bh_units": {
    "ETHUSDT": 1.3908205841446453,
    "SOLUSDT": 32.04306588054345,
    "BTCUSDT": 0.03895415874598772,
    "XRPUSDT": 2254.059561269847
  }
}