{
  "cash": 799.5949983690498,
  "units": {
    "ETHUSDT": 0.6378672238327849,
    "SOLUSDT": 15.474429283573244,
    "BTCUSDT": 0.018548811312872632,
    "XRPUSDT": 1081.6612444178886,
    "AAPL": 0.0,
    "GOLD": 0.29661006633866277,
    "NIFTY": 0.0,
    "RELIANCE": 0.0,
    "EURUSD": 1053.7510706888388,
    "SENSEX": 0.0,
    "NASDAQ": 0.0,
    "SPY": 0.0
  },
  "start_equity": 10000.0,
  "bh_units": {
    "ETHUSDT": 1.3908205841446453,
    "SOLUSDT": 32.04306588054345,
    "BTCUSDT": 0.03895415874598772,
    "XRPUSDT": 2254.059561269847
  }
}