{
  "cash": 6470.275963585049,
  "units": {
    "ETHUSDT": 0.0,
    "SOLUSDT": -15.19443565548627,
    "BTCUSDT": -0.01798189202184079,
    "XRPUSDT": 0.0,
    "AAPL": 0.0,
    "GOLD": 0.0,
    "NIFTY": 0.04719618869008982,
    "RELIANCE": 0.8723311741729346,
    "EURUSD": 0.0,
    "SENSEX": 0.014764201940596659,
    "NASDAQ": 0.0,
    "SPY": 0.0
  },
  "start_equity": 10000.0,
  "bh_units": {
    "ETHUSDT": 1.3908205841446453,
    "SOLUSDT": 32.04306588054345,
    "BTCUSDT": 0.03895415874598772,
    "XRPUSDT": 2254.059561269847
  }
}