{
  "cash": 7852.003479060053,
  "units": {
    "ETHUSDT": -0.6130372929452843,
    "SOLUSDT": 15.291313185318309,
    "BTCUSDT": 0.018193315951764197,
    "XRPUSDT": 1058.3493011052333,
    "AAPL": 0.0,
    "GOLD": -0.290851364182199,
    "NIFTY": 0.0,
    "RELIANCE": 0.0,
    "EURUSD": -1026.8414738602296,
    "SENSEX": 0.0,
    "NASDAQ": 0.0,
    "SPY": 0.0
  },
  "start_equity": 10000.0,
  "bh_units": {
    "ETHUSDT": 1.3908205841446453,
    "SOLUSDT": 32.04306588054345,
    "BTCUSDT": 0.03895415874598772,
    "XRPUSDT": 2254.059561269847
  }
}