{
  "cash": 7627.252026264674,
  "units": {
    "ETHUSDT": -0.6112241614688909,
    "SOLUSDT": -15.115124700878212,
    "BTCUSDT": -0.017838207670555294,
    "XRPUSDT": -1044.6964924928102,
    "AAPL": 3.434307274651918,
    "GOLD": 0.0,
    "NIFTY": 0.0,
    "RELIANCE": 0.0,
    "EURUSD": 999.9276973182755,
    "SENSEX": 0.0,
    "NASDAQ": 0.04422067792467461,
    "SPY": 1.524457879710828
  },
  "start_equity": 10000.0,
  "bh_units": {
    "ETHUSDT": 1.3908205841446453,
    "SOLUSDT": 32.04306588054345,
    "BTCUSDT": 0.03895415874598772,
    "XRPUSDT": 2254.059561269847
  }
}