{
  "cash": 6952.967376286804,
  "units": {
    "ETHUSDT": 0.839057033724361,
    "SOLUSDT": 0.0,
    "BTCUSDT": 0.02376373734037849,
    "XRPUSDT": 0.0
  },
  "start_equity": 10000.0,
  "bh_units": {
    "ETHUSDT": 1.3908205841446453,
    "SOLUSDT": 32.04306588054345,
    "BTCUSDT": 0.03895415874598772,
    "XRPUSDT": 2254.059561269847
  }
}