{
  "cash": 9918.256999311001,
  "units": {
    "ETHUSDT": 0.8375966934704939,
    "SOLUSDT": -19.58840351471088,
    "BTCUSDT": -0.02371957601706405,
    "XRPUSDT": 1383.7246639529483
  },
  "start_equity": 10000.0,
  "bh_units": {
    "ETHUSDT": 1.3908205841446453,
    "SOLUSDT": 32.04306588054345,
    "BTCUSDT": 0.03895415874598772,
    "XRPUSDT": 2254.059561269847
  }
}