{
  "cash": 9926.66902326256,
  "units": {
    "ETHUSDT": -0.6255878808337834,
    "SOLUSDT": 15.362813972728771,
    "BTCUSDT": 0.01821328027550297,
    "XRPUSDT": -1057.2454240759969,
    "AAPL": 0.0,
    "GOLD": -0.2863986522831997,
    "NIFTY": 0.047171598231933384,
    "RELIANCE": -0.8673062843996798,
    "EURUSD": -1000.3068813262223,
    "SENSEX": 0.0,
    "NASDAQ": 0.0,
    "SPY": 0.0
  },
  "start_equity": 10000.0,
  "bh_units": {
    "ETHUSDT": 1.3908205841446453,
    "SOLUSDT": 32.04306588054345,
    "BTCUSDT": 0.03895415874598772,
    "XRPUSDT": 2254.059561269847
  }
}