{
  "cash": 14494.238747962321,
  "units": {
    "ETHUSDT": -0.6119314512101028,
    "SOLUSDT": -15.14522243128657,
    "BTCUSDT": -0.017872729652314002,
    "XRPUSDT": -1048.5943948797012,
    "AAPL": 0.0,
    "GOLD": -0.2876465430595247,
    "NIFTY": 0.0,
    "RELIANCE": 0.0,
    "EURUSD": -999.7143416685709,
    "SENSEX": 0.0,
    "NASDAQ": 0.0,
    "SPY": 0.0
  },
  "start_equity": 10000.0,
  "bh_units": {
    "ETHUSDT": 1.3908205841446453,
    "SOLUSDT": 32.04306588054345,
    "BTCUSDT": 0.03895415874598772,
    "XRPUSDT": 2254.059561269847
  }
}