{
  "cash": 13396.669646958948,
  "units": {
    "ETHUSDT": -0.8301730310000838,
    "SOLUSDT": 20.261444539034812,
    "BTCUSDT": -0.02401771433076508,
    "XRPUSDT": -1415.8201851144838,
    "AAPL": -4.706512674912034,
    "GOLD": 0.0,
    "NIFTY": 0.0,
    "RELIANCE": 0.0,
    "EURUSD": -1353.957101356066,
    "SENSEX": 0.0,
    "NASDAQ": 0.06017693695469806,
    "SPY": 2.072525010327253
  },
  "start_equity": 10000.0,
  "bh_units": {
    "ETHUSDT": 1.3908205841446453,
    "SOLUSDT": 32.04306588054345,
    "BTCUSDT": 0.03895415874598772,
    "XRPUSDT": 2254.059561269847
  }
}