{
  "cash": 12603.317303689419,
  "units": {
    "ETHUSDT": -0.6173835152072631,
    "SOLUSDT": -15.306632747496135,
    "BTCUSDT": -0.01826866484403478,
    "XRPUSDT": -1062.043471479276,
    "AAPL": 0.0,
    "GOLD": -0.2908158511817246,
    "NIFTY": 0.0,
    "RELIANCE": 0.0,
    "EURUSD": 1029.8693115798342,
    "SENSEX": 0.0,
    "NASDAQ": 0.0,
    "SPY": 0.0
  },
  "start_equity": 10000.0,
  "bh_units": {
    "ETHUSDT": 1.3908205841446453,
    "SOLUSDT": 32.04306588054345,
    "BTCUSDT": 0.03895415874598772,
    "XRPUSDT": 2254.059561269847
  }
}