{
  "cash": 14708.412922154377,
  "units": {
    "ETHUSDT": -0.6208074291946344,
    "SOLUSDT": -15.294117964592164,
    "BTCUSDT": -0.01815638488198066,
    "XRPUSDT": -1054.2831773792618,
    "AAPL": 0.0,
    "GOLD": -0.29034236994061635,
    "NIFTY": 0.0,
    "RELIANCE": 0.0,
    "EURUSD": -1014.0432911731427,
    "SENSEX": 0.0,
    "NASDAQ": 0.0,
    "SPY": 0.0
  },
  "start_equity": 10000.0,
  "bh_units": {
    "ETHUSDT": 1.3908205841446453,
    "SOLUSDT": 32.04306588054345,
    "BTCUSDT": 0.03895415874598772,
    "XRPUSDT": 2254.059561269847
  }
}