{
  "cash": -395.45653733973336,
  "units": {
    "ETHUSDT": 0.6160975904435955,
    "SOLUSDT": 15.252732323967438,
    "BTCUSDT": -0.018258114719949942,
    "XRPUSDT": 1062.2638564479391,
    "AAPL": 3.623129489855202,
    "GOLD": 0.29152414796859255,
    "NIFTY": 0.0,
    "RELIANCE": 0.0,
    "EURUSD": 1033.7726735432095,
    "SENSEX": 0.0,
    "NASDAQ": 0.04519459630028706,
    "SPY": 1.5727926821664953
  },
  "start_equity": 10000.0,
  "bh_units": {
    "ETHUSDT": 1.3908205841446453,
    "SOLUSDT": 32.04306588054345,
    "BTCUSDT": 0.03895415874598772,
    "XRPUSDT": 2254.059561269847
  }
}