{
  "cash": 11418.82812266304,
  "units": {
    "ETHUSDT": -0.6138631359762596,
    "SOLUSDT": 15.24480906258163,
    "BTCUSDT": -0.018212471492612552,
    "XRPUSDT": -1059.6394562385235,
    "AAPL": 0.0,
    "GOLD": -0.2905540352219687,
    "NIFTY": 0.0,
    "RELIANCE": 0.0,
    "EURUSD": 0.0,
    "SENSEX": 0.0,
    "NASDAQ": 0.0,
    "SPY": 0.0
  },
  "start_equity": 10000.0,
  "bh_units": {
    "ETHUSDT": 1.3908205841446453,
    "SOLUSDT": 32.04306588054345,
    "BTCUSDT": 0.03895415874598772,
    "XRPUSDT": 2254.059561269847
  }
}