{
  "cash": 19249.27388257755,
  "units": {
    "ETHUSDT": -0.7871035829966078,
    "SOLUSDT": -19.453911905400027,
    "BTCUSDT": -0.022987696420411888,
    "XRPUSDT": -1345.116565514728,
    "AAPL": 0.0,
    "GOLD": -0.3736390809976521,
    "NIFTY": 0.0,
    "RELIANCE": 0.0,
    "EURUSD": -1330.4207283987132,
    "SENSEX": 0.0,
    "NASDAQ": 0.0,
    "SPY": 0.0
  },
  "start_equity": 10000.0,
  "bh_units": {
    "ETHUSDT": 1.3908205841446453,
    "SOLUSDT": 32.04306588054345,
    "BTCUSDT": 0.03895415874598772,
    "XRPUSDT": 2254.059561269847
  }
}