{
  "cash": 11033.741180742309,
  "units": {
    "ETHUSDT": -0.6903793678098684,
    "SOLUSDT": -16.991827440477234,
    "BTCUSDT": 0.019914561026620984,
    "XRPUSDT": -1171.2087703894463,
    "AAPL": 0.0,
    "GOLD": 0.0,
    "NIFTY": 0.0,
    "RELIANCE": 0.0,
    "EURUSD": 0.0,
    "SENSEX": 0.0,
    "NASDAQ": 0.0,
    "SPY": 0.0
  },
  "start_equity": 10000.0,
  "bh_units": {
    "ETHUSDT": 1.3908205841446453,
    "SOLUSDT": 32.04306588054345,
    "BTCUSDT": 0.03895415874598772,
    "XRPUSDT": 2254.059561269847
  }
}