{
  "cash": 1014.8162720468974,
  "units": {
    "ETHUSDT": 0.788789514357858,
    "SOLUSDT": 19.457075872438644,
    "BTCUSDT": 0.02307022645381478,
    "XRPUSDT": 1347.2328777168864,
    "AAPL": 0.0,
    "GOLD": -0.3752736438408996,
    "NIFTY": 0.06316341926581578,
    "RELIANCE": 1.1665629624848122,
    "EURUSD": 0.0,
    "SENSEX": 0.019732705560241266,
    "NASDAQ": 0.0,
    "SPY": 0.0
  },
  "start_equity": 10000.0,
  "bh_units": {
    "ETHUSDT": 1.3908205841446453,
    "SOLUSDT": 32.04306588054345,
    "BTCUSDT": 0.03895415874598772,
    "XRPUSDT": 2254.059561269847
  }
}