{
  "cash": 10265.306183260154,
  "units": {
    "ETHUSDT": 0.0,
    "SOLUSDT": -15.278096698377478,
    "BTCUSDT": -0.018305858270759326,
    "XRPUSDT": -1069.3840205742822,
    "AAPL": 0.0,
    "GOLD": 0.293567829209543,
    "NIFTY": 0.0,
    "RELIANCE": 0.0,
    "EURUSD": -1037.2678556975657,
    "SENSEX": 0.015348280342445328,
    "NASDAQ": 0.0,
    "SPY": 0.0
  },
  "start_equity": 10000.0,
  "bh_units": {
    "ETHUSDT": 1.3908205841446453,
    "SOLUSDT": 32.04306588054345,
    "BTCUSDT": 0.03895415874598772,
    "XRPUSDT": 2254.059561269847
  }
}