{
  "cash": 14091.608563789334,
  "units": {
    "ETHUSDT": 0.8121056328223738,
    "SOLUSDT": -19.350424063295154,
    "BTCUSDT": -0.023251861086789193,
    "XRPUSDT": -1362.5276403073424,
    "AAPL": 0.0,
    "GOLD": 0.0,
    "NIFTY": 0.0,
    "RELIANCE": 0.0,
    "EURUSD": -1279.444062100114,
    "SENSEX": 0.0
  },
  "start_equity": 10000.0,
  "bh_units": {
    "ETHUSDT": 1.3908205841446453,
    "SOLUSDT": 32.04306588054345,
    "BTCUSDT": 0.03895415874598772,
    "XRPUSDT": 2254.059561269847
  }
}