{
  "cash": 6824.716902593898,
  "units": {
    "ETHUSDT": 0.6488640595453712,
    "SOLUSDT": -15.863589846614907,
    "BTCUSDT": 0.018775907684604916,
    "XRPUSDT": 1106.4910014805519,
    "AAPL": 0.0,
    "GOLD": -0.3002320281500152,
    "NIFTY": 0.0,
    "RELIANCE": 0.9043472809488298,
    "EURUSD": -1052.6747753861725,
    "SENSEX": 0.0,
    "NASDAQ": 0.0,
    "SPY": 0.0
  },
  "start_equity": 10000.0,
  "bh_units": {
    "ETHUSDT": 1.3908205841446453,
    "SOLUSDT": 32.04306588054345,
    "BTCUSDT": 0.03895415874598772,
    "XRPUSDT": 2254.059561269847
  }
}