{
  "cash": 5381.072989312935,
  "units": {
    "ETHUSDT": 0.825123964507201,
    "SOLUSDT": 0.0,
    "BTCUSDT": 0.023517546965250193,
    "XRPUSDT": 1379.2260544828794,
    "AAPL": 0.0
  },
  "start_equity": 10000.0,
  "bh_units": {
    "ETHUSDT": 1.3908205841446453,
    "SOLUSDT": 32.04306588054345,
    "BTCUSDT": 0.03895415874598772,
    "XRPUSDT": 2254.059561269847
  }
}