{
  "cash": 4432.440163513152,
  "units": {
    "ETHUSDT": 0.6456793947051074,
    "SOLUSDT": 15.69394533952492,
    "BTCUSDT": 0.01876497605032988,
    "XRPUSDT": -1091.9817934421444,
    "AAPL": 0.0,
    "GOLD": 0.0,
    "NIFTY": 0.0,
    "RELIANCE": 0.0,
    "EURUSD": 1058.7130857269851,
    "SENSEX": 0.0,
    "NASDAQ": 0.0,
    "SPY": 0.0
  },
  "start_equity": 10000.0,
  "bh_units": {
    "ETHUSDT": 1.3908205841446453,
    "SOLUSDT": 32.04306588054345,
    "BTCUSDT": 0.03895415874598772,
    "XRPUSDT": 2254.059561269847
  }
}