{
  "cash": 10477.225228458545,
  "units": {
    "ETHUSDT": 0.0,
    "SOLUSDT": -15.826845619483553,
    "BTCUSDT": 0.0,
    "XRPUSDT": 0.0,
    "AAPL": 0.0,
    "GOLD": -0.30032017328517385,
    "NIFTY": 0.0,
    "RELIANCE": 0.0,
    "EURUSD": 1056.4595734993782,
    "SENSEX": -0.01560745275300695,
    "NASDAQ": 0.0,
    "SPY": 0.0
  },
  "start_equity": 10000.0,
  "bh_units": {
    "ETHUSDT": 1.3908205841446453,
    "SOLUSDT": 32.04306588054345,
    "BTCUSDT": 0.03895415874598772,
    "XRPUSDT": 2254.059561269847
  }
}