{
  "cash": 16367.498823996108,
  "units": {
    "ETHUSDT": -0.8101558102073426,
    "SOLUSDT": -19.82427510263207,
    "BTCUSDT": 0.0,
    "XRPUSDT": -1383.6542892774694,
    "AAPL": 0.0,
    "GOLD": -0.3828166576932044,
    "NIFTY": 0.0,
    "RELIANCE": 0.0,
    "EURUSD": 0.0,
    "SENSEX": 0.0,
    "NASDAQ": 0.0,
    "SPY": 0.0
  },
  "start_equity": 10000.0,
  "bh_units": {
    "ETHUSDT": 1.3908205841446453,
    "SOLUSDT": 32.04306588054345,
    "BTCUSDT": 0.03895415874598772,
    "XRPUSDT": 2254.059561269847
  }
}