{
  "cash": 12195.229035444356,
  "units": {
    "ETHUSDT": -0.6099490498505513,
    "SOLUSDT": -15.106493444970848,
    "BTCUSDT": -0.017859370676941776,
    "XRPUSDT": -1044.9834935887218,
    "AAPL": 0.0,
    "GOLD": 0.0,
    "NIFTY": 0.0,
    "RELIANCE": 0.0,
    "EURUSD": 0.0,
    "SENSEX": 0.0,
    "NASDAQ": 0.0,
    "SPY": 0.0
  },
  "start_equity": 10000.0,
  "bh_units": {
    "ETHUSDT": 1.3908205841446453,
    "SOLUSDT": 32.04306588054345,
    "BTCUSDT": 0.03895415874598772,
    "XRPUSDT": 2254.059561269847
  }
}