{
  "cash": 6812.006083227888,
  "units": {
    "ETHUSDT": -0.7849193415978083,
    "SOLUSDT": 19.06247325292954,
    "BTCUSDT": 0.022886201861609397,
    "XRPUSDT": 1341.638291718184,
    "AAPL": 0.0,
    "GOLD": 0.0,
    "NIFTY": 0.0,
    "RELIANCE": 0.0,
    "EURUSD": 0.0,
    "SENSEX": 0.0
  },
  "start_equity": 10000.0,
  "bh_units": {
    "ETHUSDT": 1.3908205841446453,
    "SOLUSDT": 32.04306588054345,
    "BTCUSDT": 0.03895415874598772,
    "XRPUSDT": 2254.059561269847
  }
}