{
  "cash": 11168.984356866093,
  "units": {
    "ETHUSDT": 0.810909658052691,
    "SOLUSDT": -19.357128792782753,
    "BTCUSDT": 0.023191339967544414,
    "XRPUSDT": -1360.119337229261,
    "AAPL": 0.0,
    "GOLD": -0.3613919586133341,
    "NIFTY": 0.0,
    "RELIANCE": 0.0,
    "EURUSD": 0.0,
    "SENSEX": 0.0
  },
  "start_equity": 10000.0,
  "bh_units": {
    "ETHUSDT": 1.3908205841446453,
    "SOLUSDT": 32.04306588054345,
    "BTCUSDT": 0.03895415874598772,
    "XRPUSDT": 2254.059561269847
  }
}