{
  "cash": 12886.565050969952,
  "units": {
    "ETHUSDT": -0.836142402369267,
    "SOLUSDT": 19.490261294183604,
    "BTCUSDT": -0.023619774338119,
    "XRPUSDT": -1378.0463708371337
  },
  "start_equity": 10000.0,
  "bh_units": {
    "ETHUSDT": 1.3908205841446453,
    "SOLUSDT": 32.04306588054345,
    "BTCUSDT": 0.03895415874598772,
    "XRPUSDT": 2254.059561269847
  }
}