{
  "cash": 1883.924205132813,
  "units": {
    "ETHUSDT": -0.6201543548181814,
    "SOLUSDT": 15.214320192099947,
    "BTCUSDT": 0.017934493465386978,
    "XRPUSDT": 1045.7992186052948,
    "AAPL": -3.4293903844520806,
    "GOLD": 0.28355414961388203,
    "NIFTY": 0.0,
    "RELIANCE": 0.0,
    "EURUSD": 989.9482925937576,
    "SENSEX": 0.0,
    "NASDAQ": 0.04436087409809853,
    "SPY": 1.5179649489249318
  },
  "start_equity": 10000.0,
  "bh_units": {
    "ETHUSDT": 1.3908205841446453,
    "SOLUSDT": 32.04306588054345,
    "BTCUSDT": 0.03895415874598772,
    "XRPUSDT": 2254.059561269847
  }
}