{
  "cash": 5482.419560744687,
  "units": {
    "ETHUSDT": -0.6132291644240045,
    "SOLUSDT": 15.304782036203838,
    "BTCUSDT": -0.018212187956262265,
    "XRPUSDT": 1057.4818813313573,
    "AAPL": 0.0,
    "GOLD": 0.0,
    "NIFTY": 0.0,
    "RELIANCE": 0.9010886924734147,
    "EURUSD": 1024.9893697801174,
    "SENSEX": 0.0,
    "NASDAQ": 0.0,
    "SPY": 0.0
  },
  "start_equity": 10000.0,
  "bh_units": {
    "ETHUSDT": 1.3908205841446453,
    "SOLUSDT": 32.04306588054345,
    "BTCUSDT": 0.03895415874598772,
    "XRPUSDT": 2254.059561269847
  }
}