{
  "cash": 11602.628074461478,
  "units": {
    "ETHUSDT": -0.6373551094246339,
    "SOLUSDT": -15.453892232251517,
    "BTCUSDT": -0.0185067423396124,
    "XRPUSDT": 0.0,
    "AAPL": 0.0,
    "GOLD": -0.29616814659692053,
    "NIFTY": 0.0,
    "RELIANCE": 0.0,
    "EURUSD": 1050.729407966125,
    "SENSEX": 0.0,
    "NASDAQ": 0.0,
    "SPY": 0.0
  },
  "start_equity": 10000.0,
  "bh_units": {
    "ETHUSDT": 1.3908205841446453,
    "SOLUSDT": 32.04306588054345,
    "BTCUSDT": 0.03895415874598772,
    "XRPUSDT": 2254.059561269847
  }
}