{
  "cash": 5422.591451273584,
  "units": {
    "ETHUSDT": 0.6185066154632665,
    "SOLUSDT": 15.27735722846652,
    "BTCUSDT": -0.018135412436805685,
    "XRPUSDT": -1048.1206648632856,
    "AAPL": 0.0,
    "GOLD": 0.28734722814787494,
    "NIFTY": 0.0,
    "RELIANCE": 0.0,
    "EURUSD": 1013.3416587521154,
    "SENSEX": 0.0,
    "NASDAQ": 0.0,
    "SPY": 0.0
  },
  "start_equity": 10000.0,
  "bh_units": {
    "ETHUSDT": 1.3908205841446453,
    "SOLUSDT": 32.04306588054345,
    "BTCUSDT": 0.03895415874598772,
    "XRPUSDT": 2254.059561269847
  }
}