{
  "cash": 1029.5278514731872,
  "units": {
    "ETHUSDT": 0.8078981154128141,
    "SOLUSDT": 19.765739762083633,
    "BTCUSDT": 0.023536811065225784,
    "XRPUSDT": 0.0,
    "AAPL": 4.737980142393061,
    "GOLD": -0.3848428148952338,
    "NIFTY": 0.0,
    "RELIANCE": 0.0,
    "EURUSD": 1352.0375132302522,
    "SENSEX": 0.0,
    "NASDAQ": 0.06016106534756952,
    "SPY": 2.072464936739709
  },
  "start_equity": 10000.0,
  "bh_units": {
    "ETHUSDT": 1.3908205841446453,
    "SOLUSDT": 32.04306588054345,
    "BTCUSDT": 0.03895415874598772,
    "XRPUSDT": 2254.059561269847
  }
}