{
  "cash": 8759.268285222377,
  "units": {
    "ETHUSDT": 0.6086984622671348,
    "SOLUSDT": -15.061796513599242,
    "BTCUSDT": 0.017820357838352365,
    "XRPUSDT": -1042.2979725982364,
    "AAPL": 0.0,
    "GOLD": 0.0,
    "NIFTY": 0.0,
    "RELIANCE": 0.0,
    "EURUSD": -998.4165357581602,
    "SENSEX": 0.0,
    "NASDAQ": 0.0,
    "SPY": 0.0
  },
  "start_equity": 10000.0,
  "bh_units": {
    "ETHUSDT": 1.3908205841446453,
    "SOLUSDT": 32.04306588054345,
    "BTCUSDT": 0.03895415874598772,
    "XRPUSDT": 2254.059561269847
  }
}