{
  "cash": 5489.377252507596,
  "units": {
    "ETHUSDT": 0.0,
    "SOLUSDT": 19.50901208089845,
    "BTCUSDT": 0.02348006784988186,
    "XRPUSDT": 1378.5815380428119
  },
  "start_equity": 10000.0,
  "bh_units": {
    "ETHUSDT": 1.3908205841446453,
    "SOLUSDT": 32.04306588054345,
    "BTCUSDT": 0.03895415874598772,
    "XRPUSDT": 2254.059561269847
  }
}