{
  "cash": 13249.108890876618,
  "units": {
    "ETHUSDT": 0.7905937700529572,
    "SOLUSDT": 0.0,
    "BTCUSDT": 0.02317522055417757,
    "XRPUSDT": 0.0,
    "AAPL": 0.0,
    "GOLD": -0.37502350967168313,
    "NIFTY": -0.06329908348405605,
    "RELIANCE": -1.170577515910595,
    "EURUSD": 0.0,
    "SENSEX": -0.019757402024139552,
    "NASDAQ": 0.0,
    "SPY": 0.0
  },
  "start_equity": 10000.0,
  "bh_units": {
    "ETHUSDT": 1.3908205841446453,
    "SOLUSDT": 32.04306588054345,
    "BTCUSDT": 0.03895415874598772,
    "XRPUSDT": 2254.059561269847
  }
}