{
  "cash": 5409.037025779984,
  "units": {
    "ETHUSDT": 0.0,
    "SOLUSDT": 19.793424839127475,
    "BTCUSDT": 0.023757972825998012,
    "XRPUSDT": 1390.0458288251227,
    "AAPL": 0.0
  },
  "start_equity": 10000.0,
  "bh_units": {
    "ETHUSDT": 1.3908205841446453,
    "SOLUSDT": 32.04306588054345,
    "BTCUSDT": 0.03895415874598772,
    "XRPUSDT": 2254.059561269847
  }
}