{
  "cash": 9939.933293851544,
  "units": {
    "ETHUSDT": -0.6123193304135309,
    "SOLUSDT": 0.0,
    "BTCUSDT": -0.017869408167384502,
    "XRPUSDT": 1047.3853859558744,
    "AAPL": 3.433848974885507,
    "GOLD": 0.0,
    "NIFTY": 0.0,
    "RELIANCE": 0.0,
    "EURUSD": 0.0,
    "SENSEX": 0.0,
    "NASDAQ": -0.04436742918037655,
    "SPY": -1.5299714799577893
  },
  "start_equity": 10000.0,
  "bh_units": {
    "ETHUSDT": 1.3908205841446453,
    "SOLUSDT": 32.04306588054345,
    "BTCUSDT": 0.03895415874598772,
    "XRPUSDT": 2254.059561269847
  }
}