{
  "cash": 13999.661368137671,
  "units": {
    "ETHUSDT": -0.6490323071231984,
    "SOLUSDT": 0.0,
    "BTCUSDT": -0.01878542464861638,
    "XRPUSDT": 0.0,
    "AAPL": 0.0,
    "GOLD": -0.2992085861634271,
    "NIFTY": -0.04964027552024826,
    "RELIANCE": -0.9022144332442535,
    "EURUSD": 1048.8775031476193,
    "SENSEX": -0.015469376021696957,
    "NASDAQ": 0.0,
    "SPY": 0.0
  },
  "start_equity": 10000.0,
  "bh_units": {
    "ETHUSDT": 1.3908205841446453,
    "SOLUSDT": 32.04306588054345,
    "BTCUSDT": 0.03895415874598772,
    "XRPUSDT": 2254.059561269847
  }
}