{
  "cash": 11817.948185955927,
  "units": {
    "ETHUSDT": -0.8273980251672707,
    "SOLUSDT": 20.273155556826985,
    "BTCUSDT": -0.02397334059112906,
    "XRPUSDT": 0.0,
    "AAPL": 0.0,
    "GOLD": 0.3841373031933158,
    "NIFTY": 0.0,
    "RELIANCE": 0.0,
    "EURUSD": -1351.3660093756616,
    "SENSEX": 0.0,
    "NASDAQ": 0.0,
    "SPY": 0.0
  },
  "start_equity": 10000.0,
  "bh_units": {
    "ETHUSDT": 1.3908205841446453,
    "SOLUSDT": 32.04306588054345,
    "BTCUSDT": 0.03895415874598772,
    "XRPUSDT": 2254.059561269847
  }
}