{
  "cash": 22674.051635604836,
  "units": {
    "ETHUSDT": -0.83164335968711,
    "SOLUSDT": 0.0,
    "BTCUSDT": -0.024063532924557932,
    "XRPUSDT": -1418.2491480699675,
    "AAPL": -4.725633381211588,
    "GOLD": -0.38581628291487685,
    "NIFTY": 0.0,
    "RELIANCE": 0.0,
    "EURUSD": -1354.3614773287586,
    "SENSEX": 0.0,
    "NASDAQ": -0.06030232694330187,
    "SPY": -2.0755640997412628
  },
  "start_equity": 10000.0,
  "bh_units": {
    "ETHUSDT": 1.3908205841446453,
    "SOLUSDT": 32.04306588054345,
    "BTCUSDT": 0.03895415874598772,
    "XRPUSDT": 2254.059561269847
  }
}