{
  "cash": -481.11406373268306,
  "units": {
    "ETHUSDT": 0.7704667033978603,
    "SOLUSDT": 18.665431533553914,
    "BTCUSDT": 0.022292727716764854,
    "XRPUSDT": 1306.6749797861112,
    "AAPL": 4.588359924562061,
    "GOLD": 0.0,
    "NIFTY": 0.0,
    "RELIANCE": 0.0,
    "EURUSD": 0.0,
    "SENSEX": 0.0,
    "NASDAQ": 0.05514704580865244,
    "SPY": 1.9164971823607135
  },
  "start_equity": 10000.0,
  "bh_units": {
    "ETHUSDT": 1.3908205841446453,
    "SOLUSDT": 32.04306588054345,
    "BTCUSDT": 0.03895415874598772,
    "XRPUSDT": 2254.059561269847
  }
}