{
  "cash": 16265.082210281917,
  "units": {
    "ETHUSDT": -0.6373993053268004,
    "SOLUSDT": 0.0,
    "BTCUSDT": 0.0,
    "XRPUSDT": -1078.729073128866,
    "AAPL": 0.0,
    "GOLD": -0.2954488575987922,
    "NIFTY": -0.04947348235745114,
    "RELIANCE": -0.9161848378390689,
    "EURUSD": -1041.6731339372784,
    "SENSEX": -0.01537498902420533,
    "NASDAQ": 0.0,
    "SPY": 0.0
  },
  "start_equity": 10000.0,
  "bh_units": {
    "ETHUSDT": 1.3908205841446453,
    "SOLUSDT": 32.04306588054345,
    "BTCUSDT": 0.03895415874598772,
    "XRPUSDT": 2254.059561269847
  }
}