{
  "cash": 11456.983064521091,
  "units": {
    "ETHUSDT": -0.8279329709283082,
    "SOLUSDT": 0.0,
    "BTCUSDT": -0.023355438862372166,
    "XRPUSDT": 1361.535363407592
  },
  "start_equity": 10000.0,
  "bh_units": {
    "ETHUSDT": 1.3908205841446453,
    "SOLUSDT": 32.04306588054345,
    "BTCUSDT": 0.03895415874598772,
    "XRPUSDT": 2254.059561269847
  }
}