{
  "cash": 16287.9975171838,
  "units": {
    "ETHUSDT": -0.8786386164946257,
    "SOLUSDT": -21.832769353632973,
    "BTCUSDT": -0.02566683125486882,
    "XRPUSDT": -1484.0660707515153,
    "AAPL": 0.0,
    "GOLD": 0.40777609048553903,
    "NIFTY": 0.0,
    "RELIANCE": 0.0,
    "EURUSD": 0.0,
    "SENSEX": 0.0,
    "NASDAQ": 0.0,
    "SPY": 0.0
  },
  "start_equity": 10000.0,
  "bh_units": {
    "ETHUSDT": 1.3908205841446453,
    "SOLUSDT": 32.04306588054345,
    "BTCUSDT": 0.03895415874598772,
    "XRPUSDT": 2254.059561269847
  }
}