{
  "cash": 7198.049665467622,
  "units": {
    "ETHUSDT": 0.0,
    "SOLUSDT": -19.906277094893095,
    "BTCUSDT": 0.023578226097971607,
    "XRPUSDT": 1388.7308626378565,
    "AAPL": 4.751587637426595,
    "GOLD": 0.38430235812228547,
    "NIFTY": 0.0,
    "RELIANCE": 0.0,
    "EURUSD": 1351.3185650947312,
    "SENSEX": 0.0,
    "NASDAQ": -0.060221157002731576,
    "SPY": -2.074005346701567
  },
  "start_equity": 10000.0,
  "bh_units": {
    "ETHUSDT": 1.3908205841446453,
    "SOLUSDT": 32.04306588054345,
    "BTCUSDT": 0.03895415874598772,
    "XRPUSDT": 2254.059561269847
  }
}