{
  "cash": 5363.241112614413,
  "units": {
    "ETHUSDT": -0.778556193445313,
    "SOLUSDT": 18.907937023183962,
    "BTCUSDT": 0.0228969195580558,
    "XRPUSDT": 1327.5018942683694,
    "AAPL": 0.0,
    "GOLD": 0.0,
    "NIFTY": 0.0,
    "RELIANCE": 0.0,
    "EURUSD": 1277.3134440615936,
    "SENSEX": 0.0
  },
  "start_equity": 10000.0,
  "bh_units": {
    "ETHUSDT": 1.3908205841446453,
    "SOLUSDT": 32.04306588054345,
    "BTCUSDT": 0.03895415874598772,
    "XRPUSDT": 2254.059561269847
  }
}