{
  "cash": 5584.537420692776,
  "units": {
    "ETHUSDT": 0.636536628413227,
    "SOLUSDT": 15.424529330776187,
    "BTCUSDT": -0.018472775307789676,
    "XRPUSDT": -1080.995860112559,
    "AAPL": 0.0,
    "GOLD": 0.2947701019721795,
    "NIFTY": 0.0,
    "RELIANCE": 0.0,
    "EURUSD": 1046.6452221652955,
    "SENSEX": 0.0,
    "NASDAQ": 0.0,
    "SPY": 0.0
  },
  "start_equity": 10000.0,
  "bh_units": {
    "ETHUSDT": 1.3908205841446453,
    "SOLUSDT": 32.04306588054345,
    "BTCUSDT": 0.03895415874598772,
    "XRPUSDT": 2254.059561269847
  }
}