{
  "cash": 776.8628314012061,
  "units": {
    "ETHUSDT": 0.6196821980277323,
    "SOLUSDT": 15.365257439029712,
    "BTCUSDT": 0.018248831292378066,
    "XRPUSDT": 1057.654210629949,
    "AAPL": 0.0,
    "GOLD": 0.0,
    "NIFTY": 0.0486132150552811,
    "RELIANCE": 0.8988316022033493,
    "EURUSD": 1021.136006931333,
    "SENSEX": -0.015160265750163162,
    "NASDAQ": 0.0,
    "SPY": 0.0
  },
  "start_equity": 10000.0,
  "bh_units": {
    "ETHUSDT": 1.3908205841446453,
    "SOLUSDT": 32.04306588054345,
    "BTCUSDT": 0.03895415874598772,
    "XRPUSDT": 2254.059561269847
  }
}