{
  "cash": 12879.606062447347,
  "units": {
    "ETHUSDT": -0.8330204533172464,
    "SOLUSDT": -19.40596093912206,
    "BTCUSDT": -0.023572186354476447,
    "XRPUSDT": 1378.694407434728
  },
  "start_equity": 10000.0,
  "bh_units": {
    "ETHUSDT": 1.3908205841446453,
    "SOLUSDT": 32.04306588054345,
    "BTCUSDT": 0.03895415874598772,
    "XRPUSDT": 2254.059561269847
  }
}