{
  "cash": 6855.661328968357,
  "units": {
    "ETHUSDT": -0.825493472351001,
    "SOLUSDT": -19.580859153620946,
    "BTCUSDT": 0.0,
    "XRPUSDT": 1375.3975192842456,
    "AAPL": 0.0,
    "GOLD": 0.36428037963343796,
    "NIFTY": 0.061003359526402616,
    "RELIANCE": 1.1280751358557242
  },
  "start_equity": 10000.0,
  "bh_units": {
    "ETHUSDT": 1.3908205841446453,
    "SOLUSDT": 32.04306588054345,
    "BTCUSDT": 0.03895415874598772,
    "XRPUSDT": 2254.059561269847
  }
}