{
  "cash": 5603.5837941451055,
  "units": {
    "ETHUSDT": 0.7908899242924309,
    "SOLUSDT": 19.481620488971238,
    "BTCUSDT": 0.02321683730155485,
    "XRPUSDT": 1350.2913558418074,
    "AAPL": 0.0,
    "GOLD": -0.3751537955823233,
    "NIFTY": -0.06329030637884886,
    "RELIANCE": -1.1692546629379499,
    "EURUSD": 1338.1470031400981,
    "SENSEX": 0.019735517634253692,
    "NASDAQ": 0.0,
    "SPY": 0.0
  },
  "start_equity": 10000.0,
  "bh_units": {
    "ETHUSDT": 1.3908205841446453,
    "SOLUSDT": 32.04306588054345,
    "BTCUSDT": 0.03895415874598772,
    "XRPUSDT": 2254.059561269847
  }
}