{
  "cash": 792.8010658403572,
  "units": {
    "ETHUSDT": 0.6322675758997428,
    "SOLUSDT": 15.225953082889692,
    "BTCUSDT": 0.018355370180931484,
    "XRPUSDT": 1073.3471482733016,
    "AAPL": 0.0,
    "GOLD": 0.0,
    "NIFTY": 0.0,
    "RELIANCE": 0.9126245079085797,
    "EURUSD": 1041.222684833236,
    "SENSEX": 0.0,
    "NASDAQ": 0.0,
    "SPY": 0.0
  },
  "start_equity": 10000.0,
  "bh_units": {
    "ETHUSDT": 1.3908205841446453,
    "SOLUSDT": 32.04306588054345,
    "BTCUSDT": 0.03895415874598772,
    "XRPUSDT": 2254.059561269847
  }
}