{
  "cash": 6954.498719559866,
  "units": {
    "ETHUSDT": 0.8389157226832595,
    "SOLUSDT": 0.0,
    "BTCUSDT": 0.02374332653189743,
    "XRPUSDT": 0.0
  },
  "start_equity": 10000.0,
  "bh_units": {
    "ETHUSDT": 1.3908205841446453,
    "SOLUSDT": 32.04306588054345,
    "BTCUSDT": 0.03895415874598772,
    "XRPUSDT": 2254.059561269847
  }
}