{
  "cash": 12888.689962754626,
  "units": {
    "ETHUSDT": -0.83501218668022,
    "SOLUSDT": 19.46285439703536,
    "BTCUSDT": -0.023626288100364955,
    "XRPUSDT": -1379.5644713563872
  },
  "start_equity": 10000.0,
  "bh_units": {
    "ETHUSDT": 1.3908205841446453,
    "SOLUSDT": 32.04306588054345,
    "BTCUSDT": 0.03895415874598772,
    "XRPUSDT": 2254.059561269847
  }
}