{
  "cash": 15690.589786205664,
  "units": {
    "ETHUSDT": -0.8270980656587245,
    "SOLUSDT": -19.581921056629945,
    "BTCUSDT": -0.023573242572619692,
    "XRPUSDT": -1379.0136962351564,
    "AAPL": 0.0
  },
  "start_equity": 10000.0,
  "bh_units": {
    "ETHUSDT": 1.3908205841446453,
    "SOLUSDT": 32.04306588054345,
    "BTCUSDT": 0.03895415874598772,
    "XRPUSDT": 2254.059561269847
  }
}