{
  "cash": 784.8002758547236,
  "units": {
    "ETHUSDT": 0.6167944315043995,
    "SOLUSDT": 15.346727846722786,
    "BTCUSDT": 0.0,
    "XRPUSDT": 1067.462538470605,
    "AAPL": 3.6162045433025876,
    "GOLD": 0.0,
    "NIFTY": 0.0,
    "RELIANCE": 0.0,
    "EURUSD": 0.0,
    "SENSEX": 0.0,
    "NASDAQ": 0.045083434999118835,
    "SPY": 1.5691485043711417
  },
  "start_equity": 10000.0,
  "bh_units": {
    "ETHUSDT": 1.3908205841446453,
    "SOLUSDT": 32.04306588054345,
    "BTCUSDT": 0.03895415874598772,
    "XRPUSDT": 2254.059561269847
  }
}