{
  "cash": 9529.095302791318,
  "units": {
    "ETHUSDT": -0.6657775242782938,
    "SOLUSDT": 0.0,
    "BTCUSDT": -0.019216304210057582,
    "XRPUSDT": 1134.2853837911891,
    "AAPL": 0.0,
    "GOLD": 0.0,
    "NIFTY": 0.0,
    "RELIANCE": 0.0,
    "EURUSD": 0.0,
    "SENSEX": 0.0,
    "NASDAQ": 0.0,
    "SPY": 0.0
  },
  "start_equity": 10000.0,
  "bh_units": {
    "ETHUSDT": 1.3908205841446453,
    "SOLUSDT": 32.04306588054345,
    "BTCUSDT": 0.03895415874598772,
    "XRPUSDT": 2254.059561269847
  }
}