{
  "cash": 13547.725924199802,
  "units": {
    "ETHUSDT": -0.6890730459288888,
    "SOLUSDT": -17.00950098106506,
    "BTCUSDT": -0.01987293952928491,
    "XRPUSDT": -1171.8946653036796,
    "AAPL": 0.0,
    "GOLD": 0.0,
    "NIFTY": 0.0,
    "RELIANCE": 0.0,
    "EURUSD": 0.0,
    "SENSEX": 0.0,
    "NASDAQ": 0.0,
    "SPY": 0.0
  },
  "start_equity": 10000.0,
  "bh_units": {
    "ETHUSDT": 1.3908205841446453,
    "SOLUSDT": 32.04306588054345,
    "BTCUSDT": 0.03895415874598772,
    "XRPUSDT": 2254.059561269847
  }
}