{
  "cash": 7946.516215950311,
  "units": {
    "ETHUSDT": 0.631728680101352,
    "SOLUSDT": 15.202884107946483,
    "BTCUSDT": 0.018324383500220077,
    "XRPUSDT": 1072.8197319353008,
    "AAPL": 0.0,
    "GOLD": -0.29564513819598426,
    "NIFTY": -0.04930118133015779,
    "RELIANCE": -0.9142944333568367,
    "EURUSD": 0.0,
    "SENSEX": -0.015390062505845535,
    "NASDAQ": 0.0,
    "SPY": 0.0
  },
  "start_equity": 10000.0,
  "bh_units": {
    "ETHUSDT": 1.3908205841446453,
    "SOLUSDT": 32.04306588054345,
    "BTCUSDT": 0.03895415874598772,
    "XRPUSDT": 2254.059561269847
  }
}