{
  "cash": 4127.459463910047,
  "units": {
    "ETHUSDT": 0.6118291953157736,
    "SOLUSDT": 14.993114324300532,
    "BTCUSDT": 0.017580716835504065,
    "XRPUSDT": 1033.2536466048987,
    "AAPL": 3.3685790427849205,
    "GOLD": -0.28043250663600694,
    "NIFTY": 0.0,
    "RELIANCE": 0.0,
    "EURUSD": 0.0,
    "SENSEX": 0.0,
    "NASDAQ": 0.0,
    "SPY": -1.5149632966048012
  },
  "start_equity": 10000.0,
  "bh_units": {
    "ETHUSDT": 1.3908205841446453,
    "SOLUSDT": 32.04306588054345,
    "BTCUSDT": 0.03895415874598772,
    "XRPUSDT": 2254.059561269847
  }
}