{
  "cash": 14621.373856314915,
  "units": {
    "ETHUSDT": -0.8775253385439618,
    "SOLUSDT": 0.0,
    "BTCUSDT": -0.025621634837226036,
    "XRPUSDT": 1487.8018272138847,
    "AAPL": 0.0,
    "GOLD": -0.40961406309713655,
    "NIFTY": 0.07032636260056854,
    "RELIANCE": -1.3096142934610375,
    "EURUSD": -1479.5449575257694,
    "SENSEX": 0.021983939529687888,
    "NASDAQ": 0.0,
    "SPY": 0.0
  },
  "start_equity": 10000.0,
  "bh_units": {
    "ETHUSDT": 1.3908205841446453,
    "SOLUSDT": 32.04306588054345,
    "BTCUSDT": 0.03895415874598772,
    "XRPUSDT": 2254.059561269847
  }
}