{
  "cash": 11653.739269180523,
  "units": {
    "ETHUSDT": -0.6418667121596132,
    "SOLUSDT": 15.576938450627171,
    "BTCUSDT": -0.01858667908228207,
    "XRPUSDT": -1085.6607322274385,
    "AAPL": 0.0,
    "GOLD": -0.2973126230892446,
    "NIFTY": 0.0,
    "RELIANCE": 0.0,
    "EURUSD": 0.0,
    "SENSEX": 0.0,
    "NASDAQ": 0.0,
    "SPY": 0.0
  },
  "start_equity": 10000.0,
  "bh_units": {
    "ETHUSDT": 1.3908205841446453,
    "SOLUSDT": 32.04306588054345,
    "BTCUSDT": 0.03895415874598772,
    "XRPUSDT": 2254.059561269847
  }
}