{
  "cash": -579.6604605379367,
  "units": {
    "ETHUSDT": 0.9000857959123199,
    "SOLUSDT": 22.24670735290783,
    "BTCUSDT": 0.026081977812243043,
    "XRPUSDT": 1503.7026369115076,
    "AAPL": 5.270227517018367,
    "GOLD": 0.0,
    "NIFTY": 0.0,
    "RELIANCE": 0.0,
    "EURUSD": 1521.5172703246199,
    "SENSEX": 0.0,
    "NASDAQ": 0.0,
    "SPY": 2.320648350611392
  },
  "start_equity": 10000.0,
  "bh_units": {
    "ETHUSDT": 1.3908205841446453,
    "SOLUSDT": 32.04306588054345,
    "BTCUSDT": 0.03895415874598772,
    "XRPUSDT": 2254.059561269847
  }
}