{
  "cash": 11223.883510669955,
  "units": {
    "ETHUSDT": 0.0,
    "SOLUSDT": -19.570402624810647,
    "BTCUSDT": -0.02344501658878164,
    "XRPUSDT": 0.0,
    "AAPL": 0.0,
    "GOLD": 0.3639365556439943,
    "NIFTY": 0.06086097863478613,
    "RELIANCE": 1.1322908220353072,
    "EURUSD": -1284.8387303456514,
    "SENSEX": -0.019021115501802677
  },
  "start_equity": 10000.0,
  "bh_units": {
    "ETHUSDT": 1.3908205841446453,
    "SOLUSDT": 32.04306588054345,
    "BTCUSDT": 0.03895415874598772,
    "XRPUSDT": 2254.059561269847
  }
}