{
  "cash": 5885.192480715874,
  "units": {
    "ETHUSDT": 0.6847178353168124,
    "SOLUSDT": -16.87333836080419,
    "BTCUSDT": 0.019674461521810092,
    "XRPUSDT": 1160.177837246095,
    "AAPL": 0.0,
    "GOLD": 0.0,
    "NIFTY": 0.0,
    "RELIANCE": 0.0,
    "EURUSD": 0.0,
    "SENSEX": 0.0,
    "NASDAQ": 0.0,
    "SPY": 0.0
  },
  "start_equity": 10000.0,
  "bh_units": {
    "ETHUSDT": 1.3908205841446453,
    "SOLUSDT": 32.04306588054345,
    "BTCUSDT": 0.03895415874598772,
    "XRPUSDT": 2254.059561269847
  }
}