{
  "cash": 12895.48583171073,
  "units": {
    "ETHUSDT": -0.832228216152749,
    "SOLUSDT": 19.43242559304558,
    "BTCUSDT": -0.02362973570581556,
    "XRPUSDT": -1377.710231997389
  },
  "start_equity": 10000.0,
  "bh_units": {
    "ETHUSDT": 1.3908205841446453,
    "SOLUSDT": 32.04306588054345,
    "BTCUSDT": 0.03895415874598772,
    "XRPUSDT": 2254.059561269847
  }
}