{
  "cash": 11771.468046871594,
  "units": {
    "ETHUSDT": -0.797482531548864,
    "SOLUSDT": -19.645873542261437,
    "BTCUSDT": 0.023443841891693323,
    "XRPUSDT": -1365.334778210813,
    "AAPL": 0.0,
    "GOLD": 0.37928663018998066,
    "NIFTY": 0.06333668076532162,
    "RELIANCE": -1.1665483386007152,
    "EURUSD": 1345.5771305793814,
    "SENSEX": -0.01977731337980866,
    "NASDAQ": 0.0,
    "SPY": 0.0
  },
  "start_equity": 10000.0,
  "bh_units": {
    "ETHUSDT": 1.3908205841446453,
    "SOLUSDT": 32.04306588054345,
    "BTCUSDT": 0.03895415874598772,
    "XRPUSDT": 2254.059561269847
  }
}