{
  "cash": 4079.2887406266937,
  "units": {
    "ETHUSDT": 0.0,
    "SOLUSDT": 19.458255591539142,
    "BTCUSDT": 0.02324251089131751,
    "XRPUSDT": 1350.1191539531037,
    "AAPL": 0.0,
    "GOLD": 0.3748274498159645,
    "NIFTY": 0.0,
    "RELIANCE": -1.1688321622123778,
    "EURUSD": 1339.7236262999518,
    "SENSEX": 0.0,
    "NASDAQ": 0.0,
    "SPY": 0.0
  },
  "start_equity": 10000.0,
  "bh_units": {
    "ETHUSDT": 1.3908205841446453,
    "SOLUSDT": 32.04306588054345,
    "BTCUSDT": 0.03895415874598772,
    "XRPUSDT": 2254.059561269847
  }
}