{
  "cash": 10270.28490325504,
  "units": {
    "ETHUSDT": 0.8092972271014833,
    "SOLUSDT": 19.78270570405795,
    "BTCUSDT": 0.0,
    "XRPUSDT": -1382.6441006217724,
    "AAPL": 4.722057433097032,
    "GOLD": 0.0,
    "NIFTY": 0.0,
    "RELIANCE": 0.0,
    "EURUSD": 0.0,
    "SENSEX": 0.0,
    "NASDAQ": -0.06021330471603837,
    "SPY": -2.073008551029728
  },
  "start_equity": 10000.0,
  "bh_units": {
    "ETHUSDT": 1.3908205841446453,
    "SOLUSDT": 32.04306588054345,
    "BTCUSDT": 0.03895415874598772,
    "XRPUSDT": 2254.059561269847
  }
}