{
  "cash": 9799.681020301481,
  "units": {
    "ETHUSDT": 0.8244726658818304,
    "SOLUSDT": -19.531654477819764,
    "BTCUSDT": 0.02353580626362104,
    "XRPUSDT": -1380.2109969772544,
    "AAPL": 0.0
  },
  "start_equity": 10000.0,
  "bh_units": {
    "ETHUSDT": 1.3908205841446453,
    "SOLUSDT": 32.04306588054345,
    "BTCUSDT": 0.03895415874598772,
    "XRPUSDT": 2254.059561269847
  }
}