{
  "cash": 17512.329328300075,
  "units": {
    "ETHUSDT": -0.6381023635881465,
    "SOLUSDT": -15.382516594343134,
    "BTCUSDT": -0.018478919922299795,
    "XRPUSDT": -1084.9844751718203,
    "AAPL": 0.0,
    "GOLD": -0.2959906710338235,
    "NIFTY": -0.049356756208375055,
    "RELIANCE": -0.9163173443975271,
    "EURUSD": -1043.8328349815188,
    "SENSEX": 0.0,
    "NASDAQ": 0.0,
    "SPY": 0.0
  },
  "start_equity": 10000.0,
  "bh_units": {
    "ETHUSDT": 1.3908205841446453,
    "SOLUSDT": 32.04306588054345,
    "BTCUSDT": 0.03895415874598772,
    "XRPUSDT": 2254.059561269847
  }
}