{
  "cash": 6703.761073641536,
  "units": {
    "ETHUSDT": 0.0,
    "SOLUSDT": 15.181971775184959,
    "BTCUSDT": 0.0,
    "XRPUSDT": -1053.6840464017553,
    "AAPL": 3.638650534607267,
    "GOLD": -0.2923938083400868,
    "NIFTY": 0.0,
    "RELIANCE": 0.0,
    "EURUSD": 0.0,
    "SENSEX": 0.0,
    "NASDAQ": 0.04516754974546643,
    "SPY": 0.0
  },
  "start_equity": 10000.0,
  "bh_units": {
    "ETHUSDT": 1.3908205841446453,
    "SOLUSDT": 32.04306588054345,
    "BTCUSDT": 0.03895415874598772,
    "XRPUSDT": 2254.059561269847
  }
}