{
  "cash": 1982.7263824305066,
  "units": {
    "ETHUSDT": 0.6345694234127989,
    "SOLUSDT": 15.246064143681432,
    "BTCUSDT": 0.01839770348587625,
    "XRPUSDT": 1078.2748415424082,
    "AAPL": 0.0,
    "GOLD": 0.0,
    "NIFTY": 0.0,
    "RELIANCE": 0.0,
    "EURUSD": 1041.4058319744647,
    "SENSEX": 0.0,
    "NASDAQ": 0.0,
    "SPY": 0.0
  },
  "start_equity": 10000.0,
  "bh_units": {
    "ETHUSDT": 1.3908205841446453,
    "SOLUSDT": 32.04306588054345,
    "BTCUSDT": 0.03895415874598772,
    "XRPUSDT": 2254.059561269847
  }
}