{
  "cash": 11170.137122172579,
  "units": {
    "ETHUSDT": 0.0,
    "SOLUSDT": -19.343749488621235,
    "BTCUSDT": -0.023208062958539784,
    "XRPUSDT": -1359.980446286224,
    "AAPL": 0.0,
    "GOLD": 0.3609881209378778,
    "NIFTY": 0.0,
    "RELIANCE": 0.0,
    "EURUSD": 1277.2062836163007,
    "SENSEX": 0.0
  },
  "start_equity": 10000.0,
  "bh_units": {
    "ETHUSDT": 1.3908205841446453,
    "SOLUSDT": 32.04306588054345,
    "BTCUSDT": 0.03895415874598772,
    "XRPUSDT": 2254.059561269847
  }
}