{
  "cash": 7063.077243956887,
  "units": {
    "ETHUSDT": -0.6706851827468633,
    "SOLUSDT": 0.0,
    "BTCUSDT": 0.019257461465368764,
    "XRPUSDT": 1139.7208432261639,
    "AAPL": 0.0,
    "GOLD": 0.0,
    "NIFTY": 0.0,
    "RELIANCE": 0.0,
    "EURUSD": 0.0,
    "SENSEX": 0.0,
    "NASDAQ": 0.0,
    "SPY": 0.0
  },
  "start_equity": 10000.0,
  "bh_units": {
    "ETHUSDT": 1.3908205841446453,
    "SOLUSDT": 32.04306588054345,
    "BTCUSDT": 0.03895415874598772,
    "XRPUSDT": 2254.059561269847
  }
}