{
  "cash": 6266.432520066127,
  "units": {
    "ETHUSDT": 0.8853646507984673,
    "SOLUSDT": 21.888716901253616,
    "BTCUSDT": 0.0,
    "XRPUSDT": -1499.721653953773,
    "AAPL": 0.0,
    "GOLD": 0.4127284676299143,
    "NIFTY": 0.0,
    "RELIANCE": 0.0,
    "EURUSD": 1498.1840844347353,
    "SENSEX": 0.0,
    "NASDAQ": 0.0,
    "SPY": 0.0
  },
  "start_equity": 10000.0,
  "bh_units": {
    "ETHUSDT": 1.3908205841446453,
    "SOLUSDT": 32.04306588054345,
    "BTCUSDT": 0.03895415874598772,
    "XRPUSDT": 2254.059561269847
  }
}