{
  "cash": 14502.30478783921,
  "units": {
    "ETHUSDT": -0.6188417329633669,
    "SOLUSDT": -15.253385160611844,
    "BTCUSDT": -0.01802028944920949,
    "XRPUSDT": -1052.325012321368,
    "AAPL": 0.0,
    "GOLD": -0.2871918652875947,
    "NIFTY": 0.0,
    "RELIANCE": 0.0,
    "EURUSD": -1000.5410208472647,
    "SENSEX": 0.0,
    "NASDAQ": 0.0,
    "SPY": 0.0
  },
  "start_equity": 10000.0,
  "bh_units": {
    "ETHUSDT": 1.3908205841446453,
    "SOLUSDT": 32.04306588054345,
    "BTCUSDT": 0.03895415874598772,
    "XRPUSDT": 2254.059561269847
  }
}