{
  "cash": 5583.736119137256,
  "units": {
    "ETHUSDT": 0.0,
    "SOLUSDT": 15.419010301635408,
    "BTCUSDT": 0.01847985542815741,
    "XRPUSDT": -1080.8335812100013,
    "AAPL": 0.0,
    "GOLD": 0.0,
    "NIFTY": 0.0,
    "RELIANCE": 0.0,
    "EURUSD": 1045.9963278318976,
    "SENSEX": 0.0,
    "NASDAQ": 0.0,
    "SPY": 0.0
  },
  "start_equity": 10000.0,
  "bh_units": {
    "ETHUSDT": 1.3908205841446453,
    "SOLUSDT": 32.04306588054345,
    "BTCUSDT": 0.03895415874598772,
    "XRPUSDT": 2254.059561269847
  }
}