{
  "cash": 12914.219970965485,
  "units": {
    "ETHUSDT": 0.0,
    "SOLUSDT": -21.70707510025065,
    "BTCUSDT": 0.025531543789211814,
    "XRPUSDT": 1481.5200911661643,
    "AAPL": 0.0,
    "GOLD": -0.40882808077098376,
    "NIFTY": 0.0,
    "RELIANCE": 0.0,
    "EURUSD": -1477.2077584442006,
    "SENSEX": 0.0,
    "NASDAQ": 0.0,
    "SPY": 0.0
  },
  "start_equity": 10000.0,
  "bh_units": {
    "ETHUSDT": 1.3908205841446453,
    "SOLUSDT": 32.04306588054345,
    "BTCUSDT": 0.03895415874598772,
    "XRPUSDT": 2254.059561269847
  }
}