{
  "cash": 16484.01535180305,
  "units": {
    "ETHUSDT": -0.8288977597756007,
    "SOLUSDT": -20.21990100988251,
    "BTCUSDT": -0.02401558923369922,
    "XRPUSDT": -1415.2671868870557,
    "AAPL": -4.7013729689948835,
    "GOLD": 0.0,
    "NIFTY": 0.0,
    "RELIANCE": 0.0,
    "EURUSD": -1353.4816847960055,
    "SENSEX": 0.0,
    "NASDAQ": 0.06013290418016358,
    "SPY": 2.0708008683494774
  },
  "start_equity": 10000.0,
  "bh_units": {
    "ETHUSDT": 1.3908205841446453,
    "SOLUSDT": 32.04306588054345,
    "BTCUSDT": 0.03895415874598772,
    "XRPUSDT": 2254.059561269847
  }
}