{
  "cash": 787.9634386461987,
  "units": {
    "ETHUSDT": 0.6161378335279792,
    "SOLUSDT": 15.34116129826275,
    "BTCUSDT": -0.01823695085003318,
    "XRPUSDT": 1066.7351606999862,
    "AAPL": 3.614424445111309,
    "GOLD": 0.2912348396540666,
    "NIFTY": 0.0,
    "RELIANCE": 0.0,
    "EURUSD": 0.0,
    "SENSEX": 0.0,
    "NASDAQ": 0.04506124241013844,
    "SPY": 1.568241021944534
  },
  "start_equity": 10000.0,
  "bh_units": {
    "ETHUSDT": 1.3908205841446453,
    "SOLUSDT": 32.04306588054345,
    "BTCUSDT": 0.03895415874598772,
    "XRPUSDT": 2254.059561269847
  }
}