{
  "cash": 5718.300572916781,
  "units": {
    "ETHUSDT": 0.0,
    "SOLUSDT": 16.132855424174192,
    "BTCUSDT": -0.0189761566038756,
    "XRPUSDT": 1119.3528596115857,
    "AAPL": 0.0,
    "GOLD": 0.0,
    "NIFTY": 0.0,
    "RELIANCE": 0.9223457454654678,
    "EURUSD": 0.0,
    "SENSEX": 0.0,
    "NASDAQ": 0.0,
    "SPY": 0.0
  },
  "start_equity": 10000.0,
  "bh_units": {
    "ETHUSDT": 1.3908205841446453,
    "SOLUSDT": 32.04306588054345,
    "BTCUSDT": 0.03895415874598772,
    "XRPUSDT": 2254.059561269847
  }
}