{
  "cash": 13056.051402216868,
  "units": {
    "ETHUSDT": 0.8888120274436973,
    "SOLUSDT": 22.05344705587579,
    "BTCUSDT": 0.0,
    "XRPUSDT": -1504.4320655996378,
    "AAPL": 0.0,
    "GOLD": -0.4133583077958325,
    "NIFTY": -0.07098436470450811,
    "RELIANCE": 0.0,
    "EURUSD": 0.0,
    "SENSEX": 0.0,
    "NASDAQ": 0.0,
    "SPY": 0.0
  },
  "start_equity": 10000.0,
  "bh_units": {
    "ETHUSDT": 1.3908205841446453,
    "SOLUSDT": 32.04306588054345,
    "BTCUSDT": 0.03895415874598772,
    "XRPUSDT": 2254.059561269847
  }
}