{
  "cash": 12020.373961969563,
  "units": {
    "ETHUSDT": -0.6108819145165048,
    "SOLUSDT": -14.970988896008231,
    "BTCUSDT": 0.017571462668446648,
    "XRPUSDT": -1031.272687759873,
    "AAPL": 3.4079298831931264,
    "GOLD": -0.28055463993714364,
    "NIFTY": 0.0,
    "RELIANCE": 0.0,
    "EURUSD": 0.0,
    "SENSEX": 0.0,
    "NASDAQ": -0.04396608737944314,
    "SPY": -1.511799168443821
  },
  "start_equity": 10000.0,
  "bh_units": {
    "ETHUSDT": 1.3908205841446453,
    "SOLUSDT": 32.04306588054345,
    "BTCUSDT": 0.03895415874598772,
    "XRPUSDT": 2254.059561269847
  }
}