{
  "cash": 10146.851545150867,
  "units": {
    "ETHUSDT": -0.6190140460244943,
    "SOLUSDT": 0.0,
    "BTCUSDT": 0.018298593052975987,
    "XRPUSDT": 1062.5664435470094,
    "AAPL": 0.0,
    "GOLD": 0.28998414261371835,
    "NIFTY": -0.04866412467520316,
    "RELIANCE": -0.9005745035071014,
    "EURUSD": -1021.0385153993141,
    "SENSEX": -0.015136705768943276,
    "NASDAQ": 0.0,
    "SPY": 0.0
  },
  "start_equity": 10000.0,
  "bh_units": {
    "ETHUSDT": 1.3908205841446453,
    "SOLUSDT": 32.04306588054345,
    "BTCUSDT": 0.03895415874598772,
    "XRPUSDT": 2254.059561269847
  }
}