{
  "cash": 11529.299796162397,
  "units": {
    "ETHUSDT": 0.0,
    "SOLUSDT": -15.328221742239172,
    "BTCUSDT": -0.018448288898487247,
    "XRPUSDT": -1082.258779844759,
    "AAPL": 0.0,
    "GOLD": -0.2958231249252318,
    "NIFTY": 0.0,
    "RELIANCE": 0.0,
    "EURUSD": 1042.6459519301472,
    "SENSEX": 0.0,
    "NASDAQ": 0.0,
    "SPY": 0.0
  },
  "start_equity": 10000.0,
  "bh_units": {
    "ETHUSDT": 1.3908205841446453,
    "SOLUSDT": 32.04306588054345,
    "BTCUSDT": 0.03895415874598772,
    "XRPUSDT": 2254.059561269847
  }
}