{
  "cash": 6483.821414667111,
  "units": {
    "ETHUSDT": 0.0,
    "SOLUSDT": -15.104401949165705,
    "BTCUSDT": -0.01782799233489194,
    "XRPUSDT": 1044.2957702802578,
    "AAPL": 0.0,
    "GOLD": -0.28755115223698025,
    "NIFTY": 0.0,
    "RELIANCE": 0.0,
    "EURUSD": 1000.5362822221099,
    "SENSEX": 0.0,
    "NASDAQ": 0.044235994600667426,
    "SPY": 1.5249859048000858
  },
  "start_equity": 10000.0,
  "bh_units": {
    "ETHUSDT": 1.3908205841446453,
    "SOLUSDT": 32.04306588054345,
    "BTCUSDT": 0.03895415874598772,
    "XRPUSDT": 2254.059561269847
  }
}