{
  "cash": 786.4115220619387,
  "units": {
    "ETHUSDT": 0.6238422551811657,
    "SOLUSDT": 15.21113243484289,
    "BTCUSDT": 0.018213901340570774,
    "XRPUSDT": 1061.6524950698988,
    "AAPL": 0.0,
    "GOLD": 0.2908198117257695,
    "NIFTY": 0.0,
    "RELIANCE": 0.0,
    "EURUSD": 1032.6738337757733,
    "SENSEX": 0.0,
    "NASDAQ": 0.0,
    "SPY": 0.0
  },
  "start_equity": 10000.0,
  "bh_units": {
    "ETHUSDT": 1.3908205841446453,
    "SOLUSDT": 32.04306588054345,
    "BTCUSDT": 0.03895415874598772,
    "XRPUSDT": 2254.059561269847
  }
}