{
  "cash": 3161.2300919202457,
  "units": {
    "ETHUSDT": -0.6155782366133709,
    "SOLUSDT": -15.251439209322408,
    "BTCUSDT": 0.018275615674301596,
    "XRPUSDT": 0.0,
    "AAPL": 3.625483380658999,
    "GOLD": 0.29167248535802714,
    "NIFTY": 0.0,
    "RELIANCE": 0.0,
    "EURUSD": 1033.989123398574,
    "SENSEX": 0.0,
    "NASDAQ": 0.04519250677387469,
    "SPY": 1.57323231456384
  },
  "start_equity": 10000.0,
  "bh_units": {
    "ETHUSDT": 1.3908205841446453,
    "SOLUSDT": 32.04306588054345,
    "BTCUSDT": 0.03895415874598772,
    "XRPUSDT": 2254.059561269847
  }
}