{
  "cash": 7974.761986169393,
  "units": {
    "ETHUSDT": -0.6402280799571545,
    "SOLUSDT": 15.439336856574199,
    "BTCUSDT": 0.018504566044110722,
    "XRPUSDT": -1083.1802167601625,
    "AAPL": 0.0,
    "GOLD": -0.29501990309371307,
    "NIFTY": 0.0,
    "RELIANCE": 0.0,
    "EURUSD": 1045.9820012379216,
    "SENSEX": 0.0,
    "NASDAQ": 0.0,
    "SPY": 0.0
  },
  "start_equity": 10000.0,
  "bh_units": {
    "ETHUSDT": 1.3908205841446453,
    "SOLUSDT": 32.04306588054345,
    "BTCUSDT": 0.03895415874598772,
    "XRPUSDT": 2254.059561269847
  }
}