{
  "cash": 3913.187572269664,
  "units": {
    "ETHUSDT": 0.8257068264264914,
    "SOLUSDT": 19.57900162675331,
    "BTCUSDT": 0.02354770968139479,
    "XRPUSDT": 1379.9569041989475,
    "AAPL": 0.0
  },
  "start_equity": 10000.0,
  "bh_units": {
    "ETHUSDT": 1.3908205841446453,
    "SOLUSDT": 32.04306588054345,
    "BTCUSDT": 0.03895415874598772,
    "XRPUSDT": 2254.059561269847
  }
}