{
  "cash": 11650.412034777095,
  "units": {
    "ETHUSDT": -0.7842919692721209,
    "SOLUSDT": 0.0,
    "BTCUSDT": 0.022927477637490003,
    "XRPUSDT": -1343.1541372593106,
    "AAPL": 0.0,
    "GOLD": 0.37313500450262027,
    "NIFTY": 0.0,
    "RELIANCE": 0.0,
    "EURUSD": -1330.3996979198535,
    "SENSEX": 0.0,
    "NASDAQ": 0.0,
    "SPY": 0.0
  },
  "start_equity": 10000.0,
  "bh_units": {
    "ETHUSDT": 1.3908205841446453,
    "SOLUSDT": 32.04306588054345,
    "BTCUSDT": 0.03895415874598772,
    "XRPUSDT": 2254.059561269847
  }
}