{
  "cash": 5659.481661041564,
  "units": {
    "ETHUSDT": -0.6463158389514304,
    "SOLUSDT": 15.788921236928317,
    "BTCUSDT": -0.018717542909749106,
    "XRPUSDT": 1101.786156397656,
    "AAPL": 0.0,
    "GOLD": 0.30206158066414207,
    "NIFTY": 0.0,
    "RELIANCE": 0.0,
    "EURUSD": 1059.537864938375,
    "SENSEX": 0.0,
    "NASDAQ": 0.0,
    "SPY": 0.0
  },
  "start_equity": 10000.0,
  "bh_units": {
    "ETHUSDT": 1.3908205841446453,
    "SOLUSDT": 32.04306588054345,
    "BTCUSDT": 0.03895415874598772,
    "XRPUSDT": 2254.059561269847
  }
}