{
  "cash": 7577.199844760175,
  "units": {
    "ETHUSDT": 0.6209547771816795,
    "SOLUSDT": -15.232315980912142,
    "BTCUSDT": -0.01807461950970564,
    "XRPUSDT": 1045.5637383223527,
    "AAPL": 0.0,
    "GOLD": 0.284095537282971,
    "NIFTY": 0.04675006117614302,
    "RELIANCE": -0.8600653414833156,
    "EURUSD": 0.0,
    "SENSEX": -0.014552467210338139,
    "NASDAQ": 0.0,
    "SPY": 0.0
  },
  "start_equity": 10000.0,
  "bh_units": {
    "ETHUSDT": 1.3908205841446453,
    "SOLUSDT": 32.04306588054345,
    "BTCUSDT": 0.03895415874598772,
    "XRPUSDT": 2254.059561269847
  }
}