{
  "cash": 3161.0507087186115,
  "units": {
    "ETHUSDT": -0.6148385513383592,
    "SOLUSDT": 0.0,
    "BTCUSDT": 0.018225733338963074,
    "XRPUSDT": 0.0,
    "AAPL": 0.0,
    "GOLD": 0.29112491443456,
    "NIFTY": 0.0,
    "RELIANCE": 0.0,
    "EURUSD": 1032.960900667503,
    "SENSEX": 0.0,
    "NASDAQ": 0.04511509615789007,
    "SPY": 1.571126454371919
  },
  "start_equity": 10000.0,
  "bh_units": {
    "ETHUSDT": 1.3908205841446453,
    "SOLUSDT": 32.04306588054345,
    "BTCUSDT": 0.03895415874598772,
    "XRPUSDT": 2254.059561269847
  }
}