{
  "cash": 12642.667260924038,
  "units": {
    "ETHUSDT": 0.0,
    "SOLUSDT": -15.342678774814832,
    "BTCUSDT": -0.018258005127363117,
    "XRPUSDT": -1066.631388098592,
    "AAPL": -3.6389354766258695,
    "GOLD": -0.29223249579223576,
    "NIFTY": 0.0,
    "RELIANCE": 0.0,
    "EURUSD": -1033.8613315862406,
    "SENSEX": 0.0,
    "NASDAQ": 0.0451780505068028,
    "SPY": 1.5720899987136385
  },
  "start_equity": 10000.0,
  "bh_units": {
    "ETHUSDT": 1.3908205841446453,
    "SOLUSDT": 32.04306588054345,
    "BTCUSDT": 0.03895415874598772,
    "XRPUSDT": 2254.059561269847
  }
}