{
  "cash": 16214.137689463902,
  "units": {
    "ETHUSDT": -0.6172454978068171,
    "SOLUSDT": -15.296261704706005,
    "BTCUSDT": -0.018293443216016475,
    "XRPUSDT": -1065.634757226678,
    "AAPL": 0.0,
    "GOLD": 0.0,
    "NIFTY": 0.0,
    "RELIANCE": 0.0,
    "EURUSD": -1034.194212877229,
    "SENSEX": 0.0,
    "NASDAQ": -0.04530169454200228,
    "SPY": -1.5751736036667392
  },
  "start_equity": 10000.0,
  "bh_units": {
    "ETHUSDT": 1.3908205841446453,
    "SOLUSDT": 32.04306588054345,
    "BTCUSDT": 0.03895415874598772,
    "XRPUSDT": 2254.059561269847
  }
}