{
  "cash": 10949.266422473736,
  "units": {
    "ETHUSDT": -0.7622892114715545,
    "SOLUSDT": -18.52120708883252,
    "BTCUSDT": -0.02215572187960785,
    "XRPUSDT": 1277.810084420683,
    "AAPL": 4.528749768329833,
    "GOLD": 0.3518272336887351,
    "NIFTY": 0.0,
    "RELIANCE": 0.0,
    "EURUSD": 0.0,
    "SENSEX": 0.0,
    "NASDAQ": -0.054723591789136494,
    "SPY": 0.0
  },
  "start_equity": 10000.0,
  "bh_units": {
    "ETHUSDT": 1.3908205841446453,
    "SOLUSDT": 32.04306588054345,
    "BTCUSDT": 0.03895415874598772,
    "XRPUSDT": 2254.059561269847
  }
}