{
  "cash": 6815.243414957166,
  "units": {
    "ETHUSDT": -0.7810102096470621,
    "SOLUSDT": 0.0,
    "BTCUSDT": 0.02290223591214242,
    "XRPUSDT": 1330.037329539923,
    "AAPL": -4.641878891024856,
    "GOLD": 0.0,
    "NIFTY": 0.0,
    "RELIANCE": 0.0,
    "EURUSD": 0.0,
    "SENSEX": 0.0,
    "NASDAQ": 0.05606273582780511,
    "SPY": 1.94382037698262
  },
  "start_equity": 10000.0,
  "bh_units": {
    "ETHUSDT": 1.3908205841446453,
    "SOLUSDT": 32.04306588054345,
    "BTCUSDT": 0.03895415874598772,
    "XRPUSDT": 2254.059561269847
  }
}