{
  "cash": 4209.208480300316,
  "units": {
    "ETHUSDT": 0.6120569497317986,
    "SOLUSDT": 15.156811554802367,
    "BTCUSDT": 0.017894343827206286,
    "XRPUSDT": 0.0,
    "AAPL": -3.473636577402146,
    "GOLD": 0.2876020746861262,
    "NIFTY": 0.0,
    "RELIANCE": 0.0,
    "EURUSD": 1003.5658480963357,
    "SENSEX": 0.0,
    "NASDAQ": -0.044218418964452604,
    "SPY": 0.0
  },
  "start_equity": 10000.0,
  "bh_units": {
    "ETHUSDT": 1.3908205841446453,
    "SOLUSDT": 32.04306588054345,
    "BTCUSDT": 0.03895415874598772,
    "XRPUSDT": 2254.059561269847
  }
}