{
  "cash": 12328.2986768516,
  "units": {
    "ETHUSDT": 0.6921780453716834,
    "SOLUSDT": -16.991836749292084,
    "BTCUSDT": -0.019955365362318525,
    "XRPUSDT": -1172.4540741506917,
    "AAPL": 0.0,
    "GOLD": -0.31736022354978194,
    "NIFTY": 0.0,
    "RELIANCE": 0.0,
    "EURUSD": 0.0,
    "SENSEX": 0.0,
    "NASDAQ": 0.0,
    "SPY": 0.0
  },
  "start_equity": 10000.0,
  "bh_units": {
    "ETHUSDT": 1.3908205841446453,
    "SOLUSDT": 32.04306588054345,
    "BTCUSDT": 0.03895415874598772,
    "XRPUSDT": 2254.059561269847
  }
}