{
  "cash": 4460.063542124248,
  "units": {
    "ETHUSDT": 0.6490406753464392,
    "SOLUSDT": 15.900860647220277,
    "BTCUSDT": -0.018790498047866748,
    "XRPUSDT": 1107.0182826861344,
    "AAPL": 0.0,
    "GOLD": 0.0,
    "NIFTY": 0.0,
    "RELIANCE": 0.0,
    "EURUSD": 1064.55385914353,
    "SENSEX": 0.0,
    "NASDAQ": 0.0,
    "SPY": 0.0
  },
  "start_equity": 10000.0,
  "bh_units": {
    "ETHUSDT": 1.3908205841446453,
    "SOLUSDT": 32.04306588054345,
    "BTCUSDT": 0.03895415874598772,
    "XRPUSDT": 2254.059561269847
  }
}