{
  "cash": 3908.10148842071,
  "units": {
    "ETHUSDT": 0.8256554798301218,
    "SOLUSDT": 19.64792166106001,
    "BTCUSDT": 0.023520116782193328,
    "XRPUSDT": 1381.6189421521449,
    "AAPL": 0.0
  },
  "start_equity": 10000.0,
  "bh_units": {
    "ETHUSDT": 1.3908205841446453,
    "SOLUSDT": 32.04306588054345,
    "BTCUSDT": 0.03895415874598772,
    "XRPUSDT": 2254.059561269847
  }
}