{
  "cash": 19435.217011502787,
  "units": {
    "ETHUSDT": -0.7980763385324454,
    "SOLUSDT": -19.663521062662557,
    "BTCUSDT": 0.0,
    "XRPUSDT": -1364.6188451340893,
    "AAPL": 0.0,
    "GOLD": -0.3788803475705363,
    "NIFTY": -0.06339599158585645,
    "RELIANCE": -1.1667740143933896,
    "EURUSD": 1343.8490093092094,
    "SENSEX": -0.019776501040351176,
    "NASDAQ": 0.0,
    "SPY": 0.0
  },
  "start_equity": 10000.0,
  "bh_units": {
    "ETHUSDT": 1.3908205841446453,
    "SOLUSDT": 32.04306588054345,
    "BTCUSDT": 0.03895415874598772,
    "XRPUSDT": 2254.059561269847
  }
}