{
  "cash": 9728.0225093049,
  "units": {
    "ETHUSDT": 0.891704912869958,
    "SOLUSDT": 21.992189319206293,
    "BTCUSDT": -0.02589540981472295,
    "XRPUSDT": -1498.4858097791114,
    "AAPL": 0.0,
    "GOLD": 0.0,
    "NIFTY": 0.0,
    "RELIANCE": 0.0,
    "EURUSD": 1505.0940717668273,
    "SENSEX": 0.0,
    "NASDAQ": 0.0,
    "SPY": 0.0
  },
  "start_equity": 10000.0,
  "bh_units": {
    "ETHUSDT": 1.3908205841446453,
    "SOLUSDT": 32.04306588054345,
    "BTCUSDT": 0.03895415874598772,
    "XRPUSDT": 2254.059561269847
  }
}