{
  "cash": -400.25550323076175,
  "units": {
    "ETHUSDT": 0.6326335254858355,
    "SOLUSDT": 15.2418550955705,
    "BTCUSDT": 0.018389795432310698,
    "XRPUSDT": 1074.7637881196206,
    "AAPL": 0.0,
    "GOLD": 0.2954649287160249,
    "NIFTY": 0.049308032145270166,
    "RELIANCE": 0.9143478416838714,
    "EURUSD": 1042.982936503081,
    "SENSEX": -0.015396025718578257,
    "NASDAQ": 0.0,
    "SPY": 0.0
  },
  "start_equity": 10000.0,
  "bh_units": {
    "ETHUSDT": 1.3908205841446453,
    "SOLUSDT": 32.04306588054345,
    "BTCUSDT": 0.03895415874598772,
    "XRPUSDT": 2254.059561269847
  }
}