{
  "cash": 3941.1984899257604,
  "units": {
    "ETHUSDT": 0.8383628186712664,
    "SOLUSDT": 19.79838999377864,
    "BTCUSDT": 0.023796065192412945,
    "XRPUSDT": 1394.331738667675,
    "AAPL": 0.0
  },
  "start_equity": 10000.0,
  "bh_units": {
    "ETHUSDT": 1.3908205841446453,
    "SOLUSDT": 32.04306588054345,
    "BTCUSDT": 0.03895415874598772,
    "XRPUSDT": 2254.059561269847
  }
}