{
  "cash": 4129.057636143176,
  "units": {
    "ETHUSDT": 0.6168243659266097,
    "SOLUSDT": 0.0,
    "BTCUSDT": 0.01778613940229688,
    "XRPUSDT": 1040.7444254602344,
    "AAPL": -3.4111075482778324,
    "GOLD": 0.28010152223691265,
    "NIFTY": 0.0,
    "RELIANCE": 0.0,
    "EURUSD": -985.0318479994086,
    "SENSEX": 0.0,
    "NASDAQ": 0.0441132646773457,
    "SPY": 0.0
  },
  "start_equity": 10000.0,
  "bh_units": {
    "ETHUSDT": 1.3908205841446453,
    "SOLUSDT": 32.04306588054345,
    "BTCUSDT": 0.03895415874598772,
    "XRPUSDT": 2254.059561269847
  }
}