{
  "cash": 14754.10840942157,
  "units": {
    "ETHUSDT": 0.88885572842915,
    "SOLUSDT": 22.067029981582163,
    "BTCUSDT": 0.025844178822744555,
    "XRPUSDT": -1504.836173311839,
    "AAPL": 0.0,
    "GOLD": -0.41293399461097147,
    "NIFTY": -0.07099875045362687,
    "RELIANCE": 0.0,
    "EURUSD": -1491.7575200445765,
    "SENSEX": -0.02216324304392005,
    "NASDAQ": 0.0,
    "SPY": 0.0
  },
  "start_equity": 10000.0,
  "bh_units": {
    "ETHUSDT": 1.3908205841446453,
    "SOLUSDT": 32.04306588054345,
    "BTCUSDT": 0.03895415874598772,
    "XRPUSDT": 2254.059561269847
  }
}