{
  "cash": 4098.885503901687,
  "units": {
    "ETHUSDT": 0.8023614907209795,
    "SOLUSDT": 19.655804447240158,
    "BTCUSDT": 0.023474097553057124,
    "XRPUSDT": 1376.341037951791,
    "AAPL": 0.0,
    "GOLD": 0.38189368873119345,
    "NIFTY": 0.0,
    "RELIANCE": 0.0,
    "EURUSD": -1346.1936484272032,
    "SENSEX": 0.0,
    "NASDAQ": 0.0,
    "SPY": 0.0
  },
  "start_equity": 10000.0,
  "bh_units": {
    "ETHUSDT": 1.3908205841446453,
    "SOLUSDT": 32.04306588054345,
    "BTCUSDT": 0.03895415874598772,
    "XRPUSDT": 2254.059561269847
  }
}