{
  "cash": 7445.604890913318,
  "units": {
    "ETHUSDT": -0.6074501835760975,
    "SOLUSDT": 14.895932111316808,
    "BTCUSDT": 0.0,
    "XRPUSDT": 1026.9987845895325,
    "AAPL": 0.0,
    "GOLD": 0.0,
    "NIFTY": 0.0,
    "RELIANCE": 0.0,
    "EURUSD": -976.528463266801,
    "SENSEX": 0.0,
    "NASDAQ": 0.0,
    "SPY": 0.0
  },
  "start_equity": 10000.0,
  "bh_units": {
    "ETHUSDT": 1.3908205841446453,
    "SOLUSDT": 32.04306588054345,
    "BTCUSDT": 0.03895415874598772,
    "XRPUSDT": 2254.059561269847
  }
}