{
  "cash": -2729.1281349126,
  "units": {
    "ETHUSDT": 0.6205193556149649,
    "SOLUSDT": 15.369787116001437,
    "BTCUSDT": 0.01824937252415159,
    "XRPUSDT": 1057.343697011171,
    "AAPL": 0.0,
    "GOLD": 0.28948246821831425,
    "NIFTY": 0.048508071113044005,
    "RELIANCE": 0.8973378705449941,
    "EURUSD": 1018.9803070106435,
    "SENSEX": 0.015122049958567127,
    "NASDAQ": 0.0,
    "SPY": 0.0
  },
  "start_equity": 10000.0,
  "bh_units": {
    "ETHUSDT": 1.3908205841446453,
    "SOLUSDT": 32.04306588054345,
    "BTCUSDT": 0.03895415874598772,
    "XRPUSDT": 2254.059561269847
  }
}