{
  "cash": 11627.019444254745,
  "units": {
    "ETHUSDT": 0.782101308116341,
    "SOLUSDT": -19.3861175363892,
    "BTCUSDT": -0.02284652696199366,
    "XRPUSDT": 0.0,
    "AAPL": 0.0,
    "GOLD": 0.3733145557333469,
    "NIFTY": 0.0,
    "RELIANCE": 0.0,
    "EURUSD": -1328.4558168162318,
    "SENSEX": 0.0,
    "NASDAQ": 0.0,
    "SPY": 0.0
  },
  "start_equity": 10000.0,
  "bh_units": {
    "ETHUSDT": 1.3908205841446453,
    "SOLUSDT": 32.04306588054345,
    "BTCUSDT": 0.03895415874598772,
    "XRPUSDT": 2254.059561269847
  }
}