{
  "cash": 6282.538377362898,
  "units": {
    "ETHUSDT": 0.8922720328872036,
    "SOLUSDT": 21.993200851668167,
    "BTCUSDT": 0.025822526519918225,
    "XRPUSDT": -1505.518574021662,
    "AAPL": 0.0,
    "GOLD": 0.419635805672202,
    "NIFTY": 0.0,
    "RELIANCE": 0.0,
    "EURUSD": 0.0,
    "SENSEX": 0.0,
    "NASDAQ": 0.0,
    "SPY": 0.0
  },
  "start_equity": 10000.0,
  "bh_units": {
    "ETHUSDT": 1.3908205841446453,
    "SOLUSDT": 32.04306588054345,
    "BTCUSDT": 0.03895415874598772,
    "XRPUSDT": 2254.059561269847
  }
}