{
  "cash": 13311.467440911008,
  "units": {
    "ETHUSDT": -0.7991218329892597,
    "SOLUSDT": -19.69582807702153,
    "BTCUSDT": 0.023472273458018753,
    "XRPUSDT": -1369.855967019828,
    "AAPL": 0.0,
    "GOLD": 0.3792445940387149,
    "NIFTY": -0.0634157449904534,
    "RELIANCE": 1.1654946129776604,
    "EURUSD": 0.0,
    "SENSEX": -0.01979492959932658,
    "NASDAQ": 0.0,
    "SPY": 0.0
  },
  "start_equity": 10000.0,
  "bh_units": {
    "ETHUSDT": 1.3908205841446453,
    "SOLUSDT": 32.04306588054345,
    "BTCUSDT": 0.03895415874598772,
    "XRPUSDT": 2254.059561269847
  }
}