{
  "cash": 18444.140432111428,
  "units": {
    "ETHUSDT": -0.9017581250503919,
    "SOLUSDT": -22.2704643452561,
    "BTCUSDT": -0.02613422330979502,
    "XRPUSDT": 0.0,
    "AAPL": 0.0,
    "GOLD": -0.42476457958565944,
    "NIFTY": 0.0,
    "RELIANCE": 0.0,
    "EURUSD": -1515.6017146442914,
    "SENSEX": 0.0,
    "NASDAQ": 0.0,
    "SPY": 2.3101400756230364
  },
  "start_equity": 10000.0,
  "bh_units": {
    "ETHUSDT": 1.3908205841446453,
    "SOLUSDT": 32.04306588054345,
    "BTCUSDT": 0.03895415874598772,
    "XRPUSDT": 2254.059561269847
  }
}