{
  "cash": 3153.9656911065545,
  "units": {
    "ETHUSDT": 0.6151829147622045,
    "SOLUSDT": 15.260948019633018,
    "BTCUSDT": 0.01823701871146071,
    "XRPUSDT": 1060.0653143531708,
    "AAPL": 0.0,
    "GOLD": -0.29098676863878115,
    "NIFTY": 0.0,
    "RELIANCE": 0.0,
    "EURUSD": 1031.4543631437084,
    "SENSEX": 0.0,
    "NASDAQ": 0.0,
    "SPY": 0.0
  },
  "start_equity": 10000.0,
  "bh_units": {
    "ETHUSDT": 1.3908205841446453,
    "SOLUSDT": 32.04306588054345,
    "BTCUSDT": 0.03895415874598772,
    "XRPUSDT": 2254.059561269847
  }
}