{
  "cash": 13545.817461146577,
  "units": {
    "ETHUSDT": -0.6893023760726917,
    "SOLUSDT": -17.006422441268537,
    "BTCUSDT": -0.019873558475165625,
    "XRPUSDT": -1169.918041889068,
    "AAPL": 0.0,
    "GOLD": 0.0,
    "NIFTY": 0.0,
    "RELIANCE": 0.0,
    "EURUSD": 0.0,
    "SENSEX": 0.0,
    "NASDAQ": 0.0,
    "SPY": 0.0
  },
  "start_equity": 10000.0,
  "bh_units": {
    "ETHUSDT": 1.3908205841446453,
    "SOLUSDT": 32.04306588054345,
    "BTCUSDT": 0.03895415874598772,
    "XRPUSDT": 2254.059561269847
  }
}