{
  "cash": 15869.901984225844,
  "units": {
    "ETHUSDT": -0.8341108201950019,
    "SOLUSDT": -19.478966614058983,
    "BTCUSDT": -0.023630181220129998,
    "XRPUSDT": -1377.7871648671805
  },
  "start_equity": 10000.0,
  "bh_units": {
    "ETHUSDT": 1.3908205841446453,
    "SOLUSDT": 32.04306588054345,
    "BTCUSDT": 0.03895415874598772,
    "XRPUSDT": 2254.059561269847
  }
}