{
  "cash": 11748.030391337044,
  "units": {
    "ETHUSDT": -0.6494802425858257,
    "SOLUSDT": -15.880615024815427,
    "BTCUSDT": -0.01884324363624117,
    "XRPUSDT": -1108.8730422560327,
    "AAPL": 0.0,
    "GOLD": 0.0,
    "NIFTY": 0.0,
    "RELIANCE": 0.0,
    "EURUSD": 1062.6877723372731,
    "SENSEX": 0.0,
    "NASDAQ": 0.0,
    "SPY": 0.0
  },
  "start_equity": 10000.0,
  "bh_units": {
    "ETHUSDT": 1.3908205841446453,
    "SOLUSDT": 32.04306588054345,
    "BTCUSDT": 0.03895415874598772,
    "XRPUSDT": 2254.059561269847
  }
}