{
  "cash": 11414.387307900939,
  "units": {
    "ETHUSDT": -0.6165727672343377,
    "SOLUSDT": 0.0,
    "BTCUSDT": -0.01829571237480755,
    "XRPUSDT": -1063.550539320187,
    "AAPL": 0.0,
    "GOLD": -0.290673271091004,
    "NIFTY": 0.0,
    "RELIANCE": 0.0,
    "EURUSD": 1028.9823665102856,
    "SENSEX": 0.0,
    "NASDAQ": 0.0,
    "SPY": 0.0
  },
  "start_equity": 10000.0,
  "bh_units": {
    "ETHUSDT": 1.3908205841446453,
    "SOLUSDT": 32.04306588054345,
    "BTCUSDT": 0.03895415874598772,
    "XRPUSDT": 2254.059561269847
  }
}