{
  "cash": 5656.51737143249,
  "units": {
    "ETHUSDT": -0.6471844147333338,
    "SOLUSDT": 15.830112189552839,
    "BTCUSDT": -0.01873607583939872,
    "XRPUSDT": 1103.9067506548704,
    "AAPL": 0.0,
    "GOLD": 0.3021893471501735,
    "NIFTY": 0.0,
    "RELIANCE": 0.0,
    "EURUSD": 1059.3529892973786,
    "SENSEX": 0.0,
    "NASDAQ": 0.0,
    "SPY": 0.0
  },
  "start_equity": 10000.0,
  "bh_units": {
    "ETHUSDT": 1.3908205841446453,
    "SOLUSDT": 32.04306588054345,
    "BTCUSDT": 0.03895415874598772,
    "XRPUSDT": 2254.059561269847
  }
}