{
  "cash": 5509.405729091657,
  "units": {
    "ETHUSDT": 0.6291103795488415,
    "SOLUSDT": 15.268168895955204,
    "BTCUSDT": 0.018282372887228098,
    "XRPUSDT": -1066.8282475929202,
    "AAPL": 0.0,
    "GOLD": -0.2926131043026083,
    "NIFTY": 0.0,
    "RELIANCE": 0.0,
    "EURUSD": 1034.1012193827619,
    "SENSEX": 0.0,
    "NASDAQ": 0.0,
    "SPY": 0.0
  },
  "start_equity": 10000.0,
  "bh_units": {
    "ETHUSDT": 1.3908205841446453,
    "SOLUSDT": 32.04306588054345,
    "BTCUSDT": 0.03895415874598772,
    "XRPUSDT": 2254.059561269847
  }
}