{
  "cash": 13510.612794578692,
  "units": {
    "ETHUSDT": -0.6176616651684843,
    "SOLUSDT": -15.214776312760522,
    "BTCUSDT": 0.01799414209334108,
    "XRPUSDT": 0.0,
    "AAPL": -3.5166097537508607,
    "GOLD": 0.0,
    "NIFTY": 0.0,
    "RELIANCE": 0.0,
    "EURUSD": -1012.3238251096473,
    "SENSEX": 0.0,
    "NASDAQ": -0.04446435260370415,
    "SPY": -1.5378193607233819
  },
  "start_equity": 10000.0,
  "bh_units": {
    "ETHUSDT": 1.3908205841446453,
    "SOLUSDT": 32.04306588054345,
    "BTCUSDT": 0.03895415874598772,
    "XRPUSDT": 2254.059561269847
  }
}