{
  "cash": 14288.610706870213,
  "units": {
    "ETHUSDT": -0.6121686442734972,
    "SOLUSDT": -15.007007334344973,
    "BTCUSDT": -0.017621935702175046,
    "XRPUSDT": -1034.2544518967193,
    "AAPL": 3.4014495806206253,
    "GOLD": 0.0,
    "NIFTY": 0.0,
    "RELIANCE": 0.0,
    "EURUSD": -986.3846926001532,
    "SENSEX": 0.0,
    "NASDAQ": -0.04407798873643322,
    "SPY": -1.5154154619154536
  },
  "start_equity": 10000.0,
  "bh_units": {
    "ETHUSDT": 1.3908205841446453,
    "SOLUSDT": 32.04306588054345,
    "BTCUSDT": 0.03895415874598772,
    "XRPUSDT": 2254.059561269847
  }
}