{
  "cash": 12218.206262595066,
  "units": {
    "ETHUSDT": -0.6212143442135106,
    "SOLUSDT": -15.29928047676362,
    "BTCUSDT": -0.018089116581578454,
    "XRPUSDT": -1052.1715956270023,
    "AAPL": 0.0,
    "GOLD": -0.28713236139054277,
    "NIFTY": 0.0,
    "RELIANCE": 0.8677048172830031,
    "EURUSD": -1001.273714418962,
    "SENSEX": 0.014727233574248764,
    "NASDAQ": 0.0,
    "SPY": 0.0
  },
  "start_equity": 10000.0,
  "bh_units": {
    "ETHUSDT": 1.3908205841446453,
    "SOLUSDT": 32.04306588054345,
    "BTCUSDT": 0.03895415874598772,
    "XRPUSDT": 2254.059561269847
  }
}