{
  "cash": 3345.6534721313337,
  "units": {
    "ETHUSDT": 0.6762883266820875,
    "SOLUSDT": 16.65993884521952,
    "BTCUSDT": 0.01946031271005148,
    "XRPUSDT": 1148.8088366528398,
    "AAPL": 0.0,
    "GOLD": 0.0,
    "NIFTY": 0.0,
    "RELIANCE": 0.0,
    "EURUSD": 0.0,
    "SENSEX": 0.0,
    "NASDAQ": 0.0,
    "SPY": 0.0
  },
  "start_equity": 10000.0,
  "bh_units": {
    "ETHUSDT": 1.3908205841446453,
    "SOLUSDT": 32.04306588054345,
    "BTCUSDT": 0.03895415874598772,
    "XRPUSDT": 2254.059561269847
  }
}