{
  "cash": 6541.578956461695,
  "units": {
    "ETHUSDT": -0.611699770124908,
    "SOLUSDT": 15.06471248141191,
    "BTCUSDT": 0.017833333425198807,
    "XRPUSDT": 1035.7918625682462,
    "AAPL": 3.4919927015051737,
    "GOLD": -0.28864463474943175,
    "NIFTY": 0.0,
    "RELIANCE": 0.0,
    "EURUSD": -1009.2725497639384,
    "SENSEX": 0.0,
    "NASDAQ": 0.0,
    "SPY": 0.0
  },
  "start_equity": 10000.0,
  "bh_units": {
    "ETHUSDT": 1.3908205841446453,
    "SOLUSDT": 32.04306588054345,
    "BTCUSDT": 0.03895415874598772,
    "XRPUSDT": 2254.059561269847
  }
}