{
  "cash": 741.3886139578799,
  "units": {
    "ETHUSDT": 0.6081426553940127,
    "SOLUSDT": 0.0,
    "BTCUSDT": 0.01747991835327618,
    "XRPUSDT": 1028.1239614561741,
    "AAPL": 0.0,
    "GOLD": 0.0,
    "NIFTY": 0.0,
    "RELIANCE": 0.0,
    "EURUSD": 980.0334227241916,
    "SENSEX": 0.0,
    "NASDAQ": 0.043879349571508144,
    "SPY": 1.5071560472581653
  },
  "start_equity": 10000.0,
  "bh_units": {
    "ETHUSDT": 1.3908205841446453,
    "SOLUSDT": 32.04306588054345,
    "BTCUSDT": 0.03895415874598772,
    "XRPUSDT": 2254.059561269847
  }
}