{
  "cash": 12879.659962573907,
  "units": {
    "ETHUSDT": -0.8320911735642459,
    "SOLUSDT": -19.393381651908435,
    "BTCUSDT": -0.023568174891933254,
    "XRPUSDT": 1375.9812932722336
  },
  "start_equity": 10000.0,
  "bh_units": {
    "ETHUSDT": 1.3908205841446453,
    "SOLUSDT": 32.04306588054345,
    "BTCUSDT": 0.03895415874598772,
    "XRPUSDT": 2254.059561269847
  }
}