{
  "cash": 974.281807898088,
  "units": {
    "ETHUSDT": 0.7861849843039055,
    "SOLUSDT": 19.029157126595443,
    "BTCUSDT": 0.022891501947347043,
    "XRPUSDT": 1342.0258106875515,
    "AAPL": 0.0,
    "GOLD": 0.35712801606043937,
    "NIFTY": 0.0,
    "RELIANCE": 0.0,
    "EURUSD": 1276.7006790622258,
    "SENSEX": 0.0
  },
  "start_equity": 10000.0,
  "bh_units": {
    "ETHUSDT": 1.3908205841446453,
    "SOLUSDT": 32.04306588054345,
    "BTCUSDT": 0.03895415874598772,
    "XRPUSDT": 2254.059561269847
  }
}