{
  "cash": 4466.797649734322,
  "units": {
    "ETHUSDT": 0.6458984991224739,
    "SOLUSDT": 15.84593118913471,
    "BTCUSDT": 0.0,
    "XRPUSDT": 1105.1824887486255,
    "AAPL": 0.0,
    "GOLD": -0.30517972111609587,
    "NIFTY": 0.0,
    "RELIANCE": 0.0,
    "EURUSD": 1065.6336759461822,
    "SENSEX": 0.0,
    "NASDAQ": 0.0,
    "SPY": 0.0
  },
  "start_equity": 10000.0,
  "bh_units": {
    "ETHUSDT": 1.3908205841446453,
    "SOLUSDT": 32.04306588054345,
    "BTCUSDT": 0.03895415874598772,
    "XRPUSDT": 2254.059561269847
  }
}