{
  "cash": 8785.014327525947,
  "units": {
    "ETHUSDT": 0.6132790427442952,
    "SOLUSDT": 15.112023669310902,
    "BTCUSDT": 0.0,
    "XRPUSDT": -1039.5333149636183,
    "AAPL": 0.0,
    "GOLD": -0.2874582079459591,
    "NIFTY": 0.0,
    "RELIANCE": 0.0,
    "EURUSD": 1001.9196390248615,
    "SENSEX": 0.0,
    "NASDAQ": -0.04410017239880055,
    "SPY": -1.5245725303000588
  },
  "start_equity": 10000.0,
  "bh_units": {
    "ETHUSDT": 1.3908205841446453,
    "SOLUSDT": 32.04306588054345,
    "BTCUSDT": 0.03895415874598772,
    "XRPUSDT": 2254.059561269847
  }
}