{
  "cash": 11219.771259905185,
  "units": {
    "ETHUSDT": 0.0,
    "SOLUSDT": 15.263459005087324,
    "BTCUSDT": -0.018110964650381336,
    "XRPUSDT": -1048.558808105373,
    "AAPL": 0.0,
    "GOLD": -0.2887096595873479,
    "NIFTY": 0.0,
    "RELIANCE": 0.0,
    "EURUSD": -1012.4605820644491,
    "SENSEX": 0.0,
    "NASDAQ": 0.0,
    "SPY": 0.0
  },
  "start_equity": 10000.0,
  "bh_units": {
    "ETHUSDT": 1.3908205841446453,
    "SOLUSDT": 32.04306588054345,
    "BTCUSDT": 0.03895415874598772,
    "XRPUSDT": 2254.059561269847
  }
}