{
  "cash": 4617.128380244704,
  "units": {
    "ETHUSDT": 0.8997066417422753,
    "SOLUSDT": 22.171588846004955,
    "BTCUSDT": 0.026043072447799926,
    "XRPUSDT": 1506.3000790620617,
    "AAPL": -5.28967870847651,
    "GOLD": -0.4252428281194906,
    "NIFTY": 0.0,
    "RELIANCE": 0.0,
    "EURUSD": 0.0,
    "SENSEX": 0.0,
    "NASDAQ": 0.0670225381340996,
    "SPY": 2.3143447881499495
  },
  "start_equity": 10000.0,
  "bh_units": {
    "ETHUSDT": 1.3908205841446453,
    "SOLUSDT": 32.04306588054345,
    "BTCUSDT": 0.03895415874598772,
    "XRPUSDT": 2254.059561269847
  }
}