{
  "cash": 14646.759416998842,
  "units": {
    "ETHUSDT": -0.8790845321778328,
    "SOLUSDT": -21.85831809739476,
    "BTCUSDT": -0.025627359317002545,
    "XRPUSDT": 1489.9895441552987,
    "AAPL": 0.0,
    "GOLD": 0.0,
    "NIFTY": 0.0,
    "RELIANCE": 1.3092980158571161,
    "EURUSD": 0.0,
    "SENSEX": -0.022043893875396615,
    "NASDAQ": 0.0,
    "SPY": 0.0
  },
  "start_equity": 10000.0,
  "bh_units": {
    "ETHUSDT": 1.3908205841446453,
    "SOLUSDT": 32.04306588054345,
    "BTCUSDT": 0.03895415874598772,
    "XRPUSDT": 2254.059561269847
  }
}