{
  "cash": 4057.4321455035524,
  "units": {
    "ETHUSDT": -0.7838389293458133,
    "SOLUSDT": 19.40853566286056,
    "BTCUSDT": 0.022956017699076774,
    "XRPUSDT": 0.0,
    "AAPL": 0.0,
    "GOLD": 0.0,
    "NIFTY": 0.06291736821580007,
    "RELIANCE": 0.0,
    "EURUSD": 1331.778490701756,
    "SENSEX": 0.019646057272001125,
    "NASDAQ": 0.0,
    "SPY": 0.0
  },
  "start_equity": 10000.0,
  "bh_units": {
    "ETHUSDT": 1.3908205841446453,
    "SOLUSDT": 32.04306588054345,
    "BTCUSDT": 0.03895415874598772,
    "XRPUSDT": 2254.059561269847
  }
}