{
  "cash": 12661.758567115312,
  "units": {
    "ETHUSDT": -0.6180475005236876,
    "SOLUSDT": -15.376343009402301,
    "BTCUSDT": -0.018330720497729543,
    "XRPUSDT": -1068.420457312003,
    "AAPL": 0.0,
    "GOLD": -0.291826223822809,
    "NIFTY": 0.0,
    "RELIANCE": 0.0,
    "EURUSD": 1034.513283161338,
    "SENSEX": 0.0,
    "NASDAQ": 0.0,
    "SPY": 0.0
  },
  "start_equity": 10000.0,
  "bh_units": {
    "ETHUSDT": 1.3908205841446453,
    "SOLUSDT": 32.04306588054345,
    "BTCUSDT": 0.03895415874598772,
    "XRPUSDT": 2254.059561269847
  }
}