{
  "cash": 4444.035318909113,
  "units": {
    "ETHUSDT": 0.6455336902277046,
    "SOLUSDT": 15.767307286797106,
    "BTCUSDT": 0.01871815506051064,
    "XRPUSDT": 0.0,
    "AAPL": 0.0,
    "GOLD": 0.30116888483723236,
    "NIFTY": 0.0,
    "RELIANCE": 0.0,
    "EURUSD": -1059.6049378263544,
    "SENSEX": 0.0,
    "NASDAQ": 0.0,
    "SPY": 0.0
  },
  "start_equity": 10000.0,
  "bh_units": {
    "ETHUSDT": 1.3908205841446453,
    "SOLUSDT": 32.04306588054345,
    "BTCUSDT": 0.03895415874598772,
    "XRPUSDT": 2254.059561269847
  }
}