{
  "cash": 11580.945965464822,
  "units": {
    "ETHUSDT": -0.6449658668589761,
    "SOLUSDT": -15.75480724344405,
    "BTCUSDT": -0.01872436029417431,
    "XRPUSDT": -1102.0641202217826,
    "AAPL": 0.0,
    "GOLD": 0.297522557389665,
    "NIFTY": 0.0,
    "RELIANCE": -0.9040617904353128,
    "EURUSD": 0.0,
    "SENSEX": 0.01540639184383258,
    "NASDAQ": 0.0,
    "SPY": 0.0
  },
  "start_equity": 10000.0,
  "bh_units": {
    "ETHUSDT": 1.3908205841446453,
    "SOLUSDT": 32.04306588054345,
    "BTCUSDT": 0.03895415874598772,
    "XRPUSDT": 2254.059561269847
  }
}