{
  "cash": 11832.739666490948,
  "units": {
    "ETHUSDT": 0.0,
    "SOLUSDT": -19.881614760012987,
    "BTCUSDT": 0.023590261451507364,
    "XRPUSDT": 1386.0517453612413,
    "AAPL": 4.757375449892493,
    "GOLD": -0.38470317734212245,
    "NIFTY": 0.0,
    "RELIANCE": 0.0,
    "EURUSD": 0.0,
    "SENSEX": 0.0,
    "NASDAQ": -0.06025368425067931,
    "SPY": -2.0744128149058976
  },
  "start_equity": 10000.0,
  "bh_units": {
    "ETHUSDT": 1.3908205841446453,
    "SOLUSDT": 32.04306588054345,
    "BTCUSDT": 0.03895415874598772,
    "XRPUSDT": 2254.059561269847
  }
}