{
  "cash": 3916.6403114684726,
  "units": {
    "ETHUSDT": 0.82536692245355,
    "SOLUSDT": 19.59627002676574,
    "BTCUSDT": 0.023511132359630097,
    "XRPUSDT": 1378.219013687122,
    "AAPL": 0.0
  },
  "start_equity": 10000.0,
  "bh_units": {
    "ETHUSDT": 1.3908205841446453,
    "SOLUSDT": 32.04306588054345,
    "BTCUSDT": 0.03895415874598772,
    "XRPUSDT": 2254.059561269847
  }
}