{
  "cash": 3124.58342367202,
  "units": {
    "ETHUSDT": 0.6093007039561188,
    "SOLUSDT": 0.0,
    "BTCUSDT": 0.018074189693782862,
    "XRPUSDT": 1050.829125679778,
    "AAPL": 0.0,
    "GOLD": 0.0,
    "NIFTY": 0.0,
    "RELIANCE": 0.8977179641429724,
    "EURUSD": -1022.4966905855865,
    "SENSEX": 0.015130589550976943,
    "NASDAQ": 0.0,
    "SPY": 0.0
  },
  "start_equity": 10000.0,
  "bh_units": {
    "ETHUSDT": 1.3908205841446453,
    "SOLUSDT": 32.04306588054345,
    "BTCUSDT": 0.03895415874598772,
    "XRPUSDT": 2254.059561269847
  }
}