{
  "cash": 11432.914411464826,
  "units": {
    "ETHUSDT": -0.8925457228668119,
    "SOLUSDT": 22.006125393510747,
    "BTCUSDT": 0.0,
    "XRPUSDT": -1501.4466524101003,
    "AAPL": 0.0,
    "GOLD": 0.41955653869511744,
    "NIFTY": 0.0,
    "RELIANCE": 0.0,
    "EURUSD": 0.0,
    "SENSEX": 0.0,
    "NASDAQ": 0.0,
    "SPY": 0.0
  },
  "start_equity": 10000.0,
  "bh_units": {
    "ETHUSDT": 1.3908205841446453,
    "SOLUSDT": 32.04306588054345,
    "BTCUSDT": 0.03895415874598772,
    "XRPUSDT": 2254.059561269847
  }
}