{
  "cash": 6963.657463148229,
  "units": {
    "ETHUSDT": 0.8308464969951296,
    "SOLUSDT": 19.49239450440187,
    "BTCUSDT": -0.023396495653160234,
    "XRPUSDT": 1366.1501013281807
  },
  "start_equity": 10000.0,
  "bh_units": {
    "ETHUSDT": 1.3908205841446453,
    "SOLUSDT": 32.04306588054345,
    "BTCUSDT": 0.03895415874598772,
    "XRPUSDT": 2254.059561269847
  }
}