{
  "cash": 11772.663526702467,
  "units": {
    "ETHUSDT": -0.8043494968299788,
    "SOLUSDT": 0.0,
    "BTCUSDT": -0.02351673710303761,
    "XRPUSDT": 1377.205571431578,
    "AAPL": 0.0,
    "GOLD": -0.3814797183967145,
    "NIFTY": 0.0,
    "RELIANCE": 0.0,
    "EURUSD": 1345.1845468922065,
    "SENSEX": 0.0,
    "NASDAQ": 0.0,
    "SPY": 0.0
  },
  "start_equity": 10000.0,
  "bh_units": {
    "ETHUSDT": 1.3908205841446453,
    "SOLUSDT": 32.04306588054345,
    "BTCUSDT": 0.03895415874598772,
    "XRPUSDT": 2254.059561269847
  }
}