{
  "cash": 3000.993287579265,
  "units": {
    "ETHUSDT": 0.6140251394950818,
    "SOLUSDT": 0.0,
    "BTCUSDT": 0.017725642323971287,
    "XRPUSDT": 1037.4281568293384,
    "AAPL": 0.0,
    "GOLD": 0.28006691158720226,
    "NIFTY": 0.0,
    "RELIANCE": 0.0,
    "EURUSD": -984.6408377654961,
    "SENSEX": 0.0,
    "NASDAQ": 0.04390352070333179,
    "SPY": 0.0
  },
  "start_equity": 10000.0,
  "bh_units": {
    "ETHUSDT": 1.3908205841446453,
    "SOLUSDT": 32.04306588054345,
    "BTCUSDT": 0.03895415874598772,
    "XRPUSDT": 2254.059561269847
  }
}