{
  "cash": 6488.267627917404,
  "units": {
    "ETHUSDT": 0.612476584460757,
    "SOLUSDT": 0.0,
    "BTCUSDT": 0.017881669538203106,
    "XRPUSDT": 0.0,
    "AAPL": 3.4518487752397737,
    "GOLD": 0.0,
    "NIFTY": 0.0,
    "RELIANCE": 0.0,
    "EURUSD": 0.0,
    "SENSEX": 0.0,
    "NASDAQ": -0.044233067575320736,
    "SPY": -1.5271695852056129
  },
  "start_equity": 10000.0,
  "bh_units": {
    "ETHUSDT": 1.3908205841446453,
    "SOLUSDT": 32.04306588054345,
    "BTCUSDT": 0.03895415874598772,
    "XRPUSDT": 2254.059561269847
  }
}