{
  "cash": 12895.315406550364,
  "units": {
    "ETHUSDT": -0.8369924367290931,
    "SOLUSDT": -19.536783807422648,
    "BTCUSDT": 0.0,
    "XRPUSDT": 0.0
  },
  "start_equity": 10000.0,
  "bh_units": {
    "ETHUSDT": 1.3908205841446453,
    "SOLUSDT": 32.04306588054345,
    "BTCUSDT": 0.03895415874598772,
    "XRPUSDT": 2254.059561269847
  }
}