{
  "cash": 19921.197565968134,
  "units": {
    "ETHUSDT": 0.0,
    "SOLUSDT": -22.037386335243337,
    "BTCUSDT": -0.025874489690204956,
    "XRPUSDT": -1505.8832085538586,
    "AAPL": 0.0,
    "GOLD": -0.4136546795633982,
    "NIFTY": 0.0,
    "RELIANCE": 0.0,
    "EURUSD": 0.0,
    "SENSEX": -0.022234359811576683,
    "NASDAQ": 0.0,
    "SPY": 0.0
  },
  "start_equity": 10000.0,
  "bh_units": {
    "ETHUSDT": 1.3908205841446453,
    "SOLUSDT": 32.04306588054345,
    "BTCUSDT": 0.03895415874598772,
    "XRPUSDT": 2254.059561269847
  }
}