{
  "cash": 12548.845545810216,
  "units": {
    "ETHUSDT": -0.6140990347967247,
    "SOLUSDT": -15.317302272507215,
    "BTCUSDT": -0.018222966356011276,
    "XRPUSDT": -1059.313786200816,
    "AAPL": 0.0,
    "GOLD": 0.0,
    "NIFTY": -0.04879766438815031,
    "RELIANCE": 0.9041610270278193,
    "EURUSD": -1026.0508899319882,
    "SENSEX": 0.015200612540311529,
    "NASDAQ": 0.0,
    "SPY": 0.0
  },
  "start_equity": 10000.0,
  "bh_units": {
    "ETHUSDT": 1.3908205841446453,
    "SOLUSDT": 32.04306588054345,
    "BTCUSDT": 0.03895415874598772,
    "XRPUSDT": 2254.059561269847
  }
}