{
  "cash": 5402.834216064807,
  "units": {
    "ETHUSDT": 0.8408474274109653,
    "SOLUSDT": 19.8585044716304,
    "BTCUSDT": 0.023816082621544783,
    "XRPUSDT": 0.0,
    "AAPL": 0.0
  },
  "start_equity": 10000.0,
  "bh_units": {
    "ETHUSDT": 1.3908205841446453,
    "SOLUSDT": 32.04306588054345,
    "BTCUSDT": 0.03895415874598772,
    "XRPUSDT": 2254.059561269847
  }
}