{
  "cash": 10771.834279807537,
  "units": {
    "ETHUSDT": -0.6652977575662323,
    "SOLUSDT": -16.35064194239663,
    "BTCUSDT": -0.019211669430145625,
    "XRPUSDT": 1132.9339280313106,
    "AAPL": 0.0,
    "GOLD": 0.0,
    "NIFTY": 0.0,
    "RELIANCE": 0.0,
    "EURUSD": 0.0,
    "SENSEX": 0.0,
    "NASDAQ": 0.0,
    "SPY": 0.0
  },
  "start_equity": 10000.0,
  "bh_units": {
    "ETHUSDT": 1.3908205841446453,
    "SOLUSDT": 32.04306588054345,
    "BTCUSDT": 0.03895415874598772,
    "XRPUSDT": 2254.059561269847
  }
}