{
  "cash": 12934.008271714378,
  "units": {
    "ETHUSDT": -0.8201747648712852,
    "SOLUSDT": -19.272624220509783,
    "BTCUSDT": -0.0232755063727937,
    "XRPUSDT": 1356.7927451238886
  },
  "start_equity": 10000.0,
  "bh_units": {
    "ETHUSDT": 1.3908205841446453,
    "SOLUSDT": 32.04306588054345,
    "BTCUSDT": 0.03895415874598772,
    "XRPUSDT": 2254.059561269847
  }
}